id_client;raison_sociale;type;segment;siret;adresse;code_postal;ville;code_insee;departement;region;latitude;longitude;email;telephone;date_creation;date_maj;statut;effectif;chiffre_affaires;id_commercial;consentement_rgpd
CLI-00279;Sillon Électricité SAS;PRO;PME;;17 place du Marché;71100;Chalon-sur-Saône;71076;71;Bourgogne-Franche-Comté;46.8054;4.8254;contact@sillonelectric.fr;07 12 35 12 71;2019-04-07;2023-03-20;ACTIF;1;29378;COM-0014;oui
CLI-01043;Atlantique Maintenance SCOP;PRO;Collectivité;13082880523025;175 boulevard Victor Hugo;35400;Saint-Malo;35288;35;Bretagne;48.6484;-2.0639;contact@atlantiquemain.fr;+33589052743;2015-10-31;2024-05-02;ACTIF;133;-33184;COM-0050;oui
CLI-00597;M. Benoît Bonnet;PART;Particulier;;161 rue du Commerce;56000;Vannes;56260;56;Bretagne;47.6502;-2.7762;benoit.bonnet@courriel-demo.fr;0136954106;2024-11-01;2025-09-19;ACTIF;;2555;COM-0001;oui
;;;;;;;;;;;;;;;;;;;;;
CLI-01509;Mme Léa Richard;PART;Particulier;;10 rue de la République;06400;Cannes;06029;06;Provence-Alpes-Côte d’Azur;43.5436;7.0161;lea.richard@courriel-demo.fr;+33723243630;2025-05-27;2026-06-29;ACTIF;;1486;COM-0019;oui
CLI-02063;Atlantique Mobilier SAS;PRO;PME;78063983248731;29 avenue Jean Jaurès;10000;Troyes;10387;10;Grand Est;48.3258;4.0611;contact@atlantiquemobi.fr;04 85 79 09 00;2019-07-17;2020-09-23;ACTIF;1;66101;COM-0031;non
CLI-02104;Tramontane Matériaux SCOP;PRO;Collectivité;41685777571913;65 route de Bordeaux;85000;La Roche-sur-Yon;85191;85;Pays de la Loire;46.6589;-1.4042;contact;01 57 61 60 75;2025-01-15;2026-03-31;ACTIF;87;7441;COM-0052;oui
CLI-00304;Énergie Matériaux SASU;PRO;Collectivité;;34 route de Bordeaux;74000;Annecy;74010;74;Auvergne-Rhône-Alpes;45.9481;6.0819;contact@energiemateria.fr;01.46.47.31.82;2020-08-09;2023-09-05;ACTIF;1;348824;COM-0006;oui
CLI-01021;M. Pierre Legrand;PART;Particulier;;165 place du Marché;44000;Nantes;44109;44;Pays de la Loire;47.1977;-1.5087;pierre.legrand@courriel-demo.fr;03 53 21 41 10;2019-09-04;2024-01-19;ACTIF;;1811;COM-0057;oui
CLI-02204;Cristal Équipements SAS;PRO;PME;85909709652717;8 rue de la République;20200;Bastia;2B033;2B;Corse;42.7057;9.4906;contact@cristalequipem.fr;0510031739;2022-01-06;2023-01-29;ACTIF;1;71584;COM-0029;oui
CLI-01784;Énergie Mobilier SAS;PRO;PME;85542933806361;7 avenue de la Gare;11000;Carcassonne;11069;11;Occitanie;43.2537;2.3138;contact@energiemobilie.fr;0396325859;2024-07-29;2025-03-01;ACTIF;119;98519;COM-0059;non
CLI-00937;Horizon Mobilier SCOP;PRO;PME;;56 rue de la République;36000;Châteauroux;36044;36;Centre-Val de Loire;46.8213;1.6915;contact@horizonmobilie.fr;02 25 81 39 25;2017-09-03;2020-02-24;ACTIF;1;-18600;COM-0027;non
CLI-01241;Énergie Conseil SA;PRO;Grands comptes;82907326762589;28 rue Pasteur;83600;Fréjus;83061;83;Provence-Alpes-Côte d’Azur;43.4779;6.7209;contact@energieconseil.fr;+33731331369;2016-04-25;2025-11-12;ACTIF;30;86949;COM-0004;oui
CLI-01749;Mme Julie Garnier;PART;Particulier;;9 allée des Peupliers;50100;Cherbourg-en-Cotentin;50129;50;Normandie;49.6423;-1.6317;julie.garnier@courriel-demo.fr;01 24 71 19 30;2026-02-11;2026-07-31;ACTIF;;2086;COM-0060;oui
CLI-01996;Mme Marion Nicolas;PART;Particulier;;139 rue du Commerce;41000;Blois;41018;41;Centre-Val de Loire;47.5671;1.336;marion.nicolas@courriel-demo.fr;04 10 27 81 25;2020-07-14;2020-11-09;ACTIF;;3274;COM-0001;oui
CLI-00777;Distribution Matériaux SCOP;PRO;TPE;52536185757229;56 avenue du Général Leclerc;17000;La Rochelle;17300;17;Nouvelle-Aquitaine;46.1987;-1.1679;contact@distributionma.fr;+33582589480;2016-06-08;2024-06-11;ACTIF;84;-39041;COM-0057;oui
CLI-01339;Provence Équipements SA;PRO;TPE;11073281377575;54 rue de la République;91000;Évry-Courcouronnes;91228;91;Île-de-France;48.677;2.4466;contact@provenceequipe.fr;+33498779586;2017-06-28;2025-06-01;INACTIF;1;80516;COM-0042;oui
CLI-02359;Cévennes Industries SA;PRO;TPE;08099786014336;30 allée des Peupliers;86000;Poitiers;86194;86;Nouvelle-Aquitaine;46.5559;0.317;contact@cevennesindust.fr;0752674342;2022-09-19;2022-09-19;ACTIF;1;209090;COM-0046;oui
CLI-01669;Maritime Solutions SA;PRO;PME;03646402327132;129 route de Bordeaux;42300;Roanne;42187;42;Auvergne-Rhône-Alpes;46.0432;4.0202;contact@maritimesoluti.fr;01.84.99.17.20;2016-04-07;2021-08-28;ACTIF;70;147715;COM-0019;oui
CLI-00642;Atlantique Équipements SASU;PRO;Grands comptes;18199627951387;27 avenue Jean Jaurès;82000;Montauban;82121;82;Occitanie;44.0091;1.3335;contact@atlantiqueequi.fr;+33362013504;2018-07-25;2023-10-04;ACTIF;141;220364;COM-0030;non
CLI-00715;Solstice Transports SCOP;PRO;Collectivité;85904380650317;27 rue de l’Industrie;69001;Lyon;69123;69;Auvergne-Rhône-Alpes;45.7487;4.8401;contact@solsticetransp.fr;07 98 27 81 67;2026-03-28;2026-07-12;RESILIE;1;235696;COM-0020;oui
CLI-01129;Mme Catherine Gauthier;PART;Particulier;;162 rue de la République;06000;NICE;06088;06;Provence-Alpes-Côte d’Azur;43.728;7.2303;catherine.gauthier@courriel-demo.fr;+33661888825;2017-02-11;2023-08-13;RESILIE;;1550;COM-0028;oui
CLI-01970;Services Électricité SAS;PRO;Collectivité;05096894382750;106 rue des Acacias;13200;Arles;13004;13;Provence-Alpes-Côte d’Azur;43.7241;4.6331;contact@serviceselectr.fr;+33502376197;2025-06-27;2025-07-02;ACTIF;28;-131520;COM-0044;non
CLI-02410;M. Jérôme Bonnet;PART;Particulier;;4 allée des Peupliers;13300;Salon-de-Provence;13103;13;Provence-Alpes-Côte d’Azur;43.6661;5.0772;jerome.bonnet@courriel-demo.fr;0411562241;2018-03-24;2019-11-04;ACTIF;;674;COM-0002;oui
CLI-01914;Prisme Conseil SAS;PRO;PME;68788238401585;158 impasse des Lilas;18000;Bourges;18033;18;Centre-Val de Loire;47.0912;2.3618;contact at prismeconseils.fr;02 88 87 80 64;2021-01-05;2021-07-10;ACTIF;96;149320;COM-0057;oui
CLI-01476;Alizé Négoce SCOP;PRO;TPE;54106296294994;56 impasse des Lilas;26000;Valence;26362;26;Auvergne-Rhône-Alpes;44.9064;4.8809;contact@alizenegocesco.fr;07.15.09.52.33;2017-02-22;2020-12-12;INACTIF;1;15117;COM-0034;oui
CLI-00832;Nord Ouest Emballages SASU;PRO;Collectivité;98307068301015;82 chemin des Vignes;71100;Chalon-sur-Saône;71076;71;Bourgogne-Franche-Comté;46.818;4.865;contact@nordouestembal.fr;05.10.57.84.86;2021-09-04;2025-08-09;ACTIF;92;-39905;COM-0001;oui
CLI-00471;Services Solutions SCOP;PRO;PME;06428121088227;112 place du Marché;37000;Tours;37261;37;Centre-Val de Loire;47.4041;0.7241;contact@servicessoluti.fr;+33742108312;2020-10-31;2024-08-18;ACTIF;145;386512;COM-0021;oui
CLI-02487;M. Maxime Dumont;PART;Particulier;;44 impasse des Lilas;62100;Calais;62193;62;Hauts-de-France;50.9479;1.8422;maxime.dumont@courriel-demo.fr;04.48.39.46.19;2016-08-31;2016-09-07;PROSPECT;;823;COM-0022;oui
CLI-00218;Pyrénées Négoce SARL;PRO;Grands comptes;96182985974757;114 place du Marché;13100;Aix-en-Provence;13001;13;Provence-Alpes-Côte d’Azur;43.5715;5.4581;contact@pyreneesnegoce.fr;07 93 86 29 43;2017-04-02;2025-07-04;ACTIF;236;166341;COM-0002;oui
CLI-00652;Logistique Conseil SA;PRO;TPE;99455847946540;127 quai des Docks;71100;Chalon-sur-Saône;71076;71;Bourgogne-Franche-Comté;46.781;4.8225;contact@logistiquecons.fr;0230600014;2021-02-15;2025-07-29;ACTIF;244;179164;COM-0059;oui
CLI-02167;Horizon Maintenance SASU;PRO;Grands comptes;87779908168022;125 avenue du Général Leclerc;76600;Le Havre;76351;76;Normandie;49.5136;0.0901;contact@horizonmainten.fr;0123084963;2024-02-28;2026-03-01;PROSPECT;106;236624;COM-0054;oui
CLI-01795;Mme Sarah Martin;PART;Particulier;;119 avenue Jean Jaurès;85000;Paris;75056;75;Île-de-France;48.8569;2.3781;sarah.martin@courriel-demo.fr;07 64 61 11 23;2024-10-21;2026-04-29;ACTIF;;3341;COM-0017;oui
CLI-00220;Pyrénées Conseil SARL;PRO;Grands comptes;18735579659844;101 rue des Acacias;06400;Cannes;06029;06;Provence-Alpes-Côte d’Azur;43.5886;7.0165;contact@pyreneesconsei.fr;+33645588217;2021-01-09;2021-09-21;ACTIF;168;221314;COM-0024;oui
CLI-02119;M. Antoine Robert;PART;Particulier;;109 quai des Docks;90000;Belfort;90010;90;Bourgogne-Franche-Comté;47.6371;6.8765;antoine.robert@courriel-demo.fr;07 64 15 79 56;2017-08-05;2019-03-01;ACTIF;;3866;COM-0037;oui
CLI-00816;M. Christophe Bernard;PART;Particulier;;8 rue Pasteur;68000;Colmar;68066;68;Grand Est;48.0866;7.3676;christophe.bernard@courriel-demo.fr;0182213710;2022-11-06;2026-05-08;ACTIF;;1160;COM-0001;oui
CLI-00129;Escale Mobilier SASU;PRO;TPE;00209516156798;146 route de Bordeaux;47000;Agen;47001;47;Nouvelle-Aquitaine;44.1581;0.6231;contact@escalemobilier.fr;07.62.26.09.38;2017-01-08;2022-01-16;ACTIF;8;336263;COM-0052;oui
CLI-00712;Atlantique Emballages SAS;PRO;PME;53352187696048;110 rue de la République;29000;Quimper;29232;29;Bretagne;48.0158;-4.1347;contact@atlantiqueemba.fr;+33186472652;2017-06-01;2025-10-22;PROSPECT;90;171048;COM-0051;non
CLI-01046;Provence Électricité SARL;PRO;Collectivité;27218452602813;84 allée des Peupliers;64000;Pau;64445;64;Nouvelle-Aquitaine;43.2969;-0.41;contact@provenceelectr.fr;06.87.09.50.88;2024-08-03;2025-04-09;ACTIF;53;188806;COM-0016;non
CLI-01151;Services Négoce EURL;PRO;TPE;15335387683309;76 quai des Docks;34000;Montpellier;34172;34;Occitanie;43.6557;3.8678;contact at servicesnegoce.fr;0180218796;2024-01-30;2026-05-04;ACTIF;1;40544;COM-0059;oui
CLI-00005;M. Romain Robin;PART;Particulier;;145 avenue de la Gare;34500;Béziers;34032;34;Occitanie;43.3799;3.1789;romain.robin@courriel-demo.fr;02 20 82 52 03;2026-06-21;2026-07-29;ACTIF;;3665;COM-0013;oui
CLI-02290;Énergie Papeterie SASU;PRO;Grands comptes;69780339918069;169 avenue de la Gare;13300;Salon-de-Provence;13103;13;Provence-Alpes-Côte d’Azur;43.65;5.0927;contact@energiepapeter.fr;0167682751;2025-01-30;2026-04-20;ACTIF;117;268999;COM-0060;oui
CLI-00793;Aurore Maintenance SAS;PRO;TPE;98739115094562;18 rue de la République;34000;Montpellier;34172;34;Occitanie;43.611;3.9272;contact@auroremaintena.fr;05 63 10 55 72;2025-01-27;2025-04-27;ACTIF;54;244076;COM-0024;non
CLI-01656;Tramontane Conseil EURL;PRO;Collectivité;11121731802346;90 avenue Jean Jaurès;25000;Besançon;25056;25;Bourgogne-Franche-Comté;47.266;6.0404;contact@tramontanecons.fr;07.42.64.10.52;2021-05-03;2024-05-27;INACTIF;8;173661;COM-0026;non
CLI-00964;Nord Ouest Équipements SAS;PRO;Collectivité;53218936323429;122 avenue Jean Jaurès;64100;Bayonne;64102;64;Nouvelle-Aquitaine;43.5152;-1.4821;contact@nordouestequip.fr;01 69 09 98 17;2025-10-08;2026-03-21;ACTIF;180;224292;COM-0044;oui
CLI-00123;Boréal Industries SA;PRO;Grands comptes;89414595508646;146 chemin des Vignes;58000;Nevers;58194;58;Bourgogne-Franche-Comté;46.9793;3.206;contact@borealindustri.fr;+33672008530;2025-10-27;2026-02-04;ACTIF;151;69765;COM-0050;oui
CLI-01252;Énergie Bâtiment EURL;PRO;TPE;58956453238893;20 place du Marché;53000;Laval;53130;53;Pays de la Loire;48.0216;-0.7848;contact@energiebatimen.fr;04 22 27 35 15;2020-04-20;2025-05-05;PROSPECT;6;297500;COM-0042;oui
CLI-00625;Aurore Matériaux SCOP;PRO;Collectivité;51257795740354;79 route de Bordeaux;72000;Le Mans;72181;72;Pays de la Loire;47.9963;0.2265;contact@auroremateriau.fr;03.61.76.31.67;2026-03-01;2026-07-10;ACTIF;105;66146;COM-0057;oui
CLI-02150;M. Guillaume Nicolas;PART;Particulier;;117 rue de l’Industrie;59000;Lille;59350;59;Hauts-de-France;50.6425;3.0232;guillaume.nicolas@courriel-demo.fr;+33618170168;2019-06-15;2021-04-28;PROSPECT;;3133;COM-0059;oui
CLI-02024;M. Hugo Dupont;PART;Particulier;;70 chemin des Vignes;69100;villeurbanne;69266;69;Auvergne-Rhône-Alpes;45.8097;4.8518;hugo.dupont@courriel-demo.fr;0506809657;2019-02-07;2019-11-11;ACTIF;;1183;COM-0027;oui
CLI-02026;M. Antoine Henry;PART;Particulier;;127 avenue Jean Jaurès;10000;Troyes;10387;10;Grand Est;48.3065;4.1184;antoine.henry@courriel-demo.fr;+33615904377;2021-08-24;2024-07-30;ACTIF;;2084;COM-0054;non
CLI-01445;Horizon Négoce SAS;PRO;Collectivité;19661927613447;70 allée des Peupliers;83000;Toulon;83137;83;Provence-Alpes-Côte d’Azur;43.123;5.8828;contact@horizonnegoces.fr;0514003919;2018-03-11;2019-02-18;ACTIF;1;264988;COM-0058;oui
CLI-01600;Boréal Conseil SARL;PRO;PME;77016240600980;31 place du Marché;41000;Blois;41018;41;Centre-Val de Loire;47.5871;1.3295;contact@borealconseils.fr;0107814915;2018-09-11;2020-01-12;ACTIF;1;366421;COM-0057;non
CLI-01132;Boréal Conseil SARL;PRO;Grands comptes;25445240425907;157 avenue Jean Jaurès;59100;Roubaix;59512;59;Hauts-de-France;50.7344;3.198;contact@borealconseils.fr;05.35.69.25.04;2022-03-06;2023-06-15;ACTIF;103;326880;COM-0002;oui
CLI-02165;M. Laurent Martinez;PART;Particulier;;21 impasse des Lilas;66000;Perpignan;66136;66;Occitanie;42.7219;2.9265;laurent.martinez@courriel-demo.fr;0546880243;2018-05-17;2025-10-09;ACTIF;;3850;COM-0013;oui
CLI-00610;Mme  Élodie Clément;PART;Particulier;;20 quai des Docks;13200;ARLES;13004;13;Provence-Alpes-Côte d’Azur;43.6565;4.6133;elodie.clement@courriel-demo.fr;01.19.65.64.11;2025-03-05;2026-03-09;INACTIF;;3855;COM-0029;non
CLI-01101;Solstice Distribution SCOP;PRO;Collectivité;76737188172930;43 avenue du Général Leclerc;11100;Narbonne;11262;11;Occitanie;43.214;3.0136;contact@solsticedistri.fr;0326969717;2021-03-09;2021-12-12;ACTIF;21;156003;COM-0025;oui
CLI-01199;Belvédère Conseil SCOP;PRO;Grands comptes;;165 quai des Docks;92130;Issy-les-Moulineaux;92040;92;Île-de-France;48.791;2.2385;contact@belvedereconse.fr;0269758945;2024-02-24;2025-03-25;INACTIF;140;252911;COM-0032;oui
CLI-00421;M. Grégory Guérin;PART;Particulier;;171 chemin des Vignes;80000;Amiens;80021;80;Hauts-de-France;49.9351;2.2813;gregory.guerin@courriel-demo.fr;01.53.34.67.68;2017-07-01;2022-04-30;ACTIF;;749;COM-0038;oui
CLI-02361;M. Romain Faure;PART;Particulier;;172 rue de la République;38000;Grenoble;38185;38;Auvergne-Rhône-Alpes;45.1875;5.685;romain.faure@courriel-demo.fr;0512373515;2016-05-12;2024-05-19;ACTIF;;2684;COM-0043;oui
CLI-00419;Ateliers Distribution SASU;PRO;Collectivité;11702536647345;13 boulevard Victor Hugo;57000;Metz;57463;57;Grand Est;49.1229;6.1482;contact@ateliersdistri.fr;+33542423253;2018-04-16;2018-05-30;ACTIF;1;366122;COM-0047;oui
CLI-00960;Provence Mobilier EURL;PRO;PME;06233332589785;7 rue Pasteur;92100;Boulogne-Billancourt;92012;92;Île-de-France;48.8298;2.2348;contact@provencemobili.fr;06.02.85.56.01;2021-08-17;2023-05-06;ACTIF;85;283203;COM-0033;oui
CLI-00313;M. Maxime Morel;PART;Particulier;;72 avenue de la Gare;06400;Cannes;06029;06;Provence-Alpes-Côte d’Azur;43.5886;7.0685;maxime.morel@courriel-demo.fr;+33148260191;2021-12-01;2023-11-04;ACTIF;;2605;COM-0017;oui
CLI-02046;Nord Ouest Matériaux SA;PRO;PME;53604090770400;4 boulevard Victor Hugo;18000;Bourges;18033;18;Centre-Val de Loire;47.0396;2.3944;contact@nordouestmater.fr;04.87.99.61.79;2025-02-15;2026-07-15;ACTIF;17;407105;COM-0056;non
CLI-00541;Cévennes Électricité SARL;PRO;Grands comptes;;97 avenue de la Gare;13300;Salon-de-Provence;13103;13;Provence-Alpes-Côte d’Azur;43.6517;5.0685;contact@cevenneselectr.fr;+33123300236;2020-07-18;2025-01-07;A CONFIRMER;1;63937;COM-0041;oui
CLI-01674;M. Romain Richard;PART;Particulier;;90 allée des Peupliers;72000;Le Mans;72181;72;Pays de la Loire;48.0122;0.2376;romain.richard@courriel-demo.fr;03 52 05 05 64;2016-08-05;2022-07-08;ACTIF;;1577;COM-0036;oui
CLI-00900;Atlantique Transports SCOP;PRO;Grands comptes;25732104292905;1 route de Bordeaux;35000;Rennes;35238;35;Bretagne;48.0931;-1.7239;contact@atlantiquetran.fr;01 89 37 06 78;2020-12-27;2024-01-26;ACTIF;111;12495;COM-0054;non
CLI-00500;Nord Ouest Maintenance EURL;PRO;TPE;40238181360915;18 avenue Jean Jaurès;93100;Montreuil;93048;93;Île-de-France;48.8197;2.4104;contact@nordouestmaint.fr;+33732438273;2016-02-12;2016-10-16;INACTIF;54;202223;COM-0032;oui
CLI-01415;Manufacture Agroalimentaire SAS;PRO;Collectivité;11677166160510;84 avenue Jean Jaurès;57000;Metz;57463;57;Grand Est;49.1146;6.2061;contact@manufactureagr.fr;+33574992594;2017-01-25;2024-04-23;ACTIF;1;162688;COM-0026;oui
CLI-01778;Grand Large Bâtiment SAS;PRO;Grands comptes;12601931757902;176 chemin des Vignes;69100;Villeurbanne;69266;69;Auvergne-Rhône-Alpes;45.7778;4.8515;contact@grandlargebati.fr;0401821152;2021-02-03;2024-12-18;PROSPECT;1;255959;COM-0042;non
CLI-01478;Sillon Négoce SASU;PRO;PME;37333693237030;160 rue de l’Industrie;11000;Carcassonne;11069;11;Occitanie;43.2474;2.3154;contact@sillonnegocesa.fr;+33597815604;2021-11-28;2023-03-14;RESILIE;1;210766;COM-0041;oui
CLI-01418;Alizé Électricité SAS;PRO;Collectivité;97422960080510;27 impasse des Lilas;06600;antibes;06004;06;Provence-Alpes-Côte d’Azur;43.5318;7.1081;contact@alizeelectrici.fr;0288394449;2020-12-19;2025-12-23;ACTIF;54;298725;COM-0005;non
CLI-01372;M. Franck Thomas;PART;Particulier;;81 rue du Commerce;74000;Annecy;74010;74;Auvergne-Rhône-Alpes;45.8888;6.0903;franck.thomas@courriel-demo.fr;03.19.62.99.89;2025-12-02;2026-02-25;ACTIF;;2489;COM-0031;oui
CLI-02293;Tramontane Distribution SASU;PRO;Collectivité;18675566597875;167 avenue du Général Leclerc;01000;BOURG-EN-BRESSE;01053;01;Auvergne-Rhône-Alpes;46.2359;5.2588;contact@tramontanedist.fr;04 89 68 08 42;2019-12-04;2026-05-21;ACTIF;1;383944;COM-0026;oui
CLI-00147;Services Solutions SARL;PRO;TPE;83213597167763;140 boulevard Victor Hugo;44600;Saint-Nazaire;44184;44;Pays de la Loire;47.2555;-2.1759;contact@servicessoluti.fr;+33314615206;2019-02-01;2021-06-27;RESILIE;119;241032;COM-0017;oui
CLI-01013;M. Nicolas Legrand;PART;Particulier;;136 rue du Commerce;58000;Annecy;74010;74;Auvergne-Rhône-Alpes;45.9307;6.0973;nicolas.legrand@courriel-demo.fr;05 41 75 42 10;2016-03-28;2024-06-01;ACTIF;;3897;COM-0055;oui
CLI-01921;Prisme Mobilier SAS;PRO;Collectivité;45785410859266;68 chemin des Vignes;89000;Auxerre;89024;89;Bourgogne-Franche-Comté;47.8364;3.5723;contact@prismemobilier.fr;03.54.97.57.57;2022-01-25;2025-02-09;RESILIE;1;354931;COM-0039;oui
CLI-00004;Services Industries SA;PRO;PME;13904393840690;25 avenue Jean Jaurès;64100;Bayonne;64102;64;Nouvelle-Aquitaine;43.4985;-1.5237;contact at servicesindust.fr;0589012351;2015-10-20;2020-06-06;ACTIF;55;-109001;COM-0036;oui
CLI-00672;Services Négoce SASU;PRO;Grands comptes;77335330876204;180 avenue Jean Jaurès;81000;Albi;81004;81;Occitanie;43.9478;2.1907;contact@servicesnegoce.fr;0764980013;2024-11-20;2025-01-17;ACTIF;13;339680;COM-0035;oui
CLI-00853;M. Grégory Henry;PART;Particulier;;159 rue du Commerce;13200;Arles;13004;13;Provence-Alpes-Côte d’Azur;43.716;4.6322;gregory.henry@courriel-demo.fr;+33631469533;2022-05-25;2023-04-01;ACTIF;;2259;COM-0035;non
CLI-00339;Maritime Distribution SA;PRO;Grands comptes;61938331480065;176 route de Bordeaux;05000;Gap;05061;05;Provence-Alpes-Côte d’Azur;44.5688;6.1198;contact@maritimedistri.fr;0393454583;2024-09-30;2026-01-15;ACTIF;76;13234;COM-0028;oui
CLI-02171;Grand Large Emballages SASU;PRO;Collectivité;51309310996044;69 route de Bordeaux;49300;Cholet;49099;49;Pays de la Loire;47.0207;-0.8978;contact@grandlargeemba.fr;03 11 92 16 99;2024-05-27;2025-08-25;ACTIF;1;442624;COM-0016;oui
CLI-02211;Boréal Emballages SARL;PRO;TPE;61268316085257;177 avenue du Général Leclerc;59140;Dunkerque;59183;59;Hauts-de-France;51.0137;2.4214;contact@borealemballag.fr;0465294354;2026-08-10;2026-09-10;ACTIF;204;219408;COM-0008;oui
CLI-02411;Grand Large Équipements SA;PRO;Grands comptes;43140982248754;78 rue de l’Industrie;92130;Issy-les-Moulineaux;92040;92;Île-de-France;48.8497;2.2463;contact@grandlargeequi.fr;+33535762148;2024-03-03;2024-05-30;ACTIF;181;419614;COM-0008;oui
CLI-01451;Mme Amandine Thomas;PART;Particulier;;64 chemin des Vignes;17000;La Rochelle;17300;17;Nouvelle-Aquitaine;46.1218;-1.1822;amandine.thomas@courriel-demo.fr;03 24 91 25 87;2025-09-14;2026-08-23;ACTIF;;1955;COM-0003;non
CLI-01365;Vertigo Matériaux SARL;PRO;Collectivité;61170645779930;98 avenue de la Gare;60000;Beauvais;60057;60;Hauts-de-France;49.4179;2.0314;contact@vertigomateria.fr;+33292992783;2025-08-24;2026-07-16;ACTIF;36;245577;COM-0044;non
CLI-00966;Distribution Distribution SAS;PRO;Grands comptes;55671678299729;69 avenue Jean Jaurès;34500;Béziers;34032;34;Occitanie;43.3834;3.2482;contact@distributiondi.fr;07.13.72.23.21;2026-01-18;2026-04-28;ACTIF;1;173185;COM-0040;non
CLI-02451;Alizé Mobilier SASU;PRO;Grands comptes;66144669233087;104 impasse des Lilas;16000;Angoulême;16015;16;Nouvelle-Aquitaine;45.6603;0.146;contact@alizemobiliers.fr;02.71.80.63.80;2021-04-09;2023-11-17;ACTIF;114;180156;COM-0044;non
CLI-00407;Prisme Négoce EURL;PRO;PME;;103 rue du Commerce;01000;Bourg-en-Bresse;01053;01;Auvergne-Rhône-Alpes;46.2413;5.1902;contact@prismenegoceeu.fr;06.65.83.80.61;2017-06-01;2021-07-16;PROSPECT;1;303835;COM-0035;oui
CLI-02258;Vertigo Industries SARL;PRO;TPE;83334909127740;13 place du Marché;45000;Orléans;45234;45;Centre-Val de Loire;47.938;1.9386;contact@vertigoindustr.fr;01.48.48.12.56;2021-08-09;2021-08-09;ACTIF;280;503043;COM-0004;oui
CLI-01768;Maritime Solutions SA;PRO;Grands comptes;37386048118771;137 allée des Peupliers;17000;La Rochelle;17300;17;Nouvelle-Aquitaine;46.2097;-1.1816;contact@maritimesoluti.fr;0523470172;2023-10-05;2025-10-21;ACTIF;1;-58646;COM-0032;non
CLI-00604;Grand Large Industries SASU;PRO;TPE;96758628642374;42 avenue de la Gare;54000;Nancy;54395;54;Grand Est;48.6691;6.1862;contact@grandlargeindu.fr;01.27.20.19.67;2025-04-22;2025-09-26;ACTIF;222;-80517;COM-0002;oui
CLI-00030;Atlantique Agroalimentaire SA;PRO;Grands comptes;-;19 rue du Commerce;59000;Lille;59350;59;Hauts-de-France;50.672;3.0263;contact@atlantiqueagro.fr;05 15 31 32 09;2021-01-28;2025-10-15;ACTIF;5;-29583;COM-0016;oui
CLI-00207;Services  Matériaux EURL;PRO;PME;10966027580098;38 rue des Acacias;13100;AIX-EN-PROVENCE;13001;13;Provence-Alpes-Côte d’Azur;43.5454;5.498;contact@servicesmateri.fr;01.68.18.69.83;2023-06-16;2026-06-13;ACTIF;1;206047;COM-0028;oui
CLI-00131;Pyrénées Électricité SAS;PRO;PME;83593736134455;85 rue de l’Industrie;78000;Versailles;78646;78;Île-de-France;48.829;2.1602;contact@pyreneeselectr.fr;+33272377270;2024-05-15;2026-08-24;ACTIF;176;293714;COM-0056;oui
CLI-00733;Énergie Conseil SA;PRO;Collectivité;64053740394903;27 rue Pasteur;35000;Rennes;35238;35;Bretagne;48.1263;-1.7125;contact@energieconseil.fr;+33334984339;2020-02-24;2024-03-16;ACTIF;1;155002;COM-0015;oui
CLI-02360;Boréal Conseil SARL;PRO;TPE;71489795703267;88 boulevard Victor Hugo;18000;Bourges;18033;18;Centre-Val de Loire;47.0892;2.4357;contact@borealconseils.fr;01 29 79 64 85;2021-03-31;2025-02-23;PROSPECT;121;355943;COM-0016;oui
CLI-01050;Belvédère Conseil SARL;PRO;Collectivité;25512306062992;98 rue de l’Industrie;77100;Meaux;77284;77;Île-de-France;49.0095;2.9181;contact@belvedereconse.fr;07 92 44 44 71;2016-12-11;2020-06-28;ACTIF;64;59179;COM-0057;oui
CLI-01302;Vallée Équipements SA;PRO;PME;;106 boulevard Victor Hugo;51100;Reims;51454;51;Grand Est;49.2166;4.0572;contact@valleeequipeme.fr;0390263889;2021-01-07;2025-01-06;ACTIF;1;154137;COM-0010;oui
;;;;;;;;;;;;;;;;;;;;;
CLI-01991;Services Bâtiment SARL;PRO;PME;83114863317114;145 quai des Docks;20000;Ajaccio;2A004;2A;Corse;41.9522;8.7146;contact@servicesbatime.fr;+33231127445;2021-03-01;2025-08-23;ACTIF;13;228003;COM-0059;oui
CLI-01587;Vertigo Négoce SAS;PRO;PME;64790459159630;24 rue de l’Industrie;29200;BREST;29019;29;Bretagne;48.3662;-4.4715;contact@vertigonegoces.fr;+33696364704;2016-05-04;2019-10-15;ACTIF;150;107661;COM-0040;oui
CLI-00416;Grand Large Conseil EURL;PRO;Collectivité;34899833397425;173 rue de l’Industrie;29000;Quimper;29232;29;Bretagne;48.0355;-4.1103;contact@grandlargecons.fr;02 88 45 29 20;2021-03-29;2026-01-12;ACTIF;1;494054;COM-0026;oui
CLI-01534;Vallée Solutions EURL;PRO;Grands comptes;03520937256391;150 impasse des Lilas;57000;Metz;57463;57;Grand Est;49.0972;6.1849;contact@valleesolution.fr;+33619988272;2020-10-10;2026-05-20;ACTIF;92;153796;COM-0005;oui
CLI-01516;Cristal Emballages SCOP;PRO;Collectivité;62327807335912;76 place du Marché;67000;Strasbourg;67482;67;Grand Est;48.5819;7.7696;contact@cristalemballa.fr;+33772917895;2022-12-10;2025-08-23;ACTIF;83;340087;COM-0030;non
CLI-01515;M. Ludovic Lopez;PART;Particulier;;39 quai des Docks;92100;Boulogne-Billancourt;92012;92;Île-de-France;48.8257;2.2343;ludovic.lopez@courriel-demo;+33571573323;2023-06-02;2024-08-26;ACTIF;;3439;COM-0059;oui
CLI-00842;Grand Large Négoce SCOP;PRO;PME;94512950181096;4 chemin des Vignes;08000;Charleville-Mézières;08105;08;Grand Est;49.7675;4.677;contact@grandlargenego.fr;02.67.31.47.11;2021-07-19;2025-02-03;ACTIF;1;335114;COM-0005;oui
CLI-01145;Nord Ouest Équipements SCOP;PRO;Grands comptes;71263479417595;55 chemin des Vignes;75001;Paris;75056;75;Île-de-France;48.8866;2.3749;contact@nordouestequip.fr;+33363540978;2022-01-11;2024-11-02;ACTIF;11;254645;COM-0032;non
CLI-01975;Mme Isabelle Muller;PART;Particulier;;168 impasse des Lilas;65000;Tarbes;65440;65;Occitanie;43.2731;0.119;isabelle.muller@courriel-demo.fr;03.95.01.02.90;2025-01-25;2026-08-08;ACTIF;;2319;COM-0014;oui
CLI-00369;M. Guillaume Guérin;PART;Particulier;;107 rue de la République;37000;Tours;37261;37;Centre-Val de Loire;47.4315;0.7331;guillaume.guerin@courriel-demo.fr;07.73.65.62.71;2024-10-27;2024-11-24;ACTIF;;2119;COM-0014;oui
CLI-00119;Vertigo Bâtiment SASU;PRO;PME;42782564189803;165 place du Marché;35000;Rennes;35238;35;Bretagne;48.1082;-1.6737;contact@vertigobatimen.fr;+33312517466;2025-04-22;2025-04-22;ACTIF;83;195575;COM-0049;non
CLI-02219;Boréal Matériaux EURL;PRO;PME;47270658359038;27 allée des Peupliers;35000;Rennes;35238;35;Bretagne;48.1078;-1.7159;contact@borealmateriau.fr;+33342155932;2015-10-29;2024-04-03;ACTIF;109;20453;COM-0052;non
CLI-00887;Belvédère Transports SCOP;PRO;Collectivité;95122393056225;53 place du Marché;33700;Mérignac;33281;33;Nouvelle-Aquitaine;44.8264;-0.6781;contact@belvederetrans.fr;05 67 27 68 46;2024-07-11;2026-06-19;INACTIF;8;3308;COM-0016;oui
CLI-02069;Pyrénées Transports SAS;PRO;TPE;60043249398721;90 rue de l’Industrie;92130;ISSY-LES-MOULINEAUX;92040;92;Île-de-France;48.848;2.2924;contact@pyreneestransp.fr;0647801569;2020-12-30;2025-02-28;ACTIF;59;163445;COM-0014;non
CLI-00488;Mme Aurélie Martin;PART;Particulier;;149 place du Marché;60000;Beauvais;60057;60;Hauts-de-France;49.4107;2.0562;aurelie.martin@courriel-demo.fr;+33115589081;2022-08-29;2022-11-25;ACTIF;;1695;COM-0004;oui
CLI-01833;Cévennes Solutions SARL;PRO;Grands comptes;95416304133476;34 route de Bordeaux;38000;grenoble;38185;38;Auvergne-Rhône-Alpes;45.2374;5.6982;contact@cevennessoluti.fr;+33252037200;2019-04-19;2022-03-18;ACTIF;68;67316;COM-0032;oui
CLI-02246;Tramontane Maintenance EURL;PRO;Collectivité;87844116391432;17 boulevard Victor Hugo;76000;Rouen;76540;76;Normandie;49.4467;1.1063;contact@tramontanemain.fr;0333554665;2019-08-20;2023-04-15;ACTIF;61;210824;COM-0023;oui
CLI-02253;M. Alexandre Henry;PART;Particulier;;171 impasse des Lilas;30000;Nîmes;30189;30;Occitanie;43.8618;4.3524;alexandre.henry@courriel-demo.fr;0682147590;2017-08-17;2023-01-08;ACTIF;;1867;COM-0049;oui
CLI-00952;Mme Fanny Martin;PART;Particulier;;149 rue du Commerce;22000;Saint-Brieuc;22278;22;Bretagne;48.4823;-2.814;fanny.martin@courriel-demo.fr;02 41 31 09 63;2019-10-01;2021-08-20;ACTIF;;1103;COM-0052;oui
CLI-02106;Cévennes Équipements SCOP;PRO;Grands comptes;05879781937970;127 avenue de la Gare;34500;Béziers;34032;34;Occitanie;43.3773;3.2312;contact@cevennesequipe.fr;+33240986957;2016-11-30;2018-05-26;ACTIF;70;149070;COM-0001;oui
CLI-00212;Mme Pauline Michel;PART;Particulier;;156 chemin des Vignes;67000;Strasbourg;67482;67;Grand Est;48.5364;7.7185;pauline.michel@courriel-demo.fr;0335653100;2017-05-26;2018-09-15;PROSPECT;;1397;COM-0011;oui
CLI-01666;Maritime Emballages SCOP;PRO;Grands comptes;95667896952997;79 allée des Peupliers;20000;Ajaccio;2A004;2A;Corse;41.9531;8.7119;contact@maritimeemball.fr;03.08.74.48.73;2024-09-08;2024-12-05;ACTIF;1;178199;COM-0035;oui
CLI-00477;Mme Marion Lambert;PART;Particulier;;157 quai des Docks;44000;Nantes;44109;44;Pays de la Loire;47.2249;-1.5063;marion.lambert@courriel-demo.fr;05 84 27 26 63;2021-02-15;2026-06-25;PROSPECT;;278;COM-0037;oui
CLI-00718;Provence Solutions EURL;PRO;TPE;07017398435111;56 rue des Acacias;68100;Mulhouse;68224;68;Grand Est;47.7637;7.3277;contact@provencesoluti.fr;03 35 48 91 86;2024-10-24;2025-08-25;INACTIF;31;180621;COM-0008;oui
CLI-01667;M. Jérôme Guérin;PART;Particulier;;62 rue du Commerce;87000;Limoges;87085;87;Nouvelle-Aquitaine;45.8759;1.2712;jerome.guerin@courriel-demo.fr;05.69.97.71.14;2016-08-02;2017-08-06;EN COURS;;964;COM-0012;non
CLI-00544;Services Transports SA;PRO;PME;96753565781273;159 rue de la République;25000;Besançon;25056;25;Bourgogne-Franche-Comté;47.2167;6.0233;contact@servicestransp.fr;01 08 27 59 99;2023-09-30;2025-05-07;PROSPECT;1;162081;COM-0002;oui
CLI-00939;Comptoir Emballages SARL;PRO;Grands comptes;00644567351688;16 avenue du Général Leclerc;05000;Gap;05061;05;Provence-Alpes-Côte d’Azur;44.6073;6.1164;contact@comptoiremball.fr;0389469675;2016-02-26;2023-05-25;ACTIF;24;309564;COM-0052;non
CLI-02494;Logistique Matériaux SARL;PRO;Grands comptes;23239950305567;117 allée des Peupliers;42000;Saint-Étienne;42218;42;Auvergne-Rhône-Alpes;45.4428;4.3886;contact@logistiquemate.fr;05.23.15.03.91;2023-12-05;2026-04-29;ACTIF;123;291652;COM-0044;non
CLI-01424;Prisme Négoce SA;PRO;TPE;77008406947462;22 avenue de la Gare;34500;Béziers;34032;34;Occitanie;43.3739;3.2111;contact@prismenegocesa.fr;+33428198804;2018-06-05;2020-11-23;INACTIF;108;179764;COM-0036;oui
CLI-00150;M. Mathieu François;PART;Particulier;;58 avenue du Général Leclerc;91000;ÉVRY-COURCOURONNES;91228;91;Île-de-France;48.6307;2.4086;mathieu.francois@courriel-demo.fr;+33261845636;2016-05-03;2023-10-17;ACTIF;;1810;COM-0008;oui
CLI-00301;M. Alain Clément;PART;Particulier;;120 impasse des Lilas;35400;Saint-Malo;35288;35;Bretagne;48.6916;-2.0746;alain.clement@courriel-demo.fr;+33293054223;2019-10-26;2023-10-14;INACTIF;;1158;COM-0008;oui
CLI-00669;M. Christophe Guérin;PART;Particulier;;137 route de Bordeaux;66000;Perpignan;66136;66;Occitanie;42.6608;2.9066;christophe.guerin@courriel-demo.fr;06 14 43 78 79;2017-06-10;2021-11-03;PROSPECT;;2026;COM-0022;oui
CLI-01621;Aurore Distribution EURL;PRO;TPE;36044898697293;168 avenue de la Gare;12000;Rodez;12202;12;Occitanie;44.3248;2.5289;contact@auroredistribu.fr;0313162834;2023-03-16;2023-03-16;ACTIF;1;81887;COM-0036;oui
CLI-02017;Sillon Emballages SAS;PRO;Grands comptes;80967430718188;4 rue des Acacias;59140;Dunkerque;59183;59;Hauts-de-France;51.013;2.3411;contact@sillonemballag.fr;05 77 34 12 13;2022-09-06;2024-06-06;ACTIF;111;51855;COM-0005;oui
CLI-00345;Mme Sophie Perrin;PART;Particulier;;38 avenue de la Gare;29200;Brest;29019;29;Bretagne;48.4316;-4.4493;sophie.perrin@courriel-demo;07.87.44.59.95;2025-06-16;2026-04-26;ACTIF;;577;COM-0043;oui
CLI-00418;Pyrénées Agroalimentaire EURL;PRO;Collectivité;94966693595058;173 chemin des Vignes;14000;Caen;14118;14;Normandie;49.2103;-0.4034;contact@pyreneesagroal.fr;+33224433447;2025-03-08;2026-07-16;ACTIF;1;295485;COM-0052;oui
CLI-00638;Prisme Négoce SARL;PRO;Grands comptes;02196232420743;20 avenue Jean Jaurès;47000;Agen;47001;47;Nouvelle-Aquitaine;44.2445;0.6315;contact@prismenegocesa.fr;03.43.20.37.97;2017-01-10;2026-02-16;ACTIF;164;196807;COM-0008;oui
CLI-01743;Vertigo Négoce SCOP;PRO;Collectivité;85818683898442;74 allée des Peupliers;76600;Le Havre;76351;76;Normandie;49.4595;0.1553;contact@vertigonegoces.fr;0518802003;2024-04-29;2026-08-23;ACTIF;64;293568;COM-0020;oui
CLI-01429;Boréal Industries SCOP;PRO;TPE;90778820171139;145 avenue Jean Jaurès;35000;Rennes;35238;35;Bretagne;48.1484;-1.695;contact@borealindustri.fr;07.88.76.08.85;2017-06-15;2023-02-17;ACTIF;65;260029;COM-0038;oui
CLI-01563;Services Papeterie SCOP;PRO;PME;71878138037637;139 avenue Jean Jaurès;94000;Créteil;94028;94;Île-de-France;48.8097;2.4225;contact@servicespapete.fr;0601399483;2025-07-26;2025-07-26;INACTIF;109;198067;COM-0022;non
CLI-01723;Provence Agroalimentaire SCOP;PRO;TPE;31302721143368;2 boulevard Victor Hugo;27000;Évreux;27229;27;Normandie;49.0392;1.1513;contact@provenceagroal.fr;02 58 02 84 78;2016-03-15;2021-11-14;ACTIF;1;78626;COM-0017;oui
CLI-00156;Escale Papeterie SARL;PRO;PME;37236710124177;98 avenue Jean Jaurès;83000;Toulon;83137;83;Provence-Alpes-Côte d’Azur;43.0714;5.9234;contact@escalepapeteri.fr;0331292386;2020-10-14;2021-01-17;ACTIF;43;173978;COM-0008;oui
CLI-01334;Mme Chloé Perrin;PART;Particulier;;108 avenue de la Gare;06130;Grasse;06069;06;Provence-Alpes-Côte d’Azur;43.6376;6.9346;chloe.perrin@courriel-demo.fr;+33496496142;2019-04-26;2024-04-07;ACTIF;;1006;COM-0046;oui
CLI-01530;M. Michel Thomas;PART;Particulier;;36 rue du Commerce;44000;Nantes;44109;44;Pays de la Loire;47.1774;-1.5546;michel.thomas@courriel-demo.fr;02.87.30.17.90;2022-05-27;2025-04-06;actif;;1106;COM-0059;oui
;;;;;;;;;;;;;;;;;;;;;
CLI-01271;M. Christophe Henry;PART;Particulier;;118 impasse des Lilas;58000;Nevers;58194;58;Bourgogne-Franche-Comté;46.9402;3.125;christophe.henry@courriel-demo.fr;01.16.12.15.33;2025-06-01;2025-06-08;INACTIF;;2082;COM-0024;oui
CLI-00211;Sillon Bâtiment SCOP;PRO;Collectivité;78733728863335;110 rue des Acacias;91000;Évry-Courcouronnes;91228;91;Île-de-France;48.5953;2.4206;contact@sillonbatiment.fr;0316730764;2019-12-30;2024-10-20;RESILIE;162;283649;COM-0015;non
CLI-00302;Horizon Industries SAS;PRO;PME;08824242115254;94 rue des Acacias;60000;Beauvais;60057;60;Hauts-de-France;49.4419;2.1225;contact@horizonindustr.fr;+33584753879;2017-01-15;2017-07-18;ACTIF;86;-41399;COM-0016;oui
CLI-01880;M. Thomas Chevalier;PART;Particulier;;71 route de Bordeaux;90000;Belfort;90010;90;Bourgogne-Franche-Comté;47.6693;6.8234;thomas.chevalier@courriel-demo.fr;04 92 61 79 49;2022-06-17;2022-06-17;ACTIF;;2517;COM-0012;oui
CLI-01364;Pyrénées Industries SARL;PRO;PME;57500996071010;180 rue du Commerce;44000;Nantes;44109;44;Pays de la Loire;47.1737;-1.5876;contact@pyreneesindust.fr;02.62.05.11.47;2016-05-13;2016-07-01;ACTIF;3;109350;COM-0027;oui
CLI-02166;Logistique Conseil SCOP;PRO;TPE;36018094426142;162 route de Bordeaux;73000;Chambéry;73065;73;Auvergne-Rhône-Alpes;45.5793;5.8787;contact@logistiquecons.fr;+33109509770;2022-07-02;2023-01-01;ACTIF;154;198150;COM-0030;oui
CLI-00219;Provence Solutions EURL;PRO;TPE;41795957819107;99 impasse des Lilas;68000;Colmar;68066;68;Grand Est;48.0344;7.4032;contact@provencesoluti.fr;0165101373;2021-10-23;2022-07-04;ACTIF;148;-18843;COM-0039;oui
CLI-00783;M. Vincent Thomas;PART;Particulier;;30 rue de l’Industrie;14000;CAEN;14118;14;Normandie;49.1975;-0.3517;vincent.thomas@courriel-demo.fr;05 46 61 81 61;2024-04-01;2026-03-16;ACTIF;;3689;COM-0010;oui
CLI-01662;Mme Sandrine Leroy;PART;Particulier;;60 avenue du Général Leclerc;94000;Créteil;94028;94;Île-de-France;48.7537;2.4912;sandrine.leroy@courriel-demo.fr;07 74 23 37 08;2018-01-28;2022-11-22;RESILIE;;708;COM-0019;oui
CLI-02288;Comptoir Équipements SCOP;PRO;PME;50909785128694;48 avenue de la Gare;06000;Nice;06088;06;Provence-Alpes-Côte d’Azur;43.7189;7.2282;contact@comptoirequipe.fr;07.23.56.09.24;2019-04-06;2019-12-31;INACTIF;149;241464;COM-0004;oui
CLI-01178;Sillon Transports SARL;PRO;Collectivité;96385281139203;63 avenue du Général Leclerc;74000;Annecy;74010;74;Auvergne-Rhône-Alpes;45.9088;6.132;contact@sillontranspor.fr;04 10 43 69 95;2016-03-10;2020-02-06;ACTIF;85;15520;COM-0011;oui
CLI-00844;Services Bâtiment SARL;PRO;PME;86841538517430;18 avenue du Général Leclerc;92130;Issy-les-Moulineaux;92040;92;Île-de-France;48.8205;2.2301;contact;0579671814;2022-09-05;2024-10-13;ACTIF;127;421015;COM-0032;oui
CLI-02329;Pyrénées Maintenance SAS;PRO;PME;32933223971334;89 avenue du Général Leclerc;57000;Metz;57463;57;Grand Est;49.1649;6.1445;contact@pyreneesmainte.fr;06 13 85 11 94;2024-01-25;2025-04-29;ACTIF;48;292594;COM-0013;oui
CLI-00400;Escale Équipements SA;PRO;PME;24215328411780;25 place du Marché;72000;Le Mans;72181;72;Pays de la Loire;48.0233;0.2323;contact@escaleequipeme.fr;+33614401402;2018-11-19;2023-10-26;ACTIF;1;361687;COM-0017;oui
CLI-01515;M. Ludovic Lopez;PART;Particulier;;39 quai des Docks;92100;Boulogne-Billancourt;92012;92;Île-de-France;48.8257;2.2343;ludovic.lopez@courriel-demo;+33571573323;2023-06-02;2024-08-26;ACTIF;;3439;COM-0059;oui
CLI-01985;Cévennes Mobilier SARL;PRO;PME;;148 rue de l’Industrie;49000;Angers;49007;49;Pays de la Loire;47.5113;-0.5137;contact@cevennesmobili.fr;04 88 33 54 49;2022-11-26;2026-08-26;INACTIF;20;404583;COM-0049;oui
CLI-00068;Cristal Emballages SARL;PRO;Collectivité;36393527126881;177 rue de l’Industrie;16000;Angoulême;16015;16;Nouvelle-Aquitaine;45.6865;0.1593;contact@cristalemballa.fr;0117235003;2026-01-15;2026-08-30;ACTIF;1;58679;COM-0025;non
CLI-01493;Escale Négoce SCOP;PRO;Grands comptes;03913857020590;58 boulevard Victor Hugo;92100;BOULOGNE-BILLANCOURT;92012;92;Île-de-France;48.8895;2.2878;contact@escalenegocesc.fr;07 60 55 55 95;2019-06-14;2024-03-31;ACTIF;1;81589;COM-0055;oui
CLI-00486;Services Solutions SARL;PRO;Grands comptes;53988610404050;19 rue Pasteur;79000;Niort;79191;79;Nouvelle-Aquitaine;46.2921;-0.4522;contact@servicessoluti;07.89.67.19.82;2021-01-09;2023-09-25;ACTIF;1;339472;COM-0001;oui
CLI-00584;Maritime Maintenance SARL;PRO;Grands comptes;88250032747888;131 boulevard Victor Hugo;06400;Cannes;06029;06;Provence-Alpes-Côte d’Azur;43.533;6.994;contact@maritimemainte.fr;04.14.55.15.72;2022-06-26;2022-12-17;ACTIF;1;275955;COM-0003;oui
CLI-01123;Solstice Transports SA;PRO;Grands comptes;88954995197187;67 rue Pasteur;29000;Quimper;29232;29;Bretagne;47.9823;-4.1001;contact@solsticetransp.fr;0140209320;2018-07-22;2024-08-09;ACTIF;96;106973;COM-0039;oui
CLI-00262;Boréal Équipements SASU;PRO;Collectivité;64379928309862;125 allée des Peupliers;68000;Colmar;68066;68;Grand Est;48.0847;7.3694;contact@borealequipeme.fr;0203182547;2018-03-24;2021-11-29;INACTIF;66;-30052;COM-0036;oui
CLI-01870;M. Guillaume Dumont;PART;Particulier;;136 allée des Peupliers;50100;Cherbourg-en-Cotentin;50129;50;Normandie;49.6639;-1.6223;guillaume.dumont@courriel-demo.fr;0268287524;2019-07-27;2020-11-12;ACTIF;;3708;COM-0059;oui
CLI-02051;Horizon Transports SASU;PRO;PME;73492459015072;139 place du Marché;81000;albi;81004;81;Occitanie;43.8811;2.1283;contact@horizontranspo.fr;05 83 71 34 38;2023-07-08;2024-11-16;ACTIF;192;112603;COM-0011;oui
CLI-02284;Mme Camille Chevalier;PART;Particulier;;67 route de Bordeaux;77100;Meaux;77284;77;Île-de-France;48.9754;2.8377;camille.chevalier@courriel-demo.fr;02.41.73.11.40;2017-07-12;2026-08-08;ACTIF;;3568;COM-0044;non
CLI-01245;Pyrénées Emballages SAS;PRO;TPE;14061032866923;106 quai des Docks;41000;Blois;41018;41;Centre-Val de Loire;47.5942;1.3382;contact@pyreneesemball.fr;04.08.11.84.24;2016-07-19;2019-01-09;ACTIF;90;77412;COM-0040;oui
CLI-01281;Ateliers Agroalimentaire SA;PRO;Collectivité;66883182316879;155 rue des Acacias;79000;Niort;79191;79;Nouvelle-Aquitaine;46.3043;-0.4462;contact@ateliersagroal.fr;05 96 32 48 26;2021-03-05;2023-05-19;PROSPECT;156;196554;COM-0006;oui
CLI-00234;Pyrénées Agroalimentaire SCOP;PRO;TPE;48404286671689;52 route de Bordeaux;27000;Évreux;27229;27;Normandie;48.9901;1.1981;contact@pyreneesagroal.fr;0407439643;2016-06-19;2019-05-09;ACTIF;48;375815;COM-0027;oui
CLI-01622;M. Michel Durand;PART;Particulier;;163 avenue de la Gare;58000;Nevers;58194;58;Bourgogne-Franche-Comté;47.0133;3.154;michel.durand@courriel-demo.fr;01.33.89.94.99;2016-05-20;2026-01-03;INACTIF;;629;COM-0023;oui
CLI-00756;Vallée Maintenance SARL  ;PRO;Collectivité;07606000036693;153 place du Marché;57000;Metz;57463;57;Grand Est;49.1237;6.1372;contact@valleemaintena.fr;+33404775957;2017-08-24;2017-11-26;ACTIF;55;-253010;COM-0059;oui
CLI-00646;M. Maxime Perrin  ;PART;Particulier;;45 avenue de la Gare;26000;Valence;26362;26;Auvergne-Rhône-Alpes;44.9235;4.8453;maxime.perrin@courriel-demo.fr;04.17.39.59.26;2023-06-06;2026-07-01;ACTIF;;1065;COM-0008;oui
CLI-00303;Vertigo Négoce SARL;PRO;Collectivité;32693595032200;63 avenue Jean Jaurès;83600;Fréjus;83061;83;Provence-Alpes-Côte d’Azur;43.436;6.7811;contact@vertigonegoces.fr;06 42 77 35 91;2020-05-16;2023-07-28;ACTIF;35;183950;COM-0014;oui
CLI-01487;Prisme Négoce EURL;PRO;TPE;08063900164387;13 place du Marché;31000;Toulouse;31555;31;Occitanie;43.6184;1.3906;contact@prismenegoceeu.fr;04 70 87 13 86;2024-08-29;2025-09-09;INACTIF;1;7040;COM-0010;oui
CLI-00447;Vertigo Maintenance SASU;PRO;PME;13668695295033;155 boulevard Victor Hugo;84000;Avignon;84007;84;Provence-Alpes-Côte d’Azur;43.905;4.7764;contact@vertigomainten.fr;+33783519505;2017-08-01;2026-04-25;INACTIF;158;181745;COM-0033;oui
CLI-01264;Mme Laure Lefèvre;PART;Particulier;;85 avenue du Général Leclerc;45000;Orléans;45234;45;Centre-Val de Loire;47.878;1.873;laure.lefevre@courriel-demo.fr;04 15 24 44 11;2018-06-11;2021-10-02;ACTIF;;591;COM-0029;non
CLI-01934;M. Julien David;PART;Particulier;;98 rue Pasteur;78000;Versailles;78646;78;Île-de-France;48.7674;2.1424;julien.david@courriel-demo.fr;07 59 84 51 11;2025-08-22;2025-09-11;ACTIF;;2344;COM-0001;oui
CLI-01027;Boréal Mobilier SASU;PRO;Grands comptes;33298717789251;83 place du Marché;10000;Troyes;10387;10;Grand Est;48.3428;4.1091;contact@borealmobilier.fr;+33552283184;2023-05-16;2025-06-09;INACTIF;42;-63559;COM-0017;oui
CLI-02169;Escale Papeterie SAS;PRO;Collectivité;50387041522039;1 rue Pasteur;37000;Tours;37261;37;Centre-Val de Loire;47.363;0.6564;contact@escalepapeteri.fr;04.81.38.45.47;2024-09-24;2025-12-29;PROSPECT;128;263450;COM-0058;oui
CLI-02041;Mme Julie Blanc;PART;Particulier;;149 rue de la République;10000;Troyes;10387;10;Grand Est;48.3432;4.1116;julie.blanc@courriel-demo.fr;03 73 93 78 43;2023-03-20;2026-02-05;ACTIF;;2634;COM-0036;non
CLI-02018;Mme Léa Dubois;PART;Particulier;;124 allée des Peupliers;65000;Tarbes;65440;65;Occitanie;43.234;0.0818;lea.dubois at courriel-demo.fr;0308193034;2016-10-16;2023-05-17;INACTIF;;1371;COM-0002;oui
CLI-01029;Solstice Solutions SCOP;PRO;Grands comptes;99264816648880;38 allée des Peupliers;20200;Bastia;2B033;2B;Corse;42.7412;9.4554;contact@solsticesoluti.fr;04 42 43 06 59;2025-12-09;2026-07-18;RESILIE;1;275834;COM-0052;non
CLI-00217;Ateliers Mobilier EURL;PRO;Grands comptes;20572458909308;102 rue des Acacias;20200;Bastia;2B033;2B;Corse;42.6691;9.4306;contact@ateliersmobili.fr;05.66.98.10.78;2024-12-02;2025-10-14;PROSPECT;53;76395;COM-0028;non
CLI-01376;Vertigo Mobilier EURL;PRO;Grands comptes;62487370910705;108 quai des Docks;27000;Évreux;27229;27;Normandie;49.0396;1.1748;contact@vertigomobilie.fr;04.40.38.01.79;2022-12-02;2024-01-02;ACTIF;129;120997;COM-0031;oui
CLI-01251;Énergie Distribution SCOP;PRO;Collectivité;26030104665307;122 route de Bordeaux;36000;châteauroux;36044;36;Centre-Val de Loire;46.8035;1.6586;contact@energiedistrib.fr;+33518245343;2022-07-12;2025-03-29;ACTIF;27;143062;COM-0060;oui
CLI-02163;Solstice Électricité SASU;PRO;PME;28266643787683;161 rue des Acacias;62100;Calais;62193;62;Hauts-de-France;50.9901;1.8199;contact@solsticeelectr.fr;0115707246;2020-03-05;2025-12-25;PROSPECT;175;6896;COM-0026;oui
CLI-01253;Vertigo Mobilier EURL;PRO;Collectivité;45592801740835;74 boulevard Victor Hugo;56000;Vannes;56260;56;Bretagne;47.6747;-2.7513;contact@vertigomobilie.fr;04 24 05 28 80;2020-11-01;2021-03-13;PROSPECT;40;355247;COM-0042;oui
CLI-02496;M. Alexandre Fournier;PART;Particulier;;109 quai des Docks;33000;Bordeaux;33063;33;Nouvelle-Aquitaine;44.8656;-0.5411;alexandre.fournier@courriel-demo;04.98.11.94.65;2019-05-15;2023-09-16;ACTIF;;269;COM-0023;non
CLI-01734;M. Jérôme Garcia;PART;Particulier;;15 route de Bordeaux;95000;Cergy;95127;95;Île-de-France;49.0239;2.0857;jerome.garcia@courriel-demo.fr;07.37.98.53.87;2019-09-26;2025-04-11;ACTIF;;1960;COM-0039;non
CLI-01504;Services Transports SARL;PRO;TPE;76017122740972;168 boulevard Victor Hugo;49000;Angers;49007;49;Pays de la Loire;47.4645;-0.5961;contact@servicestransp.fr;06 22 49 35 73;2021-10-27;2026-09-01;ACTIF;13;133825;COM-0049;oui
CLI-01185;Grand Large Maintenance SAS;PRO;TPE;05685538381199;54 impasse des Lilas;13200;Arles;13004;13;Provence-Alpes-Côte d’Azur;43.6509;4.6171;contact@grandlargemain.fr;06 54 70 91 84;2016-06-14;2021-01-30;INACTIF;21;209384;COM-0045;oui
CLI-01332;Belvédère Agroalimentaire SAS;PRO;TPE;83919751767053;97 quai des Docks;42000;Saint-Étienne;42218;42;Auvergne-Rhône-Alpes;45.4894;4.3501;contact@belvedereagroa.fr;+33636701726;2017-08-23;2019-03-14;ACTIF;95;61092;COM-0050;oui
CLI-01944;Boréal Bâtiment SASU;PRO;Collectivité;37071802514586;126 route de Bordeaux;73000;Chambéry;73065;73;Auvergne-Rhône-Alpes;45.5498;5.9086;contact@borealbatiment.fr;05 83 74 90 25;2023-07-15;2024-02-27;ACTIF;22;-125283;COM-0044;oui
CLI-01174;Mme Julie André;PART;Particulier;;21 impasse des Lilas;12000;Rodez;12202;12;Occitanie;44.3927;2.5249;julie.andre@courriel-demo.fr;06 62 43 74 97;2022-10-10;2022-10-10;ACTIF;;2863;COM-0006;non
CLI-00589;Vertigo Équipements EURL;PRO;Grands comptes;;131 rue de l’Industrie;49000;Angers;49007;49;Pays de la Loire;47.4746;-0.5746;contact@vertigoequipem.fr;+33233744752;2021-10-26;2026-05-03;ACTIF;150;397507;COM-0045;non
CLI-01052;Nord Ouest Industries SCOP;PRO;TPE;;53 rue des Acacias;81000;Albi;81004;81;Occitanie;43.9618;2.18;contact@nordouestindus.fr;+33433181649;2019-02-15;2021-02-09;PROSPECT;54;314958;COM-0042;oui
CLI-01152;Logistique Équipements SARL;PRO;PME;05970911455877;1 impasse des Lilas;59000;lille;59350;59;Hauts-de-France;50.644;3.0593;contact@logistiqueequi.fr;0661222174;2017-05-11;2025-06-20;ACTIF;29;232910;COM-0024;oui
CLI-00401;Prisme Papeterie SCOP;PRO;Grands comptes;59175895581677;68 avenue du Général Leclerc;16000;Angoulême;16015;16;Nouvelle-Aquitaine;45.621;0.2002;contact@prismepapeteri.fr;0637358131;2024-05-05;2024-05-05;ACTIF;136;269398;COM-0054;non
CLI-00535;M. Fabien Morel;PART;Particulier;;42 impasse des Lilas;44000;Nantes;44109;44;Pays de la Loire;47.2557;-1.5675;fabien.morel@courriel-demo.fr;+33597372054;2021-06-16;2023-09-20;PROSPECT;;2526;COM-0046;oui
CLI-01672;Vertigo Bâtiment SA;PRO;TPE;23157843303764;70 rue des Acacias;86000;Poitiers;86194;86;Nouvelle-Aquitaine;46.6142;0.3162;contact@vertigobatimen.fr;02.95.09.85.85;2024-08-19;2025-02-04;ACTIF;44;74310;COM-0056;oui
CLI-00065;Atlantique Emballages SARL;PRO;Grands comptes;57599699752380;136 rue des Acacias;06400;Cannes;06029;06;Provence-Alpes-Côte d’Azur;43.5462;7.007;contact@atlantiqueemba.fr;0428947329;2016-04-20;2026-07-23;ACTIF;164;185248;COM-0011;oui
CLI-00588;M. Émile Mercier;PART;Particulier;;176 place du Marché;29000;Quimper;29232;29;Bretagne;47.9562;-4.1267;emile.mercier@courriel-demo.fr;0756038910;2017-02-10;2017-08-13;RESILIE;;3984;COM-0033;non
CLI-01884;Mme Chloé Morel;PART;Particulier;;50 place du Marché;62100;Calais;62193;62;Hauts-de-France;50.9762;1.8749;chloe.morel@courriel-demo.fr;0682406838;2025-03-24;2025-04-22;PROSPECT;;1406;COM-0020;non
CLI-00612;Mme Nathalie Garcia;PART;Particulier;;140 impasse des Lilas;18000;Bourges;18033;18;Centre-Val de Loire;47.1003;2.4091;nathalie.garcia@courriel-demo.fr;0271687127;2020-08-06;2025-04-22;ACTIF;;1685;COM-0037;oui
CLI-00203;Distribution Transports SASU;PRO;Collectivité;89151489307371;128 avenue de la Gare;73000;Chambéry;73065;73;Auvergne-Rhône-Alpes;45.5205;5.9531;contact@distributiontr.fr;03 77 11 77 16;2019-09-27;2019-11-04;INACTIF;1;263828;COM-0012;oui
CLI-01508;Horizon Industries SA;PRO;Collectivité;44405350895461;176 impasse des Lilas;59100;Roubaix;59512;59;Hauts-de-France;50.7208;3.1704;contact@horizonindustr.fr;05.49.86.32.22;2019-06-27;2024-09-17;PROSPECT;62;373052;COM-0060;oui
CLI-00124;Vallée Papeterie SCOP;PRO;Collectivité;15044569529095;30 rue de la République;92100;Boulogne-Billancourt;92012;92;Île-de-France;48.8409;2.255;contact@valleepapeteri.fr;+33539423004;2016-06-12;2025-11-29;ACTIF;12;83772;COM-0031;oui
CLI-01003;Nord Ouest Solutions SA;PRO;Collectivité;41182083275172;164 quai des Docks;36000;Châteauroux;36044;36;Centre-Val de Loire;46.7652;1.6401;contact@nordouestsolut.fr;07 59 15 42 53;2018-12-25;2023-03-22;ACTIF;1;261605;COM-0018;oui
CLI-00193;Cévennes Maintenance SA;PRO;TPE;17604874263143;180 route de Bordeaux;34200;Sète;34301;34;Occitanie;43.43;3.6509;contact@cevennesmainte.fr;01 59 86 39 31;2017-06-04;2023-03-18;RESILIE;91;372449;COM-0055;oui
CLI-01925;Sillon Négoce SASU;PRO;TPE;39361625900302;38 rue des Acacias;29200;Brest;29019;29;Bretagne;48.3927;-4.4892;contact@sillonnegocesa.fr;0166002417;2020-06-09;2022-04-12;ACTIF;138;159583;COM-0058;oui
CLI-02009;Mme Julie Legrand;PART;Particulier;;88 allée des Peupliers;78000;Versailles;78646;78;Île-de-France;48.7751;2.0845;julie.legrand@courriel-demo.fr;01 39 54 30 77;2025-08-04;2026-06-01;ACTIF;;538;COM-0023;oui
CLI-00456;Vallée Maintenance SCOP;PRO;Grands comptes;57281167825074;78 rue de la République;11000;Carcassonne;11069;11;Occitanie;43.2259;2.3055;contact@valleemaintena.fr;06.13.67.23.03;2015-12-11;2026-10-11;ACTIF;1;249105;COM-0020;oui
CLI-01479;Solstice Bâtiment SASU;PRO;PME;69456642123381;119 impasse des Lilas;35000;Rennes;35238;35;Bretagne;48.0717;-1.6359;contact;+33778541390;2023-12-05;2026-07-02;ACTIF;79;316666;COM-0031;oui
CLI-00037; Manufacture Mobilier SASU;PRO;TPE;25123942102728;173 boulevard Victor Hugo;06000;Nice;06088;06;Provence-Alpes-Côte d’Azur;43.7385;7.3012;contact@manufacturemob.fr;0240831898;2026-02-09;2026-02-09;ACTIF;146;146099;COM-0019;oui
CLI-00621;Mme Catherine Lefèvre;PART;Particulier;;160 avenue de la Gare;65000;Tarbes;65440;65;Occitanie;43.1846;0.0413;catherine.lefevre@courriel-demo.fr;03.58.51.19.66;2023-08-29;2025-05-03;ACTIF;;1962;COM-0049;oui
CLI-00732;Mme Manon Mathieu;PART;Particulier;;127 rue des Acacias;24000;Périgueux;24322;24;Nouvelle-Aquitaine;45.2091;0.7505;manon.mathieu@courriel-demo.fr;05.21.84.42.24;2025-02-17;2026-04-30;ACTIF;;2626;COM-0007;oui
CLI-01343;M. Jérôme Henry;PART;Particulier;;179 rue de l’Industrie;08000;Charleville-Mézières;08105;08;Grand Est;49.7733;4.6864;jerome.henry@courriel-demo.fr;+33751995789;2021-10-12;2023-12-06;ACTIF;;2429;COM-0036;oui
CLI-01537;Mme Sylvie Lopez;PART;Particulier;;28 avenue du Général Leclerc;05000;Gap;05061;05;Provence-Alpes-Côte d’Azur;44.6012;6.1055;sylvie.lopez@courriel-demo.fr;04.87.47.30.20;2017-10-23;2022-08-20;ACTIF;;2882;COM-0046;oui
CLI-01876;Provence Agroalimentaire EURL;PRO;PME;27963859619296;145 avenue de la Gare;13200;Arles;13004;13;Provence-Alpes-Côte d’Azur;43.6838;4.671;contact@provenceagroal;03.50.81.36.79;2024-06-04;2026-02-23;actif;55;137821;COM-0049;oui
CLI-02206;Cévennes Agroalimentaire SARL;PRO;Grands comptes;90257664137417;174 boulevard Victor Hugo;45000;Orléans;45234;45;Centre-Val de Loire;47.8965;1.8551;contact@cevennesagroal.fr;01.92.21.05.55;2019-07-29;2025-07-30;ACTIF;59;334973;COM-0036;oui
CLI-02117;M. Olivier Fournier;PART;Particulier;;58 avenue Jean Jaurès;51100;Reims;51454;51;Grand Est;49.2774;4.0621;olivier.fournier@courriel-demo.fr;+33671891925;2015-10-22;2019-08-10;ACTIF;;2217;COM-0027;oui
CLI-00140;Grand Large Solutions SASU;PRO;TPE;75081735574988;126 quai des Docks;13200;Arles;13004;13;Provence-Alpes-Côte d’Azur;43.6541;4.5989;contact@grandlargesolu.fr;05.72.61.60.53;2020-09-11;2025-05-07;ACTIF;92;159731;COM-0021;oui
CLI-01120;Énergie Industries SASU;PRO;Collectivité;20136013683407;176 avenue de la Gare;25000;Besançon;25056;25;Bourgogne-Franche-Comté;47.259;6.0169;contact@energieindustr.fr;0683794275;2022-10-11;2025-12-22;PROSPECT;22;146771;COM-0032;oui
CLI-02075;Mme Lucie Leroy;PART;Particulier;;150 rue de la République;66000;Perpignan;66136;66;Occitanie;42.6816;2.863;lucie.leroy@courriel-demo.fr;04.90.19.46.44;2023-07-23;2025-01-22;ACTIF;;3765;COM-0052;oui
CLI-00878;Solstice Papeterie SASU;PRO;TPE;38343986160972;175 rue de la République;06000;Nice;06088;06;Provence-Alpes-Côte d’Azur;43.6658;7.2737;contact@solsticepapete.fr;07.94.92.93.86;2025-11-24;2026-01-14;PROSPECT;33;508502;COM-0017;oui
CLI-00600;Alizé Mobilier EURL;PRO;TPE;91816439164463;177 rue des Acacias;74000;Annecy;74010;74;Auvergne-Rhône-Alpes;45.8631;6.1778;contact@alizemobiliere.fr;0100764968;2022-10-20;2026-07-19;ACTIF;73;470641;COM-0039;oui
CLI-00532;M. Thomas Simon;PART;Particulier;;17 route de Bordeaux;13200;Arles;13004;13;Provence-Alpes-Côte d’Azur;43.6919;4.624;thomas.simon@courriel-demo.fr;05.58.05.74.97;2021-09-23;2023-02-09;INACTIF;;2254;COM-0058;oui
CLI-02001;Vertigo Transports SAS;PRO;PME;44205626078501;19 place du Marché;75001;Paris;75056;75;Île-de-France;48.8461;2.3739;contact@vertigotranspo.fr;+33708601322;2016-06-23;2021-12-23;RESILIE;72;90169;COM-0059;oui
CLI-02440;Maritime Mobilier SARL;PRO;Grands comptes;85339143536603;37 place du Marché;56000;Vannes;56260;56;Bretagne;47.6997;-2.726;contact@maritimemobili.fr;+33385844178;2023-03-10;2024-05-31;ACTIF;153;127868;COM-0050;oui
CLI-00922;Sillon Électricité SA;PRO;Collectivité;;23 rue des Acacias;20200;Bastia;2B033;2B;Corse;42.6519;9.4689;contact@sillonelectric.fr;+33554550764;2021-03-01;2024-08-25;ACTIF;82;191570;COM-0002;oui
CLI-00457;Solstice Agroalimentaire SAS;PRO;PME;42955593398292;141 route de Bordeaux;06400;Marseille;13055;13;Provence-Alpes-Côte d’Azur;43.2547;5.3925;contact@solsticeagroal.fr;+33353846194;2026-03-31;2026-03-31;ACTIF;1;113152;COM-0042;oui
CLI-00045;Solstice Distribution SASU;PRO;TPE;61474952131345;78 allée des Peupliers;58000;Nevers;58194;58;Bourgogne-Franche-Comté;46.9492;3.1848;contact@solsticedistri.fr;+33213907587;2022-09-07;2022-09-09;ACTIF;1;139882;COM-0033;oui
CLI-01356;Comptoir Matériaux SASU;PRO;PME;97547610014518;30 avenue de la Gare;93100;Montreuil;93048;93;Île-de-France;48.8824;2.4214;contact@comptoirmateri.fr;03.16.42.29.31;2017-01-13;2024-05-10;ACTIF;1;113600;COM-0023;oui
CLI-01948;Vertigo Agroalimentaire EURL;PRO;Collectivité;83850592509028;144 rue Pasteur;13001;Marseille;13055;13;Provence-Alpes-Côte d’Azur;43.3019;5.334;contact@vertigoagroali.fr;0443782922;2023-02-24;2024-01-16;ACTIF;184;65426;COM-0008;non
CLI-02323;Ateliers Mobilier SARL;PRO;PME;69191888214549;15 allée des Peupliers;74000;Annecy;74010;74;Auvergne-Rhône-Alpes;45.9494;6.1462;contact@ateliersmobili.fr;+33363126639;2015-10-20;2026-09-03;ACTIF;7;332447;COM-0049;non
CLI-01393;Atlantique Bâtiment SA;PRO;Collectivité;31535266571151;120 chemin des Vignes;10000;Troyes;10387;10;Grand Est;48.2692;4.042;contact@atlantiquebati.fr;0701154783;2021-02-28;2024-05-09;ACTIF;180;363284;COM-0033;oui
CLI-02229;Solstice Agroalimentaire SASU;PRO;TPE;56190364092497;15 rue Pasteur;85000;La Roche-sur-Yon;85191;85;Pays de la Loire;46.6256;-1.4472;contact@solsticeagroal.fr;07.06.04.70.29;2016-12-25;2022-07-06;ACTIF;61;-75826;COM-0024;non
CLI-01440;Sillon Maintenance SCOP;PRO;Collectivité;73295093817052;39 impasse des Lilas;35400;Saint-Malo;35288;35;Bretagne;48.6944;-2.0766;contact@sillonmaintena.fr;07.62.81.37.22;2016-04-30;2024-11-05;ACTIF;205;14404;COM-0047;oui
CLI-02349;Mme Virginie Mercier;PART;Particulier;;21 rue de la République;92000;Nanterre;92050;92;Île-de-France;48.8573;2.1599;virginie.mercier@courriel-demo.fr;04 12 46 01 79;2024-06-02;2025-12-12;ACTIF;;3113;COM-0047;oui
CLI-01623;Belvédère Solutions SA;PRO;TPE;26818036394527;16 boulevard Victor Hugo;86000;Poitiers;86194;86;Nouvelle-Aquitaine;46.6241;0.3286;contact@belvederesolut.fr;+33559975594;2019-02-05;2025-05-30;ACTIF;223;-24947;COM-0039;non
CLI-01114;Aurore Solutions SAS;PRO;Collectivité;56476379694843;99 avenue du Général Leclerc;59100;Roubaix;59512;59;Hauts-de-France;50.7349;3.1585;contact@auroresolution.fr;03 37 66 17 85;2026-08-10;2026-08-10;ACTIF;76;294157;COM-0057;non
CLI-01606;Services Maintenance SA;PRO;Collectivité;05811172432538;157 quai des Docks;77100;Meaux;77284;77;Île-de-France;48.9732;2.8481;contact;06.74.01.31.28;2022-07-31;2024-08-11;INACTIF;89;-55838;COM-0010;oui
CLI-00152;Tramontane Transports SARL;PRO;Collectivité;78129205941067;81 avenue Jean Jaurès;38000;Grenoble;38185;38;Auvergne-Rhône-Alpes;45.2262;5.733;contact@tramontanetran.fr;03 90 15 19 26;2020-08-11;2021-08-19;PROSPECT;119;86082;COM-0027;oui
CLI-00782; Aurore Papeterie EURL;PRO;Grands comptes;;41 rue du Commerce;51100;Reims;51454;51;Grand Est;49.2956;4.0196;contact@aurorepapeteri.fr;+33319275248;2020-01-26;2021-08-05;ACTIF;114;107786;COM-0051;non
CLI-00181;Vertigo Mobilier SCOP;PRO;TPE;57963064460900;82 avenue Jean Jaurès;14000;Caen;14118;14;Normandie;49.1553;-0.3585;contact@vertigomobilie.fr;04 62 85 86 11;2021-08-21;2021-11-28;INACTIF;1;378999;COM-0059;oui
CLI-01506;Sillon Papeterie SASU;PRO;Collectivité;55160151865668;111 place du Marché;22000;Saint-Brieuc;22278;22;Bretagne;48.5464;-2.7835;contact@sillonpapeteri.fr;06 52 28 05 09;2021-02-13;2022-04-13;INACTIF;40;-107629;COM-0035;oui
CLI-01763;Distribution Emballages SAS;PRO;Grands comptes;82015236966409;66 avenue de la Gare;94000;Créteil;94028;94;Île-de-France;48.7901;2.4467;contact@distributionem.fr;03 19 03 14 30;2019-05-21;2021-10-18;ACTIF;81;178293;COM-0048;oui
CLI-01620;Provence Emballages SASU;PRO;Grands comptes;07304519064966;97 chemin des Vignes;59140;Dunkerque;59183;59;Hauts-de-France;51.037;2.3899;contact@provenceemball.fr;02 70 82 84 35;2022-01-11;2023-02-09;ACTIF;47;4416;COM-0015;non
CLI-01619;Tramontane Négoce SCOP;PRO;PME;13300103601753;24 place du Marché;34500;Béziers;34032;34;Occitanie;43.3795;3.186;contact@tramontanenego.fr;07 33 01 92 43;2022-10-15;2023-04-02;PROSPECT;260;-13178;COM-0046;oui
CLI-02328;Nord Ouest Bâtiment SASU;PRO;Grands comptes;97210510750756;2 rue de la République;31000;Toulouse;31555;31;Occitanie;43.6141;1.4589;contact@nordouestbatim.fr;+33369635096;2019-02-05;2023-01-28;ACTIF;153;138387;COM-0022;oui
CLI-02048;Mme Sandrine Rousseau;PART;Particulier;;144 rue Pasteur;34000;Montpellier;34172;34;Occitanie;43.5771;3.8904;sandrine.rousseau@courriel-demo.fr;07 76 54 49 69;2019-10-13;2026-05-13;ACTIF;;2174;COM-0042;oui
CLI-01972;Pyrénées Matériaux SARL;PRO;PME;02175039501943;102 rue du Commerce;05000;Gap;05061;05;Provence-Alpes-Côte d’Azur;44.5549;6.0442;contact@pyreneesmateri.fr;02 65 89 44 52;2026-07-16;2026-07-17;PROSPECT;85;-5573;COM-0028;oui
CLI-00699;Sillon Solutions SA;PRO;TPE;38781905412697;121 chemin des Vignes;34200;Sète;34301;34;Occitanie;43.4456;3.7331;contact@sillonsolution.fr;0195213446;2017-08-16;2026-06-10;ACTIF;44;180656;COM-0025;oui
CLI-02333;Mme Manon Michel;PART;Particulier;;55 quai des Docks;11000;Carcassonne;11069;11;Occitanie;43.228;2.3693;manon.michel@courriel-demo.fr;0681636185;2018-11-11;2020-08-29;ACTIF;;3188;COM-0032;oui
CLI-00713;Vertigo Distribution SCOP;PRO;Grands comptes;65330465916549;100 avenue du Général Leclerc;93200;Saint-Denis;93066;93;Île-de-France;48.9269;2.3793;contact@vertigodistrib.fr;0179788827;2024-11-18;2026-05-29;ACTIF;78;253588;COM-0033;oui
CLI-01958;Prisme Solutions SA;PRO;Grands comptes;79002828760152;44 place du Marché;65000;Tarbes;65440;65;Occitanie;43.2499;0.0356;contact@prismesolution.fr;+33781344086;2017-08-21;2021-05-16;INACTIF;102;121959;COM-0028;oui
CLI-01908;M. Franck Durand;PART;Particulier;;81 quai des Docks;67000;Strasbourg;67482;67;Grand Est;48.5301;7.7863;franck.durand@courriel-demo.fr;0167778735;2024-08-07;2025-03-20;ACTIF;;861;COM-0051;oui
CLI-00159;M. Jean Dumont;PART;Particulier;;97 place du Marché;92100;Boulogne-Billancourt;92012;92;Île-de-France;48.8394;2.2331;jean.dumont@courriel-demo.fr;07.17.55.88.47;2026-02-26;2026-08-23;ACTIF;;693;COM-0032;oui
CLI-00059;Mme Catherine Mathieu;PART;Particulier;;173 rue de la République;67000;Strasbourg;67482;67;Grand Est;48.589;7.7654;catherine.mathieu@courriel-demo.fr;+33336496927;2020-04-28;2025-03-07;RESILIE;;313;COM-0041;non
CLI-02136;Sillon Agroalimentaire SAS;PRO;Collectivité;;66 route de Bordeaux;53000;Laval;53130;53;Pays de la Loire;48.0711;-0.7875;contact@sillonagroalim.fr;0235827818;2025-11-02;2026-03-29;ACTIF;118;158721;COM-0016;oui
CLI-02450;Mme Léa Chevalier;PART;Particulier;;57 rue de l’Industrie;21000;DIJON;21231;21;Bourgogne-Franche-Comté;47.2969;5.0819;lea.chevalier@courriel-demo.fr;+33716569507;2021-12-17;2024-08-03;ACTIF;;405;COM-0028;oui
CLI-01641;Belvédère Distribution SA;PRO;Grands comptes;81278539565856;25 rue du Commerce;33000;Bordeaux;33063;33;Nouvelle-Aquitaine;44.8743;-0.5536;contact;0658282158;2022-04-10;2022-12-11;ACTIF;28;180401;COM-0005;oui
CLI-01385;Provence Maintenance EURL;PRO;TPE;54005202933232;40 allée des Peupliers;83000;Toulon;83137;83;Provence-Alpes-Côte d’Azur;43.0973;5.9535;contact@provencemainte.fr;01.85.89.99.04;2020-05-27;2022-11-27;ACTIF;172;207261;COM-0011;oui
CLI-00244;Mme Pauline Martinez;PART;Particulier;;179 place du Marché;06000;NICE;06088;06;Provence-Alpes-Côte d’Azur;43.7074;7.2558;pauline.martinez@courriel-demo.fr;02 92 67 66 00;2016-11-19;2020-03-27;ACTIF;;3936;COM-0006;oui
CLI-01321;Maritime Agroalimentaire SCOP;PRO;Collectivité;15814112131724;158 boulevard Victor Hugo;14000;Caen;14118;14;Normandie;49.2114;-0.3766;contact@maritimeagroal.fr;+33384717911;2017-02-20;2022-11-17;ACTIF;70;86469;COM-0020;oui
CLI-01797;Nord Ouest Conseil SASU;PRO;Collectivité;90795253507794;72 rue de la République;65000;Tarbes;65440;65;Occitanie;43.226;0.0766;contact@nordouestconse.fr;05 01 39 67 05;2023-10-11;2025-10-10;RESILIE;127;-12798;COM-0011;oui
CLI-01404;Mme Sandrine Nicolas;PART;Particulier;;91 boulevard Victor Hugo;59000;Lille;59350;59;Hauts-de-France;50.6052;3.0735;sandrine.nicolas@courriel-demo.fr;04 78 64 81 36;2015-12-18;2019-06-30;ACTIF;;1559;COM-0027;oui
CLI-00046;Aurore Solutions SASU;PRO;Grands comptes;;67 avenue de la Gare;06130;Grasse;06069;06;Provence-Alpes-Côte d’Azur;43.6852;6.9674;contact@auroresolution.fr;+33672013356;2018-07-09;2018-11-20;ACTIF;1;311652;COM-0015;oui
CLI-00408;Manufacture Conseil SARL;PRO;Grands comptes;06624138669024;9 place du Marché;28000;Chartres;28085;28;Centre-Val de Loire;48.4472;1.4982;contact@manufacturecon.fr;07.11.06.14.62;2025-12-28;2026-03-17;ACTIF;1;236739;COM-0040;oui
CLI-00811;Cévennes Emballages EURL;PRO;Grands comptes;98970578772286;125 allée des Peupliers;59100;Roubaix;59512;59;Hauts-de-France;50.6806;3.1998;contact@cevennesemball.fr;04.60.67.89.10;2020-08-22;2020-11-03;ACTIF;154;-13129;COM-0040;oui
CLI-01825;M. Benoît Girard;PART;Particulier;;112 rue Pasteur;56000;Vannes;56260;56;Bretagne;47.6979;-2.7591;benoit.girard@courriel-demo.fr;0177814952;2026-01-06;2026-08-09;INACTIF;;3058;COM-0058;oui
CLI-00928;Horizon Distribution SA;PRO;Grands comptes;88115312842275;150 place du Marché;44600;Saint-Nazaire;44184;44;Pays de la Loire;47.2484;-2.2486;contact@horizondistrib.fr;01 87 14 19 91;2024-08-27;2024-11-27;ACTIF;87;430811;COM-0044;non
CLI-01097;Maritime Équipements SARL;PRO;TPE;33680025821194;60 avenue Jean Jaurès;29200;Brest;29019;29;Bretagne;48.3983;-4.4702;contact@maritimeequipe.fr;04.49.57.92.92;2020-10-31;2023-11-25;ACTIF;103;148752;COM-0042;oui
CLI-00924;Énergie Bâtiment SARL;PRO;Grands comptes;;69 impasse des Lilas;45000;Orléans;45234;45;Centre-Val de Loire;47.8608;1.8819;contact@energiebatimen.fr;+33667041705;2018-02-26;2024-01-03;ACTIF;213;287326;COM-0052;oui
CLI-00754;Atlantique Solutions SA;PRO;Grands comptes;07617428253353;93 impasse des Lilas;69100;Villeurbanne;69266;69;Auvergne-Rhône-Alpes;45.8085;4.891;contact@atlantiquesolu.fr;+33495603113;2017-12-02;2019-05-25;ACTIF;135;287213;COM-0013;oui
CLI-01289;Boréal Papeterie SARL;PRO;Collectivité;61261921109977;78 route de Bordeaux;63000;Clermont-Ferrand;63113;63;Auvergne-Rhône-Alpes;45.7315;3.1121;contact@borealpapeteri.fr;07.79.01.20.11;2020-10-20;2023-10-08;PROSPECT;13;544;COM-0040;oui
CLI-01614;Distribution Électricité SAS;PRO;TPE;22944182572837;21 place du Marché;24000;Périgueux;24322;24;Nouvelle-Aquitaine;45.1587;0.6907;contact@distributionel.fr;01 69 32 97 87;2020-05-25;2025-01-13;ACTIF;47;383596;COM-0008;oui
CLI-01842;Services Mobilier EURL;PRO;Collectivité;78850059143216;93 rue Pasteur;30000;Nîmes;30189;30;Occitanie;43.8557;4.3306;contact@servicesmobili.fr;0488467248;2019-02-24;2023-03-14;ACTIF;21;126295;COM-0025;oui
CLI-02199;M. Vincent Martinez;PART;Particulier;;129 rue des Acacias;31000;Toulouse;31555;31;Occitanie;43.6068;1.472;vincent.martinez@courriel-demo.fr;+33500638908;2016-04-26;2021-09-26;ACTIF;;269;COM-0033;oui
CLI-00284;M. Jérôme Legrand;PART;Particulier;;118 quai des Docks;45000;Orléans;45234;45;Centre-Val de Loire;47.9111;1.9341;jerome.legrand@courriel-demo.fr;01.47.77.72.22;2016-08-22;2017-09-26;ACTIF;;846;COM-0040;oui
CLI-02462; Ateliers Emballages SA;PRO;Collectivité;10517778660582;98 avenue du Général Leclerc;81000;Albi;81004;81;Occitanie;43.9286;2.1396;contact@ateliersemball.fr;07.21.80.75.15;2024-01-15;2025-04-19;ACTIF;133;464102;COM-0043;oui
CLI-02084;Vallée Distribution SA;PRO;PME;34045449763851;176 route de Bordeaux;47000;Agen;47001;47;Nouvelle-Aquitaine;44.25;0.6092;contact@valleedistribu.fr;+33532420240;2022-02-17;2023-09-11;PROSPECT;48;73404;COM-0036;non
CLI-00956;Solstice Négoce SARL;PRO;TPE;;5 chemin des Vignes;64100;Bayonne;64102;64;Nouvelle-Aquitaine;43.458;-1.4613;contact at solsticenegoce.fr;0225307664;2021-03-01;2026-08-19;PROSPECT;61;117431;COM-0023;oui
CLI-01340;Belvédère Négoce SARL;PRO;TPE;36270236350607;136 rue du Commerce;41000;Blois;41018;41;Centre-Val de Loire;47.6323;1.3318;contact@belvederenegoc.fr;0164697997;2021-03-04;2025-11-19;ACTIF;29;898;COM-0001;non
CLI-02423;Provence Matériaux SARL;PRO;TPE;42307117792476;32 quai des Docks;33700;Mérignac;33281;33;Nouvelle-Aquitaine;44.8643;-0.616;contact@provencemateri.fr;0194124804;2022-03-10;2026-02-05;ACTIF;175;366594;COM-0047;oui
CLI-00685;Cévennes Transports EURL;PRO;Grands comptes;81406513104544;45 rue de la République;60000;Beauvais;60057;60;Hauts-de-France;49.4272;2.0304;contact@cevennestransp.fr;+33171530224;2017-02-14;2025-11-27;PROSPECT;10;234076;COM-0047;non
CLI-01714;M. Franck Girard;PART;Particulier;;84 allée des Peupliers;06400;CANNES;06029;06;Provence-Alpes-Côte d’Azur;43.5134;6.9759;franck.girard@courriel-demo.fr;+33435058024;2021-12-20;2023-08-27;ACTIF;;3491;COM-0054;oui
CLI-00214;Boréal Maintenance SA;PRO;PME;59784249146455;46 boulevard Victor Hugo;74000;Annecy;74010;74;Auvergne-Rhône-Alpes;45.8553;6.0821;contact@borealmaintena.fr;+33523540075;2022-12-04;2024-03-01;PROSPECT;145;81073;COM-0009;oui
CLI-00292;Mme Lucie Blanc;PART;Particulier;;31 place du Marché;12000;Rodez;12202;12;Occitanie;44.3134;2.5822;lucie.blanc;0487824064;2022-09-17;2024-03-21;ACTIF;;2251;COM-0057;oui
CLI-00435;Mme Léa David;PART;Particulier;;82 rue Pasteur;77100;Meaux;77284;77;Île-de-France;48.9547;2.9169;lea.david@courriel-demo.fr;02.04.84.53.52;2024-06-08;2026-05-29;ACTIF;;3589;COM-0005;oui
CLI-01093;Mme Amandine Gauthier;PART;Particulier;;100 quai des Docks;58000;Nevers;58194;58;Bourgogne-Franche-Comté;46.947;3.1466;amandine.gauthier@courriel-demo.fr;07.45.26.55.00;2019-05-07;2025-08-08;ACTIF;;3608;COM-0017;oui
CLI-00422;Maritime Négoce SCOP;PRO;TPE;57636091331365;133 rue du Commerce;33700;Mérignac;33281;33;Nouvelle-Aquitaine;44.8376;-0.642;contact@maritimenegoce.fr;+33330014497;2020-08-01;2024-04-18;ACTIF;72;292127;COM-0050;oui
CLI-02095;M. Jérôme Roussel;PART;Particulier;;27 rue de la République;42000;Saint-Étienne;42218;42;Auvergne-Rhône-Alpes;45.4412;4.3558;jerome.roussel@courriel-demo.fr;02.25.56.23.03;2019-07-30;2020-10-01;ACTIF;;293;COM-0045;oui
CLI-01752;Vallée Distribution EURL;PRO;Collectivité;43805929540777;167 avenue de la Gare;47000;Agen;47001;47;Nouvelle-Aquitaine;44.2052;0.5709;contact@valleedistribu.fr;06.53.67.44.93;2023-05-27;2023-05-27;ACTIF;1;232972;COM-0022;oui
CLI-01750;M. Jérôme Lefebvre;PART;Particulier;;138 allée des Peupliers;35400;Saint-Malo;35288;35;Bretagne;48.6943;-2.0431;jerome.lefebvre@courriel-demo.fr;+33667757643;2024-05-15;2024-09-07;PROSPECT;;1638;COM-0037;oui
CLI-01895;Provence Conseil SARL;PRO;PME;82351184539254;25 quai des Docks;35000;Rennes;35238;35;Bretagne;48.081;-1.6917;contact@provenceconsei.fr;01 27 42 48 84;2025-02-24;2025-06-06;ACTIF;120;324248;COM-0059;non
CLI-02428;M. David Lopez;PART;Particulier;;55 rue de l’Industrie;54000;La Roche-sur-Yon;85191;85;Pays de la Loire;46.6993;-1.4446;david.lopez@courriel-demo.fr;+33734347349;2018-11-18;2020-12-06;PROSPECT;;3027;COM-0057;oui
CLI-00483;Mme Léa Gauthier;PART;Particulier;;179 rue des Acacias;13300;Salon-de-Provence;13103;13;Provence-Alpes-Côte d’Azur;43.6739;5.1102;lea.gauthier@courriel-demo.fr;+33495422614;2023-03-05;2025-06-23;A CONFIRMER;;1374;COM-0010;non
CLI-00758;Provence Équipements EURL;PRO;TPE;54392310008203;159 rue de l’Industrie;42000;Saint-Étienne;42218;42;Auvergne-Rhône-Alpes;45.446;4.4148;contact@provenceequipe.fr;02 04 71 37 34;2020-07-16;2024-04-07;ACTIF;62;311873;COM-0009;non
CLI-00494;Sillon Bâtiment SA;PRO;TPE;19494814974604;57 avenue de la Gare;33700;mérignac;33281;33;Nouvelle-Aquitaine;44.8118;-0.6377;contact@sillonbatiment.fr;+33579684286;2018-08-21;2023-07-31;ACTIF;1;90101;COM-0022;non
CLI-01675;Sillon Électricité SAS;PRO;Collectivité;97360104673237;8 rue de l’Industrie;06000;Nice;06088;06;Provence-Alpes-Côte d’Azur;43.6886;7.2944;contact@sillonelectric.fr;+33719393837;2023-05-18;2026-06-29;ACTIF;152;138820;COM-0020;oui
CLI-02396;M. Ludovic Muller;PART;Particulier;;167 chemin des Vignes;06000;Nice;06088;06;Provence-Alpes-Côte d’Azur;43.6797;7.2499;ludovic.muller@courriel-demo.fr;05.52.80.10.26;2015-12-13;2020-03-05;INACTIF;;1308;COM-0001;oui
CLI-02221;Cévennes Emballages SAS;PRO;PME;87737528527052;147 boulevard Victor Hugo;33700;Mérignac;33281;33;Nouvelle-Aquitaine;44.7939;-0.6235;contact@cevennesemball.fr;06 66 52 33 54;2020-05-15;2026-08-17;ACTIF;148;256605;COM-0011;oui
CLI-00449;Horizon Mobilier SCOP;PRO;TPE;71345860986073;109 chemin des Vignes;72000;LE MANS;72181;72;Pays de la Loire;48.0026;0.1802;contact@horizonmobilie.fr;02 02 40 86 65;2016-05-31;2020-08-04;RESILIE;1;-33364;COM-0059;non
CLI-01526;Vertigo Conseil EURL;PRO;TPE;16919657157429;78 avenue du Général Leclerc;49300;Cholet;49099;49;Pays de la Loire;47.0213;-0.8918;contact@vertigoconseil.fr;+33257305278;2024-01-05;2026-08-11;ACTIF;142;157040;COM-0045;oui
CLI-02457;Grand Large Maintenance SASU;PRO;Collectivité;96528739215746;120 rue Pasteur;34000;Montpellier;34172;34;Occitanie;43.6363;3.847;contact@grandlargemain.fr;04.64.00.17.72;2026-07-07;2026-07-07;ACTIF;277;288061;COM-0054;oui
CLI-00556;Escale Emballages SASU;PRO;Grands comptes;93832870387014;42 route de Bordeaux;11100;Narbonne;11262;11;Occitanie;43.144;3.0479;contact@escaleemballag.fr;03 63 26 60 70;2018-11-23;2020-05-03;ACTIF;205;13988;COM-0054;oui
CLI-00908;Provence Agroalimentaire SA;PRO;TPE;53611692229567;55 avenue du Général Leclerc;56000;Vannes;56260;56;Bretagne;47.6974;-2.7334;contact at provenceagroal.fr;+33262215022;2017-08-04;2021-06-05;INACTIF;105;212955;COM-0059;oui
CLI-01006;Vallée Agroalimentaire SASU;PRO;PME;38667097561856;131 avenue de la Gare;83000;Toulon;83137;83;Provence-Alpes-Côte d’Azur;43.1546;5.939;contact@valleeagroalim.fr;+33224631951;2021-07-28;2022-11-20;ACTIF;1;272532;COM-0053;non
CLI-00372;Tramontane Emballages SA;PRO;PME;84949527774643;173 boulevard Victor Hugo;24000;Périgueux;24322;24;Nouvelle-Aquitaine;45.1728;0.7451;contact@tramontaneemba.fr;+33564407722;2016-11-02;2019-04-04;PROSPECT;115;133152;COM-0011;oui
;;;;;;;;;;;;;;;;;;;;;
CLI-02455;Ateliers Conseil SA;PRO;PME;;57 chemin des Vignes;33700;Mérignac;33281;33;Nouvelle-Aquitaine;44.8347;-0.6612;contact@ateliersconsei.fr;02 67 49 89 46;2017-01-15;2025-12-24;ACTIF;159;-27973;COM-0058;oui
CLI-01520;Belvédère Emballages SAS;PRO;PME;63717639085242;78 place du Marché;25000;Besançon;25056;25;Bourgogne-Franche-Comté;47.2576;6.0505;contact@belvedereembal.fr;05 92 26 45 84;2018-11-19;2025-06-05;actif;63;101243;COM-0004;oui
CLI-01732;Provence Maintenance SAS;PRO;TPE;21636327871034;28 chemin des Vignes;11100;Narbonne;11262;11;Occitanie;43.1642;3.0485;contact@provencemainte.fr;01 09 51 31 08;2025-07-29;2026-07-01;ACTIF;215;561249;COM-0048;non
CLI-00158;Horizon Distribution SAS;PRO;Collectivité;89160543939762;95 chemin des Vignes;02100;Saint-Quentin;02691;02;Hauts-de-France;49.844;3.2945;contact@horizondistrib.fr;01 31 88 61 85;2022-08-15;2023-04-17;PROSPECT;1;-76330;COM-0022;oui
CLI-00003;Distribution Industries SASU;PRO;TPE;07168568944552;22 rue Pasteur;59100;Roubaix;59512;59;Hauts-de-France;50.7305;3.1881;contact;07.80.34.97.49;2024-07-23;2024-11-24;ACTIF;113;-114619;COM-0022;oui
CLI-01805;Atlantique Papeterie SA;PRO;TPE;15449680316114;90 rue de l’Industrie;66000;Perpignan;66136;66;Occitanie;42.7282;2.8719;contact@atlantiquepape.fr;+33215629337;2022-04-16;2022-07-10;ACTIF;93;193641;COM-0013;non
CLI-00420;Belvédère Matériaux SCOP;PRO;Grands comptes;00916054820222;157 rue du Commerce;12000;Rodez;12202;12;Occitanie;44.3745;2.5449;contact@belvederemater.fr;04 67 38 94 31;2017-04-14;2021-05-06;ACTIF;1;231496;COM-0023;oui
CLI-00972;Belvédère Négoce SCOP;PRO;Collectivité;05488544355106;142 avenue Jean Jaurès;69100;Villeurbanne;69266;69;Auvergne-Rhône-Alpes;45.7226;4.9026;contact@belvederenegoc.fr;+33542690621;2025-12-12;2025-12-22;ACTIF;10;173019;COM-0014;oui
CLI-01596;Comptoir Bâtiment SA;PRO;TPE;52426355742228;29 allée des Peupliers;13100;Aix-en-Provence;13001;13;Provence-Alpes-Côte d’Azur;43.5161;5.4297;contact@comptoirbatime.fr;0577571046;2023-07-10;2026-04-26;ACTIF;170;120182;COM-0041;oui
CLI-01840;Alizé Électricité SCOP;PRO;Grands comptes;90714577443005;4 avenue Jean Jaurès;63000;Clermont-Ferrand;63113;63;Auvergne-Rhône-Alpes;45.7835;3.0479;contact@alizeelectrici.fr;05 76 74 09 71;2016-11-19;2026-04-18;ACTIF;138;370772;COM-0051;oui
CLI-01683;Belvédère Papeterie SAS;PRO;Grands comptes;00541551070459;132 rue des Acacias;54000;Nancy;54395;54;Grand Est;48.7245;6.1585;contact@belvederepapet.fr;0389964978;2021-12-19;2026-04-28;ACTIF;1;71821;COM-0033;oui
CLI-02413;Comptoir Solutions SCOP;PRO;PME;77372690275186;143 chemin des Vignes;14000;Caen;14118;14;Normandie;49.1868;-0.3651;contact@comptoirsoluti.fr;02 21 71 38 36;2017-10-28;2018-06-21;ACTIF;236;29845;COM-0045;non
CLI-01238;Horizon Papeterie SARL;PRO;Collectivité;04633895079391;86 rue de la République;41000;Blois;41018;41;Centre-Val de Loire;47.5871;1.3127;contact@horizonpapeter.fr;+33502142494;2022-07-20;2022-08-08;INACTIF;5;209450;COM-0007;oui
CLI-01937; Comptoir Transports SARL;PRO;Collectivité;63645696767941;169 rue de la République;60000;Beauvais;60057;60;Hauts-de-France;49.4124;2.0347;contact@comptoirtransp.fr;07.34.90.23.59;2026-02-14;2026-04-09;ACTIF;1;180529;COM-0050;oui
CLI-00032;Sillon Mobilier SAS;PRO;TPE;;125 avenue de la Gare;05000;Gap;05061;05;Provence-Alpes-Côte d’Azur;44.5434;6.0983;contact@sillonmobilier.fr;+33274849613;2023-01-05;2023-10-05;ACTIF;1;267495;COM-0042;oui
CLI-01117;Atlantique Électricité SA;PRO;Grands comptes;21521865667984;139 boulevard Victor Hugo;11100;Narbonne;11262;11;Occitanie;43.1752;3.0028;contact@atlantiqueelec.fr;03.95.06.89.32;2022-12-12;2023-06-20;INACTIF;153;299119;COM-0044;oui
CLI-02178;Vallée Papeterie SAS;PRO;TPE;97161178977910;123 place du Marché;62100;Calais;62193;62;Hauts-de-France;50.9679;1.8563;contact;03 33 70 26 45;2021-10-16;2024-03-05;ACTIF;215;71970;COM-0025;oui
CLI-01026;M. Franck Lambert;PART;Particulier;;44 impasse des Lilas;95000;Cergy;95127;95;Île-de-France;49.0085;2.0939;franck.lambert@courriel-demo.fr;0192747659;2019-05-29;2020-12-17;ACTIF;;3789;COM-0052;oui
CLI-00618;Aurore Matériaux SARL;PRO;PME;78148620847620;116 rue de la République;50100;Cherbourg-en-Cotentin;50129;50;Normandie;49.6888;-1.6694;contact@auroremateriau.fr;+33176223671;2024-01-22;2026-06-21;ACTIF;15;-74802;COM-0024;oui
CLI-01136;Mme Sylvie Dumont;PART;Particulier;;154 chemin des Vignes;93100;Montreuil;93048;93;Île-de-France;48.8576;2.4057;sylvie.dumont@courriel-demo.fr;+33412171581;2020-08-11;2023-08-31;INACTIF;;663;COM-0035;oui
CLI-01274;Manufacture Bâtiment SCOP;PRO;TPE;55672946355104;158 avenue de la Gare;30000;Nîmes;30189;30;Occitanie;43.8603;4.3406;contact@manufacturebat.fr;0707760752;2017-12-22;2022-08-21;ACTIF;202;339970;COM-0007;non
CLI-01338;Ateliers Électricité SASU;PRO;TPE;61046477076376;37 rue du Commerce;62100;Calais;62193;62;Hauts-de-France;50.901;1.8224;contact@atelierselectr.fr;0361647290;2020-09-11;2022-07-05;ACTIF;1;318704;COM-0019;oui
CLI-01973;Provence Industries SASU;PRO;PME;79110796626270;167 allée des Peupliers;42000;Saint-Étienne;42218;42;Auvergne-Rhône-Alpes;45.4399;4.3963;contact@provenceindust.fr;0503334280;2016-06-29;2016-10-30;PROSPECT;95;27620;COM-0020;oui
CLI-01709;Prisme Emballages SAS;PRO;PME;62426114079494;127 boulevard Victor Hugo;69100;Villeurbanne;69266;69;Auvergne-Rhône-Alpes;45.7414;4.9034;contact@prismeemballag.fr;0213369191;2022-12-29;2024-08-31;ACTIF;1;253386;COM-0037;oui
CLI-02388;Vallée Conseil SAS;PRO;PME;52394844429594;15 rue de la République;63000;Clermont-Ferrand;63113;63;Auvergne-Rhône-Alpes;45.7321;3.106;contact@valleeconseils.fr;01 62 68 02 57;2022-01-17;2025-07-02;PROSPECT;1;410012;COM-0057;non
CLI-01164;Horizon Électricité SAS;PRO;Grands comptes;14792256557126;63 chemin des Vignes;33700;MÉRIGNAC;33281;33;Nouvelle-Aquitaine;44.8015;-0.6964;contact@horizonelectri.fr;+33421051719;2023-01-06;2023-01-06;PROSPECT;89;137032;COM-0026;oui
CLI-00055;Atlantique Agroalimentaire EURL;PRO;Collectivité;06755681822968;68 rue Pasteur;47000;Agen;47001;47;Nouvelle-Aquitaine;44.2347;0.6592;contact@atlantiqueagro.fr;0517774478;2018-01-20;2022-04-11;ACTIF;16;152424;COM-0034;oui
CLI-00375;Cévennes Solutions SCOP;PRO;TPE;65249024275452;7 place du Marché;37000;Tours;37261;37;Centre-Val de Loire;47.3527;0.6507;contact@cevennessoluti.fr;06.32.50.18.01;2026-06-04;2026-07-19;ACTIF;55;326298;COM-0045;oui
CLI-00727;Services Électricité SAS;PRO;PME;18110579016855;163 rue de l’Industrie;94000;Créteil;94028;94;Île-de-France;48.7642;2.5067;contact@serviceselectr.fr;0362876511;2021-09-03;2023-06-11;PROSPECT;1;362622;COM-0024;non
CLI-02034;Maritime Solutions SAS;PRO;PME;38948562709493;8 rue de l’Industrie;79000;Niort;79191;79;Nouvelle-Aquitaine;46.3468;-0.4905;contact@maritimesoluti.fr;0493489972;2025-04-20;2026-08-26;ACTIF;151;218109;COM-0021;non
CLI-00206;Mme Marion Muller;PART;Particulier;;84 boulevard Victor Hugo;21000;Dijon;21231;21;Bourgogne-Franche-Comté;47.2953;5.0663;marion.muller@courriel-demo.fr;04.02.74.21.79;2017-09-26;2026-05-26;ACTIF;;1984;COM-0026;oui
CLI-01628;Alizé Agroalimentaire SA;PRO;Collectivité;08187676101095;129 avenue de la Gare;51100;Reims;51454;51;Grand Est;49.2123;3.9875;contact@alizeagroalime.fr;01.85.42.57.76;2024-09-21;2026-02-09;ACTIF;97;115517;COM-0007;non
CLI-00689;Grand Large Mobilier SCOP;PRO;Grands comptes;;41 allée des Peupliers;14000;Caen;14118;14;Normandie;49.1619;-0.342;contact@grandlargemobi.fr;05 82 71 32 68;2015-12-27;2022-09-08;ACTIF;116;291831;COM-0046;oui
CLI-01580;Alizé Emballages SA;PRO;Collectivité;04080568279289;137 avenue Jean Jaurès;37000;TOURS;37261;37;Centre-Val de Loire;47.3866;0.7168;contact@alizeemballage.fr;01.85.64.76.13;2024-12-25;2025-02-09;RESILIE;1;56647;COM-0023;oui
CLI-01989;M. Cédric Moreau;PART;Particulier;;118 impasse des Lilas;13300;Salon-De-Provence;13103;13;Provence-Alpes-Côte d’Azur;43.6659;5.1112;cedric.moreau@courriel-demo.fr;03 98 29 95 55;2016-04-24;2024-01-02;RESILIE;;1028;COM-0002;oui
CLI-00312;M. Cédric François;PART;Particulier;;43 avenue Jean Jaurès;82000;Montauban;82121;82;Occitanie;43.9846;1.3285;cedric.francois@courriel-demo.fr;02.15.65.89.71;2016-06-11;2021-11-15;ACTIF;;2757;COM-0049;oui
CLI-00880;Solstice Matériaux SASU;PRO;TPE;75465989357235;155 avenue Jean Jaurès;29000;QUIMPER;29232;29;Bretagne;48.0004;-4.131;contact@solsticemateri.fr;+33453281271;2020-05-26;2020-12-13;ACTIF;36;396214;COM-0018;oui
CLI-00132;Prisme Maintenance SASU;PRO;Collectivité;55293357485992;164 avenue Jean Jaurès;69100;Villeurbanne;69266;69;Auvergne-Rhône-Alpes;45.7973;4.8854;contact@prismemaintena.fr;0686334306;2023-10-09;2024-12-12;ACTIF;6;350284;COM-0056;oui
CLI-00681;Cévennes Bâtiment SASU;PRO;Grands comptes;91749287766687;13 avenue de la Gare;49300;Cholet;49099;49;Pays de la Loire;47.0944;-0.8598;contact@cevennesbatime.fr;01.75.24.78.54;2024-07-03;2025-08-01;ACTIF;165;357131;COM-0037;oui
CLI-01837;Cévennes Emballages SASU;PRO;Grands comptes;;98 avenue Jean Jaurès;34200;Sète;34301;34;Occitanie;43.4266;3.6548;contact@cevennesemball.fr;+33196780292;2023-07-04;2026-06-19;PROSPECT;1;25814;COM-0056;oui
CLI-01425;M. Hugo Clément;PART;Particulier;;69 rue de la République;59100;Roubaix;59512;59;Hauts-de-France;50.7061;3.1719;hugo.clement@courriel-demo.fr;07 81 67 62 56;2016-08-03;2018-02-06;PROSPECT;;3311;COM-0012;oui
CLI-01618;Mme Marion Robin;PART;Particulier;;83 chemin des Vignes;59140;Dunkerque;59183;59;Hauts-de-France;51.0794;2.4251;marion.robin@courriel-demo.fr;04.73.78.03.08;2022-01-15;2025-08-11;INACTIF;;1292;COM-0026;oui
CLI-01073;Solstice Industries SARL;PRO;Grands comptes;52674933962900;68 avenue Jean Jaurès;49300;Cholet;49099;49;Pays de la Loire;47.0151;-0.8433;contact@solsticeindust.fr;0185411542;2026-03-24;2026-06-07;ACTIF;106;222663;COM-0039;non
CLI-02120;Alizé Papeterie SASU;PRO;Collectivité;49963990594660;123 route de Bordeaux;06600;Antibes;06004;06;Provence-Alpes-Côte d’Azur;43.6214;7.1378;contact@alizepapeterie.fr;04 87 41 06 59;2017-07-15;2018-07-26;ACTIF;12;252026;COM-0014;oui
CLI-02350;Tramontane Papeterie SARL;PRO;Grands comptes;23243149500135;159 rue des Acacias;86000;Poitiers;86194;86;Nouvelle-Aquitaine;46.5557;0.2915;contact@tramontanepape.fr;03 79 33 08 82;2025-02-21;2025-03-31;PROSPECT;1;-16078;COM-0021;oui
CLI-00716;Provence Emballages SAS;PRO;Collectivité;90154243035048;68 quai des Docks;47000;AGEN;47001;47;Nouvelle-Aquitaine;44.1751;0.5735;contact@provenceemball.fr;05.61.37.18.32;2020-01-28;2020-04-04;ACTIF;218;72884;COM-0029;oui
CLI-00115;Manufacture Transports SARL;PRO;TPE;37182310359941;171 impasse des Lilas;84000;Avignon;84007;84;Provence-Alpes-Côte d’Azur;43.9217;4.7792;contact@manufacturetra.fr;05 20 59 46 76;2024-02-04;2024-05-17;PROSPECT;1;289072;COM-0040;oui
CLI-00912;Belvédère Emballages SASU;PRO;Collectivité;37002112674074;21 avenue de la Gare;20000;Ajaccio;2A004;2A;Corse;41.9266;8.7727;contact@belvedereembal.fr;0518565312;2015-10-31;2015-11-29;PROSPECT;26;229754;COM-0008;oui
CLI-00635;Grand Large Maintenance SCOP;PRO;Grands comptes;88203105128168;175 rue de l’Industrie;34000;Montpellier;34172;34;Occitanie;43.568;3.8435;contact@grandlargemain.fr;0234969759;2022-03-08;2026-08-17;INACTIF;63;130844;COM-0049;oui
CLI-02330;Solstice Transports EURL;PRO;Grands comptes;96932556660472;88 rue Pasteur;42300;Roanne;42187;42;Auvergne-Rhône-Alpes;46.0469;4.0278;contact@solsticetransp.fr;+33451833710;2016-10-27;2024-01-28;INACTIF;99;-96636;COM-0049;oui
CLI-01736;Manufacture Papeterie SARL;PRO;TPE;47668238961831;162 place du Marché;30000;Nîmes;30189;30;Occitanie;43.8662;4.3123;contact@manufacturepap.fr;01 93 84 82 49;2024-12-16;2025-01-04;PROSPECT;44;-77132;COM-0057;oui
CLI-01061;Distribution Négoce SCOP;PRO;Collectivité;02951849647247;55 rue de la République;38000;Grenoble;38185;38;Auvergne-Rhône-Alpes;45.1752;5.6864;contact@distributionne.fr;04 07 26 85 52;2025-06-15;2025-12-16;INACTIF;50;88853;COM-0013;oui
CLI-00368;Maritime Distribution SASU;PRO;Grands comptes;02801045619558;111 impasse des Lilas;64000;Pau;64445;64;Nouvelle-Aquitaine;43.3057;-0.3591;contact@maritimedistri.fr;+33246773884;2017-10-11;2020-12-23;RESILIE;1;178274;COM-0057;non
CLI-01731;Belvédère Matériaux SASU;PRO;Grands comptes;63787620049674;119 avenue de la Gare;11000;Carcassonne;11069;11;Occitanie;43.1851;2.3514;contact@belvederemater.fr;+33343727683;2018-11-02;2026-06-16;ACTIF;1;209974;COM-0017;oui
CLI-01465;Mme Aurélie Lambert;PART;Particulier;;3 rue des Acacias;92100;Boulogne-Billancourt;92012;92;Île-de-France;48.8776;2.2826;aurelie.lambert@courriel-demo.fr;02 51 56 74 24;2019-06-12;2021-10-12;PROSPECT;;348;COM-0045;oui
CLI-01792;Escale Bâtiment SA;PRO;PME;66591726074309;98 rue du Commerce;42300;Roanne;42187;42;Auvergne-Rhône-Alpes;45.996;4.0605;contact@escalebatiment.fr;02 79 81 30 78;2017-08-01;2018-09-17;ACTIF;129;28286;COM-0028;oui
CLI-01615;Mme Julie Morin;PART;Particulier;;1 place du Marché;06400;Cannes;06029;06;Provence-Alpes-Côte d’Azur;43.5238;7.0671;julie.morin@courriel-demo.fr;+33186370587;2024-11-02;2025-10-03;ACTIF;;1291;COM-0055;non
CLI-00739;Mme Catherine Fontaine;PART;Particulier;;29 rue de l’Industrie;82000;Montauban;82121;82;Occitanie;44.0677;1.3508;catherine.fontaine@courriel-demo.fr;0341476580;2020-11-30;2023-05-14;ACTIF;;1817;COM-0036;oui
CLI-01715;Mme Inès Michel;PART;Particulier;;135 rue des Acacias;45000;Orléans;45234;45;Centre-Val de Loire;47.8776;1.8813;ines.michel@courriel-demo.fr;+33286724630;2025-02-11;2026-03-02;ACTIF;;2625;COM-0038;oui
CLI-01119;Comptoir Transports SASU;PRO;PME;28472953410202;121 boulevard Victor Hugo;29200;Brest;29019;29;Bretagne;48.3792;-4.4896;contact@comptoirtransp.fr;0739720946;2023-05-19;2024-11-21;PROSPECT;176;190809;COM-0007;non
CLI-00040;Services Agroalimentaire EURL;PRO;Collectivité;;52 quai des Docks;87000;Limoges;87085;87;Nouvelle-Aquitaine;45.8714;1.2232;contact@servicesagroal.fr;02 06 44 20 52;2025-08-17;2026-07-11;ACTIF;36;215068;COM-0058;oui
CLI-00829;M. Vincent Lopez;PART;Particulier;;165 rue du Commerce;30000;Nîmes;30189;30;Occitanie;43.8163;4.3571;vincent.lopez@courriel-demo.fr;0415819821;2018-12-21;2023-10-04;INACTIF;;3732;COM-0027;oui
CLI-01965;Services Conseil SAS;PRO;Collectivité;97252647516293;106 quai des Docks;67000;Strasbourg;67482;67;Grand Est;48.5554;7.7271;contact@servicesconsei.fr;04.01.06.22.22;2023-09-19;2023-11-25;ACTIF;70;324128;COM-0044;oui
CLI-01522;Belvédère Distribution SASU;PRO;Grands comptes;25765916064084;101 rue Pasteur;31000;Toulouse;31555;31;Occitanie;43.6158;1.4082;contact@belvederedistr.fr;01 11 52 17 20;2021-09-30;2022-07-14;ACTIF;28;92781;COM-0029;oui
CLI-01719;Solstice Conseil SA;PRO;PME;33952628418388;93 rue Pasteur;34000;Montpellier;34172;34;Occitanie;43.6092;3.8325;contact@solsticeconsei.fr;03.05.30.89.04;2025-12-30;2026-03-04;ACTIF;60;232227;COM-0004;oui
CLI-00665;M. Olivier Clément;PART;Particulier;;50 avenue du Général Leclerc;69100;Villeurbanne;69266;69;Auvergne-Rhône-Alpes;45.7266;4.8609;olivier.clement@courriel-demo.fr;+33107135351;2020-06-23;2025-01-11;ACTIF;;1473;COM-0032;oui
CLI-02325;Mme Pauline Legrand;PART;Particulier;;172 place du Marché;69001;Lyon;69123;69;Auvergne-Rhône-Alpes;45.8085;4.8882;pauline.legrand@courriel-demo.fr;07.00.35.65.50;2022-12-26;2024-09-12;ACTIF;;3606;COM-0034;oui
CLI-00194;Mme Céline Roux;PART;Particulier;;148 boulevard Victor Hugo;71100;Chalon-sur-Saône;71076;71;Bourgogne-Franche-Comté;46.8077;4.8889;celine.roux@courriel-demo.fr;04 97 98 24 35;2020-02-21;2025-08-27;ACTIF;;2526;COM-0022;oui
CLI-00104;Ateliers Papeterie EURL;PRO;TPE;22519869292103;20 rue de l’Industrie;93200;Saint-Denis;93066;93;Île-de-France;48.8904;2.378;contact@atelierspapete.fr;07 31 63 69 01;2019-11-20;2020-08-14;ACTIF;139;365592;COM-0018;oui
CLI-00499;M. Ludovic Robert;PART;Particulier;;83 place du Marché;06000;Nice;06088;06;Provence-Alpes-Côte d’Azur;43.675;7.2779;ludovic.robert@courriel-demo.fr;0280909173;2016-03-30;2025-07-27;ACTIF;;602;COM-0016;non
CLI-01915;Horizon Solutions SAS;PRO;TPE;19772613578280;123 impasse des Lilas;73000;CHAMBÉRY;73065;73;Auvergne-Rhône-Alpes;45.5488;5.902;contact@horizonsolutio.fr;+33131505363;2023-05-11;2024-05-10;ACTIF;1;69394;COM-0034;non
CLI-01417;Manufacture Emballages SARL;PRO;Grands comptes;00434504847223;90 rue de l’Industrie;13200;Arles;13004;13;Provence-Alpes-Côte d’Azur;43.6644;4.6266;contact@manufactureemb.fr;04.91.59.50.60;2019-05-04;2021-08-25;RESILIE;260;345955;COM-0003;non
CLI-02464;Sillon Matériaux SA;PRO;Collectivité;89875972659687;151 rue des Acacias;16000;Angoulême;16015;16;Nouvelle-Aquitaine;45.6708;0.1797;contact@sillonmateriau.fr;05 84 53 09 26;2016-12-01;2023-08-18;ACTIF;24;202887;COM-0018;oui
CLI-01331;Mme Sandrine André;PART;Particulier;;26 boulevard Victor Hugo;49300;Cholet;49099;49;Pays de la Loire;47.02;-0.9215;sandrine.andre@courriel-demo.fr;06 36 91 63 88;2024-10-17;2026-08-18;ACTIF;;507;COM-0058;oui
CLI-01184;Pyrénées Négoce SCOP;PRO;Grands comptes;12783469368383;133 rue de la République;14000;Caen;14118;14;Normandie;49.2007;-0.3412;contact@pyreneesnegoce.fr;+33731706269;2021-06-11;2021-06-11;ACTIF;146;194196;COM-0058;non
CLI-02121;Mme Christine Henry;PART;Particulier;;54 boulevard Victor Hugo;69100;villeurbanne;69266;69;Auvergne-Rhône-Alpes;45.8033;4.9147;christine.henry@courriel-demo.fr;0444079176;2016-08-23;2025-09-13;ACTIF;;652;COM-0033;oui
CLI-00575;Cévennes Électricité SARL;PRO;Grands comptes;32120797485556;109 avenue du Général Leclerc;20000;Ajaccio;2A004;2A;Corse;41.922;8.7246;contact@cevenneselectr.fr;+33139490225;2023-04-07;2023-05-12;ACTIF;145;325002;COM-0007;non
CLI-01951;M. Laurent Mercier;PART;Particulier;;58 allée des Peupliers;95000;Cergy;95127;95;Île-de-France;48.9985;2.0217;laurent.mercier@courriel-demo.fr;02.23.40.91.74;2021-10-21;2022-06-26;ACTIF;;2059;COM-0039;oui
CLI-00759;Prisme Papeterie EURL;PRO;Grands comptes;10932276691121;25 rue Pasteur;16000;Angoulême;16015;16;Nouvelle-Aquitaine;45.6288;0.1115;contact@prismepapeteri.fr;0343952275;2023-07-03;2024-02-13;INACTIF;36;295143;COM-0045;oui
CLI-00707;Ateliers Électricité SA;PRO;TPE;14182311112811;127 impasse des Lilas;56100;Lorient;56121;56;Bretagne;47.7538;-3.3648;contact@atelierselectr.fr;0310707019;2020-07-02;2026-06-08;PROSPECT;108;267685;COM-0023;oui
CLI-01706;M. Christophe Michel;PART;Particulier;;172 rue de la République;91000;Évry-Courcouronnes;91228;91;Île-de-France;48.6426;2.4409;christophe.michel@courriel-demo.fr;+33309792247;2016-03-19;2017-05-22;ACTIF;;2274;COM-0037;oui
CLI-00064;M. Michel Fournier;PART;Particulier;;160 rue de la République;11100;Narbonne;11262;11;Occitanie;43.178;2.9697;michel.fournier@courriel-demo.fr;0498019053;2015-11-25;2023-04-11;ACTIF;;1709;COM-0049;oui
CLI-02180;Services Maintenance SA;PRO;TPE;07324097377250;29 allée des Peupliers;92130;Issy-les-Moulineaux;92040;92;Île-de-France;48.8612;2.2585;contact@servicesmainte.fr;03.47.18.75.60;2017-04-30;2017-11-26;ACTIF;188;274617;COM-0020;non
CLI-01513;Distribution Négoce SA;PRO;Grands comptes;34258939672874;123 rue de la République;35400;Saint-Malo;35288;35;Bretagne;48.6104;-2.0738;contact@distributionne.fr;+33713511537;2026-03-11;2026-08-11;INACTIF;29;-18740;COM-0059;oui
CLI-00443;Cévennes Électricité EURL;PRO;TPE;98406106482215;117 rue du Commerce;12000;Rodez;12202;12;Occitanie;44.3003;2.5533;contact@cevenneselectr.fr;06 51 62 26 58;2022-09-02;2025-10-20;ACTIF;82;-44652;COM-0009;oui
CLI-00413;Boréal Équipements SASU;PRO;Collectivité;11199088893845;106 impasse des Lilas;72000;Le Mans;72181;72;Pays de la Loire;48.0324;0.2425;contact@borealequipeme.fr;0645266713;2020-10-06;2020-10-09;ACTIF;1;120652;COM-0043;oui
CLI-00585;M. Antoine Leroy;PART;Particulier;;173 quai des Docks;49000;angers;49007;49;Pays de la Loire;47.4501;-0.5767;antoine.leroy@courriel-demo.fr;+33711715292;2016-02-07;2024-06-18;ACTIF;;681;COM-0012;oui
CLI-01943;Distribution Emballages SASU;PRO;Collectivité;35300839719282;114 route de Bordeaux;34200;Sète;34301;34;Occitanie;43.4269;3.6504;contact@distributionem.fr;07.91.24.64.02;2025-04-14;2026-08-28;PROSPECT;82;334596;COM-0040;oui
CLI-02019;Provence Papeterie SARL;PRO;Collectivité;29096037480247;179 route de Bordeaux;92130;Issy-les-Moulineaux;92040;92;Île-de-France;48.8059;2.2853;contact@provencepapete.fr;02 46 20 41 45;2022-07-15;2022-11-03;ACTIF;42;214135;COM-0052;non
CLI-02383;Grand Large Industries SARL;PRO;Grands comptes;N/A;166 avenue du Général Leclerc;79000;Niort;79191;79;Nouvelle-Aquitaine;46.3395;-0.4545;contact@grandlargeindu.fr;06.93.00.97.97;2020-06-11;2024-01-04;PROSPECT;122;171757;COM-0004;non
CLI-02427;Nord Ouest Distribution SCOP;PRO;Collectivité;30738958993288;27 avenue Jean Jaurès;81000;Albi;81004;81;Occitanie;43.9655;2.1016;contact@nordouestdistr.fr;01 54 94 26 82;2020-08-20;2021-09-21;ACTIF;174;302888;COM-0030;oui
CLI-00762;Solstice Matériaux SA;PRO;Collectivité;71854553151189;104 place du Marché;92130;Issy-les-Moulineaux;92040;92;Île-de-France;48.7874;2.2884;contact@solsticemateri.fr;04 70 43 80 48;2019-06-23;2024-07-30;INACTIF;204;63854;COM-0041;oui
CLI-01946;Horizon Électricité SCOP;PRO;PME;06999735621936;100 avenue de la Gare;37000;tours;37261;37;Centre-Val de Loire;47.4396;0.6988;contact@horizonelectri.fr;0389320076;2024-02-26;2024-03-27;ACTIF;1;287677;COM-0026;non
CLI-00659;Grand Large Conseil SAS;PRO;Grands comptes;31632448446337;107 rue des Acacias;24000;Périgueux;24322;24;Nouvelle-Aquitaine;45.148;0.7019;contact@grandlargecons.fr;05.02.76.46.44;2025-11-14;2025-12-24;ACTIF;239;247595;COM-0005;non
CLI-01799;Atlantique Maintenance SARL;PRO;Collectivité;20702818359376;29 avenue de la Gare;34500;Béziers;34032;34;Occitanie;43.3824;3.1775;contact@atlantiquemain.fr;+33384920638;2016-06-18;2023-01-22;ACTIF;128;274415;COM-0009;oui
CLI-01057;Maritime Matériaux SA;PRO;Grands comptes;29993959934117;23 rue du Commerce;49300;Cholet;49099;49;Pays de la Loire;47.0949;-0.8939;contact@maritimemateri.fr;+33520156662;2017-11-28;2024-03-19;ACTIF;81;23204;COM-0021;oui
CLI-01474;Prisme Solutions SAS;PRO;Grands comptes;68042243033083;70 avenue du Général Leclerc;18000;Bourges;18033;18;Centre-Val de Loire;47.12;2.3902;contact@prismesolution.fr;03 18 04 36 14;2024-04-24;2025-11-13;ACTIF;1;135959;COM-0043;oui
CLI-01102;Mme Fanny François;PART;Particulier;;86 rue de l’Industrie;54000;Nancy;54395;54;Grand Est;48.7341;6.1425;fanny.francois@courriel-demo.fr;06 60 79 81 52;2021-10-04;2025-07-16;ACTIF;;1868;COM-0003;oui
CLI-02357;Cristal Conseil SASU;PRO;Collectivité;97445324629097;90 avenue Jean Jaurès;92100;Boulogne-Billancourt;92012;92;Île-de-France;48.8074;2.2768;contact@cristalconseil.fr;04 68 90 98 69;2020-03-17;2024-03-02;ACTIF;1;163604;COM-0012;oui
CLI-01547;Provence Conseil SCOP;PRO;TPE;;58 rue du Commerce;66000;Perpignan;66136;66;Occitanie;42.7302;2.9315;contact@provenceconsei.fr;07 41 75 64 33;2020-01-06;2020-11-12;ACTIF;249;118250;COM-0047;non
CLI-01793;M. Olivier Lefèvre;PART;Particulier;;135 rue du Commerce;20200;Bastia;2B033;2B;Corse;42.7259;9.4552;olivier.lefevre@courriel-demo.fr;03 91 80 59 43;2020-07-29;2023-08-12;ACTIF;;3918;COM-0032;oui
CLI-01969;Escale Conseil SAS;PRO;PME;35076321199053;29 rue de la République;06400;Cannes;06029;06;Provence-Alpes-Côte d’Azur;43.5597;6.9907;contact@escaleconseils.fr;06.55.17.16.18;2022-03-28;2023-12-31;PROSPECT;137;401356;COM-0039;oui
CLI-01377;Vertigo Bâtiment SARL;PRO;Collectivité;16015492049597;59 rue du Commerce;59100;Roubaix;59512;59;Hauts-de-France;50.6942;3.1492;contact@vertigobatimen.fr;07.97.74.15.80;2019-10-09;2020-08-23;ACTIF;1;130014;COM-0041;non
CLI-00476;Énergie Équipements SA;PRO;TPE;29983469602413;18 place du Marché;78000;Versailles;78646;78;Île-de-France;48.7561;2.1473;contact@energieequipem.fr;0312070275;2019-09-05;2021-02-22;ACTIF;214;164087;COM-0028;oui
CLI-01652;Services Matériaux SAS;PRO;Grands comptes;;92 chemin des Vignes;68100;Mulhouse;68224;68;Grand Est;47.7814;7.3404;contact@servicesmateri.fr;02.34.78.07.89;2021-06-09;2022-06-21;ACTIF;169;266304;COM-0010;oui
CLI-01929;Solstice Transports SA;PRO;PME;29022314998885;78 avenue de la Gare;85000;La Roche-sur-Yon;85191;85;Pays de la Loire;46.6848;-1.4303;contact@solsticetransp.fr;02.18.95.07.92;2020-02-03;2020-12-04;ACTIF;139;373171;COM-0028;oui
CLI-00677;M. Mathieu Mathieu;PART;Particulier;;128 avenue Jean Jaurès;93200;Saint-Denis;93066;93;Île-de-France;48.9112;2.3746;mathieu.mathieu@courriel-demo.fr;0600084641;2022-01-18;2026-02-05;INACTIF;;1690;COM-0016;oui
CLI-01192;Tramontane Agroalimentaire SCOP;PRO;TPE;66215499607510;92 impasse des Lilas;12000;Rodez;12202;12;Occitanie;44.3654;2.542;contact@tramontaneagro.fr;07.74.40.46.27;2018-06-06;2023-05-07;PROSPECT;151;337398;COM-0007;oui
CLI-02442;Mme Valérie Chevalier;PART;Particulier;;17 impasse des Lilas;59100;Roubaix;59512;59;Hauts-de-France;50.7001;3.2058;valerie.chevalier@courriel-demo;01.46.77.08.56;2016-11-06;2023-11-16;ACTIF;;2948;COM-0040;oui
CLI-00772;Aurore Solutions SAS;PRO;TPE;01109336891115;150 chemin des Vignes;68000;Colmar;68066;68;Grand Est;48.0934;7.3999;contact@auroresolution.fr;06 36 82 92 27;2017-10-20;2023-01-30;ACTIF;102;381739;COM-0054;oui
CLI-01423;Tramontane Conseil EURL;PRO;Grands comptes;16763124434744;28 impasse des Lilas;47000;Agen;47001;47;Nouvelle-Aquitaine;44.1768;0.5721;contact@tramontanecons.fr;0464913830;2021-01-20;2024-09-26;INACTIF;1;286443;COM-0045;oui
CLI-00854;Services Équipements SASU;PRO;Grands comptes;50901800962697;55 allée des Peupliers;20000;Ajaccio;2A004;2A;Corse;41.9697;8.6921;contact@servicesequipe.fr;01.57.42.53.34;2019-10-29;2021-07-24;ACTIF;57;158640;COM-0033;non
CLI-01183;Solstice Conseil SARL;PRO;PME;07957921991554;108 place du Marché;66000;Perpignan;66136;66;Occitanie;42.7437;2.8536;contact@solsticeconsei.fr;07 04 31 15 89;2026-07-24;2026-08-25;ACTIF;307;158268;COM-0030;oui
CLI-00641;M. Antoine Dumont;PART;Particulier;;5 quai des Docks;45000;Orléans;45234;45;Centre-Val de Loire;47.8906;1.8685;antoine.dumont@courriel-demo.fr;07.77.36.12.57;2025-03-11;2025-03-11;ACTIF;;1880;COM-0058;oui
CLI-01492;Alizé Distribution SA;PRO;Grands comptes;95719201827410;8 rue de l’Industrie;14000;Caen;14118;14;Normandie;49.1331;-0.3239;contact@alizedistribut.fr;03 68 84 94 27;2017-05-28;2025-04-02;ACTIF;130;423006;COM-0046;oui
CLI-00083;Ateliers Conseil SASU;PRO;PME;18027340215528;132 boulevard Victor Hugo;83600;Fréjus;83061;83;Provence-Alpes-Côte d’Azur;43.4102;6.742;contact@ateliersconsei.fr;0607924117;2017-09-30;2026-04-07;ACTIF;103;139442;COM-0036;non
CLI-01634;Escale Solutions SCOP;PRO;PME;58343217053155;58 allée des Peupliers;64000;Pau;64445;64;Nouvelle-Aquitaine;43.2768;-0.3453;contact@escalesolution.fr;0526162877;2023-07-03;2025-04-06;ACTIF;271;356209;COM-0035;oui
CLI-00470;Solstice Emballages SA;PRO;TPE;92449259093044;166 rue des Acacias;53000;Saint-Malo;35288;35;Bretagne;48.6945;-2.0422;contact@solsticeemball.fr;+33432151845;2023-08-14;2024-12-16;ACTIF;53;158381;COM-0021;oui
CLI-01198;M. Mathieu Fontaine;PART;Particulier;;141 quai des Docks;90000;Belfort;90010;90;Bourgogne-Franche-Comté;47.592;6.8467;mathieu.fontaine@courriel-demo.fr;0601864331;2020-09-19;2021-01-30;PROSPECT;;3544;COM-0005;oui
CLI-01318;Comptoir Équipements SA;PRO;TPE;14831329380271;29 rue du Commerce;94000;Créteil;94028;94;Île-de-France;48.8025;2.4932;contact@comptoirequipe.fr;+33136109786;2026-05-24;2026-06-12;ACTIF;1;123320;COM-0056;non
CLI-00797;Mme Manon Mathieu;PART;Particulier;;150 rue Pasteur;53000;Laval;53130;53;Pays de la Loire;48.1016;-0.7689;manon.mathieu@courriel-demo.fr;+33721281302;2021-06-08;2025-02-25;ACTIF;;842;COM-0002;non
CLI-01359;Maritime Électricité SARL;PRO;TPE;95633905872536;143 rue Pasteur;76600;Le Havre;76351;76;Normandie;49.5285;0.1272;contact@maritimeelectr.fr;0417244349;2017-09-12;2022-02-07;RESILIE;39;250995;COM-0010;oui
CLI-00695;Cristal Solutions SCOP;PRO;Collectivité;87736476377754;63 boulevard Victor Hugo;86000;Poitiers;86194;86;Nouvelle-Aquitaine;46.5415;0.3692;contact@cristalsolutio.fr;0336047906;2020-11-28;2025-06-07;ACTIF;1;119457;COM-0056;oui
CLI-02052;Distribution Papeterie SA;PRO;Grands comptes;73718959926810;172 route de Bordeaux;37000;Tours;37261;37;Centre-Val de Loire;47.3536;0.7032;contact@distributionpa.fr;+33406021209;2023-05-20;2024-06-29;RESILIE;120;88610;COM-0029;oui
CLI-00888;Distribution Équipements EURL;PRO;Collectivité;23745662842873;179 avenue Jean Jaurès;58000;Nevers;58194;58;Bourgogne-Franche-Comté;46.9797;3.2088;contact@distributioneq.fr;03.34.46.44.92;2016-02-01;2023-05-02;ACTIF;90;410051;COM-0042;oui
CLI-00874;M. Franck Roux;PART;Particulier;;159 rue de l’Industrie;29200;Brest;29019;29;Bretagne;48.4316;-4.481;franck.roux@courriel-demo.fr;0610735371;2024-05-25;2025-04-18;PROSPECT;;3874;COM-0045;oui
CLI-01067;Atlantique Solutions SASU;PRO;TPE;18888106495926;121 allée des Peupliers;64000;Issy-les-Moulineaux;92040;92;Île-de-France;48.7709;2.246;contact@atlantiquesolu.fr;0169843153;2020-01-22;2020-10-08;ACTIF;120;205023;COM-0025;oui
CLI-00838;Escale Mobilier SAS;PRO;TPE;58570931199300;20 avenue Jean Jaurès;73000;Chambéry;73065;73;Auvergne-Rhône-Alpes;45.5287;5.8782;contact@escalemobilier.fr;04.68.27.24.25;2021-06-02;2025-11-15;ACTIF;1;-872;COM-0029;oui
CLI-00208;Énergie Transports EURL;PRO;TPE;93269363549290;113 route de Bordeaux;49300;Cholet;49099;49;Pays de la Loire;47.0491;-0.8986;contact@energietranspo.fr;07 84 20 89 79;2018-01-03;2020-10-03;ACTIF;1;198038;COM-0025;oui
CLI-00432;Mme Marion Lopez;PART;Particulier;;10 chemin des Vignes;64000;Pau;64445;64;Nouvelle-Aquitaine;43.3002;-0.4175;marion.lopez@courriel-demo.fr;02 46 47 61 94;2018-05-27;2022-03-04;RESILIE;;2938;COM-0033;oui
CLI-01491;Grand Large Conseil SAS;PRO;Collectivité;79328853040101;85 avenue du Général Leclerc;83600;Fréjus;83061;83;Provence-Alpes-Côte d’Azur;43.4511;6.7419;contact@grandlargecons.fr;+33251684837;2021-02-11;2023-09-15;PROSPECT;1;22589;COM-0046;non
CLI-00965;Maritime Équipements SAS;PRO;TPE;70120957658017;105 rue de l’Industrie;51100;Reims;51454;51;Grand Est;49.3021;4.0665;contact@maritimeequipe.fr;0343696576;2025-04-25;2026-04-13;ACTIF;1;162426;COM-0036;non
CLI-00808;Grand Large Transports SARL;PRO;Grands comptes;49501470082485;170 rue du Commerce;95100;Argenteuil;95018;95;Île-de-France;48.9815;2.2653;contact@grandlargetran.fr;06.04.83.32.00;2017-01-30;2022-11-23;ACTIF;165;205593;COM-0011;oui
CLI-00679;Escale Maintenance SA;PRO;Grands comptes;63116887997677;112 chemin des Vignes;92100;Boulogne-Billancourt;92012;92;Île-de-France;48.7999;2.2262;contact@escalemaintena.fr;05 22 70 65 62;2019-03-09;2023-12-12;ACTIF;249;177475;COM-0002;oui
CLI-00886;M. Benoît Lefèvre;PART;Particulier;;64 quai des Docks;28000;CHARTRES;28085;28;Centre-Val de Loire;48.4772;1.467;benoit.lefevre@courriel-demo.fr;04.06.47.80.70;2021-05-21;2021-12-28;ACTIF;;2477;COM-0050;oui
CLI-02172;Pyrénées Distribution SAS;PRO;Collectivité;00006412667369;129 boulevard Victor Hugo;78000;Versailles;78646;78;Île-de-France;48.8084;2.1266;contact@pyreneesdistri.fr;0314278152;2022-02-08;2022-02-08;PROSPECT;221;242975;COM-0019;oui
CLI-01016;Énergie Transports SAS;PRO;PME;;25 route de Bordeaux;13300;Salon-de-Provence;13103;13;Provence-Alpes-Côte d’Azur;43.6091;5.1388;contact@energietranspo.fr;07.70.76.97.99;2024-07-09;2025-03-08;ACTIF;117;171513;COM-0002;oui
CLI-01670;Vertigo Équipements SASU;PRO;TPE;47849101548091;57 avenue de la Gare;25000;Besançon;25056;25;Bourgogne-Franche-Comté;47.2489;6.0325;contact@vertigoequipem.fr;+33511690950;2026-06-05;2026-06-16;ACTIF;33;223537;COM-0038;oui
CLI-00060;Mme Valérie André;PART;Particulier;;149 rue des Acacias;05000;Gap;05061;05;Provence-Alpes-Côte d’Azur;44.5569;6.0689;valerie.andre@courriel-demo.fr;01 45 32 21 11;2025-03-01;2025-08-24;ACTIF;;529;COM-0003;oui
CLI-01484;Mme Karine Martin;PART;Particulier;;80 boulevard Victor Hugo;37000;Tours;37261;37;Centre-Val de Loire;47.4067;0.7146;karine.martin@courriel-demo.fr;+33266899593;2022-07-11;2026-09-06;RESILIE;;3890;COM-0028;oui
CLI-01091;Provence Négoce SCOP;PRO;Grands comptes;09664229454215;97 route de Bordeaux;08000;Charleville-Mézières;08105;08;Grand Est;49.7911;4.7223;contact@provencenegoce.fr;02.03.36.09.97;2025-09-06;2026-02-06;ACTIF;1;229941;COM-0002;oui
CLI-01907;Grand Large Distribution EURL;PRO;TPE;69702237005503;9 chemin des Vignes;44000;Nantes;44109;44;Pays de la Loire;47.1783;-1.5983;contact@grandlargedist.fr;+33231190942;2025-08-12;2026-03-23;ACTIF;20;319730;COM-0026;oui
CLI-02244;Mme Lucie Robert;PART;Particulier;;81 avenue Jean Jaurès;84000;Avignon;84007;84;Provence-Alpes-Côte d’Azur;43.9897;4.7814;lucie.robert@courriel-demo.fr;+33783565658;2016-08-14;2022-03-29;ACTIF;;3406;COM-0056;oui
CLI-01812;Tramontane Solutions SCOP;PRO;TPE;32515557863391;168 impasse des Lilas;13100;Aix-en-Provence;13001;13;Provence-Alpes-Côte d’Azur;43.4978;5.4623;contact@tramontanesolu.fr;07.12.04.54.51;2020-02-02;2024-06-24;EN COURS;31;144695;COM-0006;non
CLI-01498;Manufacture Emballages SASU;PRO;Grands comptes;52655173715518;44 impasse des Lilas;20000;Ajaccio;2A004;2A;Corse;41.9699;8.7689;contact@manufactureemb.fr;03.84.05.43.45;2021-07-07;2021-11-05;ACTIF;22;4795;COM-0053;oui
CLI-00202;Logistique Solutions SCOP;PRO;PME;06297905088930;159 route de Bordeaux;01000;Bourg-en-Bresse;01053;01;Auvergne-Rhône-Alpes;46.2315;5.2441;contact@logistiquesolu.fr;04 25 70 06 81;2017-03-12;2022-04-24;ACTIF;1;271924;COM-0011;oui
CLI-02434;Ateliers Emballages SARL;PRO;Collectivité;89883760514636;69 rue Pasteur;79000;Niort;79191;79;Nouvelle-Aquitaine;46.3058;-0.44;contact@ateliersemball.fr;07 64 64 87 18;2019-07-13;2024-02-17;ACTIF;1;554530;COM-0026;oui
CLI-02306;Comptoir Transports SA;PRO;Grands comptes;;77 route de Bordeaux;17000;La Rochelle;17300;17;Nouvelle-Aquitaine;46.2091;-1.167;contact@comptoirtransp.fr;0475246845;2021-01-19;2022-05-26;RESILIE;39;-19113;COM-0011;oui
CLI-01412;M. Vincent Chevalier;PART;Particulier;;136 rue de la République;06130;Grasse;06069;06;Provence-Alpes-Côte d’Azur;43.6782;6.9079;vincent.chevalier@courriel-demo.fr;05.04.61.94.46;2020-10-21;2022-03-21;ACTIF;;2752;COM-0037;oui
CLI-01171;Logistique Mobilier SASU;PRO;PME;18825509496746;78 rue des Acacias;85000;La Roche-sur-Yon;85191;85;Pays de la Loire;46.7047;-1.4452;contact;0461820757;2026-01-18;2026-01-30;ACTIF;15;214074;COM-0058;oui
CLI-00881;Boréal Conseil SCOP;PRO;Grands comptes;;179 place du Marché;93200;Saint-Denis;93066;93;Île-de-France;48.962;2.314;contact@borealconseils.fr;01 03 71 42 71;2022-04-06;2025-07-15;ACTIF;1;449007;COM-0017;oui
CLI-02019;Provence Papeterie SARL;PRO;Collectivité;29096037480247;179 route de Bordeaux;92130;Issy-les-Moulineaux;92040;92;Île-de-France;48.8059;2.2853;contact@provencepapete.fr;02 46 20 41 45;2022-07-15;2022-11-03;ACTIF;42;214135;COM-0052;non
CLI-01276;Cévennes Matériaux SA;PRO;PME;40851260070527;41 rue Pasteur;59100;Roubaix;59512;59;Hauts-de-France;50.7132;3.1515;contact@cevennesmateri.fr;07 20 72 68 12;2021-07-17;2022-10-26;ACTIF;3;251228;COM-0002;oui
CLI-00801;Aurore Industries SCOP;PRO;PME;40523787945717;174 avenue Jean Jaurès;53000;Laval;53130;53;Pays de la Loire;48.0502;-0.7646;contact@auroreindustri.fr;0712853780;2026-06-20;2026-08-30;ACTIF;1;111551;COM-0007;non
CLI-02035;Comptoir Solutions SCOP;PRO;PME;75512852514311;163 boulevard Victor Hugo;76000;Rouen;76540;76;Normandie;49.4807;1.0835;contact@comptoirsoluti.fr;05 12 34 62 31;2023-11-25;2024-03-24;ACTIF;2;-12934;COM-0043;oui
CLI-02311;Grand Large Conseil SCOP;PRO;Collectivité;10210841212210;78 rue de la République;31000;Toulouse;31555;31;Occitanie;43.6305;1.4707;contact@grandlargecons.fr;01 45 08 25 26;2023-02-17;2023-10-15;PROSPECT;202;165816;COM-0047;oui
CLI-00512;Vallée Négoce SASU;PRO;TPE;01840871300997;180 allée des Peupliers;66000;Perpignan;66136;66;Occitanie;42.7198;2.855;contact@valleenegocesa.fr;0705848540;2025-02-23;2025-06-03;ACTIF;109;162603;COM-0008;oui
CLI-02016;Horizon Distribution EURL;PRO;Collectivité;03909779927390;98 rue des Acacias;42000;Saint-Étienne;42218;42;Auvergne-Rhône-Alpes;45.4741;4.4275;contact@horizondistrib.fr;07 41 13 96 57;2018-06-11;2026-05-24;ACTIF;30;505101;COM-0022;oui
CLI-00818;M. Julien Henry;PART;Particulier;;154 route de Bordeaux;06600;Antibes;06004;06;Provence-Alpes-Côte d’Azur;43.611;7.1697;julien.henry@courriel-demo.fr;0434603943;2025-01-30;2026-03-29;ACTIF;;1462;COM-0054;non
CLI-01990;Cévennes Conseil SARL;PRO;TPE;69126161120870;67 quai des Docks;75001;Paris;75056;75;Île-de-France;48.8734;2.3206;contact@cevennesconsei.fr;+33628779030;2026-02-23;2026-06-08;PROSPECT;67;278050;COM-0018;non
CLI-01049;Manufacture Distribution SASU;PRO;TPE;08795588321122;62 avenue Jean Jaurès;11000;Carcassonne;11069;11;Occitanie;43.2295;2.3403;contact@manufacturedis.fr;0482788272;2021-07-16;2025-01-24;ACTIF;109;287942;COM-0025;non
CLI-01362;Comptoir Maintenance SA;PRO;Collectivité;42474889762521;104 route de Bordeaux;34000;Montpellier;34172;34;Occitanie;43.5698;3.8669;contact@comptoirmainte.fr;0723429605;2017-10-05;2024-02-07;ACTIF;1;76528;COM-0022;oui
CLI-00594;Atlantique Emballages SAS;PRO;TPE;inconnu;167 boulevard Victor Hugo;06130;Grasse;06069;06;Provence-Alpes-Côte d’Azur;43.6738;6.9573;contact@atlantiqueemba.fr;+33727929306;2019-06-29;2019-11-09;ACTIF;189;350225;COM-0020;oui
CLI-01248;Boréal Transports SA;PRO;PME;27277359261231;14 avenue de la Gare;54000;Nancy;54395;54;Grand Est;48.6813;6.2102;contact@borealtranspor.fr;+33245866877;2017-12-02;2025-12-17;PROSPECT;206;-30234;COM-0044;oui
CLI-02021;Cévennes Papeterie SCOP;PRO;PME;76530963353756;103 rue de l’Industrie;24000;Périgueux;24322;24;Nouvelle-Aquitaine;45.1439;0.6853;contact@cevennespapete.fr;04.79.57.28.61;2025-05-01;2025-05-01;ACTIF;1;192579;COM-0007;non
CLI-01569;Comptoir Distribution EURL;PRO;Grands comptes;63267639594451;92 allée des Peupliers;95000;Charleville-Mézières;08105;08;Grand Est;49.7523;4.6857;contact@comptoirdistri.fr;0570669174;2017-05-05;2023-07-02;ACTIF;7;437740;COM-0038;oui
CLI-02031;Vallée Emballages SA;PRO;Collectivité;09528859965971;115 rue de l’Industrie;10000;Troyes;10387;10;Grand Est;48.2705;4.0612;contact@valleeemballag.fr;07.10.70.57.29;2022-07-23;2023-01-14;PROSPECT;201;-127608;COM-0012;oui
CLI-00116;M. Vincent Muller;PART;Particulier;;38 route de Bordeaux;17000;La Rochelle;17300;17;Nouvelle-Aquitaine;46.1957;-1.1605;vincent.muller@courriel-demo.fr;+33368570756;2023-11-07;2025-09-06;ACTIF;;1988;COM-0015;oui
CLI-01796;Mme Sylvie Blanc;PART;Particulier;;51 rue de la République;66000;Perpignan;66136;66;Occitanie;42.7451;2.9006;sylvie.blanc@courriel-demo.fr;02 81 46 78 07;2017-05-27;2021-08-16;ACTIF;;2024;COM-0027;oui
CLI-00246;Boréal Industries EURL;PRO;PME;;103 route de Bordeaux;36000;Châteauroux;36044;36;Centre-Val de Loire;46.817;1.6646;contact;05.42.15.52.82;2019-03-01;2025-10-17;PROSPECT;26;273472;COM-0017;oui
CLI-00525;M. David Bernard;PART;Particulier;;73 route de Bordeaux;13100;Aix-en-Provence;13001;13;Provence-Alpes-Côte d’Azur;43.4829;5.44;david.bernard@courriel-demo.fr;06 30 22 55 52;2025-09-07;2026-08-31;ACTIF;;1009;COM-0060;non
CLI-02190;Provence Bâtiment EURL;PRO;TPE;24347749031275;33 route de Bordeaux;29200;Brest;29019;29;Bretagne;48.342;-4.523;contact@provencebatime.fr;01 89 17 27 49;2023-06-22;2023-06-22;ACTIF;82;123245;COM-0044;non
CLI-02354;Alizé Industries SCOP;PRO;PME;;163 place du Marché;35400;Saint-Malo;35288;35;Bretagne;48.6953;-1.994;contact@alizeindustrie.fr;0259046155;2023-04-07;2024-09-17;RESILIE;53;13215;COM-0021;non
CLI-01902;Services Papeterie SAS;PRO;Grands comptes;83254774369485;94 rue Pasteur;34000;Montpellier;34172;34;Occitanie;43.6598;3.9264;contact@servicespapete.fr;0450923045;2018-03-22;2026-04-01;ACTIF;23;104289;COM-0024;oui
CLI-00468;Distribution Conseil SCOP;PRO;TPE;81647119350699;28 place du Marché;93200;Saint-Denis;93066;93;Île-de-France;48.9144;2.3237;contact@distributionco.fr;07 41 37 16 88;2017-01-11;2019-02-14;ACTIF;1;143708;COM-0021;oui
CLI-01963;M. Maxime Vincent;PART;Particulier;;133 rue des Acacias;87000;Limoges;87085;87;Nouvelle-Aquitaine;45.8707;1.2175;maxime.vincent@courriel-demo.fr;02.84.73.86.36;2018-04-12;2021-03-16;ACTIF;;3421;COM-0028;oui
CLI-00161;Escale Bâtiment SA;PRO;PME;83027327475313;77 avenue du Général Leclerc;13300;Salon-de-Provence;13103;13;Provence-Alpes-Côte d’Azur;43.6577;5.1174;contact@escalebatiment.fr;05 63 35 12 14;2016-08-05;2019-03-12;INACTIF;122;12934;COM-0036;oui
CLI-02277;Atlantique Matériaux SA;PRO;Grands comptes;17606065679237;81 chemin des Vignes;22000;Saint-Brieuc;22278;22;Bretagne;48.473;-2.8166;contact@atlantiquemate.fr;04.44.55.52.41;2020-05-03;2023-03-07;INACTIF;73;192857;COM-0022;oui
CLI-01296;Vallée Équipements SAS;PRO;PME;86142225541365;10 allée des Peupliers;18000;Bourges;18033;18;Centre-Val de Loire;47.1048;2.3503;contact@valleeequipeme.fr;05.06.03.58.16;2019-03-26;2024-08-26;ACTIF;60;397634;COM-0025;oui
CLI-00128;Grand Large Emballages EURL;PRO;TPE;65598652569590;125 avenue du Général Leclerc;06400;Cannes;06029;06;Provence-Alpes-Côte d’Azur;43.5687;7.0484;contact@grandlargeemba.fr;0667351632;2021-02-16;2026-06-02;PROSPECT;1;147748;COM-0058;oui
CLI-02227;Solstice Distribution SAS;PRO;Grands comptes;68624063349701;110 rue des Acacias;30000;Nîmes;30189;30;Occitanie;43.8742;4.3898;contact@solsticedistri.fr;0657941930;2018-12-07;2025-04-04;ACTIF;19;202077;COM-0004;oui
CLI-00082;Atlantique Bâtiment SA;PRO;PME;61613818481522;154 route de Bordeaux;34000;Montpellier;34172;34;Occitanie;43.5796;3.8915;contact@atlantiquebati.fr;+33492160226;2024-03-23;2024-09-30;ACTIF;4;37603;COM-0021;non
CLI-00459;Comptoir Transports SA;PRO;Collectivité;;35 rue de la République;77100;Meaux;77284;77;Île-de-France;48.9416;2.862;contact@comptoirtransp.fr;0344968128;2023-12-22;2024-11-16;ACTIF;120;385340;COM-0011;oui
CLI-01705;Atlantique Matériaux SARL;PRO;TPE;77054638635953;115 allée des Peupliers;59100;Roubaix;59512;59;Hauts-de-France;50.702;3.1935;contact@atlantiquemate.fr;0580599584;2019-09-08;2021-09-02;ACTIF;1;194529;COM-0039;non
CLI-00800;Solstice Matériaux SCOP;PRO;PME;11509275031966;69 rue de l’Industrie;30000;Nîmes;30189;30;Occitanie;43.831;4.3205;contact@solsticemateri.fr;06.63.37.08.43;2018-05-24;2020-04-16;ACTIF;125;218192;COM-0042;oui
CLI-01993;Solstice Bâtiment EURL;PRO;PME;45551647956587;144 rue de l’Industrie;20200;Bastia;2B033;2B;Corse;42.7438;9.4192;contact@solsticebatime.fr;07 90 89 60 57;2022-05-23;2025-06-10;RESILIE;68;441166;COM-0055;oui
CLI-02154;Nord Ouest Matériaux SCOP;PRO;Grands comptes;63501227973405;13 quai des Docks;06600;Antibes;06004;06;Provence-Alpes-Côte d’Azur;43.5565;7.1022;contact@nordouestmater.fr;05.90.18.05.26;2015-12-19;2024-03-15;ACTIF;95;-1660;COM-0010;oui
CLI-00786;Sillon Électricité SASU;PRO;TPE;42705490752621;32 rue des Acacias;72000;Le Mans;72181;72;Pays de la Loire;47.97;0.2497;contact@sillonelectric.fr;01.85.82.05.42;2018-04-05;2023-04-23;ACTIF;125;78441;COM-0005;oui
CLI-00491;Vallée Maintenance EURL;PRO;TPE;91386318711306;121 rue du Commerce;41000;Blois;41018;41;Centre-Val de Loire;47.6345;1.2831;contact@valleemaintena.fr;+33227887575;2017-12-20;2026-06-20;RESILIE;1;175243;COM-0028;oui
CLI-01019;Tramontane Conseil SARL;PRO;Collectivité;00016038991964;45 route de Bordeaux;50100;Cherbourg-en-Cotentin;50129;50;Normandie;49.635;-1.5904;contact@tramontanecons.fr;03 58 45 46 40;2015-09-28;2015-11-05;ACTIF;213;304559;COM-0037;non
CLI-01079; Horizon Négoce EURL;PRO;Grands comptes;59209156018141;85 chemin des Vignes;06600;Antibes;06004;06;Provence-Alpes-Côte d’Azur;43.5647;7.1543;contact@horizonnegocee.fr;01 44 43 13 04;2020-09-23;2022-08-22;RESILIE;97;279313;COM-0036;oui
CLI-00088;M. Alain Clément;PART;Particulier;;48 quai des Docks;44000;Nantes;44109;44;Pays de la Loire;47.1839;-1.5921;alain.clement@courriel-demo.fr;+33366393122;2018-01-29;2024-07-16;ACTIF;;2463;COM-0020;non
CLI-01172;Alizé Matériaux SAS;PRO;Collectivité;23125802644837;105 impasse des Lilas;29200;Brest;29019;29;Bretagne;48.3591;-4.4506;contact@alizemateriaux.fr;0302862109;2016-01-10;2023-01-16;PROSPECT;155;174399;COM-0059;oui
CLI-01471;M. Jean Lambert;PART;Particulier;;120 boulevard Victor Hugo;59140;Dunkerque;59183;59;Hauts-de-France;51.0347;2.3429;jean.lambert@courriel-demo.fr;0576567685;2023-01-06;2024-06-26;PROSPECT;;627;COM-0014;oui
CLI-02433;Aurore Emballages EURL;PRO;Grands comptes;83701389811665;178 boulevard Victor Hugo;95000;Cergy;95127;95;Île-de-France;49.0586;2.1001;contact@auroreemballag.fr;+33681005550;2021-04-10;2021-07-24;INACTIF;137;427814;COM-0051;non
CLI-01741; Manufacture Emballages SASU;PRO;Grands comptes;15602887060992;123 allée des Peupliers;83000;Toulon;83137;83;Provence-Alpes-Côte d’Azur;43.1592;5.9322;contact@manufactureemb.fr;04.73.73.11.89;2022-03-16;2022-08-15;ACTIF;1;322594;COM-0039;oui
CLI-01950;M. Romain Gauthier;PART;Particulier;;14 place du Marché;73000;Chambéry;73065;73;Auvergne-Rhône-Alpes;45.5901;5.9162;romain.gauthier@courriel-demo.fr;03 67 78 87 99;2017-11-16;2024-04-22;ACTIF;;2057;COM-0004;oui
CLI-00875;Horizon Transports SAS;PRO;PME;00574002949320;26 rue de la République;13200;Arles;13004;13;Provence-Alpes-Côte d’Azur;43.7148;4.5874;contact@horizontranspo.fr;+33101737098;2020-08-30;2022-05-21;PROSPECT;1;269651;COM-0047;oui
CLI-01976;Nord Ouest Équipements SCOP;PRO;TPE;52855025450726;4 boulevard Victor Hugo;01000;Poitiers;86194;86;Nouvelle-Aquitaine;46.6085;0.3309;contact@nordouestequip.fr;0637108859;2024-05-29;2024-05-29;ACTIF;68;290856;COM-0007;oui
CLI-01608;Maritime Transports EURL;PRO;TPE;94176644289147;50 boulevard Victor Hugo;28000;Chartres;28085;28;Centre-Val de Loire;48.4054;1.5065;contact@maritimetransp.fr;0183747902;2022-09-26;2022-10-26;PROSPECT;234;339623;COM-0034;oui
CLI-02027;Manufacture Équipements EURL;PRO;TPE;58877456405615;158 rue de la République;78000;Versailles;78646;78;Île-de-France;48.7509;2.0912;contact@manufactureequ.fr;07 16 60 87 79;2016-11-11;2019-12-12;ACTIF;58;430100;COM-0039;oui
CLI-00583;Aurore Négoce SA;PRO;Collectivité;95262223164377;98 avenue Jean Jaurès;66000;PERPIGNAN;66136;66;Occitanie;42.6904;2.8957;contact@aurorenegocesa.fr;+33278192931;2024-05-22;2024-12-28;ACTIF;119;331300;COM-0052;non
CLI-01428;Logistique Industries SA;PRO;Grands comptes;72637951301316;100 avenue de la Gare;06400;Cannes;06029;06;Provence-Alpes-Côte d’Azur;43.5881;6.9863;contact@logistiqueindu.fr;05.91.86.63.43;2025-09-07;2026-04-11;INACTIF;1;130915;COM-0025;oui
CLI-00319;Cristal Bâtiment SARL;PRO;PME;45912327889919;98 rue du Commerce;68000;Colmar;68066;68;Grand Est;48.0526;7.3909;contact@cristalbatimen.fr;+33520122237;2023-09-04;2024-10-13;ACTIF;141;231461;COM-0030;oui
CLI-01014;M. Laurent Legrand;PART;Particulier;;129 rue Pasteur;50100;Cherbourg-en-Cotentin;50129;50;Normandie;49.6162;-1.5945;laurent.legrand@courriel-demo.fr;0623057625;2018-08-09;2020-02-08;INACTIF;;1827;COM-0020;oui
CLI-00321;Vertigo Bâtiment SARL;PRO;Grands comptes;50855020089745;177 quai des Docks;54000;Nancy;54395;54;Grand Est;48.6467;6.215;contact@vertigobatimen.fr;+33369772512;2023-01-19;2023-01-19;ACTIF;26;73885;COM-0028;oui
CLI-02157;Provence Agroalimentaire SASU;PRO;Grands comptes;14376855610845;82 chemin des Vignes;62100;Calais;62193;62;Hauts-de-France;50.9537;1.8876;contact@provenceagroal.fr;07.30.81.72.06;2022-08-12;2025-12-17;ACTIF;162;162013;COM-0038;oui
CLI-02364;Énergie Conseil SAS;PRO;PME;20006016449133;83 rue du Commerce;30000;Nîmes;30189;30;Occitanie;43.8366;4.3879;contact@energieconseil.fr;+33530565721;2024-12-09;2025-07-23;INACTIF;93;108782;COM-0056;oui
CLI-00798;Mme Sophie Laurent;PART;Particulier;;172 rue de l’Industrie;73000;Chambéry;73065;73;Auvergne-Rhône-Alpes;45.5265;5.8785;sophie.laurent@courriel-demo.fr;02 01 68 81 01;2022-11-17;2023-02-09;ACTIF;;3902;COM-0025;oui
CLI-02280;M. Maxime Morin;PART;Particulier;;64 rue des Acacias;06600;Antibes;06004;06;Provence-Alpes-Côte d’Azur;43.6113;7.126;maxime.morin@courriel-demo.fr;0148863616;2024-08-22;2026-08-27;ACTIF;;3698;COM-0024;oui
CLI-01388;Cévennes Équipements SARL;PRO;Collectivité;59860549869694;80 avenue du Général Leclerc;08000;Charleville-Mézières;08105;08;Grand Est;49.7876;4.7482;contact@cevennesequipe.fr;0104521240;2024-09-17;2026-09-05;ACTIF;1;174256;COM-0046;oui
CLI-00662;Nord Ouest Maintenance SARL;PRO;TPE;91233914165232;133 avenue Jean Jaurès;08000;Charleville-Mézières;08105;08;Grand Est;49.8007;4.7341;contact@nordouestmaint.fr;01.46.51.67.04;2024-02-18;2024-08-05;ACTIF;1;258138;COM-0052;oui
CLI-00337;M. Jérôme Fontaine;PART;Particulier;;95 rue de la République;59100;Roubaix;59512;59;Hauts-de-France;50.6456;3.1404;jerome.fontaine@courriel-demo.fr;07 28 40 75 54;2021-07-04;2026-03-11;INACTIF;;664;COM-0049;oui
CLI-00515;Maritime Mobilier SA;PRO;Collectivité;75829430260296;122 rue Pasteur;13300;Salon-de-Provence;13103;13;Provence-Alpes-Côte d’Azur;43.6572;5.1244;contact@maritimemobili.fr;01.40.21.92.44;2025-01-17;2025-10-07;ACTIF;150;408200;COM-0012;oui
CLI-01676;Mme Nathalie Faure;PART;Particulier;;140 rue des Acacias;67000;Strasbourg;67482;67;Grand Est;48.5923;7.7725;nathalie.faure@courriel-demo.fr;+33435985400;2021-10-24;2024-10-15;RESILIE;;1361;COM-0051;oui
CLI-00222;Vertigo Négoce EURL;PRO;PME;58037753776853;176 rue Pasteur;84000;AVIGNON;84007;84;Provence-Alpes-Côte d’Azur;43.908;4.8242;contact;03 09 07 00 62;2026-07-06;2026-08-30;ACTIF;59;209151;COM-0022;oui
CLI-01920;Boréal Transports EURL;PRO;TPE;13619929286487;26 rue du Commerce;84000;Avignon;84007;84;Provence-Alpes-Côte d’Azur;43.9381;4.8183;contact@borealtranspor.fr;+33261401333;2017-04-21;2017-10-02;INACTIF;1;243829;COM-0021;oui
CLI-01099;Maritime Équipements SASU;PRO;Grands comptes;14177083936518;135 allée des Peupliers;49300;Cholet;49099;49;Pays de la Loire;47.0542;-0.8932;contact@maritimeequipe.fr;02 48 15 82 51;2022-08-23;2026-08-16;PROSPECT;133;582326;COM-0047;oui
CLI-00749;M. Sébastien Richard;PART;Particulier;;82 boulevard Victor Hugo;59100;Dijon;21231;21;Bourgogne-Franche-Comté;47.354;5.0592;sebastien.richard@courriel-demo.fr;04.08.98.73.92;2018-12-02;2021-02-09;PROSPECT;;1479;COM-0059;oui
CLI-00484;Énergie Négoce SAS;PRO;Grands comptes;81552014059545;152 rue des Acacias;58000;Nevers;58194;58;Bourgogne-Franche-Comté;47.0305;3.1855;contact@energienegoces.fr;0301767465;2017-09-10;2019-04-02;ACTIF;80;446529;COM-0016;oui
CLI-01767;Comptoir Agroalimentaire SA;PRO;Grands comptes;84102714204422;50 rue Pasteur;02100;Saint-Quentin;02691;02;Hauts-de-France;49.8778;3.2469;contact@comptoiragroal.fr;01.44.92.06.37;2022-11-14;2023-10-16;ACTIF;124;329972;COM-0023;oui
CLI-02265;M. Ludovic Mercier;PART;Particulier;;179 boulevard Victor Hugo;51100;REIMS;51454;51;Grand Est;49.2602;4.0406;ludovic.mercier@courriel-demo.fr;+33358242662;2025-12-28;2026-01-12;ACTIF;;1057;COM-0056;oui
CLI-02319;Atlantique Négoce SARL;PRO;Collectivité;80418197264630;9 rue du Commerce;91000;Évry-Courcouronnes;91228;91;Île-de-France;48.6695;2.4264;contact@atlantiquenego.fr;02 97 25 07 38;2024-09-25;2025-03-12;ACTIF;1;299279;COM-0058;oui
CLI-00020;Mme Marie Moreau;PART;Particulier;;48 rue de la République;83000;Toulon;83137;83;Provence-Alpes-Côte d’Azur;43.0916;5.9739;marie.moreau@courriel-demo.fr;07 77 33 60 72;2019-08-12;2020-05-07;ACTIF;;1283;COM-0009;oui
CLI-01887;M. Cédric Vincent;PART;Particulier;;86 rue du Commerce;44600;Saint-Nazaire;44184;44;Pays de la Loire;47.2905;-2.2179;cedric.vincent@courriel-demo.fr;+33383843673;2019-05-27;2021-04-02;ACTIF;;2954;COM-0003;oui
CLI-01459;Logistique Conseil SCOP;PRO;Collectivité;03343574476996;22 impasse des Lilas;14000;Caen;14118;14;Normandie;49.2025;-0.3881;contact@logistiquecons.fr;0192616138;2017-11-25;2022-04-09;RESILIE;123;-2651;COM-0028;oui
CLI-02130;Boréal Électricité SA;PRO;TPE;85841921614864;41 rue de la République;71100;Chalon-sur-Saône;71076;71;Bourgogne-Franche-Comté;46.7764;4.8804;contact@borealelectric.fr;+33601273925;2026-07-10;2026-07-18;ACTIF;1;436449;COM-0053;oui
CLI-02454;Prisme Distribution EURL;PRO;Collectivité;26122959210241;78 impasse des Lilas;02100;Saint-Quentin;02691;02;Hauts-de-France;49.8308;3.2554;contact@prismedistribu.fr;+33379026913;2016-11-09;2023-05-18;ACTIF;200;475736;COM-0023;non
CLI-01671;Provence Matériaux SCOP;PRO;Grands comptes;35757544733216;134 avenue Jean Jaurès;06000;Nice;06088;06;Provence-Alpes-Côte d’Azur;43.7515;7.2996;contact@provencemateri.fr;+33714593262;2023-12-24;2026-07-13;ACTIF;131;232256;COM-0048;oui
CLI-02366;Aurore Maintenance SAS;PRO;Collectivité;53363498999002;117 chemin des Vignes;64100;Bayonne;64102;64;Nouvelle-Aquitaine;43.4957;-1.4957;contact@auroremaintena.fr;04 23 25 15 47;2016-11-06;2021-12-22;INACTIF;73;378908;COM-0046;oui
CLI-01443;Pyrénées Matériaux SAS;PRO;TPE;67273308125162;161 chemin des Vignes;08000;Charleville-Mézières;08105;08;Grand Est;49.772;4.6862;contact@pyreneesmateri.fr;01 68 98 99 21;2020-01-16;2024-06-04;ACTIF;1;197305;COM-0035;oui
CLI-01827;Prisme Solutions SAS;PRO;Collectivité;47446418624996;175 avenue Jean Jaurès;94000;Créteil;94028;94;Île-de-France;48.7736;2.413;contact@prismesolution;+33102570360;2021-12-22;2026-01-11;PROSPECT;40;248478;COM-0041;non
CLI-01357;Distribution Agroalimentaire EURL;PRO;TPE;76599796475726;66 rue de la République;56100;Lorient;56121;56;Bretagne;47.7193;-3.4144;contact@distributionag.fr;02 42 71 43 08;2023-11-01;2025-12-11;PROSPECT;117;211309;COM-0058;oui
CLI-00706;Sillon Emballages SAS;PRO;PME;26918629044032;123 place du Marché;18000;Bourges;18033;18;Centre-Val de Loire;47.0462;2.4402;contact@sillonemballag.fr;+33196388447;2024-01-19;2025-09-16;PROSPECT;1;305563;COM-0038;non
CLI-01684;Vallée Transports SARL;PRO;TPE;14288865657531;146 boulevard Victor Hugo;13300;Salon-de-Provence;13103;13;Provence-Alpes-Côte d’Azur;43.6312;5.0593;contact@valleetranspor.fr;+33443564899;2025-04-05;2025-11-02;ACTIF;1;478885;COM-0033;oui
CLI-00740;Vertigo Mobilier SARL;PRO;Collectivité;10139465244408;56 boulevard Victor Hugo;29000;Quimper;29232;29;Bretagne;48.0051;-4.0927;contact@vertigomobilie.fr;0792412576;2023-06-18;2026-08-11;ACTIF;69;2571;COM-0043;oui
CLI-00277;Énergie Distribution SARL;PRO;Grands comptes;72862592175954;38 rue de la République;44000;Nantes;44109;44;Pays de la Loire;47.2029;-1.5031;contact@energiedistrib.fr;+33406090997;2025-10-26;2025-11-05;ACTIF;147;377528;COM-0021;oui
CLI-00819;M. Damien Dumont;PART;Particulier;;100 rue du Commerce;24000;Périgueux;24322;24;Nouvelle-Aquitaine;45.1315;0.6728;damien.dumont@courriel-demo.fr;03.59.04.06.37;2021-08-23;2023-02-17;INACTIF;;3140;COM-0019;oui
CLI-01008;M. Nicolas Rousseau;PART;Particulier;;14 rue de la République;45000;Orléans;45234;45;Centre-Val de Loire;47.9398;1.893;nicolas.rousseau@courriel-demo.fr;04.69.73.79.70;2017-10-31;2020-07-19;ACTIF;;2755;COM-0047;non
CLI-00522;Mme Élodie Morin;PART;Particulier;;130 avenue du Général Leclerc;66000;Perpignan;66136;66;Occitanie;42.6996;2.8901;elodie.morin@courriel-demo.fr;02 34 17 53 50;2024-12-22;2026-07-07;ACTIF;;368;COM-0003;oui
CLI-01711;Boréal Conseil SCOP;PRO;Collectivité;79446181265241;130 rue de l’Industrie;92130;Issy-les-Moulineaux;92040;92;Île-de-France;48.8606;2.3056;contact@borealconseils.fr;0690253092;2024-05-29;2024-10-14;ACTIF;1;144656;COM-0007;oui
CLI-02248;Atlantique Distribution SASU;PRO;PME;84936480149863;180 avenue de la Gare;01000;Bourg-en-Bresse;01053;01;Auvergne-Rhône-Alpes;46.2352;5.2629;contact@atlantiquedist.fr;01.04.21.67.98;2020-09-06;2021-12-27;ACTIF;85;150469;COM-0041;non
CLI-00014;Ateliers Maintenance SARL;PRO;Grands comptes;33297054183028;4 avenue du Général Leclerc;62100;Calais;62193;62;Hauts-de-France;50.9506;1.8183;contact@ateliersmainte.fr;0456616079;2024-10-15;2025-04-18;INACTIF;124;-42545;COM-0001;oui
CLI-00909;Belvédère Agroalimentaire SCOP;PRO;Collectivité;46942257551854;163 chemin des Vignes;84000;Avignon;84007;84;Provence-Alpes-Côte d’Azur;43.9062;4.7726;contact@belvedereagroa.fr;03 93 17 90 08;2016-12-01;2021-11-30;INACTIF;9;142697;COM-0018;oui
CLI-01935;M. Ludovic Michel;PART;Particulier;;92 avenue du Général Leclerc;22000;Saint-Brieuc;22278;22;Bretagne;48.5549;-2.7993;ludovic.michel@courriel-demo.fr;01.28.35.60.94;2015-12-09;2021-11-27;ACTIF;;1793;COM-0057;oui
CLI-00797;Mme Manon Mathieu;PART;Particulier;;150 rue Pasteur;53000;Laval;53130;53;Pays de la Loire;48.1016;-0.7689;manon.mathieu@courriel-demo.fr;+33721281302;2021-06-08;2025-02-25;ACTIF;;842;COM-0002;non
CLI-01419;Mme Sandrine Legrand;PART;Particulier;;34 route de Bordeaux;76000;Rouen;76540;76;Normandie;49.4658;1.1247;sandrine.legrand@courriel-demo.fr;05.67.64.19.31;2022-03-23;2026-06-09;INACTIF;;2921;COM-0045;oui
CLI-00007;Manufacture Emballages SAS;PRO;TPE;16848051959940;171 allée des Peupliers;65000;Tarbes;65440;65;Occitanie;43.2157;0.0898;contact@manufactureemb.fr;0306823494;2018-11-06;2021-12-20;ACTIF;177;164015;COM-0045;oui
CLI-00941;Mme Céline Thomas;PART;Particulier;;20 rue de l’Industrie;69100;Villeurbanne;69266;69;Auvergne-Rhône-Alpes;45.815;4.8564;celine.thomas@courriel-demo.fr;+33658911050;2020-01-06;2020-01-09;ACTIF;;193;COM-0040;oui
CLI-00868;M. Émile Garcia;PART;Particulier;;163 boulevard Victor Hugo;77100;Meaux;77284;77;Île-de-France;48.9366;2.8344;emile.garcia@courriel-demo.fr;0665497829;2015-10-10;2020-12-27;RESILIE;;831;COM-0057;oui
CLI-01115;M. Benoît Roux;PART;Particulier;;127 rue des Acacias;06000;Nice;06088;06;Provence-Alpes-Côte d’Azur;43.7185;7.2926;benoit.roux@courriel-demo.fr;0117874712;2025-04-09;2026-05-29;ACTIF;;253;COM-0017;oui
CLI-02267;M. Romain Morin;PART;Particulier;;164 rue de l’Industrie;95000;Cergy;95127;95;Île-de-France;49.086;2.0516;romain.morin@courriel-demo.fr;0584085281;2023-03-08;2025-05-26;ACTIF;;3617;COM-0034;oui
CLI-00760;M. Grégory Dubois;PART;Particulier;;135 avenue du Général Leclerc;44000;Nantes;44109;44;Pays de la Loire;47.2489;-1.5153;gregory.dubois@courriel-demo.fr;06.13.90.70.46;2024-04-29;2025-03-11;INACTIF;;874;COM-0029;oui
CLI-01249;Cévennes Conseil SARL;PRO;Grands comptes;15393526701052;128 rue Pasteur;57000;Metz;57463;57;Grand Est;49.1634;6.2141;contact@cevennesconsei.fr;+33710493856;2024-12-06;2025-12-22;ACTIVE;147;190873;COM-0030;non
CLI-01928;Nord Ouest Équipements SARL;PRO;TPE;81639403780457;64 rue des Acacias;31000;Toulouse;31555;31;Occitanie;43.585;1.4193;contact@nordouestequip.fr;02 57 41 65 63;2019-04-04;2022-02-20;ACTIF;164;172259;COM-0057;oui
CLI-01926;Mme Valérie Garcia;PART;Particulier;;8 rue Pasteur;44000;Nantes;44109;44;Pays de la Loire;47.2562;-1.5748;valerie.garcia@courriel-demo.fr;+33112579368;2024-05-08;2025-10-24;ACTIF;;1115;COM-0056;oui
CLI-00394;M. Jean Clément;PART;Particulier;;52 rue de la République;80000;Amiens;80021;80;Hauts-de-France;49.8487;2.313;jean.clement@courriel-demo.fr;+33230697372;2016-02-26;2017-01-08;PROSPECT;;2566;COM-0039;non
CLI-00511;Nord Ouest Transports EURL;PRO;Collectivité;29295987457330;160 rue de la République;51100;Reims;51454;51;Grand Est;49.2308;4.0359;contact@nordouesttrans.fr;06 98 24 82 26;2019-02-15;2023-07-08;ACTIF;136;131092;COM-0006;oui
CLI-01601;Manufacture Solutions SA;PRO;TPE;44570536197220;121 avenue du Général Leclerc;65000;Tarbes;65440;65;Occitanie;43.235;0.1105;contact@manufacturesol.fr;0192969424;2015-11-14;2019-08-31;A CONFIRMER;1;325487;COM-0006;oui
CLI-00342;Comptoir Négoce SASU;PRO;TPE;;32 boulevard Victor Hugo;85000;La Roche-sur-Yon;85191;85;Pays de la Loire;46.6945;-1.3855;contact@comptoirnegoce.fr;05 84 83 98 93;2022-09-29;2023-05-21;RESILIE;43;293182;COM-0002;oui
CLI-00622;M. Laurent Garnier;PART;Particulier;;30 chemin des Vignes;06400;Cannes;06029;06;Provence-Alpes-Côte d’Azur;43.591;7.0199;laurent.garnier@courriel-demo.fr;03.27.01.53.70;2025-10-11;2026-05-23;ACTIF;;2213;COM-0026;non
CLI-02236;Cévennes Matériaux SARL;PRO;Grands comptes;05184754772841;138 quai des Docks;93200;Saint-Denis;93066;93;Île-de-France;48.9764;2.3814;contact@cevennesmateri.fr;0413304929;2021-02-26;2021-08-11;ACTIF;1;262379;COM-0053;oui
CLI-00273;Tramontane Papeterie EURL;PRO;PME;30119208475335;69 rue du Commerce;49300;Cholet;49099;49;Pays de la Loire;47.0141;-0.9046;contact@tramontanepape.fr;04.58.35.22.70;2021-09-24;2025-11-05;INACTIF;233;160567;COM-0010;oui
CLI-01697;Boréal Conseil SAS;PRO;TPE;58725083233525;5 rue du Commerce;51100;Reims;51454;51;Grand Est;49.2454;4.0019;contact@borealconseils.fr;0272093278;2017-10-18;2019-07-31;ACTIF;1;396662;COM-0048;oui
CLI-02419;Provence  Bâtiment SASU;PRO;Collectivité;51228746316726;116 rue de la République;27000;Évreux;27229;27;Normandie;48.976;1.1028;contact@provencebatime.fr;0159172659;2022-02-02;2022-12-06;ACTIF;8;305799;COM-0055;oui
CLI-00347;M. Cédric Bertrand;PART;Particulier;;97 route de Bordeaux;44000;Nantes;44109;44;Pays de la Loire;47.1723;-1.5519;cedric.bertrand@courriel-demo.fr;07.70.39.73.24;2021-10-07;2023-01-31;ACTIF;;2991;COM-0060;oui
CLI-01681;Solstice Emballages SASU;PRO;PME;42967725056314;50 allée des Peupliers;33700;Mérignac;33281;33;Nouvelle-Aquitaine;44.8799;-0.6541;contact@solsticeemball.fr;06 84 74 14 36;2018-08-15;2025-10-18;ACTIF;1;269843;COM-0010;oui
CLI-02137;Mme Camille Fournier;PART;Particulier;;73 rue des Acacias;53000;Laval;53130;53;Pays de la Loire;48.0496;-0.7448;camille.fournier@courriel-demo.fr;05.45.37.64.90;2026-02-07;2026-02-07;RESILIE;;2984;COM-0001;oui
CLI-00895;Comptoir Maintenance SAS;PRO;PME;68715659371042;103 avenue du Général Leclerc;12000;Rodez;12202;12;Occitanie;44.3116;2.5571;contact@comptoirmainte.fr;05.76.51.88.48;2021-06-21;2024-08-09;ACTIF;52;222292;COM-0051;oui
CLI-02250;Escale Solutions SAS;PRO;Grands comptes;17603559004103;101 rue des Acacias;26000;Valence;26362;26;Auvergne-Rhône-Alpes;44.9759;4.9367;contact@escalesolution.fr;+33592518363;2019-08-21;2022-11-26;PROSPECT;1;134619;COM-0015;non
CLI-01871;Distribution Transports SCOP;PRO;Collectivité;32755463078074;159 boulevard Victor Hugo;92100;Boulogne-Billancourt;92012;92;Île-de-France;48.8295;2.2275;contact@distributiontr.fr;+33550529249;2019-05-02;2024-03-31;ACTIF;95;137940;COM-0044;oui
CLI-00849;Grand Large Bâtiment SASU;PRO;PME;14675006249008;61 avenue de la Gare;63000;Clermont-Ferrand;63113;63;Auvergne-Rhône-Alpes;45.7394;3.0764;contact@grandlargebati.fr;+33116652979;2023-08-16;2026-04-12;ACTIF;106;-49906;COM-0021;oui
CLI-00130;Alizé Mobilier EURL;PRO;TPE;88125886351711;145 chemin des Vignes;59100;Roubaix;59512;59;Hauts-de-France;50.6933;3.1644;contact@alizemobiliere.fr;01 82 83 34 55;2020-12-24;2024-05-05;ACTIF;78;249010;COM-0025;oui
CLI-00094;Sillon Matériaux EURL;PRO;TPE;78225793958436;16 rue du Commerce;95000;Cergy;95127;95;Île-de-France;49.0294;2.0585;contact@sillonmateriau.fr;07.95.70.00.55;2021-02-10;2022-04-01;ACTIF;37;114232;COM-0053;oui
CLI-01759;Provence Emballages SA;PRO;TPE;27484482688013;110 rue Pasteur;14000;Caen;14118;14;Normandie;49.2107;-0.3981;contact@provenceemball.fr;+33192735152;2021-03-30;2021-05-02;ACTIF;79;210345;COM-0057;oui
CLI-01317;Mme Christine Roussel;PART;Particulier;;142 rue de la République;35000;Rennes;35238;35;Bretagne;48.1354;-1.6942;christine.roussel@courriel-demo.fr;0323496418;2025-07-04;2026-05-06;ACTIF;;2145;COM-0020;oui
CLI-00012;Mme Léa Martinez;PART;Particulier;;153 quai des Docks;30000;Nîmes;30189;30;Occitanie;43.8559;4.3349;lea.martinez@courriel-demo.fr;06 81 72 48 02;2020-04-29;2023-10-01;ACTIF;;1151;COM-0044;oui
CLI-01005;Manufacture Négoce SCOP;PRO;Collectivité;13403413432691;166 rue de la République;50100;Cherbourg-en-Cotentin;50129;50;Normandie;49.6288;-1.6613;contact@manufactureneg.fr;0160471466;2021-10-19;2022-01-03;INACTIF;134;389167;COM-0040;oui
CLI-02132;M. Julien Mercier;PART;Particulier;;163 quai des Docks;01000;Bourg-en-Bresse;01053;01;Auvergne-Rhône-Alpes;46.2105;5.2422;julien.mercier@courriel-demo.fr;04.83.53.40.41;2017-03-16;2021-06-14;A CONFIRMER;;2699;COM-0010;oui
CLI-02191;Distribution Conseil SA;PRO;Grands comptes;66873797433749;145 avenue de la Gare;12000;Rodez;12202;12;Occitanie;44.3254;2.555;contact@distributionco.fr;+33223876321;2020-03-11;2023-04-06;INACTIF;131;159634;COM-0007;oui
CLI-00137;Vallée Agroalimentaire SCOP;PRO;Grands comptes;89354412829286;11 rue des Acacias;11000;Carcassonne;11069;11;Occitanie;43.2434;2.3568;contact@valleeagroalim.fr;06.13.44.04.17;2018-01-20;2023-02-07;ACTIF;1;152559;COM-0030;oui
CLI-01402;Mme Aurélie Garcia;PART;Particulier;;76 avenue de la Gare;94000;Créteil;94028;94;Île-de-France;48.8002;2.4139;aurelie.garcia@courriel-demo.fr;+33777713792;2017-12-31;2024-09-11;ACTIF;;2016;COM-0004;oui
CLI-01686;Mme Sylvie André;PART;Particulier;;142 allée des Peupliers;60000;Beauvais;60057;60;Hauts-de-France;49.4144;2.0563;sylvie.andre@courriel-demo.fr;0351071043;2018-10-25;2020-12-27;ACTIF;;1522;COM-0036;oui
CLI-00075;Mme Virginie Bonnet;PART;Particulier;;30 avenue de la Gare;35400;Saint-Malo;35288;35;Bretagne;48.6249;-2.0788;virginie.bonnet@courriel-demo.fr;+33202096942;2016-02-26;2021-02-24;ACTIF;;2017;COM-0018;oui
CLI-00615;Nord Ouest Électricité EURL;PRO;Collectivité;51278181768126;15 avenue du Général Leclerc;13200;Arles;13004;13;Provence-Alpes-Côte d’Azur;43.7219;4.6767;contact@nordouestelect.fr;0344812252;2018-07-16;2019-12-27;ACTIF;1;392917;COM-0040;non
CLI-00903;M. Julien Robin;PART;Particulier;;138 chemin des Vignes;93200;Saint-Denis;93066;93;Île-de-France;48.9622;2.3921;julien.robin@courriel-demo.fr;+33590072705;2023-09-16;2025-01-15;ACTIF;;401;COM-0024;non
CLI-00961;Provence Emballages SCOP;PRO;TPE;21536666437430;152 impasse des Lilas;10000;Niort;79191;79;Nouvelle-Aquitaine;46.3422;-0.5064;contact@provenceemball.fr;06 14 70 21 01;2015-12-14;2016-06-04;RESILIE;70;650000;COM-0037;oui
CLI-00897;M. Alain Bertrand;PART;Particulier;;47 impasse des Lilas;71100;Chalon-sur-Saône;71076;71;Bourgogne-Franche-Comté;46.7333;4.8143;alain.bertrand@courriel-demo.fr;03.92.77.37.06;2020-05-27;2021-02-01;ACTIF;;748;COM-0059;oui
CLI-00230;Atlantique Distribution SA;PRO;PME;72504321089320;140 boulevard Victor Hugo;34200;Sète;34301;34;Occitanie;43.365;3.7374;contact;0425584377;2023-08-01;2025-12-15;ACTIF;73;233403;COM-0030;oui
CLI-00830;Prisme Négoce SCOP;PRO;Grands comptes;13925806680086;108 impasse des Lilas;20200;Bastia;2B033;2B;Corse;42.7242;9.4921;contact@prismenegocesc.fr;03 26 23 04 05;2023-12-23;2025-11-16;ACTIF;27;245721;COM-0030;oui
CLI-01786;Vallée Distribution SAS;PRO;PME;89195826489448;43 avenue de la Gare;38000;Grenoble;38185;38;Auvergne-Rhône-Alpes;45.1525;5.6751;contact@valleedistribu.fr;+33413732043;2017-04-15;2022-09-01;ACTIF;1;107153;COM-0018;oui
CLI-01011;Mme Karine Guérin;PART;Particulier;;175 avenue de la Gare;67000;Strasbourg;67482;67;Grand Est;48.609;7.7911;karine.guerin@courriel-demo.fr;06 61 08 10 14;2021-04-08;2024-12-13;ACTIF;;3594;COM-0020;oui
CLI-01260;Mme Delphine Morel;PART;Particulier;;36 place du Marché;20200;Bastia;2B033;2B;Corse;42.6668;9.4159;delphine.morel@courriel-demo.fr;+33294568438;2017-03-12;2024-02-16;ACTIF;;3221;COM-0048;oui
CLI-00650;Pyrénées Bâtiment SASU;PRO;PME;33963664472132;164 rue de l’Industrie;83000;Toulon;83137;83;Provence-Alpes-Côte d’Azur;43.1467;5.9762;contact@pyreneesbatime.fr;01.85.79.13.21;2024-11-17;2025-11-25;ACTIF;53;473378;COM-0023;oui
CLI-01187;Atlantique Transports SCOP;PRO;Collectivité;30436762989325;119 rue des Acacias;31000;Toulouse;31555;31;Occitanie;43.6419;1.4734;contact@atlantiquetran.fr;04.96.34.60.47;2017-05-31;2017-10-06;ACTIF;3;274327;COM-0054;oui
CLI-00975;Horizon Maintenance SA;PRO;TPE;77212727642430;156 route de Bordeaux;49000;Angers;49007;49;Pays de la Loire;47.4842;-0.5624;contact@horizonmainten.fr;07.56.94.57.07;2023-07-13;2024-04-07;ACTIF;177;498210;COM-0016;non
CLI-01084;Tramontane Papeterie SA;PRO;Collectivité;44250925941727;76 rue Pasteur;92130;Issy-les-Moulineaux;92040;92;Île-de-France;48.8359;2.2682;contact@tramontanepape.fr;02.06.09.10.21;2022-06-08;2024-12-15;ACTIF;1;339343;COM-0046;oui
CLI-00187;Aurore Maintenance EURL;PRO;PME;00209070575363;64 route de Bordeaux;41000;Blois;41018;41;Centre-Val de Loire;47.5574;1.3251;contact@auroremaintena.fr;06 79 92 48 77;2017-05-11;2023-02-10;ACTIF;165;319184;COM-0048;oui
CLI-02352;Cristal Emballages EURL;PRO;Collectivité;53819797872743;117 chemin des Vignes;64100;Bayonne;64102;64;Nouvelle-Aquitaine;43.4665;-1.4561;contact@cristalemballa.fr;07.99.55.98.19;2017-11-13;2018-07-20;ACTIF;45;51707;COM-0042;oui
CLI-00325;M. Antoine Richard;PART;Particulier;;123 impasse des Lilas;84000;Avignon;84007;84;Provence-Alpes-Côte d’Azur;43.9844;4.7922;antoine.richard@courriel-demo.fr;03.33.52.94.62;2016-11-25;2021-08-04;PROSPECT;;3209;COM-0047;oui
CLI-01529;M. Vincent Fournier;PART;Particulier;;60 place du Marché;92130;Issy-les-Moulineaux;92040;92;Île-de-France;48.8563;2.2586;vincent.fournier@courriel-demo.fr;05.17.49.21.22;2016-02-27;2017-09-14;RESILIE;;770;COM-0058;oui
CLI-00135;Grand Large Distribution SAS;PRO;PME;28893078767147;113 place du Marché;16000;Angoulême;16015;16;Nouvelle-Aquitaine;45.6226;0.1932;contact@grandlargedist.fr;01.01.86.32.60;2026-06-29;2026-09-10;INACTIF;8;463554;COM-0029;oui
CLI-00267;M. Sébastien Michel;PART;Particulier;;71 impasse des Lilas;93100;Montreuil;93048;93;Île-de-France;48.8122;2.4896;sebastien.michel@courriel-demo.fr;05 42 52 59 40;2020-08-16;2025-10-23;ACTIF;;3648;COM-0011;oui
CLI-01116;Nord Ouest Mobilier SAS;PRO;PME;09526303299291;23 avenue de la Gare;71100;Lorient;56121;56;Bretagne;47.768;-3.4019;contact@nordouestmobil.fr;05.93.70.64.86;2018-05-29;2025-09-06;PROSPECT;37;258903;COM-0019;oui
CLI-00093;M. Julien Moreau;PART;Particulier;;121 chemin des Vignes;79000;Niort;79191;79;Nouvelle-Aquitaine;46.3506;-0.4749;julien.moreau@courriel-demo.fr;02 83 31 94 63;2026-03-02;2026-06-24;ACTIF;;929;COM-0024;oui
CLI-00644;Mme Valérie Bertrand;PART;Particulier;;48 rue du Commerce;76600;Le Havre;76351;76;Normandie;49.4635;0.1122;valerie.bertrand@courriel-demo.fr;03 12 74 95 20;2021-12-15;2022-04-29;ACTIF;;3733;COM-0041;oui
CLI-01326;Aurore Électricité SAS;PRO;TPE;94028234503462;90 avenue du Général Leclerc;18000;Bourges;18033;18;Centre-Val de Loire;47.1248;2.433;contact@auroreelectric.fr;+33414875385;2023-01-07;2023-11-27;ACTIF;84;365442;COM-0051;oui
CLI-00994;Mme Marie Dubois;PART;Particulier;;126 boulevard Victor Hugo;56000;Vannes;56260;56;Bretagne;47.6761;-2.8055;marie.dubois@courriel-demo.fr;03.83.62.25.61;2017-03-06;2026-08-30;INACTIF;;3873;COM-0003;oui
CLI-00855;M. Antoine Martin;PART;Particulier;;44 avenue de la Gare;13300;Salon-de-Provence;13103;13;Provence-Alpes-Côte d’Azur;43.6153;5.1489;antoine.martin@courriel-demo.fr;07.07.87.99.86;2020-12-04;2021-10-23;ACTIF;;2558;COM-0042;oui
CLI-00789;Grand Large Transports SAS;PRO;Collectivité;55480579744396;28 boulevard Victor Hugo;34500;Béziers;34032;34;Occitanie;43.2945;3.1705;contact@grandlargetran.fr;01 73 10 37 04;2024-05-21;2024-10-16;ACTIF;133;284792;COM-0014;non
CLI-01138;M. Fabien Laurent;PART;Particulier;;106 avenue Jean Jaurès;93200;Saint-Denis;93066;93;Île-de-France;48.9781;2.3967;fabien.laurent@courriel-demo.fr;+33108976019;2017-08-22;2017-09-16;ACTIF;;2518;COM-0011;non
CLI-02194;Mme Manon Perrin;PART;Particulier;;87 impasse des Lilas;83600;Fréjus;83061;83;Provence-Alpes-Côte d’Azur;43.4655;6.7416;manon.perrin@courriel-demo.fr;02 49 39 56 75;2024-02-29;2025-02-19;ACTIF;;795;COM-0016;oui
CLI-01815;Mme Manon Perrin;PART;Particulier;;8 rue des Acacias;13100;Aix-En-Provence;13001;13;Provence-Alpes-Côte d’Azur;43.5719;5.496;manon.perrin@courriel-demo.fr;+33687776004;2017-07-14;2018-04-15;RESILIE;;2212;COM-0016;non
CLI-01931;M. Romain Robin;PART;Particulier;;89 rue de la République;14000;Caen;14118;14;Normandie;49.1547;-0.3654;romain.robin@courriel-demo.fr;0572115624;2024-02-20;2025-02-20;ACTIF;;2690;COM-0003;oui
CLI-00959;Cristal Équipements SARL;PRO;PME;74243247467649;167 rue des Acacias;95000;Cergy;95127;95;Île-de-France;49.0058;2.1034;contact@cristalequipem.fr;0361119537;2020-06-10;2025-01-03;ACTIF;1;130051;COM-0049;oui
CLI-01108;Horizon Bâtiment SCOP;PRO;Collectivité;37372633947555;105 rue du Commerce;58000;Nevers;58194;58;Bourgogne-Franche-Comté;47.0015;3.2086;contact@horizonbatimen.fr;+33277750106;2020-10-14;2021-11-27;INACTIF;127;222840;COM-0016;oui
CLI-02014;Tramontane Négoce SAS;PRO;Grands comptes;32358234873269;169 rue des Acacias;38000;Grenoble;38185;38;Auvergne-Rhône-Alpes;45.2184;5.7299;contact@tramontanenego.fr;06.84.30.74.43;2019-04-06;2026-07-28;ACTIF;65;326917;COM-0018;oui
CLI-00360;Horizon Bâtiment SASU;PRO;PME;09489871449723;137 place du Marché;08000;Charleville-Mézières;08105;08;Grand Est;49.7668;4.7321;contact@horizonbatimen.fr;04.57.44.80.63;2016-10-26;2025-08-03;ACTIF;1;334534;COM-0009;oui
CLI-00374;Prisme Équipements SASU;PRO;Collectivité;02580700014299;153 rue du Commerce;63000;Clermont-Ferrand;63113;63;Auvergne-Rhône-Alpes;45.7895;3.0941;contact@prismeequipeme.fr;03 33 82 21 14;2024-04-02;2024-04-02;PROSPECT;94;138463;COM-0055;oui
CLI-01431;Pyrénées Négoce SASU;PRO;TPE;31398242371212;163 boulevard Victor Hugo;28000;Chartres;28085;28;Centre-Val de Loire;48.4352;1.4516;contact@pyreneesnegoce.fr;0452781137;2017-07-24;2018-02-09;ACTIF;1;149535;COM-0055;oui
CLI-01414;Services Maintenance SASU;PRO;Collectivité;45493178522872;174 allée des Peupliers;79000;Niort;79191;79;Nouvelle-Aquitaine;46.2957;-0.4672;contact@servicesmainte.fr;01.45.02.76.95;2024-05-06;2024-05-06;ACTIF;9;56349;COM-0019;oui
CLI-01032;M. Benoît Petit;PART;Particulier;;21 rue de la République;20200;Bastia;2B033;2B;Corse;42.703;9.4184;benoit.petit@courriel-demo.fr;+33377640970;2019-03-23;2019-06-30;ACTIF;;590;COM-0059;oui
CLI-00167;Logistique Distribution SCOP;PRO;TPE;77177238861177;67 route de Bordeaux;37000;Tours;37261;37;Centre-Val de Loire;47.3402;0.6745;contact@logistiquedist.fr;+33296721471;2019-04-24;2026-07-21;INACTIF;155;98354;COM-0001;oui
CLI-00723;Nord Ouest Papeterie SCOP;PRO;Collectivité;63326510070450;130 avenue de la Gare;50100;Cherbourg-en-Cotentin;50129;50;Normandie;49.6841;-1.592;contact@nordouestpapet.fr;0120921539;2021-01-23;2022-03-25;ACTIF;59;479206;COM-0055;oui
CLI-00109;Services Industries SCOP;PRO;Collectivité;15415971073374;91 quai des Docks;44600;Saint-Nazaire;44184;44;Pays de la Loire;47.246;-2.1882;contact@servicesindust.fr;02.40.90.35.17;2026-03-17;2026-04-02;PROSPECT;152;315139;COM-0055;oui
CLI-01640;Mme Pauline Morin;PART;Particulier;;115 avenue de la Gare;92000;Nanterre;92050;92;Île-de-France;48.928;2.2034;pauline.morin@courriel-demo.fr;02.93.04.66.65;2021-11-23;2023-04-11;ACTIF;;2510;COM-0016;oui
CLI-02417;Vallée Électricité SAS;PRO;TPE;88605960420569;166 route de Bordeaux;54000;Nancy;54395;54;Grand Est;48.739;6.2117;contact@valleeelectric.fr;+33397470076;2019-06-14;2026-04-13;ACTIF;101;123933;COM-0036;non
CLI-01658;Mme Christine Lambert;PART;Particulier;;99 allée des Peupliers;49300;Cholet;49099;49;Pays de la Loire;47.022;-0.9294;christine.lambert@courriel-demo.fr;04.95.98.87.61;2017-04-26;2020-12-15;ACTIF;;3975;COM-0034;oui
CLI-01297;Escale Agroalimentaire SAS;PRO;PME;86877961459156;10 avenue Jean Jaurès;21000;Dijon;21231;21;Bourgogne-Franche-Comté;47.3157;5.0691;contact@escaleagroalim.fr;05 42 71 22 15;2021-12-08;2022-02-21;ACTIF;1;81996;COM-0036;oui
CLI-01848;Pyrénées Maintenance SCOP;PRO;Grands comptes;33622631084343;13 place du Marché;38000;Grenoble;38185;38;Auvergne-Rhône-Alpes;45.2205;5.768;contact@pyreneesmainte.fr;05.95.27.18.84;2021-11-30;2026-06-06;ACTIF;1;289608;COM-0042;non
CLI-01866;Logistique Mobilier SAS;PRO;Collectivité;47736623654059;21 chemin des Vignes;81000;Albi;81004;81;Occitanie;43.9664;2.1084;contact@logistiquemobi.fr;+33622461875;2026-07-27;2026-08-18;ACTIF;131;344934;COM-0037;non
CLI-01217;Escale Agroalimentaire EURL;PRO;PME;16424438309575;89 rue de la République;84000;Avignon;84007;84;Provence-Alpes-Côte d’Azur;43.9668;4.7853;contact@escaleagroalim.fr;0206013877;2022-01-02;2022-06-25;RESILIE;186;192051;COM-0021;oui
CLI-00981;Nord Ouest Transports SA;PRO;Grands comptes;12046666751887;129 avenue du Général Leclerc;93200;Saint-Denis;93066;93;Île-de-France;48.9278;2.3783;contact@nordouesttrans.fr;0743548709;2016-08-26;2022-09-28;ACTIF;54;192525;COM-0002;oui
CLI-00006;Vertigo Distribution EURL;PRO;Collectivité;84005635700350;113 rue des Acacias;79000;Niort;79191;79;Nouvelle-Aquitaine;46.2862;-0.4653;contact@vertigodistrib.fr;+33207355584;2025-03-27;2026-01-31;ACTIF;250;10611;COM-0049;oui
CLI-00001;Mme Isabelle Robert;PART;Particulier;;75 place du Marché;20000;AJACCIO;2A004;2A;Corse;41.8804;8.7186;isabelle.robert@courriel-demo.fr;02.03.75.72.43;2019-05-22;2026-08-23;ACTIF;;757;COM-0035;non
CLI-00492;Ateliers Agroalimentaire SAS;PRO;Grands comptes;19640257733863;110 avenue de la Gare;64100;Bayonne;64102;64;Nouvelle-Aquitaine;43.5358;-1.4427;contact@ateliersagroal.fr;+33501586858;2025-09-05;2026-08-04;ACTIF;78;271015;COM-0053;oui
CLI-01383;Énergie Mobilier SASU;PRO;TPE;08725317619160;179 boulevard Victor Hugo;18000;Bourges;18033;18;Centre-Val de Loire;47.1105;2.373;contact@energiemobilie.fr;0144247859;2025-05-01;2025-06-16;ACTIF;111;426048;COM-0006;non
CLI-00519;Aurore Maintenance SAS;PRO;Collectivité;58752332981808;49 place du Marché;18000;Bourges;18033;18;Centre-Val de Loire;47.127;2.3524;contact@auroremaintena.fr;06 22 00 13 45;2017-01-19;2023-12-16;ACTIF;1;149165;COM-0031;oui
CLI-02176;Horizon Électricité SA;PRO;Collectivité;35105540676382;162 avenue du Général Leclerc;85000;Lorient;56121;56;Bretagne;47.7159;-3.3229;contact;0429643185;2018-04-15;2026-04-09;actif;1;191982;COM-0034;oui
CLI-02480;Mme Léa Leroy;PART;Particulier;;164 chemin des Vignes;37000;Tours;37261;37;Centre-Val de Loire;47.439;0.6536;lea.leroy@courriel-demo.fr;02 41 11 65 96;2024-12-23;2025-01-05;ACTIF;;2251;COM-0003;oui
CLI-01816;Provence Conseil SCOP;PRO;Grands comptes;41270900710728;56 avenue de la Gare;92000;Nanterre;92050;92;Île-de-France;48.8756;2.2185;contact@provenceconsei.fr;+33784861903;2025-03-01;2026-04-19;ACTIF;76;421506;COM-0050;oui
CLI-01387;Distribution Conseil SAS;PRO;TPE;24103885217863;123 boulevard Victor Hugo;06130;Grasse;06069;06;Provence-Alpes-Côte d’Azur;43.6253;6.908;contact@distributionco.fr;0436081848;2024-03-18;2026-07-12;INACTIF;56;15693;COM-0036;oui
CLI-00226;Services Matériaux SARL;PRO;PME;64816837129687;178 avenue du Général Leclerc;26000;Valence;26362;26;Auvergne-Rhône-Alpes;44.8937;4.9271;contact@servicesmateri.fr;0301672666;2021-12-14;2022-04-06;ACTIF;203;398907;COM-0019;non
CLI-01660;Mme Chloé Gauthier;PART;Particulier;;140 avenue du Général Leclerc;17000;La Rochelle;17300;17;Nouvelle-Aquitaine;46.1478;-1.188;chloe.gauthier@courriel-demo.fr;+33414928731;2017-07-11;2026-07-30;ACTIF;;3327;COM-0048;oui
CLI-01717;Manufacture Distribution EURL;PRO;Collectivité;14993849242250;113 rue de la République;06400;Cannes;06029;06;Provence-Alpes-Côte d’Azur;43.52;6.9707;contact@manufacturedis.fr;04 10 68 46 10;2023-10-12;2023-10-17;RESILIE;15;414998;COM-0013;oui
CLI-01449;Mme Lucie Vincent;PART;Particulier;;20 avenue Jean Jaurès;34500;Béziers;34032;34;Occitanie;43.3861;3.1823;lucie.vincent@courriel-demo.fr;+33305531416;2017-03-10;2021-07-15;ACTIF;;3113;COM-0022;oui
CLI-00162;Horizon Transports SARL;PRO;TPE;70058086189032;45 route de Bordeaux;24000;Mulhouse;68224;68;Grand Est;47.7634;7.3359;contact@horizontranspo.fr;0427509008;2022-10-27;2024-03-05;PROSPECT;134;121655;COM-0060;oui
CLI-01070;Logistique Négoce SCOP;PRO;PME;02281933933309;89 rue des Acacias;59140;Dunkerque;59183;59;Hauts-de-France;51.0483;2.3358;contact@logistiquenego.fr;04 60 07 78 29;2023-11-24;2024-01-07;ACTIF;304;305666;COM-0031;oui
CLI-02110;Énergie Négoce SCOP;PRO;Collectivité;26730950722762;120 route de Bordeaux;71100;Chalon-sur-Saône;71076;71;Bourgogne-Franche-Comté;46.7339;4.8393;contact@energienegoces.fr;+33246443249;2015-10-13;2019-06-23;ACTIF;164;375924;COM-0038;oui
CLI-01781;Belvédère Emballages SAS;PRO;TPE;77196603407684;16 avenue de la Gare;64000;Pau;64445;64;Nouvelle-Aquitaine;43.3352;-0.35;contact@belvedereembal.fr;03.34.84.61.48;2018-05-31;2020-02-15;ACTIF;131;314861;COM-0052;oui
CLI-02200;Prisme Bâtiment SASU;PRO;Collectivité;73973661838279;90 avenue de la Gare;79000;NIORT;79191;79;Nouvelle-Aquitaine;46.3441;-0.4941;contact@prismebatiment.fr;0607762984;2018-06-05;2019-10-21;ACTIF;31;91009;COM-0038;non
CLI-00097;Vertigo Papeterie SCOP;PRO;Grands comptes;84542938753982;165 allée des Peupliers;92000;Nanterre;92050;92;Île-de-France;48.8679;2.2444;contact@vertigopapeter.fr;0584117400;2024-05-25;2026-01-11;ACTIF;102;117443;COM-0040;oui
CLI-01789;M. Ludovic David;PART;Particulier;;44 boulevard Victor Hugo;13001;Marseille;13055;13;Provence-Alpes-Côte d’Azur;43.2514;5.3767;ludovic.david@courriel-demo.fr;04.09.23.69.11;2015-10-04;2019-06-13;ACTIF;;766;COM-0010;oui
CLI-02113;M. Antoine Richard;PART;Particulier;;64 avenue de la Gare;68100;Mulhouse;68224;68;Grand Est;47.7054;7.3019;antoine.richard@courriel-demo.fr;07.68.77.14.08;2020-02-16;2020-08-21;ACTIF;;3873;COM-0055;oui
CLI-01350;Atlantique Transports SARL;PRO;Collectivité;70914512570266;131 rue du Commerce;50100;Cherbourg-en-Cotentin;50129;50;Normandie;49.653;-1.576;contact@atlantiquetran.fr;07.58.03.65.23;2026-08-07;2026-08-11;ACTIF;42;97734;COM-0057;oui
CLI-02387;Tramontane Mobilier SASU;PRO;PME;22866082282418;163 boulevard Victor Hugo;02100;Saint-Quentin;02691;02;Hauts-de-France;49.8459;3.3329;contact@tramontanemobi;05 04 78 40 14;2018-08-14;2019-04-22;ACTIF;1;170166;COM-0004;oui
CLI-01947;Horizon Distribution SAS;PRO;TPE;45338305044123;45 impasse des Lilas;92000;Nanterre;92050;92;Île-de-France;48.8853;2.1551;contact@horizondistrib.fr;05 70 35 72 27;2021-02-17;2024-09-07;ACTIF;178;78347;COM-0024;oui
CLI-01200;Mme Sandrine Perrin;PART;Particulier;;36 place du Marché;12000;Rodez;12202;12;Occitanie;44.3229;2.567;sandrine.perrin@courriel-demo.fr;0736433599;2021-03-12;2024-07-08;ACTIF;;1151;COM-0026;non
CLI-00837;Provence Distribution SASU;PRO;Collectivité;22855968386752;115 place du Marché;90000;Belfort;90010;90;Bourgogne-Franche-Comté;47.6085;6.8988;contact@provencedistri.fr;0180488720;2025-01-14;2026-08-20;ACTIF;101;171647;COM-0013;oui
CLI-01617;Distribution Solutions SA;PRO;Grands comptes;38513904031451;87 boulevard Victor Hugo;83600;Fréjus;83061;83;Provence-Alpes-Côte d’Azur;43.396;6.6997;contact@distributionso.fr;03 55 48 17 16;2020-07-28;2023-03-25;ACTIF;198;194619;COM-0033;oui
CLI-00184;Belvédère Papeterie SAS;PRO;Grands comptes;28579139447940;6 avenue de la Gare;72000;Cannes;06029;06;Provence-Alpes-Côte d’Azur;43.5697;7.0656;contact@belvederepapet.fr;+33335272515;2025-12-30;2026-01-27;ACTIF;57;343878;COM-0008;oui
CLI-02077; M. Guillaume Roux;PART;Particulier;;28 place du Marché;22000;Saint-Brieuc;22278;22;Bretagne;48.4644;-2.8098;guillaume.roux@courriel-demo.fr;0700975581;2021-04-26;2023-12-31;ACTIF;;3270;COM-0055;oui
CLI-02085;Comptoir Bâtiment EURL;PRO;TPE;74123511674153;110 rue de l’Industrie;87000;Limoges;87085;87;Nouvelle-Aquitaine;45.8066;1.2575;contact@comptoirbatime.fr;0284426743;2017-04-20;2019-08-07;ACTIF;95;310419;COM-0027;oui
CLI-02389;Tramontane Électricité SA;PRO;PME;83274129460768;138 rue de l’Industrie;30000;Nîmes;30189;30;Occitanie;43.8447;4.3965;contact@tramontaneelec.fr;0710790732;2023-09-01;2025-10-24;ACTIF;91;379427;COM-0046;oui
CLI-00213;Prisme Emballages SA;PRO;Collectivité;14449415213252;23 rue Pasteur;74000;Annecy;74010;74;Auvergne-Rhône-Alpes;45.9024;6.1655;contact@prismeemballag.fr;05 45 45 65 98;2018-11-29;2023-12-26;ACTIF;1;97701;COM-0024;oui
CLI-00367;Grand Large Bâtiment SCOP;PRO;PME;41944693335163;178 rue du Commerce;76000;Rouen;76540;76;Normandie;49.4648;1.0817;contact@grandlargebati.fr;07 67 08 97 90;2021-06-20;2024-07-12;ACTIF;136;192487;COM-0034;oui
CLI-00734;Mme Sarah François;PART;Particulier;;37 rue Pasteur;50100;Cherbourg-en-Cotentin;50129;50;Normandie;49.6509;-1.5763;sarah.francois@courriel-demo.fr;+33785527676;2020-02-22;2022-06-05;INACTIF;;3411;COM-0042;oui
CLI-01625;Alizé Agroalimentaire SASU;PRO;Grands comptes;09570063508871;97 place du Marché;33000;Bordeaux;33063;33;Nouvelle-Aquitaine;44.867;-0.6049;contact@alizeagroalime.fr;0209287200;2022-10-07;2026-01-12;ACTIF;48;294572;COM-0034;oui
CLI-02351;Mme Karine Chevalier;PART;Particulier;;136 allée des Peupliers;45000;ORLÉANS;45234;45;Centre-Val de Loire;47.9404;1.8785;karine.chevalier@courriel-demo.fr;06.97.76.42.40;2024-08-05;2026-01-23;PROSPECT;;755;COM-0059;oui
CLI-01853;Mme Valérie François;PART;Particulier;;175 rue Pasteur;65000;Tarbes;65440;65;Occitanie;43.2182;0.0955;valerie.francois@courriel-demo.fr;0480244605;2025-05-29;2025-12-03;ACTIF;;2240;COM-0043;oui
CLI-01518;Prisme Distribution SARL;PRO;Collectivité;01489492423594;168 route de Bordeaux;79000;Niort;79191;79;Nouvelle-Aquitaine;46.3415;-0.4269;contact@prismedistribu.fr;03 68 38 35 95;2023-09-09;2024-09-30;PROSPECT;304;153320;COM-0024;oui
CLI-00791;Distribution Papeterie EURL;PRO;PME;01463955188936;129 quai des Docks;34000;Montpellier;34172;34;Occitanie;43.5762;3.8637;contact@distributionpa.fr;07 16 22 34 49;2016-06-04;2021-08-15;ACTIF;136;287884;COM-0008;oui
CLI-00913;Nord Ouest Transports EURL;PRO;Collectivité;08105986468053;56 avenue Jean Jaurès;95000;Cergy;95127;95;Île-de-France;49.0289;2.0504;contact@nordouesttrans.fr;0166914433;2023-07-03;2024-06-09;PROSPECT;1;299535;COM-0055;non
CLI-02399;Boréal Équipements SA;PRO;Collectivité;73744405736104;70 rue de l’Industrie;13001;Marseille;13055;13;Provence-Alpes-Côte d’Azur;43.3146;5.3816;contact@borealequipeme.fr;+33511013691;2024-08-23;2024-08-23;ACTIF;87;260530;COM-0015;oui
CLI-00893;Escale Emballages SARL;PRO;Grands comptes;36491757688762;32 rue de la République;77100;Meaux;77284;77;Île-de-France;48.9349;2.9192;contact@escaleemballag.fr;01 74 20 26 24;2019-01-08;2021-07-03;ACTIF;4;77446;COM-0003;oui
CLI-00632;Solstice Solutions SAS;PRO;TPE;24267326295161;56 rue du Commerce;77100;Meaux;77284;77;Île-de-France;48.9956;2.8548;contact@solsticesoluti.fr;04.49.98.95.34;2023-12-21;2026-04-27;INACTIF;1;372826;COM-0049;non
CLI-01533;M. Sébastien Martin;PART;Particulier;;70 rue des Acacias;42000;Saint-Étienne;42218;42;Auvergne-Rhône-Alpes;45.4813;4.39;sebastien.martin@courriel-demo.fr;05.09.60.91.72;2024-04-07;2025-02-21;ACTIF;;151;COM-0050;oui
CLI-00578;Belvédère Solutions EURL;PRO;PME;02362676821308;146 rue de l’Industrie;20200;Bastia;2B033;2B;Corse;42.662;9.4773;contact@belvederesolut.fr;07 71 54 56 67;2025-03-18;2025-08-17;ACTIF;11;145847;COM-0055;oui
CLI-00971;Distribution Industries SCOP;PRO;PME;06586921708501;107 chemin des Vignes;45000;Orléans;45234;45;Centre-Val de Loire;47.9278;1.8868;contact@distributionin.fr;+33308010201;2016-03-20;2022-08-02;ACTIF;9;42194;COM-0003;oui
CLI-02407;Services Bâtiment EURL;PRO;Collectivité;71483069129178;11 impasse des Lilas;36000;Châteauroux;36044;36;Centre-Val de Loire;46.8042;1.7027;contact@servicesbatime.fr;0790096948;2022-06-27;2025-03-10;RESILIE;1;517813;COM-0023;oui
CLI-00356; Prisme Transports SAS;PRO;Grands comptes;90835525240574;134 avenue du Général Leclerc;63000;Clermont-Ferrand;63113;63;Auvergne-Rhône-Alpes;45.7373;3.0467;contact@prismetranspor.fr;+33617064828;2023-02-27;2024-11-08;ACTIF;59;-188665;COM-0051;oui
CLI-01528;Boréal Emballages SCOP;PRO;Collectivité;62061192574195;2 rue de la République;68000;Colmar;68066;68;Grand Est;48.0769;7.32;contact@borealemballag.fr;06.38.23.85.70;2024-04-01;2025-04-26;ACTIF;49;325561;COM-0042;oui
CLI-01898;Boréal Solutions SCOP;PRO;Grands comptes;78540326049451;106 route de Bordeaux;92000;Nanterre;92050;92;Île-de-France;48.9379;2.1608;contact@borealsolution.fr;+33284585293;2026-06-10;2026-07-27;INACTIF;1;149210;COM-0050;oui
CLI-01967;Escale Industries EURL;PRO;Collectivité;71971624671096;37 rue des Acacias;82000;montauban;82121;82;Occitanie;44.0417;1.3338;contact@escaleindustri.fr;01 98 67 39 12;2016-05-25;2021-04-14;ACTIF;114;233997;COM-0011;oui
CLI-01497;Horizon Industries EURL;PRO;TPE;40849108523399;64 avenue du Général Leclerc;51100;Reims;51454;51;Grand Est;49.288;4.0272;contact@horizonindustr.fr;05 24 47 44 04;2024-10-07;2026-06-25;ACTIF;161;74471;COM-0001;oui
CLI-01301;Aurore Négoce EURL;PRO;Grands comptes;88182725341706;103 place du Marché;73000;Chambéry;73065;73;Auvergne-Rhône-Alpes;45.5416;5.8799;contact@aurorenegoceeu.fr;0194467168;2024-06-29;2026-06-16;ACTIF;124;167188;COM-0004;non
CLI-01158;Vertigo Mobilier SASU;PRO;TPE;99061898540515;48 rue des Acacias;89000;Auxerre;89024;89;Bourgogne-Franche-Comté;47.832;3.6087;contact@vertigomobilie.fr;01.71.53.13.21;2024-09-05;2025-11-22;ACTIF;151;28460;COM-0048;oui
CLI-02498;Mme Laure Fontaine;PART;Particulier;;4 chemin des Vignes;71100;Chalon-sur-Saône;71076;71;Bourgogne-Franche-Comté;46.8237;4.8806;laure.fontaine@courriel-demo.fr;04 53 64 38 02;2020-01-25;2021-10-08;A CONFIRMER;;2014;COM-0002;oui
CLI-00362;Atlantique Distribution SARL;PRO;TPE;77357831972909;42 avenue du Général Leclerc;94000;Créteil;94028;94;Île-de-France;48.7908;2.4569;contact@atlantiquedist.fr;04 47 75 76 98;2019-11-04;2023-08-19;ACTIF;81;99730;COM-0041;oui
CLI-01124;Mme Lucie Lefèvre;PART;Particulier;;57 route de Bordeaux;51100;Reims;51454;51;Grand Est;49.3051;4.0055;lucie.lefevre@courriel-demo.fr;0159311528;2023-10-04;2025-01-10;RESILIE;;875;COM-0041;oui
CLI-00813;Grand Large Conseil SARL;PRO;TPE;15003042979515;177 impasse des Lilas;17000;La Rochelle;17300;17;Nouvelle-Aquitaine;46.1159;-1.1055;contact@grandlargecons.fr;0144961966;2021-12-25;2026-04-29;ACTIF;42;97693;COM-0050;non
CLI-00243;Atlantique Négoce SARL;PRO;Grands comptes;18423815915762;160 place du Marché;37000;TOURS;37261;37;Centre-Val de Loire;47.402;0.699;contact@atlantiquenego.fr;03.30.74.99.42;2025-02-04;2026-06-29;ACTIF;1;480693;COM-0045;oui
CLI-02481;Maritime Transports SCOP;PRO;Grands comptes;85966065191095;169 chemin des Vignes;72000;Le Mans;72181;72;Pays de la Loire;48.0263;0.1985;contact@maritimetransp.fr;0564606789;2024-01-07;2025-10-23;ACTIF;1;94568;COM-0004;oui
CLI-02247;Comptoir Transports SCOP;PRO;TPE;30602678576661;80 avenue du Général Leclerc;84000;Avignon;84007;84;Provence-Alpes-Côte d’Azur;43.9349;4.8015;contact@comptoirtransp.fr;03.15.12.44.54;2020-04-06;2022-07-11;ACTIF;84;-59530;COM-0007;non
CLI-02287;Vallée Électricité SA;PRO;Collectivité;82471007098630;44 rue de la République;82000;Montauban;82121;82;Occitanie;44.0554;1.3814;contact@valleeelectric.fr;0527526704;2023-03-08;2025-03-10;ACTIF;1;338666;COM-0027;non
CLI-02138;Belvédère Matériaux SA;PRO;PME;59057944224292;134 impasse des Lilas;12000;Rodez;12202;12;Occitanie;44.3339;2.5454;contact@belvederemater.fr;+33657608975;2018-04-12;2023-07-21;ACTIF;129;344771;COM-0009;oui
CLI-00884;Atlantique Distribution SASU;PRO;Collectivité;;118 allée des Peupliers;68000;Colmar;68066;68;Grand Est;48.0406;7.35;contact@atlantiquedist;+33792212297;2026-02-12;2026-04-09;INACTIF;1;250433;COM-0033;non
CLI-00179;Comptoir Équipements SA;PRO;PME;51613023818313;158 rue des Acacias;42300;Roanne;42187;42;Auvergne-Rhône-Alpes;46.0244;4.1136;contact@comptoirequipe.fr;0397877246;2018-10-06;2026-03-05;ACTIF;62;409009;COM-0008;non
CLI-00921;Maritime Transports SARL;PRO;Collectivité;89188186545703;142 rue de l’Industrie;49000;Angers;49007;49;Pays de la Loire;47.421;-0.5616;contact@maritimetransp.fr;07 41 27 77 05;2022-09-05;2025-11-02;PROSPECT;171;275087;COM-0030;oui
CLI-00138;Vertigo Industries SCOP;PRO;PME;61136325867022;106 rue de l’Industrie;42300;Roanne;42187;42;Auvergne-Rhône-Alpes;46.0546;4.0565;contact@vertigoindustr.fr;02.30.26.44.22;2020-11-09;2026-04-20;ACTIF;1;291480;COM-0032;oui
CLI-00574;M. Romain David;PART;Particulier;;36 rue des Acacias;80000;Amiens;80021;80;Hauts-de-France;49.84;2.3188;romain.david@courriel-demo.fr;05 48 41 00 73;2015-11-05;2024-06-07;ACTIF;;1191;COM-0015;oui
CLI-00463;Mme Chloé Bonnet;PART;Particulier;;67 route de Bordeaux;69001;Lyon;69123;69;Auvergne-Rhône-Alpes;45.7291;4.8114;chloe.bonnet@courriel-demo.fr;02 47 10 92 54;2022-03-02;2025-11-29;ACTIF;;1611;COM-0013;oui
CLI-00053;Tramontane Conseil SCOP;PRO;PME;21066637988003;27 rue du Commerce;29200;Brest;29019;29;Bretagne;48.436;-4.4912;contact@tramontanecons.fr;+33581331699;2026-07-31;2026-08-31;ACTIF;1;58691;COM-0001;oui
CLI-00160;Prisme Négoce SAS;PRO;Grands comptes;76381368174944;27 avenue de la Gare;69100;Villeurbanne;69266;69;Auvergne-Rhône-Alpes;45.8086;4.9175;contact@prismenegocesa.fr;07.48.62.17.09;2025-11-09;2026-02-13;ACTIF;83;232897;COM-0058;oui
CLI-01295;M. Christophe Dubois;PART;Particulier;;94 avenue de la Gare;91000;Évry-Courcouronnes;91228;91;Île-de-France;48.6429;2.4871;christophe.dubois@courriel-demo.fr;07 37 08 99 21;2023-11-22;2025-03-12;ACTIF;;3015;COM-0025;oui
CLI-01212;M. Émile Dumont;PART;Particulier;;12 rue Pasteur;31000;Toulouse;31555;31;Occitanie;43.5776;1.469;emile.dumont@courriel-demo.fr;0202818174;2019-10-14;2021-10-07;INACTIF;;3669;COM-0055;non
CLI-00684;Horizon Maintenance SCOP;PRO;PME;86186455543535;26 rue Pasteur;06400;Cannes;06029;06;Provence-Alpes-Côte d’Azur;43.534;7.0659;contact@horizonmainten.fr;+33375391660;2017-10-30;2018-08-06;ACTIF;122;60830;COM-0034;oui
CLI-01755;Mme Valérie Chevalier;PART;Particulier;;27 allée des Peupliers;64100;Bayonne;64102;64;Nouvelle-Aquitaine;43.5296;-1.5272;valerie.chevalier@courriel-demo.fr;0429568378;2016-11-05;2019-12-31;ACTIF;;1585;COM-0017;oui
CLI-00803;M. Thomas Dubois;PART;Particulier;;61 avenue Jean Jaurès;59140;Dunkerque;59183;59;Hauts-de-France;51.0227;2.375;thomas.dubois@courriel-demo.fr;05.52.31.71.61;2025-12-15;2026-04-20;ACTIF;;3936;COM-0016;oui
CLI-00317;Sillon  Mobilier SARL;PRO;Grands comptes;85933734016880;59 route de Bordeaux;49300;Cholet;49099;49;Pays de la Loire;47.0688;-0.9122;contact@sillonmobilier.fr;+33784069469;2020-08-11;2024-02-28;ACTIF;210;127345;COM-0010;non
CLI-01888;Nord Ouest Équipements EURL  ;PRO;Grands comptes;46575910852384;120 boulevard Victor Hugo;78000;Versailles;78646;78;Île-de-France;48.8351;2.1074;contact@nordouestequip.fr;07 85 51 20 97;2018-07-06;2022-02-07;ACTIF;137;61326;COM-0028;oui
CLI-02448;Alizé Mobilier SASU;PRO;TPE;05807020575574;146 avenue Jean Jaurès;53000;LAVAL;53130;53;Pays de la Loire;48.0225;-0.7468;contact@alizemobiliers.fr;0512541060;2017-04-10;2021-01-16;ACTIF;1;294394;COM-0001;oui
CLI-02124;Manufacture Négoce EURL;PRO;TPE;30595585695944;55 rue de l’Industrie;74000;Annecy;74010;74;Auvergne-Rhône-Alpes;45.8584;6.1479;contact@manufactureneg.fr;+33562942488;2016-12-11;2022-02-21;ACTIF;18;220223;COM-0057;oui
CLI-02059;Tramontane Conseil SAS;PRO;Collectivité;10282819132159;123 chemin des Vignes;78000;Versailles;78646;78;Île-de-France;48.8366;2.114;contact@tramontanecons.fr;+33612303642;2017-01-07;2023-04-02;ACTIF;153;208679;COM-0024;oui
CLI-01718;Mme Julie François;PART;Particulier;;105 avenue du Général Leclerc;06130;Grasse;06069;06;Provence-Alpes-Côte d’Azur;43.6836;6.9113;julie.francois@courriel-demo.fr;+33213233709;2017-02-15;2020-01-14;ACTIF;;948;COM-0008;non
CLI-00215;Prisme Conseil EURL;PRO;Grands comptes;13730451701759;116 rue de la République;13100;Aix-en-Provence;13001;13;Provence-Alpes-Côte d’Azur;43.529;5.4017;contact@prismeconseile.fr;07 15 55 34 06;2016-11-12;2017-01-22;ACTIF;127;76058;COM-0029;oui
CLI-01450;Comptoir Industries SA;PRO;TPE;03910277873800;100 avenue du Général Leclerc;34000;Montpellier;34172;34;Occitanie;43.5912;3.8707;contact@comptoirindust.fr;+33458106337;2016-01-31;2024-04-11;ACTIF;50;309387;COM-0027;oui
CLI-02029;Services Bâtiment SARL;PRO;Collectivité;inconnu;70 avenue du Général Leclerc;57000;Metz;57463;57;Grand Est;49.1385;6.1536;contact@servicesbatime.fr;03 58 27 86 20;2021-11-23;2023-05-20;INACTIF;220;243715;COM-0052;oui
CLI-00637;Atlantique Mobilier SCOP;PRO;Collectivité;NC;107 allée des Peupliers;51100;Reims;51454;51;Grand Est;49.2644;4.0473;contact@atlantiquemobi.fr;06.13.89.60.53;2022-05-07;2022-12-30;ACTIF;73;177955;COM-0017;non
CLI-01691;M. Philippe Richard;PART;Particulier;;40 rue du Commerce;44000;Nantes;44109;44;Pays de la Loire;47.2576;-1.501;philippe.richard@courriel-demo.fr;0364390771;2015-11-11;2026-01-17;ACTIF;;2090;COM-0030;oui
CLI-00255;Tramontane Papeterie SAS;PRO;Grands comptes;24107227453024;36 impasse des Lilas;73000;Chambéry;73065;73;Auvergne-Rhône-Alpes;45.5352;5.8916;contact@tramontanepape.fr;06 13 23 05 31;2022-01-03;2022-11-27;RESILIE;185;106324;COM-0038;non
CLI-01395;Ateliers Agroalimentaire SASU;PRO;PME;88509821751811;110 avenue du Général Leclerc;06000;Nice;06088;06;Provence-Alpes-Côte d’Azur;43.7291;7.2423;contact@ateliersagroal.fr;0202534043;2021-10-06;2023-04-30;ACTIF;31;50978;COM-0033;oui
CLI-01186;Vallée Négoce SCOP;PRO;TPE;21562721702414;1 rue Pasteur;50100;Cherbourg-en-Cotentin;50129;50;Normandie;49.6128;-1.6457;contact@valleenegocesc.fr;01 80 27 81 72;2022-04-17;2025-05-23;RESILIE;121;176577;COM-0032;oui
CLI-01716;Solstice Négoce EURL;PRO;Collectivité;46879894189876;70 avenue de la Gare;78000;Versailles;78646;78;Île-de-France;48.8195;2.1314;contact@solsticenegoce.fr;+33618944898;2016-05-18;2017-09-02;ACTIF;247;58945;COM-0030;oui
CLI-02065;Mme Karine Chevalier;PART;Particulier;;100 rue du Commerce;51100;Reims;51454;51;Grand Est;49.2368;4.0432;karine.chevalier@courriel-demo.fr;0553074907;2015-12-20;2021-07-24;ACTIF;;2844;COM-0050;oui
CLI-01098;Énergie Équipements SA;PRO;PME;22517941865380;121 rue de la République;49300;Cholet;49099;49;Pays de la Loire;47.0414;-0.861;contact@energieequipem.fr;01 73 84 07 94;2022-01-14;2022-11-20;ACTIF;1;176406;COM-0020;oui
CLI-02070;Grand Large Maintenance SAS;PRO;Collectivité;42029375070348;113 rue des Acacias;75001;Paris;75056;75;Île-de-France;48.8277;2.3183;contact@grandlargemain.fr;+33209466415;2024-05-18;2026-07-03;ACTIF;130;432094;COM-0001;oui
CLI-00351;Vallée Distribution EURL;PRO;Collectivité;06849122037316;114 allée des Peupliers;87000;Limoges;87085;87;Nouvelle-Aquitaine;45.8714;1.2532;contact@valleedistribu.fr;02 41 59 10 67;2017-10-13;2024-11-06;ACTIF;106;379469;COM-0036;oui
CLI-01247;Maritime Emballages SASU;PRO;PME;89873795068044;133 impasse des Lilas;42300;Roanne;42187;42;Auvergne-Rhône-Alpes;46.086;4.0203;contact@maritimeemball.fr;05.51.40.12.69;2019-04-12;2020-08-15;ACTIF;117;16780;COM-0037;oui
CLI-02073;Énergie Maintenance SARL;PRO;PME;39272574973154;1 rue Pasteur;56000;Vannes;56260;56;Bretagne;47.6712;-2.749;contact@energiemainten.fr;02.18.83.29.19;2025-07-13;2026-04-19;ACTIF;127;38629;COM-0002;oui
CLI-00182;Pyrénées Industries SAS;PRO;PME;54678675583083;7 avenue du Général Leclerc;34000;Montpellier;34172;34;Occitanie;43.5895;3.9167;contact@pyreneesindust.fr;03 66 17 83 87;2023-04-18;2024-08-07;PROSPECT;214;311111;COM-0034;oui
CLI-00883;M. Jean Thomas;PART;Particulier;;4 rue de l’Industrie;42300;ROANNE;42187;42;Auvergne-Rhône-Alpes;46.0403;4.0404;jean.thomas@courriel-demo.fr;06 33 97 42 84;2016-04-21;2019-07-14;ACTIF;;1753;COM-0027;oui
CLI-01633;Provence Distribution SA;PRO;TPE;61161766042802;25 allée des Peupliers;95000;Cergy;95127;95;Île-de-France;49.0245;2.0523;contact@provencedistri.fr;04.91.91.26.19;2025-07-29;2026-03-24;INACTIF;56;352049;COM-0060;oui
CLI-00260;M. Vincent Mercier;PART;Particulier;;91 allée des Peupliers;74000;Annecy;74010;74;Auvergne-Rhône-Alpes;45.8616;6.153;vincent.mercier@courriel-demo.fr;04 11 68 47 24;2021-11-29;2022-08-18;ACTIF;;1746;COM-0033;oui
CLI-00737;Mme Camille Legrand;PART;Particulier;;138 avenue Jean Jaurès;13100;Aix-en-Provence;13001;13;Provence-Alpes-Côte d’Azur;43.5312;5.462;camille.legrand@courriel-demo.fr;07 18 05 51 38;2021-03-28;2022-12-02;ACTIF;;3429;COM-0044;oui
CLI-00916;Aurore Électricité SARL;PRO;PME;66114794081690;126 avenue Jean Jaurès;20200;Bastia;2B033;2B;Corse;42.6684;9.4208;contact@auroreelectric.fr;+33310769063;2020-08-27;2025-09-25;ACTIF;230;438089;COM-0055;non
CLI-00265;Nord Ouest Bâtiment EURL;PRO;Collectivité;76329244669340;116 route de Bordeaux;16000;angoulême;16015;16;Nouvelle-Aquitaine;45.648;0.1968;contact@nordouestbatim.fr;04.22.70.23.69;2021-04-29;2023-11-26;RESILIE;103;532655;COM-0013;oui
CLI-01896;Pyrénées Mobilier SAS;PRO;TPE;03031191155929;23 rue du Commerce;20000;Ajaccio;2A004;2A;Corse;41.9692;8.7071;contact@pyreneesmobili.fr;07.66.61.74.95;2025-02-06;2025-02-06;ACTIF;76;294114;COM-0037;non
CLI-00027;Horizon Matériaux SAS;PRO;TPE;;88 quai des Docks;86000;Poitiers;86194;86;Nouvelle-Aquitaine;46.6195;0.3043;contact@horizonmateria.fr;0667926238;2020-11-17;2026-03-17;INACTIF;1;86376;COM-0057;oui
CLI-01480;Sillon Distribution SASU;PRO;Grands comptes;97976513696386;20 quai des Docks;77100;Meaux;77284;77;Île-de-France;48.967;2.9012;contact@sillondistribu.fr;+33566810764;2022-08-17;2023-12-30;ACTIF;7;152462;COM-0050;non
CLI-01680;Services Équipements SA;PRO;TPE;16739714831805;174 quai des Docks;93200;Saint-Denis;93066;93;Île-de-France;48.9792;2.3384;contact@servicesequipe.fr;+33433600393;2016-02-15;2020-04-17;ACTIF;42;157475;COM-0013;non
CLI-00174;M. Thomas Perrin;PART;Particulier;;112 rue de la République;65000;Tarbes;65440;65;Occitanie;43.1934;0.0694;thomas.perrin@courriel-demo.fr;07 12 35 44 35;2026-06-27;2026-09-05;ACTIF;;1974;COM-0005;oui
CLI-01523;M. Romain André;PART;Particulier;;44 boulevard Victor Hugo;28000;chartres;28085;28;Centre-Val de Loire;48.3931;1.4492;romain.andre@courriel-demo.fr;07 73 05 30 04;2019-11-21;2022-03-31;ACTIF;;1116;COM-0037;non
CLI-02209;M. Jean Lambert;PART;Particulier;;86 avenue Jean Jaurès;34000;Montpellier;34172;34;Occitanie;43.6044;3.8433;jean.lambert@courriel-demo.fr;03 63 62 20 33;2019-11-08;2026-07-11;RESILIE;;779;COM-0036;non
CLI-01218;M. Philippe Moreau;PART;Particulier;;93 avenue de la Gare;38000;Grenoble;38185;38;Auvergne-Rhône-Alpes;45.2359;5.7543;philippe.moreau@courriel-demo.fr;0631988826;2026-06-26;2026-08-26;PROSPECT;;1698;COM-0034;oui
CLI-00929;Mme Léa Martin;PART;Particulier;;3 rue de l’Industrie;67000;Strasbourg;67482;67;Grand Est;48.574;7.7973;lea.martin@courriel-demo.fr;0627210817;2024-10-13;2025-01-24;PROSPECT;;3564;COM-0031;oui
CLI-01649;M. Antoine Legrand;PART;Particulier;;22 rue de la République;22000;Saint-Brieuc;22278;22;Bretagne;48.4974;-2.7901;antoine.legrand@courriel-demo.fr;04 97 42 43 37;2019-06-03;2024-01-14;ACTIF;;1494;COM-0032;oui
CLI-00058;Mme Julie Lefèvre;PART;Particulier;;174 quai des Docks;13300;Salon-de-Provence;13103;13;Provence-Alpes-Côte d’Azur;43.6335;5.0839;julie.lefevre@courriel-demo.fr;01 43 36 45 02;2017-03-09;2024-03-28;PROSPECT;;2760;COM-0060;oui
CLI-00429;Alizé Agroalimentaire SAS;PRO;TPE;42157437049015;109 chemin des Vignes;28000;Bastia;2B033;2B;Corse;42.7188;9.4432;contact@alizeagroalime.fr;+33121020652;2024-06-16;2025-03-01;ACTIF;1;-173821;COM-0035;non
CLI-01427;Services Industries EURL;PRO;Collectivité;23946069157997;114 quai des Docks;86000;Poitiers;86194;86;Nouvelle-Aquitaine;46.6114;0.3711;contact@servicesindust.fr;02 56 54 11 26;2026-06-08;2026-07-14;PROSPECT;161;63722;COM-0027;non
CLI-01639;Distribution Négoce EURL;PRO;Grands comptes;41430459100306;60 avenue de la Gare;10000;TROYES;10387;10;Grand Est;48.2625;4.0902;contact@distributionne.fr;06.94.46.57.01;2024-04-04;2024-12-04;RESILIE;112;12659;COM-0040;oui
CLI-00238;Manufacture Électricité SAS;PRO;TPE;89716914889833;151 quai des Docks;06600;Antibes;06004;06;Provence-Alpes-Côte d’Azur;43.5639;7.0839;contact@manufactureele.fr;05 18 58 07 01;2025-02-27;2026-03-18;ACTIF;228;235184;COM-0020;oui
CLI-01256;Cristal Papeterie SA;PRO;TPE;13692373205922;87 boulevard Victor Hugo;60000;Beauvais;60057;60;Hauts-de-France;49.4665;2.091;contact@cristalpapeter.fr;+33220411405;2021-12-07;2022-06-18;PROSPECT;137;160869;COM-0022;oui
CLI-00614;Pyrénées Maintenance SCOP;PRO;PME;84379859568080;73 boulevard Victor Hugo;20200;Bastia;2B033;2B;Corse;42.7346;9.4166;contact@pyreneesmainte.fr;0329574531;2019-06-18;2022-08-02;ACTIF;193;287596;COM-0041;non
CLI-02491;Atlantique Mobilier SCOP;PRO;PME;58897508334032;164 rue de la République;72000;Le Mans;72181;72;Pays de la Loire;48.0312;0.2282;contact@atlantiquemobi.fr;05.32.66.19.71;2020-09-28;2026-08-22;ACTIF;1;60267;COM-0042;oui
CLI-02195;Belvédère Mobilier SCOP;PRO;PME;87822695448992;156 rue du Commerce;11100;Narbonne;11262;11;Occitanie;43.1742;3.0208;contact@belvederemobil.fr;+33328411617;2021-06-03;2024-01-04;PROSPECT;96;407599;COM-0040;oui
CLI-00989; Boréal Solutions SCOP;PRO;TPE;43931886064503;27 rue de l’Industrie;56100;Lorient;56121;56;Bretagne;47.7655;-3.4173;contact@borealsolution.fr;04.12.66.46.58;2023-04-10;2023-12-18;ACTIF;40;239855;COM-0029;oui
CLI-01469;M. Émile Roux;PART;Particulier;;47 rue des Acacias;84000;avignon;84007;84;Provence-Alpes-Côte d’Azur;43.9111;4.7971;emile.roux@courriel-demo.fr;01 25 13 36 45;2016-04-15;2024-06-26;ACTIF;;1388;COM-0029;non
CLI-01406;M. Nicolas Morel;PART;Particulier;;134 rue du Commerce;86000;Poitiers;86194;86;Nouvelle-Aquitaine;46.5679;0.3853;nicolas.morel@courriel-demo.fr;+33335541049;2024-03-24;2024-03-24;PROSPECT;;431;COM-0039;non
CLI-01913;Pyrénées Distribution SAS;PRO;Grands comptes;47266778273051;136 route de Bordeaux;49000;ANGERS;49007;49;Pays de la Loire;47.4872;-0.5377;contact@pyreneesdistri.fr;05 35 55 60 04;2020-12-05;2026-06-17;ACTIF;209;21104;COM-0025;oui
CLI-00185;Énergie Mobilier SASU;PRO;Collectivité;56474900070466;33 place du Marché;06400;Cannes;06029;06;Provence-Alpes-Côte d’Azur;43.5008;7.0251;contact@energiemobilie.fr;01.31.41.91.49;2022-03-26;2025-01-13;PROSPECT;1;229145;COM-0052;non
CLI-00751;Sillon Industries SAS;PRO;Collectivité;;114 rue Pasteur;53000;Laval;53130;53;Pays de la Loire;48.0896;-0.7413;contact@sillonindustri.fr;+33180246257;2019-04-30;2023-06-20;ACTIF;255;146529;COM-0008;oui
CLI-01601;Manufacture Solutions SA;PRO;TPE;44570536197220;121 avenue du Général Leclerc;65000;Tarbes;65440;65;Occitanie;43.235;0.1105;contact@manufacturesol.fr;0192969424;2015-11-14;2019-08-31;A CONFIRMER;1;325487;COM-0006;oui
CLI-02068;Escale Conseil SASU;PRO;TPE;50869866714508;87 place du Marché;75001;Paris;75056;75;Île-de-France;48.853;2.3196;contact@escaleconseils.fr;04.90.22.59.76;2022-04-28;2026-05-07;PROSPECT;1;179839;COM-0048;oui
CLI-00151;Belvédère Bâtiment SARL;PRO;PME;09287689982669;166 avenue Jean Jaurès;11000;Carcassonne;11069;11;Occitanie;43.22;2.3396;contact@belvederebatim.fr;05 05 29 85 02;2016-09-09;2024-07-11;ACTIF;1;146617;COM-0025;oui
CLI-01133;Alizé Industries SCOP;PRO;Grands comptes;80381412532665;154 place du Marché;44600;Saint-Nazaire;44184;44;Pays de la Loire;47.3118;-2.2569;contact@alizeindustrie.fr;07.23.20.48.14;2021-07-01;2026-01-31;ACTIF;84;-41167;COM-0032;oui
CLI-00073;Mme Julie François;PART;Particulier;;74 rue de l’Industrie;54000;Nancy;54395;54;Grand Est;48.6506;6.1804;julie.francois@courriel-demo.fr;07.31.82.25.25;2021-01-06;2021-03-20;ACTIF;;3540;COM-0054;non
CLI-00364;Services Agroalimentaire SCOP;PRO;TPE;;104 place du Marché;29200;Brest;29019;29;Bretagne;48.3478;-4.4678;contact@servicesagroal.fr;03.96.62.37.27;2016-04-28;2021-09-19;INACTIF;165;-34826;COM-0059;oui
CLI-00979;Ateliers Transports SASU;PRO;TPE;71718472852434;133 rue des Acacias;95000;Cergy;95127;95;Île-de-France;48.9956;2.0688;contact@atelierstransp.fr;+33669575203;2018-03-03;2019-08-09;ACTIF;86;345932;COM-0018;non
CLI-01159;Maritime Bâtiment SAS;PRO;Grands comptes;84679133859894;74 avenue du Général Leclerc;76600;Le Havre;76351;76;Normandie;49.5025;0.1395;contact@maritimebatime.fr;0438172033;2023-01-10;2024-04-22;ACTIF;83;467755;COM-0056;oui
CLI-00548;Escale Distribution SCOP;PRO;Grands comptes;95398320719458;175 boulevard Victor Hugo;71100;Chalon-sur-Saône;71076;71;Bourgogne-Franche-Comté;46.7489;4.8877;contact@escaledistribu.fr;0416030578;2023-02-15;2025-04-29;ACTIF;184;308775;COM-0049;oui
CLI-01462;Services Papeterie EURL;PRO;Collectivité;59933157895333;88 impasse des Lilas;68100;Mulhouse;68224;68;Grand Est;47.7801;7.3187;contact@servicespapete.fr;+33233605089;2017-10-27;2017-12-09;ACTIF;119;100144;COM-0019;oui
CLI-01599;Cévennes Solutions SASU;PRO;Grands comptes;55269302086515;164 avenue du Général Leclerc;44000;Nantes;44109;44;Pays de la Loire;47.2417;-1.5473;contact@cevennessoluti.fr;07 20 90 60 33;2024-04-17;2025-06-15;ACTIF;109;109216;COM-0004;oui
CLI-00580;M. Hugo Mercier;PART;Particulier;;113 avenue du Général Leclerc;47000;Agen;47001;47;Nouvelle-Aquitaine;44.2264;0.6231;hugo.mercier@courriel-demo.fr;+33725268528;2026-01-04;2026-02-07;ACTIF;;2261;COM-0029;oui
CLI-00350;Ateliers Conseil SAS;PRO;Grands comptes;79566194897421;42 rue de l’Industrie;34500;Béziers;34032;34;Occitanie;43.3703;3.201;contact@ateliersconsei.fr;01.33.64.23.15;2017-07-01;2021-05-20;ACTIF;207;264159;COM-0027;oui
CLI-01961;M. Hugo Perrin;PART;Particulier;;83 allée des Peupliers;72000;le mans;72181;72;Pays de la Loire;48.0272;0.1843;hugo.perrin@courriel-demo.fr;03 19 02 42 11;2025-07-02;2025-07-02;RESILIE;;1138;COM-0014;oui
CLI-01971;Mme Hélène Thomas;PART;Particulier;;119 route de Bordeaux;65000;Tarbes;65440;65;Occitanie;43.2189;0.0912;helene.thomas@courriel-demo.fr;+33588238682;2020-12-27;2021-05-22;ACTIF;;832;COM-0057;oui
CLI-01744;Sillon Solutions SARL;PRO;TPE;XXX;171 chemin des Vignes;36000;CHÂTEAUROUX;36044;36;Centre-Val de Loire;46.7801;1.6921;contact@sillonsolution.fr;07.14.67.38.30;2016-07-31;2019-09-19;PROSPECT;32;397813;COM-0010;oui
CLI-02061;Boréal Solutions EURL;PRO;Collectivité;19274771317097;122 impasse des Lilas;13001;Marseille;13055;13;Provence-Alpes-Côte d’Azur;43.2738;5.4174;contact@borealsolution.fr;+33282355108;2023-04-14;2024-06-14;ACTIF;102;503761;COM-0011;non
CLI-01499;Atlantique Électricité SASU;PRO;TPE;21113029081809;114 rue Pasteur;13001;marseille;13055;13;Provence-Alpes-Côte d’Azur;43.2557;5.3307;contact@atlantiqueelec.fr;+33741133399;2022-09-18;2026-09-03;ACTIF;1;211015;COM-0014;oui
CLI-00041;Ateliers Matériaux EURL;PRO;PME;59347832984811;3 avenue de la Gare;22000;Saint-Brieuc;22278;22;Bretagne;48.4888;-2.7805;contact@ateliersmateri.fr;0298741182;2018-01-14;2026-12-16;ACTIF;106;25779;COM-0008;oui
CLI-00315;Alizé Distribution EURL;PRO;Collectivité;néant;104 allée des Peupliers;87000;Limoges;87085;87;Nouvelle-Aquitaine;45.8589;1.2611;contact@alizedistribut.fr;+33478179508;2026-06-01;2026-08-23;EN COURS;1;495412;COM-0041;oui
CLI-01037;Cristal Électricité SASU;PRO;PME;14141106904399;71 avenue Jean Jaurès;93100;Montreuil;93048;93;Île-de-France;48.9076;2.4331;contact@cristalelectri.fr;0589921489;2015-12-02;2025-10-17;ACTIF;114;420726;COM-0027;oui
CLI-00593;Vertigo Bâtiment EURL;PRO;PME;;170 rue des Acacias;24000;Périgueux;24322;24;Nouvelle-Aquitaine;45.2165;0.7052;contact@vertigobatimen.fr;05.34.88.36.08;2016-09-03;2018-12-23;ACTIF;163;-11654;COM-0044;oui
CLI-01922;Atlantique Matériaux SA;PRO;TPE;65642669745360;35 chemin des Vignes;72000;LE MANS;72181;72;Pays de la Loire;48.0464;0.2474;contact@atlantiquemate.fr;05 21 96 47 82;2023-09-23;2024-08-27;ACTIF;46;43100;COM-0041;oui
CLI-01964;Sillon Transports SA;PRO;Collectivité;20077086131122;84 avenue du Général Leclerc;14000;Caen;14118;14;Normandie;49.1837;-0.3858;contact@sillontranspor.fr;01 82 91 82 99;2018-01-16;2022-04-27;RESILIE;239;321602;COM-0007;non
CLI-02226;Ateliers Agroalimentaire SA;PRO;PME;26654893806412;126 rue des Acacias;79000;Niort;79191;79;Nouvelle-Aquitaine;46.3211;-0.4523;contact@ateliersagroal.fr;0620211531;2020-11-29;2023-06-02;PROSPECT;23;287233;COM-0009;non
CLI-00714;M. Damien Michel;PART;Particulier;;31 allée des Peupliers;13300;Salon-de-Provence;13103;13;Provence-Alpes-Côte d’Azur;43.6742;5.0679;damien.michel@courriel-demo.fr;+33179643366;2017-11-06;2025-12-30;ACTIF;;3553;COM-0019;oui
CLI-01216;Horizon Emballages SASU;PRO;TPE;91097177235961;171 route de Bordeaux;64100;Bayonne;64102;64;Nouvelle-Aquitaine;43.5021;-1.4382;contact@horizonemballa.fr;06 87 63 57 97;2022-08-22;2023-04-12;ACTIF;51;369527;COM-0015;oui
CLI-01703;Alizé Emballages EURL;PRO;TPE;93229779826510;142 impasse des Lilas;12000;Rodez;12202;12;Occitanie;44.3601;2.584;contact@alizeemballage.fr;04 92 24 98 91;2026-03-31;2026-07-15;ACTIF;59;276426;COM-0012;non
CLI-00720;Mme Marie Durand;PART;Particulier;;60 place du Marché;83600;Fréjus;83061;83;Provence-Alpes-Côte d’Azur;43.3851;6.695;marie.durand;04.89.26.47.78;2025-03-03;2025-03-12;ACTIF;;3299;COM-0046;oui
CLI-01699;Grand Large Matériaux SASU;PRO;PME;50626407578867;21 avenue Jean Jaurès;68000;Colmar;68066;68;Grand Est;48.0428;7.3193;contact@grandlargemate.fr;05.42.75.30.53;2026-01-14;2026-06-20;ACTIF;1;79649;COM-0060;oui
CLI-02429;M. Franck Petit;PART;Particulier;;136 rue du Commerce;94000;Créteil;94028;94;Île-de-France;48.8165;2.4997;franck.petit@courriel-demo;+33620884091;2020-07-15;2025-10-28;RESILIE;;3940;COM-0007;non
CLI-02175;Tramontane Matériaux EURL;PRO;Collectivité;63393030899509;91 impasse des Lilas;06600;Antibes;06004;06;Provence-Alpes-Côte d’Azur;43.6119;7.1511;contact@tramontanemate.fr;02.90.39.31.53;2018-06-17;2021-02-06;ACTIF;1;422610;COM-0058;non
CLI-00917;Mme Karine Faure;PART;Particulier;;153 avenue Jean Jaurès;58000;Nevers;58194;58;Bourgogne-Franche-Comté;47.0041;3.2098;karine.faure@courriel-demo.fr;03.00.63.90.89;2025-10-16;2026-09-10;ACTIF;;609;COM-0027;oui
CLI-01088;Tramontane Conseil SASU;PRO;Grands comptes;71405908950176;9 place du Marché;79000;Niort;79191;79;Nouvelle-Aquitaine;46.2735;-0.4739;contact@tramontanecons.fr;+33483816972;2022-06-27;2023-10-10;ACTIF;1;89045;COM-0047;non
CLI-01127;Cévennes Distribution SA;PRO;Grands comptes;;64 place du Marché;65000;Tarbes;65440;65;Occitanie;43.26;0.037;contact@cevennesdistri.fr;0657932955;2022-12-27;2023-07-27;PROSPECT;38;280048;COM-0043;non
CLI-00730;Belvédère Maintenance SCOP;PRO;TPE;02949955403873;41 allée des Peupliers;77100;Meaux;77284;77;Île-de-France;49.0046;2.8533;contact@belvederemaint.fr;03 14 07 85 08;2023-09-14;2024-08-24;INACTIF;102;371221;COM-0009;oui
CLI-01434;Grand Large Industries SASU;PRO;Grands comptes;28849686128420;36 avenue du Général Leclerc;06600;Antibes;06004;06;Provence-Alpes-Côte d’Azur;43.5921;7.1199;contact@grandlargeindu.fr;06 62 10 18 11;2018-05-19;2021-10-13;ACTIF;79;261079;COM-0037;oui
CLI-00902;Alizé Papeterie SAS;PRO;TPE;67714783208851;15 avenue de la Gare;95000;Cergy;95127;95;Île-de-France;48.9969;2.0824;contact@alizepapeterie.fr;04.54.15.47.18;2019-01-10;2019-04-08;ACTIF;304;-199132;COM-0024;oui
CLI-01568;Services Matériaux SAS;PRO;Collectivité;42880254866900;25 impasse des Lilas;56000;Vannes;56260;56;Bretagne;47.6327;-2.7418;contact@servicesmateri.fr;+33614275171;2026-07-01;2026-07-05;ACTIF;43;31388;COM-0015;oui
CLI-00310;M. Antoine David;PART;Particulier;;74 avenue du Général Leclerc;45000;Orléans;45234;45;Centre-Val de Loire;47.901;1.8546;antoine.david@courriel-demo.fr;+33735278075;2019-06-07;2020-08-07;PROSPECT;;3219;COM-0050;non
CLI-02262;Comptoir Mobilier SCOP;PRO;Grands comptes;75604061523829;97 boulevard Victor Hugo;89000;Auxerre;89024;89;Bourgogne-Franche-Comté;47.7836;3.6177;contact@comptoirmobili.fr;+33711963409;2017-11-14;2026-02-27;ACTIF;35;276415;COM-0053;oui
CLI-01346;Boréal Électricité SARL;PRO;TPE;84762044034447;38 rue de la République;34500;béziers;34032;34;Occitanie;43.3895;3.2467;contact@borealelectric.fr;0539079912;2024-08-26;2025-03-19;ACTIF;78;235503;COM-0019;oui
CLI-00721;Manufacture Matériaux SASU;PRO;Grands comptes;70992386977413;133 rue des Acacias;67000;Strasbourg;67482;67;Grand Est;48.5755;7.7668;contact@manufacturemat.fr;+33620432760;2024-10-06;2026-02-23;INACTIF;84;53677;COM-0002;oui
CLI-01430;Manufacture Distribution SASU;PRO;Grands comptes;89745782059085;83 avenue du Général Leclerc;50100;Cherbourg-en-Cotentin;50129;50;Normandie;49.612;-1.6329;contact@manufacturedis.fr;01 93 71 76 14;2018-01-25;2025-05-08;ACTIF;82;94423;COM-0024;oui
CLI-00617;Alizé Bâtiment EURL;PRO;PME;50087846057660;169 chemin des Vignes;20000;Ajaccio;2A004;2A;Corse;41.9335;8.7633;contact@alizebatimente.fr;+33542452491;2022-09-28;2022-12-06;PROSPECT;85;377488;COM-0022;oui
CLI-01243;Escale Conseil SASU;PRO;Collectivité;30346150770244;126 route de Bordeaux;76000;ROUEN;76540;76;Normandie;49.4796;1.0871;contact@escaleconseils.fr;05 29 79 88 50;2022-04-09;2023-01-24;ACTIF;30;43183;COM-0044;non
CLI-01604;Comptoir Équipements SCOP;PRO;TPE;68172054822238;172 chemin des Vignes;24000;Périgueux;24322;24;Nouvelle-Aquitaine;45.221;0.7465;contact@comptoirequipe.fr;+33313368537;2017-11-03;2023-06-25;PROSPECT;18;-123049;COM-0046;oui
CLI-00050;M. Cédric Bernard;PART;Particulier;;175 rue de la République;06000;Nice;06088;06;Provence-Alpes-Côte d’Azur;43.7169;7.3046;cedric.bernard@courriel-demo.fr;05 26 75 97 94;2016-12-07;2021-10-25;ACTIF;;428;COM-0004;oui
CLI-02382;Pyrénées Distribution SCOP;PRO;Grands comptes;28532373348529;119 rue de la République;49000;Angers;49007;49;Pays de la Loire;47.447;-0.5122;contact@pyreneesdistri.fr;07 04 39 10 09;2022-02-03;2025-03-26;ACTIF;102;186559;COM-0049;oui
CLI-02215;Manufacture Solutions SARL;PRO;TPE;12343236650407;167 rue Pasteur;25000;Besançon;25056;25;Bourgogne-Franche-Comté;47.2041;6.0106;contact;04 55 73 41 64;2023-07-05;2026-01-29;ACTIF;158;248766;COM-0048;non
CLI-01510;Manufacture Papeterie SAS;PRO;Collectivité;;22 rue de la République;44000;Nantes;44109;44;Pays de la Loire;47.25;-1.5417;contact@manufacturepap.fr;03.69.04.17.99;2022-12-06;2025-12-25;INACTIF;1;226088;COM-0040;oui
CLI-01496;Prisme Solutions SCOP;PRO;PME;88782142434196;114 impasse des Lilas;69100;Villeurbanne;69266;69;Auvergne-Rhône-Alpes;45.7544;4.9254;contact@prismesolution.fr;05 32 87 22 65;2021-05-19;2025-01-08;ACTIF;1;354684;COM-0003;oui
CLI-02497;Vallée Solutions SASU;PRO;PME;35143485230151;114 place du Marché;85000;La Roche-sur-Yon;85191;85;Pays de la Loire;46.6924;-1.4769;contact@valleesolution.fr;01 89 39 01 94;2016-01-06;2026-02-12;ACTIF;33;365853;COM-0004;oui
CLI-00505;Logistique Équipements EURL;PRO;Grands comptes;34382590484894;153 place du Marché;37000;tours;37261;37;Centre-Val de Loire;47.3867;0.6818;contact@logistiqueequi.fr;02 73 02 92 33;2020-02-06;2023-08-01;ACTIF;102;254216;COM-0026;oui
CLI-01206;Vallée Électricité EURL;PRO;Grands comptes;14657002427014;173 rue du Commerce;83600;Fréjus;83061;83;Provence-Alpes-Côte d’Azur;43.4288;6.7693;contact@valleeelectric.fr;+33254163212;2016-04-09;2023-12-07;ACTIF;47;220814;COM-0017;oui
CLI-01798;Mme Virginie Michel;PART;Particulier;;30 impasse des Lilas;82000;Montauban;82121;82;Occitanie;44.0673;1.3098;virginie.michel@courriel-demo.fr;0423633310;2025-05-04;2025-10-31;RESILIE;;893;COM-0031;oui
CLI-01843;Cristal Bâtiment SARL;PRO;Collectivité;;176 rue de la République;65000;Tarbes;65440;65;Occitanie;43.2545;0.0405;contact@cristalbatimen.fr;05 43 39 00 89;2019-01-19;2024-01-01;PROSPECT;16;463393;COM-0034;oui
CLI-01582;Manufacture Industries SARL;PRO;Collectivité;néant;130 place du Marché;92100;boulogne-billancourt;92012;92;Île-de-France;48.8349;2.2384;contact@manufactureind.fr;06 04 90 11 53;2018-09-03;2020-06-05;PROSPECT;80;295534;COM-0009;oui
CLI-02011;Escale Équipements SAS;PRO;Collectivité;92475712060683;76 avenue du Général Leclerc;47000;Agen;47001;47;Nouvelle-Aquitaine;44.1599;0.5782;contact@escaleequipeme.fr;01.28.80.19.20;2020-10-29;2026-08-20;ACTIF;98;348106;COM-0012;oui
CLI-01777;Mme Marion Vincent;PART;Particulier;;70 chemin des Vignes;57000;Metz;57463;57;Grand Est;49.1667;6.1782;marion.vincent@courriel-demo.fr;+33448713962;2021-05-08;2026-02-12;ACTIF;;1477;COM-0014;non
CLI-02373;Provence Négoce SCOP;PRO;TPE;42270305794972;136 avenue de la Gare;30000;Nîmes;30189;30;Occitanie;43.8858;4.3132;contact@provencenegoce.fr;0303682931;2019-08-17;2021-06-22;PROSPECT;195;341786;COM-0031;oui
CLI-00983;Mme Virginie Roux;PART;Particulier;;65 impasse des Lilas;78000;Versailles;78646;78;Île-de-France;48.8376;2.179;virginie.roux@courriel-demo.fr;01 79 63 74 06;2017-03-26;2020-02-25;RESILIE;;2231;COM-0053;non
CLI-01849;M. Mathieu Henry;PART;Particulier;;22 avenue Jean Jaurès;90000;Belfort;90010;90;Bourgogne-Franche-Comté;47.681;6.888;mathieu.henry@courriel-demo.fr;+33313010230;2024-01-19;2024-06-15;PROSPECT;;2557;COM-0050;oui
CLI-00440;M. Hugo Durand;PART;Particulier;;72 avenue Jean Jaurès;73000;chambéry;73065;73;Auvergne-Rhône-Alpes;45.6013;5.9255;hugo.durand@courriel-demo.fr;04 65 96 00 16;2026-04-17;2026-08-27;ACTIF;;597;COM-0025;non
CLI-02071;Mme Valérie Lopez;PART;Particulier;;114 allée des Peupliers;49300;Cholet;49099;49;Pays de la Loire;47.0735;-0.8832;valerie.lopez@courriel-demo.fr;02.70.06.71.58;2020-01-06;2023-01-14;ACTIF;;278;COM-0010;non
CLI-00528;Vertigo Solutions SCOP;PRO;PME;31375662256221;143 boulevard Victor Hugo;16000;Angoulême;16015;16;Nouvelle-Aquitaine;45.6272;0.1352;contact@vertigosolutio;0330107539;2017-12-14;2025-06-07;ACTIF;85;165012;COM-0016;oui
CLI-01015;M. Benoît Blanc;PART;Particulier;;65 rue Pasteur;59000;Lille;59350;59;Hauts-de-France;50.6566;3.0415;benoit.blanc@courriel-demo.fr;07 08 20 12 97;2024-12-14;2025-12-11;RESILIE;;2272;COM-0009;non
CLI-01333;Mme Catherine Roussel;PART;Particulier;;64 rue des Acacias;41000;Blois;41018;41;Centre-Val de Loire;47.5829;1.3662;catherine.roussel@courriel-demo.fr;0734702074;2024-10-21;2026-07-28;ACTIF;;3240;COM-0047;non
CLI-02488;Belvédère Distribution SAS;PRO;Collectivité;35061971287303;76 chemin des Vignes;63000;Clermont-Ferrand;63113;63;Auvergne-Rhône-Alpes;45.8153;3.0762;contact@belvederedistr.fr;05 73 40 11 82;2021-09-06;2022-05-18;INACTIF;330;372245;COM-0039;oui
CLI-02272;Tramontane Transports SARL;PRO;TPE;;178 rue des Acacias;60000;Beauvais;60057;60;Hauts-de-France;49.3845;2.0858;contact@tramontanetran.fr;0298387048;2020-09-27;2026-08-20;PROSPECT;1;163892;COM-0020;non
CLI-01693;Mme Laure Gauthier;PART;Particulier;;160 avenue du Général Leclerc;80000;Amiens;80021;80;Hauts-de-France;49.8883;2.328;laure.gauthier@courriel-demo.fr;0797816783;2023-08-11;2024-11-26;ACTIF;;1958;COM-0029;oui
CLI-01764;Mme Marie Legrand;PART;Particulier;;178 avenue Jean Jaurès;58000;Nevers;58194;58;Bourgogne-Franche-Comté;46.9874;3.192;marie.legrand@courriel-demo.fr;0568005316;2024-04-28;2025-04-06;ACTIF;;3849;COM-0022;oui
CLI-01262;M. Guillaume Rousseau;PART;Particulier;;174 avenue Jean Jaurès;87000;Limoges;87085;87;Nouvelle-Aquitaine;45.8546;1.2571;guillaume.rousseau@courriel-demo.fr;0370505662;2021-09-24;2025-07-22;PROSPECT;;1856;COM-0043;oui
CLI-01165;Distribution Matériaux SA;PRO;Grands comptes;61881406585663;152 route de Bordeaux;79000;NIORT;79191;79;Nouvelle-Aquitaine;46.3176;-0.5025;contact@distributionma.fr;0366693793;2018-06-16;2022-05-26;PROSPECT;50;149864;COM-0008;oui
CLI-00877;Alizé Mobilier EURL;PRO;Grands comptes;32305933176681;84 chemin des Vignes;76600;le havre;76351;76;Normandie;49.4511;0.1312;contact@alizemobiliere.fr;0704727135;2019-06-03;2020-04-24;ACTIF;13;336203;COM-0006;oui
CLI-02386;Sillon Industries SASU;PRO;Collectivité;09674159449506;95 rue Pasteur;77100;Meaux;77284;77;Île-de-France;48.9926;2.8957;contact@sillonindustri.fr;05 52 91 01 09;2018-01-28;2021-03-04;ACTIF;136;160181;COM-0037;non
CLI-01770;Alizé Négoce SCOP;PRO;PME;05597641493606;143 rue du Commerce;02100;Saint-Quentin;02691;02;Hauts-de-France;49.8086;3.2764;contact@alizenegocesco.fr;+33237907131;2025-05-28;2025-05-28;ACTIF;244;399144;COM-0048;oui
CLI-00823;Manufacture Mobilier SAS;PRO;TPE;56572981585002;9 boulevard Victor Hugo;35400;Saint-Malo;35288;35;Bretagne;48.6266;-2.0791;contact@manufacturemob.fr;04.69.58.85.41;2022-05-11;2025-12-17;ACTIF;69;121195;COM-0029;oui
CLI-02289;Mme Sylvie Dubois;PART;Particulier;;178 avenue Jean Jaurès;13100;Aix-en-Provence;13001;13;Provence-Alpes-Côte d’Azur;43.545;5.4486;sylvie.dubois@courriel-demo.fr;05 88 34 50 64;2021-01-13;2024-04-25;ACTIF;;688;COM-0029;non
CLI-01036;Cévennes Matériaux SAS;PRO;Collectivité;31621120917829;150 rue du Commerce;24000;Périgueux;24322;24;Nouvelle-Aquitaine;45.1547;0.7518;contact@cevennesmateri.fr;01 10 39 45 72;2025-09-16;2026-09-06;ACTIF;302;338016;COM-0011;oui
CLI-02412;Tramontane Distribution SARL;PRO;Collectivité;95997980935241;163 avenue Jean Jaurès;86000;Poitiers;86194;86;Nouvelle-Aquitaine;46.5605;0.348;contact@tramontanedist.fr;0747429244;2025-12-05;2026-02-18;INACTIF;70;179248;COM-0014;oui
CLI-01609;Atlantique Emballages SASU;PRO;PME;68333354493054;42 rue de l’Industrie;53000;Laval;53130;53;Pays de la Loire;48.071;-0.7543;contact@atlantiqueemba.fr;0696525711;2020-10-15;2023-05-09;ACTIF;73;103569;COM-0012;oui
CLI-00016;Mme Camille Garcia;PART;Particulier;;120 rue de la République;65000;Tarbes;65440;65;Occitanie;43.1956;0.059;camille.garcia@courriel-demo;02 72 25 84 31;2025-07-15;2025-11-27;ACTIF;;3527;COM-0032;oui
CLI-01290;Cévennes Solutions EURL;PRO;Grands comptes;78814935957803;21 rue Pasteur;74000;annecy;74010;74;Auvergne-Rhône-Alpes;45.8945;6.1324;contact@cevennessoluti.fr;+33231694376;2017-11-18;2025-08-18;ACTIF;69;20643;COM-0059;oui
CLI-01771;Horizon Industries SARL;PRO;Grands comptes;;37 rue des Acacias;73000;Chambéry;73065;73;Auvergne-Rhône-Alpes;45.5874;5.8834;contact@horizonindustr.fr;05 75 80 68 62;2020-10-27;2025-09-17;INACTIF;235;173713;COM-0036;oui
CLI-00049;Mme Virginie Martinez;PART;Particulier;;49 rue de la République;33700;Mérignac;33281;33;Nouvelle-Aquitaine;44.8751;-0.6211;virginie.martinez at courriel-demo.fr;05.69.95.81.27;2017-04-14;2021-01-06;ACTIF;;2661;COM-0037;oui
CLI-01856;M. Philippe Rousseau;PART;Particulier;;66 chemin des Vignes;33700;Mérignac;33281;33;Nouvelle-Aquitaine;44.8155;-0.6076;philippe.rousseau@courriel-demo.fr;06 30 74 45 04;2017-06-08;2021-03-24;PROSPECT;;1416;COM-0046;non
CLI-01307;Manufacture Distribution SARL;PRO;PME;87659428162851;9 place du Marché;06600;Antibes;06004;06;Provence-Alpes-Côte d’Azur;43.5965;7.0827;contact@manufacturedis.fr;0260363666;2025-01-22;2026-04-22;RESILIE;98;69120;COM-0030;oui
CLI-00506;Tramontane Électricité SCOP;PRO;PME;46618179885969;44 impasse des Lilas;21000;Dijon;21231;21;Bourgogne-Franche-Comté;47.3188;5.0455;contact@tramontaneelec.fr;+33363406717;2025-09-06;2026-03-06;RESILIE;105;-19863;COM-0024;oui
CLI-02315;Escale Distribution SASU;PRO;Collectivité;09545987112261;5 quai des Docks;59000;LILLE;59350;59;Hauts-de-France;50.6408;3.0133;contact@escaledistribu.fr;04.44.47.88.06;2020-12-12;2021-01-06;ACTIF;45;-66805;COM-0024;oui
CLI-01041;Mme Inès Clément;PART;Particulier;;30 avenue Jean Jaurès;06400;Cannes;06029;06;Provence-Alpes-Côte d’Azur;43.5973;7.0103;ines.clement@courriel-demo.fr;+33599438337;2023-01-02;2026-01-04;ACTIF;;3429;COM-0055;oui
CLI-00378;Comptoir Conseil SAS;PRO;TPE;75600798583740;160 route de Bordeaux;92000;Nanterre;92050;92;Île-de-France;48.8473;2.2285;contact@comptoirconsei.fr;0784704786;2017-01-31;2026-05-05;ACTIF;166;70350;COM-0025;oui
CLI-00235;Mme Camille Richard;PART;Particulier;;67 route de Bordeaux;64000;Pau;64445;64;Nouvelle-Aquitaine;43.2642;-0.3834;camille.richard@courriel-demo.fr;+33202056178;2022-07-28;2023-03-30;ACTIF;;1184;COM-0056;oui
CLI-01087;Mme Nathalie Bonnet;PART;Particulier;;48 rue de la République;37000;Tours;37261;37;Centre-Val de Loire;47.4323;0.7356;nathalie.bonnet@courriel-demo.fr;07.11.25.98.35;2021-07-30;2025-09-30;PROSPECT;;3121;COM-0033;non
CLI-01575;Pyrénées Distribution SASU;PRO;PME;42826435213396;122 avenue Jean Jaurès;45000;ORLÉANS;45234;45;Centre-Val de Loire;47.9015;1.8894;contact@pyreneesdistri.fr;+33761320609;2025-06-28;2025-06-28;PROSPECT;197;-57212;COM-0013;non
CLI-01131;Logistique Bâtiment SASU;PRO;PME;88329433172575;166 impasse des Lilas;25000;Besançon;25056;25;Bourgogne-Franche-Comté;47.2509;5.9809;contact@logistiquebati.fr;0775984507;2018-10-30;2022-09-03;ACTIF;81;169891;COM-0054;oui
CLI-00821;Manufacture Électricité SAS;PRO;Collectivité;64021820274298;177 chemin des Vignes;59000;Lille;59350;59;Hauts-de-France;50.6239;3.0825;contact@manufactureele.fr;03.15.45.84.67;2023-02-15;2025-03-22;PROSPECT;93;133520;COM-0042;oui
CLI-02275;Tramontane Transports EURL;PRO;Collectivité;55574807944203;130 rue de la République;50100;Cherbourg-en-Cotentin;50129;50;Normandie;49.5946;-1.5848;contact@tramontanetran.fr;03 24 86 02 63;2023-10-23;2025-04-19;ACTIF;100;272043;COM-0038;oui
CLI-00687;Alizé Équipements SASU;PRO;TPE;92020261031660;169 rue Pasteur;28000;Chartres;28085;28;Centre-Val de Loire;48.4001;1.4981;contact@alizeequipemen.fr;05.42.94.14.12;2020-07-27;2024-04-22;RESILIE;150;-84029;COM-0033;oui
CLI-01693;Mme Laure Gauthier;PART;Particulier;;160 avenue du Général Leclerc;80000;Amiens;80021;80;Hauts-de-France;49.8883;2.328;laure.gauthier@courriel-demo.fr;0797816783;2023-08-11;2024-11-26;ACTIF;;1958;COM-0029;oui
CLI-02341;Ateliers Électricité SCOP;PRO;Collectivité;60522921124397;59 avenue du Général Leclerc;13300;Salon-de-Provence;13103;13;Provence-Alpes-Côte d’Azur;43.5962;5.0651;contact@atelierselectr.fr;+33430834469;2020-12-22;2022-01-03;ACTIF;81;186659;COM-0015;non
CLI-01554;Alizé Bâtiment SCOP;PRO;Grands comptes;13781125660595;105 avenue Jean Jaurès;29200;Brest;29019;29;Bretagne;48.3726;-4.5149;contact@alizebatiments.fr;0152793926;2019-01-24;2025-02-24;PROSPECT;150;138235;COM-0013;oui
CLI-02316;Vallée Conseil SAS;PRO;Collectivité;00622277702247;132 impasse des Lilas;92100;Boulogne-Billancourt;92012;92;Île-de-France;48.8861;2.2677;contact@valleeconseils.fr;01 96 70 15 28;2025-12-26;2026-08-24;RESILIE;1;322471;COM-0052;oui
CLI-00563;Aurore Industries EURL;PRO;Grands comptes;;130 boulevard Victor Hugo;16000;Angoulême;16015;16;Nouvelle-Aquitaine;45.6334;0.1251;contact@auroreindustri.fr;06.58.51.80.60;2018-12-13;2021-09-06;PROSPECT;10;153291;COM-0052;oui
CLI-00767;Belvédère Négoce SARL;PRO;Grands comptes;35274075466842;133 rue Pasteur;91000;Évry-Courcouronnes;91228;91;Île-de-France;48.6516;2.4083;contact@belvederenegoc.fr;01.22.88.59.18;2025-01-30;2025-05-30;ACTIF;144;33691;COM-0016;non
CLI-01467;M. Cédric Henry;PART;Particulier;;70 rue du Commerce;76600;Le Havre;76351;76;Normandie;49.5084;0.1557;cedric.henry@courriel-demo.fr;07.74.96.07.00;2018-07-30;2018-09-18;ACTIF;;404;COM-0010;oui
CLI-02483;Atlantique Solutions SASU;PRO;PME;06990851378404;26 rue de l’Industrie;44000;Nantes;44109;44;Pays de la Loire;47.1841;-1.5977;contact@atlantiquesolu.fr;+33419496377;2018-02-07;2022-02-04;ACTIF;144;122713;COM-0020;oui
CLI-01688;Boréal Agroalimentaire SASU;PRO;Grands comptes;;73 avenue du Général Leclerc;56100;Lorient;56121;56;Bretagne;47.7407;-3.36;contact@borealagroalim;0290974075;2023-11-27;2024-06-14;ACTIF;1;315957;COM-0023;non
CLI-00729;Sillon Équipements EURL;PRO;Grands comptes;;140 avenue de la Gare;73000;chambéry;73065;73;Auvergne-Rhône-Alpes;45.5453;5.9028;contact@sillonequipeme.fr;+33797914163;2024-12-30;2025-11-01;ACTIF;92;266832;COM-0049;oui
CLI-01482;Ateliers Industries SAS;PRO;Collectivité;80387446394318;36 place du Marché;49300;Cholet;49099;49;Pays de la Loire;47.0697;-0.916;contact@ateliersindust.fr;04.66.58.99.77;2026-07-26;2026-08-31;PROSPECT;219;228516;COM-0026;oui
CLI-00790;Vertigo Solutions SARL;PRO;TPE;65960855362259;105 avenue Jean Jaurès;93200;Saint-Denis;93066;93;Île-de-France;48.9012;2.345;contact@vertigosolutio.fr;+33236514073;2025-07-22;2025-08-11;ACTIF;135;263784;COM-0056;oui
CLI-00437;M. Ludovic Blanc;PART;Particulier;;99 place du Marché;08000;Charleville-Mézières;08105;08;Grand Est;49.8184;4.6937;ludovic.blanc@courriel-demo.fr;01.19.41.23.75;2016-12-18;2026-05-25;ACTIF;;2374;COM-0044;non
CLI-00495;M. Olivier Bernard;PART;Particulier;;108 rue de l’Industrie;57000;Metz;57463;57;Grand Est;49.1195;6.1305;olivier.bernard@courriel-demo.fr;04 84 52 27 94;2021-04-25;2025-10-21;ACTIF;;2411;COM-0047;oui
CLI-01358;Logistique Agroalimentaire SASU;PRO;Grands comptes;12496524670906;34 rue des Acacias;94000;Créteil;94028;94;Île-de-France;48.7885;2.4288;contact@logistiqueagro.fr;03 23 63 20 88;2019-10-14;2022-04-24;ACTIF;1;313791;COM-0033;non
CLI-02414;Vallée Électricité SASU;PRO;Grands comptes;;122 allée des Peupliers;81000;Albi;81004;81;Occitanie;43.9457;2.1716;contact@valleeelectric.fr;+33196061961;2022-08-18;2025-12-17;ACTIF;1;46836;COM-0015;oui
CLI-01838;Vallée Distribution SARL;PRO;Grands comptes;27904475262324;134 avenue du Général Leclerc;29000;Quimper;29232;29;Bretagne;47.9794;-4.1433;contact@valleedistribu.fr;04 73 54 48 83;2019-02-16;2020-08-17;PROSPECT;9;422019;COM-0054;non
CLI-00694;M. Hugo Faure;PART;Particulier;;117 boulevard Victor Hugo;53000;laval;53130;53;Pays de la Loire;48.0588;-0.8147;hugo.faure@courriel-demo.fr;06 82 91 11 45;2025-10-16;2026-06-20;ACTIF;;2597;COM-0037;oui
CLI-01468;Mme Virginie Laurent;PART;Particulier;;64 rue de l’Industrie;06400;Cannes;06029;06;Provence-Alpes-Côte d’Azur;43.5079;6.9755;virginie.laurent@courriel-demo.fr;0325801280;2023-06-09;2023-06-09;ACTIF;;3712;COM-0012;oui
CLI-00530;Nord Ouest Équipements SA;PRO;Collectivité;16968991662330;11 route de Bordeaux;20000;Ajaccio;2A004;2A;Corse;41.9527;8.7469;contact@nordouestequip.fr;+33576783702;2019-01-08;2020-01-31;ACTIF;1;112596;COM-0013;oui
CLI-00524;M. Antoine Vincent;PART;Particulier;;88 impasse des Lilas;59140;Dunkerque;59183;59;Hauts-de-France;50.9943;2.4142;antoine.vincent@courriel-demo.fr;04 92 14 13 22;2017-06-24;2026-01-02;ACTIF;;3732;COM-0055;oui
CLI-00018;M. Michel Girard;PART;Particulier;;165 rue Pasteur;63000;Clermont-Ferrand;63113;63;Auvergne-Rhône-Alpes;45.8145;3.1195;michel.girard@courriel-demo.fr;02.32.57.40.73;2022-03-27;2025-05-29;ACTIF;;3689;COM-0023;oui
CLI-02347;Mme Camille Lambert;PART;Particulier;;125 route de Bordeaux;06000;Nice;06088;06;Provence-Alpes-Côte d’Azur;43.6636;7.2255;camille.lambert@courriel-demo.fr;03.96.13.40.49;2019-02-06;2025-10-04;ACTIF;;2350;COM-0003;oui
CLI-02237;Cristal Solutions SCOP;PRO;TPE;;29 rue de la République;94000;Créteil;94028;94;Île-de-France;48.7413;2.415;contact@cristalsolutio.fr;+33540019838;2021-09-28;2025-11-08;ACTIF;128;265708;COM-0036;oui
CLI-00769;Vertigo Industries SAS;PRO;TPE;78608178848227;32 rue du Commerce;94000;Créteil;94028;94;Île-de-France;48.7408;2.5053;contact@vertigoindustr.fr;05 97 16 53 09;2022-01-30;2024-01-24;INACTIF;59;263802;COM-0011;non
CLI-01685;Belvédère Maintenance SA;PRO;PME;60277246270574;52 rue de la République;68100;Mulhouse;68224;68;Grand Est;47.7203;7.3489;contact@belvederemaint.fr;0368026747;2024-07-19;2026-07-28;ACTIF;65;-166847;COM-0040;non
CLI-01408;M.  Julien David;PART;Particulier;;82 place du Marché;69100;Villeurbanne;69266;69;Auvergne-Rhône-Alpes;45.7561;4.837;julien.david@courriel-demo.fr;+33730009622;2018-02-27;2018-05-30;RESILIE;;1030;COM-0021;oui
CLI-00259;Mme Émilie Guérin;PART;Particulier;;32 rue Pasteur;06600;Antibes;06004;06;Provence-Alpes-Côte d’Azur;43.6115;7.138;emilie.guerin@courriel-demo.fr;05.40.60.09.49;2025-09-15;2026-03-24;ACTIF;;2154;COM-0051;oui
CLI-00986;M. Romain Martin;PART;Particulier;;42 chemin des Vignes;76000;Rouen;76540;76;Normandie;49.4726;1.0954;romain.martin@courriel-demo.fr;01 09 07 32 21;2020-09-06;2023-04-16;ACTIF;;2890;COM-0037;oui
CLI-00551;Distribution Mobilier SA;PRO;TPE;75276153883280;24 rue des Acacias;35400;Saint-Malo;35288;35;Bretagne;48.667;-2.0294;contact@distributionmo.fr;0584732654;2021-12-05;2025-07-24;PROSPECT;1;238112;COM-0042;oui
CLI-00405;M. Vincent Leroy;PART;Particulier;;82 avenue du Général Leclerc;42000;Saint-Étienne;42218;42;Auvergne-Rhône-Alpes;45.4145;4.4117;vincent.leroy@courriel-demo.fr;03 72 71 85 89;2021-06-30;2021-12-07;ACTIF;;1303;COM-0042;non
CLI-02186;Maritime Maintenance EURL;PRO;PME;58307562426607;159 impasse des Lilas;06000;Nice;06088;06;Provence-Alpes-Côte d’Azur;43.6882;7.2249;contact@maritimemainte.fr;0462707837;2020-01-09;2024-05-07;INACTIF;21;299587;COM-0021;oui
CLI-02350;Tramontane Papeterie SARL;PRO;Grands comptes;23243149500135;159 rue des Acacias;86000;Poitiers;86194;86;Nouvelle-Aquitaine;46.5557;0.2915;contact@tramontanepape.fr;03 79 33 08 82;2025-02-21;2025-03-31;PROSPECT;1;-16078;COM-0021;oui
CLI-02303;Sillon Équipements SA;PRO;PME;00288540451371;38 avenue du Général Leclerc;27000;Évreux;27229;27;Normandie;49.0089;1.15;contact@sillonequipeme.fr;0286020425;2020-06-18;2022-06-14;ACTIF;36;65810;COM-0011;oui
CLI-00698;Escale Mobilier SA;PRO;Grands comptes;89402042194716;105 avenue du Général Leclerc;65000;Tarbes;65440;65;Occitanie;43.2034;0.0493;contact@escalemobilier.fr;03 76 67 29 79;2024-05-25;2025-01-27;ACTIF;1;123560;COM-0011;oui
CLI-01879;Énergie Conseil EURL;PRO;PME;22205339002888;139 allée des Peupliers;35400;Saint-Malo;35288;35;Bretagne;48.6201;-2.0311;contact@energieconseil.fr;0650910680;2018-04-17;2025-10-18;ACTIF;165;224962;COM-0043;non
CLI-01791;M. Sébastien Petit;PART;Particulier;;28 chemin des Vignes;64100;Bayonne;64102;64;Nouvelle-Aquitaine;43.4885;-1.4618;sebastien.petit@courriel-demo.fr;+33215257957;2025-06-07;2025-09-03;PROSPECT;;1268;COM-0005;non
CLI-02044;Belvédère Bâtiment EURL;PRO;TPE;19884770395280;39 boulevard Victor Hugo;42000;Saint-Étienne;42218;42;Auvergne-Rhône-Alpes;45.3916;4.3711;contact@belvederebatim.fr;01 70 73 69 31;2018-07-11;2020-05-10;INACTIF;1;251085;COM-0048;non
CLI-00417;Cristal Équipements SASU;PRO;TPE;11621818951052;103 impasse des Lilas;83000;Toulon;83137;83;Provence-Alpes-Côte d’Azur;43.1083;5.9167;contact@cristalequipem.fr;0760799269;2017-03-24;2018-04-16;PROSPECT;1;340191;COM-0002;oui
CLI-01064;Vertigo Négoce SASU;PRO;TPE;32586928230610;42 allée des Peupliers;77100;Meaux;77284;77;Île-de-France;48.9364;2.8756;contact@vertigonegoces.fr;03 82 75 36 10;2017-05-14;2022-05-09;ACTIF;1;202361;COM-0005;oui
CLI-00296;Alizé Matériaux SAS;PRO;PME;68882627563173;12 rue des Acacias;29200;Brest;29019;29;Bretagne;48.4123;-4.5174;contact@alizemateriaux.fr;+33645507216;2020-12-09;2025-03-05;PROSPECT;167;180781;COM-0052;oui
CLI-02397;Vertigo  Transports SASU;PRO;Collectivité;34006870413297;1 rue Pasteur;16000;Angoulême;16015;16;Nouvelle-Aquitaine;45.6305;0.1766;contact@vertigotranspo.fr;+33157023654;2016-08-20;2017-04-16;ACTIF;168;185551;COM-0029;oui
CLI-01345;Nord Ouest Emballages SCOP;PRO;Collectivité;42153846975666;83 avenue de la Gare;18000;Bourges;18033;18;Centre-Val de Loire;47.1181;2.3508;contact@nordouestembal.fr;07.85.96.98.83;2022-03-30;2023-03-15;ACTIF;1;-56149;COM-0031;oui
CLI-00221;Solstice Distribution SA;PRO;Grands comptes;29350475566027;19 place du Marché;72000;Le Mans;72181;72;Pays de la Loire;48.058;0.1881;contact@solsticedistri.fr;01 20 37 69 78;2021-11-29;2022-09-27;ACTIVE;45;103818;COM-0039;oui
CLI-00601;Escale Maintenance SARL;PRO;TPE;36743303730693;147 avenue Jean Jaurès;50100;Cherbourg-en-Cotentin;50129;50;Normandie;49.5914;-1.6015;contact@escalemaintena.fr;0411233970;2019-03-14;2023-08-29;PROSPECT;91;233101;COM-0024;non
CLI-00141;Énergie Équipements EURL;PRO;TPE;;99 impasse des Lilas;33000;Bordeaux;33063;33;Nouvelle-Aquitaine;44.8262;-0.5998;contact@energieequipem.fr;07.00.52.43.62;2024-12-18;2025-10-12;ACTIF;1;51905;COM-0007;oui
CLI-01852;Prisme Solutions SASU;PRO;Collectivité;56562271335311;82 avenue Jean Jaurès;95100;argenteuil;95018;95;Île-de-France;48.9539;2.2572;contact@prismesolution.fr;03 29 10 83 11;2020-12-27;2023-05-25;ACTIF;1;258023;COM-0042;oui
CLI-00453;Nord Ouest Mobilier SARL;PRO;TPE;40009981148961;97 avenue Jean Jaurès;34200;Sète;34301;34;Occitanie;43.3695;3.7186;contact@nordouestmobil.fr;01 93 91 32 45;2018-05-31;2025-11-09;ACTIF;68;113923;COM-0005;non
CLI-01366;M. Laurent Martinez;PART;Particulier;;151 avenue de la Gare;83000;Toulon;83137;83;Provence-Alpes-Côte d’Azur;43.1059;5.9466;laurent.martinez@courriel-demo.fr;0595812820;2021-11-03;2024-02-11;ACTIF;;3374;COM-0032;oui
CLI-02355;Ateliers Papeterie SARL;PRO;TPE;68918476101164;162 allée des Peupliers;29200;Brest;29019;29;Bretagne;48.4351;-4.5204;contact@atelierspapete.fr;02.92.62.43.89;2017-07-05;2020-12-13;ACTIF;122;295271;COM-0024;oui
CLI-00392;Maritime Négoce SA;PRO;Collectivité;10554731547703;56 rue de l’Industrie;58000;Nevers;58194;58;Bourgogne-Franche-Comté;47.0305;3.1817;contact@maritimenegoce.fr;01 48 83 26 45;2016-06-18;2021-04-05;ACTIF;182;-25244;COM-0003;oui
CLI-00869;M. Hugo Lopez;PART;Particulier;;4 rue Pasteur;18000;Bourges;18033;18;Centre-Val de Loire;47.0411;2.3546;hugo.lopez@courriel-demo.fr;06 57 55 75 38;2023-07-07;2023-12-19;ACTIF;;688;COM-0017;oui
CLI-02149;Grand Large Électricité SCOP;PRO;PME;82010489397522;105 place du Marché;92000;Nanterre;92050;92;Île-de-France;48.8525;2.1811;contact at grandlargeelec.fr;03 04 14 00 48;2020-12-13;2022-07-30;ACTIF;16;-56447;COM-0014;oui
CLI-01315;Mme Amandine André;PART;Particulier;;40 rue de la République;17000;La Rochelle;17300;17;Nouvelle-Aquitaine;46.1528;-1.1528;amandine.andre@courriel-demo.fr;04.67.92.88.73;2016-06-28;2023-10-01;ACTIF;;2265;COM-0028;oui
CLI-01819;M. Jérôme Clément;PART;Particulier;;114 rue Pasteur;84000;Avignon;84007;84;Provence-Alpes-Côte d’Azur;43.9102;4.8562;jerome.clement@courriel-demo.fr;0492642101;2022-11-15;2026-08-01;ACTIF;;2038;COM-0031;oui
CLI-02201;Atlantique Solutions SARL;PRO;PME;07343293410550;151 place du Marché;68100;Mulhouse;68224;68;Grand Est;47.779;7.3623;contact@atlantiquesolu.fr;07.11.16.20.10;2017-09-30;2025-05-10;ACTIF;176;154063;COM-0014;oui
CLI-00628;Prisme Matériaux SA;PRO;Grands comptes;36124596184341;138 rue de l’Industrie;65000;Tarbes;65440;65;Occitanie;43.2172;0.0223;contact@prismemateriau.fr;+33496763678;2021-09-24;2023-05-30;ACTIF;37;172388;COM-0032;non
CLI-00673;Mme Sophie Bernard;PART;Particulier;;157 rue des Acacias;57000;Metz;57463;57;Grand Est;49.1574;6.1804;sophie.bernard@courriel-demo.fr;+33715956495;2017-11-26;2020-07-28;ACTIF;;1336;COM-0025;oui
CLI-01063;Sillon Emballages SCOP;PRO;PME;53322593945695;112 route de Bordeaux;47000;Agen;47001;47;Nouvelle-Aquitaine;44.1809;0.6544;contact@sillonemballag.fr;+33789937848;2018-07-22;2022-10-08;ACTIF;1;104510;COM-0033;oui
CLI-00098;Tramontane Emballages SAS;PRO;TPE;65041228290290;151 avenue de la Gare;21000;Dijon;21231;21;Bourgogne-Franche-Comté;47.3442;5.0643;contact@tramontaneemba.fr;04.87.74.02.82;2021-02-16;2025-03-29;ACTIF;102;192494;COM-0022;oui
CLI-00619;Belvédère Conseil SAS;PRO;PME;40081042036244;139 rue de l’Industrie;17000;La Rochelle;17300;17;Nouvelle-Aquitaine;46.2015;-1.1132;contact@belvedereconse.fr;+33619321878;2020-01-12;2025-02-03;ACTIF;57;159866;COM-0035;non
CLI-01930;Ateliers Industries SCOP;PRO;Collectivité;76854761987672;78 impasse des Lilas;33700;Mérignac;33281;33;Nouvelle-Aquitaine;44.879;-0.6708;contact;06.07.15.53.90;2019-12-13;2023-10-18;ACTIF;1;154982;COM-0056;oui
CLI-01137;Boréal Conseil SASU;PRO;Collectivité;95798404493097;46 rue Pasteur;78000;VERSAILLES;78646;78;Île-de-France;48.7894;2.1131;contact@borealconseils.fr;05 14 91 02 52;2020-02-11;2025-05-29;ACTIF;22;255711;COM-0058;oui
;;;;;;;;;;;;;;;;;;;;;
CLI-01169;Ateliers Conseil SA;PRO;PME;39191870211241;80 boulevard Victor Hugo;72000;Le Mans;72181;72;Pays de la Loire;48.0183;0.2034;contact@ateliersconsei.fr;0115614440;2016-07-18;2027-05-21;ACTIF;1;373441;COM-0020;oui
CLI-00510;Mme Nathalie Fontaine;PART;Particulier;;17 rue des Acacias;29000;Quimper;29232;29;Bretagne;47.9572;-4.0545;nathalie.fontaine@courriel-demo.fr;+33616826031;2017-06-27;2023-09-11;ACTIF;;1524;COM-0026;non
CLI-01348;Cristal Négoce SASU;PRO;PME;97280985437544;59 quai des Docks;81000;Albi;81004;81;Occitanie;43.9223;2.1691;contact@cristalnegoces.fr;07 79 08 52 38;2017-04-12;2019-06-30;ACTIF;1;429852;COM-0043;non
CLI-00268;M. Guillaume Petit;PART;Particulier;;6 rue Pasteur;22000;Saint-Brieuc;22278;22;Bretagne;48.5379;-2.7794;guillaume.petit@courriel-demo.fr;05.26.05.32.66;2023-12-25;2024-01-12;ACTIF;;3637;COM-0016;oui
CLI-00569;M. Maxime Faure;PART;Particulier;;116 place du Marché;68000;Colmar;68066;68;Grand Est;48.0322;7.3786;maxime.faure@courriel-demo.fr;+33357914611;2016-07-19;2021-01-20;ACTIF;;2838;COM-0011;oui
CLI-01436;Vallée Matériaux SARL;PRO;Grands comptes;93630769830034;158 quai des Docks;64000;Pau;64445;64;Nouvelle-Aquitaine;43.2976;-0.359;contact@valleemateriau.fr;+33680219620;2016-10-21;2023-07-10;INACTIF;51;101934;COM-0005;oui
CLI-00613;Prisme Mobilier SAS;PRO;PME;44914554324922;40 rue de la République;13100;Aix-en-Provence;13001;13;Provence-Alpes-Côte d’Azur;43.5127;5.4775;contact@prismemobilier.fr;02 74 42 47 30;2017-07-10;2023-01-26;ACTIF;105;284541;COM-0014;oui
CLI-01702;Vertigo Distribution SASU;PRO;Grands comptes;97615016046102;170 rue des Acacias;33700;Mérignac;33281;33;Nouvelle-Aquitaine;44.8647;-0.6164;contact@vertigodistrib.fr;+33481351717;2026-04-09;2026-08-02;ACTIF;93;254461;COM-0011;oui
CLI-01272;M. Benoît Moreau;PART;Particulier;;87 allée des Peupliers;86000;Poitiers;86194;86;Nouvelle-Aquitaine;46.5621;0.3846;benoit.moreau@courriel-demo.fr;0383043671;2020-09-24;2026-03-02;PROSPECT;;1086;COM-0048;non
CLI-00461;Mme Marion Morin;PART;Particulier;;84 impasse des Lilas;87000;Limoges;87085;87;Nouvelle-Aquitaine;45.8707;1.2909;marion.morin@courriel-demo.fr;0195959263;2019-03-09;2021-04-20;ACTIF;;833;COM-0008;non
CLI-01033;Services Solutions SARL;PRO;Grands comptes;08916173203911;126 rue de la République;83000;Toulon;83137;83;Provence-Alpes-Côte d’Azur;43.1013;5.9755;contact@servicessoluti.fr;0641607611;2018-09-07;2023-01-16;ACTIF;106;309388;COM-0048;oui
CLI-00183;Alizé Équipements SCOP;PRO;Collectivité;55141202532568;135 boulevard Victor Hugo;13001;MARSEILLE;13055;13;Provence-Alpes-Côte d’Azur;43.322;5.3689;contact@alizeequipemen.fr;04 96 66 32 76;2016-03-31;2022-06-05;ACTIF;1;95225;COM-0035;oui
CLI-00240;Boréal Électricité SCOP;PRO;Grands comptes;97034547537879;162 rue des Acacias;11000;Carcassonne;11069;11;Occitanie;43.2491;2.3476;contact@borealelectric.fr;+33365865803;2022-08-28;2023-11-13;PROSPECT;12;316377;COM-0050;oui
CLI-00382;M. Guillaume Leroy;PART;Particulier;;15 route de Bordeaux;60000;Beauvais;60057;60;Hauts-de-France;49.4643;2.0541;guillaume.leroy@courriel-demo.fr;05 70 74 19 77;2017-08-25;2024-01-22;ACTIF;;218;COM-0030;oui
CLI-02092;M. Sébastien Lefebvre;PART;Particulier;;53 impasse des Lilas;63000;Clermont-Ferrand;63113;63;Auvergne-Rhône-Alpes;45.7488;3.0378;sebastien.lefebvre@courriel-demo.fr;07.08.08.68.60;2019-01-25;2021-07-08;ACTIF;;1844;COM-0046;oui
CLI-00455;M. Alain Robin;PART;Particulier;;21 avenue de la Gare;33700;MÉRIGNAC;33281;33;Nouvelle-Aquitaine;44.8296;-0.6856;alain.robin@courriel-demo.fr;0640973957;2023-03-25;2023-04-06;PROSPECT;;1036;COM-0022;oui
CLI-00728;Vertigo Électricité SAS;PRO;PME;;34 rue du Commerce;86000;Poitiers;86194;86;Nouvelle-Aquitaine;46.6133;0.3875;contact@vertigoelectri.fr;02 17 51 71 92;2017-06-16;2024-03-05;A CONFIRMER;1;114780;COM-0002;oui
CLI-00385;Vertigo Négoce SCOP;PRO;TPE;63608884196550;8 rue Pasteur;25000;Besançon;25056;25;Bourgogne-Franche-Comté;47.2893;5.9764;contact@vertigonegoces.fr;0223116834;2019-06-27;2024-10-02;INACTIF;233;46231;COM-0055;oui
CLI-01082;Mme Élodie Legrand;PART;Particulier;;11 boulevard Victor Hugo;86000;Poitiers;86194;86;Nouvelle-Aquitaine;46.6213;0.3098;elodie.legrand@courriel-demo.fr;0644556732;2022-03-01;2025-12-04;ACTIF;;930;COM-0029;oui
CLI-00774;Manufacture Matériaux SARL;PRO;TPE;81390940879066;61 chemin des Vignes;49300;Cholet;49099;49;Pays de la Loire;47.0577;-0.902;contact@manufacturemat.fr;0724096947;2022-09-14;2024-03-05;INACTIF;82;487789;COM-0056;oui
CLI-01632;M. David Thomas;PART;Particulier;;156 chemin des Vignes;69001;Lyon;69123;69;Auvergne-Rhône-Alpes;45.7548;4.8518;david.thomas@courriel-demo.fr;06 64 16 03 00;2020-04-26;2023-07-18;ACTIF;;2980;COM-0021;oui
CLI-00761;Atlantique Emballages SCOP;PRO;TPE;;56 rue du Commerce;56000;Vannes;56260;56;Bretagne;47.6527;-2.7801;contact@atlantiqueemba.fr;+33526569594;2023-06-28;2025-01-10;PROSPECT;1;257733;COM-0046;oui
CLI-01080;Belvédère Distribution EURL;PRO;Collectivité;72185569892513;175 rue de la République;16000;Angoulême;16015;16;Nouvelle-Aquitaine;45.6998;0.1333;contact;03.19.13.22.42;2020-12-25;2024-03-30;ACTIF;181;215694;COM-0021;non
CLI-02299;Provence Maintenance EURL;PRO;PME;41127864932272;136 rue de la République;06400;Cannes;06029;06;Provence-Alpes-Côte d’Azur;43.5213;7.0029;contact@provencemainte.fr;05.23.45.34.54;2020-12-28;2021-07-08;ACTIF;156;148737;COM-0028;oui
CLI-00176;Manufacture Transports SASU;PRO;TPE;20466574419242;75 avenue du Général Leclerc;16000;Angoulême;16015;16;Nouvelle-Aquitaine;45.6653;0.1139;contact@manufacturetra.fr;03 27 10 51 49;2022-04-26;2024-04-05;ACTIF;237;69390;COM-0056;non
CLI-00746;Mme Amandine Roux;PART;Particulier;;72 chemin des Vignes;06130;Grasse;06069;06;Provence-Alpes-Côte d’Azur;43.6671;6.9388;amandine.roux@courriel-demo.fr;0191373728;2018-07-10;2019-02-02;ACTIF;;3778;COM-0020;oui
CLI-00859;Cristal Mobilier SA;PRO;PME;06498807885052;67 rue de la République;92000;Nanterre;92050;92;Île-de-France;48.9171;2.1682;contact@cristalmobilie.fr;0543083834;2021-03-20;2022-09-12;ACTIF;2;448408;COM-0060;oui
CLI-01294;M. Alexandre André;PART;Particulier;;151 rue du Commerce;20200;Bastia;2B033;2B;Corse;42.6764;9.4927;alexandre.andre@courriel-demo.fr;06.82.15.94.12;2026-01-30;2026-07-05;ACTIF;;2758;COM-0059;oui
CLI-02114;M. Antoine Morin;PART;Particulier;;9 rue du Commerce;20200;Bastia;2B033;2B;Corse;42.72;9.4416;antoine.morin@courriel-demo.fr;07.83.47.02.56;2023-07-22;2024-06-30;ACTIF;;736;COM-0005;non
CLI-00608;Mme Émilie Legrand;PART;Particulier;;42 quai des Docks;29200;Brest;29019;29;Bretagne;48.4254;-4.5155;emilie.legrand@courriel-demo.fr;07 01 71 80 99;2025-03-16;2026-02-12;RESILIE;;3636;COM-0043;oui
CLI-01936;Services Conseil SAS;PRO;Collectivité;26862199509062;160 chemin des Vignes;93100;Montreuil;93048;93;Île-de-France;48.8142;2.3913;contact@servicesconsei.fr;+33102038120;2022-11-24;2023-10-20;ACTIF;33;368328;COM-0026;oui
CLI-00851;Ateliers Mobilier EURL;PRO;Collectivité;57704531873329;139 rue de la République;41000;Blois;41018;41;Centre-Val de Loire;47.6163;1.3069;contact@ateliersmobili.fr;0301800274;2023-12-06;2024-06-19;ACTIF;68;39300;COM-0045;oui
CLI-01268;M. Romain Henry;PART;Particulier;;58 rue du Commerce;35000;Rennes;35238;35;Bretagne;48.1386;-1.7109;romain.henry@courriel-demo.fr;03.73.90.16.04;2025-12-24;2026-03-13;ACTIF;;3981;COM-0027;oui
CLI-00581;Atlantique Papeterie EURL;PRO;Collectivité;57297429104113;148 avenue de la Gare;84000;Avignon;84007;84;Provence-Alpes-Côte d’Azur;43.9524;4.8172;contact@atlantiquepape.fr;0617421464;2018-09-01;2024-09-10;ACTIF;169;265876;COM-0007;oui
CLI-00660;Prisme Transports SAS;PRO;PME;;71 rue des Acacias;84000;Avignon;84007;84;Provence-Alpes-Côte d’Azur;43.954;4.845;contact@prismetranspor.fr;03.01.57.42.57;2024-03-04;2025-07-16;PROSPECT;277;-5379;COM-0022;non
CLI-00792;M. Vincent Bernard;PART;Particulier;;17 rue de l’Industrie;20000;Ajaccio;2A004;2A;Corse;41.8941;8.7374;vincent.bernard@courriel-demo.fr;0198273545;2025-08-08;2026-08-24;ACTIF;;942;COM-0040;non
CLI-02426;Services Équipements SA;PRO;Collectivité;;12 place du Marché;06130;Grasse;06069;06;Provence-Alpes-Côte d’Azur;43.6238;6.9301;contact@servicesequipe.fr;+33677622051;2020-05-09;2021-06-30;PROSPECT;1;323291;COM-0002;oui
CLI-01525;Distribution Matériaux SAS;PRO;TPE;51563001311888;103 avenue du Général Leclerc;05000;Gap;05061;05;Provence-Alpes-Côte d’Azur;44.546;6.0357;contact@distributionma.fr;0566265451;2025-06-11;2025-08-16;ACTIF;1;150372;COM-0024;non
CLI-01227;Vallée Emballages EURL;PRO;PME;43652647264112;168 rue des Acacias;84000;Avignon;84007;84;Provence-Alpes-Côte d’Azur;43.9085;4.7819;contact@valleeemballag.fr;02 26 57 18 06;2023-06-25;2026-09-08;PROSPECT;137;255796;COM-0001;oui
CLI-02460;Aurore Électricité SCOP;PRO;Grands comptes;12373951057414;12 rue des Acacias;11000;Carcassonne;11069;11;Occitanie;43.2315;2.3422;contact@auroreelectric.fr;+33305443431;2025-06-02;2025-10-08;ACTIF;247;300731;COM-0031;oui
CLI-02495;Nord Ouest Matériaux SAS;PRO;TPE;81581442066388;77 boulevard Victor Hugo;10000;Troyes;10387;10;Grand Est;48.2743;4.099;contact@nordouestmater.fr;+33723848780;2017-12-09;2026-09-10;ACTIF;35;195925;COM-0010;oui
CLI-02202;Comptoir Matériaux SARL;PRO;PME;86175689149994;30 quai des Docks;41000;Blois;41018;41;Centre-Val de Loire;47.5931;1.333;contact@comptoirmateri.fr;+33253531915;2016-03-11;2018-07-05;PROSPECT;1;276920;COM-0002;oui
CLI-00539;Vallée Papeterie SAS;PRO;Grands comptes;03126406157007;76 quai des Docks;10000;Troyes;10387;10;Grand Est;48.2686;4.0432;contact@valleepapeteri.fr;04.60.24.10.95;2026-08-04;2026-09-01;PROSPECT;145;419370;COM-0031;oui
CLI-02115;Manufacture Distribution SA;PRO;Collectivité;34053036008102;17 rue des Acacias;95000;Cergy;95127;95;Île-de-France;49.0068;2.098;contact@manufacturedis.fr;+33462406187;2016-03-01;2023-09-02;PROSPECT;1;454613;COM-0024;oui
CLI-01426;Distribution Négoce SAS;PRO;PME;43119234627601;12 impasse des Lilas;45000;Orléans;45234;45;Centre-Val de Loire;47.916;1.8757;contact@distributionne.fr;01.51.27.68.85;2020-12-03;2021-04-04;ACTIF;142;120623;COM-0031;non
CLI-00657;Vallée Matériaux SA;PRO;Collectivité;56409005923771;21 boulevard Victor Hugo;41000;Blois;41018;41;Centre-Val de Loire;47.5648;1.3585;contact@valleemateriau.fr;03.89.31.99.36;2019-01-16;2021-07-03;ACTIF;161;-113450;COM-0014;non
CLI-02314;Mme Virginie Clément;PART;Particulier;;87 avenue du Général Leclerc;35000;Rennes;35238;35;Bretagne;48.136;-1.7133;virginie.clement@courriel-demo.fr;05.21.03.10.33;2017-03-26;2025-01-07;ACTIF;;1513;COM-0049;oui
CLI-02103;Services Équipements SASU;PRO;Collectivité;08464548417634;150 quai des Docks;84000;Avignon;84007;84;Provence-Alpes-Côte d’Azur;43.9847;4.7946;contact@servicesequipe.fr;+33518529550;2024-04-08;2025-09-23;ACTIF;196;214053;COM-0051;oui
CLI-01071;Vallée Maintenance SAS;PRO;PME;18409112321128;10 chemin des Vignes;71100;Chalon-sur-Saône;71076;71;Bourgogne-Franche-Comté;46.8282;4.8108;contact at valleemaintena.fr;+33575542318;2017-03-09;2022-04-22;ACTIF;167;144186;COM-0008;oui
CLI-01278;Logistique Conseil SAS;PRO;Collectivité;95979640906711;173 avenue du Général Leclerc;35000;Rennes;35238;35;Bretagne;48.1069;-1.6839;contact@logistiquecons.fr;+33610782972;2019-05-20;2021-01-21;ACTIF;88;228310;COM-0003;oui
CLI-01588;Distribution Distribution SAS;PRO;TPE;02912812486151;157 place du Marché;34500;Béziers;34032;34;Occitanie;43.3381;3.1884;contact@distributiondi.fr;06.42.12.38.57;2017-02-19;2020-09-30;PROSPECT;157;79325;COM-0009;oui
CLI-01776;Sillon Solutions EURL;PRO;PME;;83 rue du Commerce;33700;Mérignac;33281;33;Nouvelle-Aquitaine;44.8584;-0.6903;contact@sillonsolution.fr;04.76.54.56.74;2022-02-26;2024-08-10;ACTIF;31;192059;COM-0026;oui
CLI-01261;M. Julien Dubois;PART;Particulier;;95 avenue de la Gare;44000;Nantes;44109;44;Pays de la Loire;47.2542;-1.5736;julien.dubois@courriel-demo.fr;+33112958663;2017-10-25;2019-02-23;RESILIE;;3303;COM-0048;oui
CLI-02469;Comptoir Conseil SCOP;PRO;Grands comptes;99873366185427;77 allée des Peupliers;57000;Metz;57463;57;Grand Est;49.1678;6.1428;contact@comptoirconsei.fr;05.49.03.98.11;2024-12-27;2024-12-27;PROSPECT;1;250790;COM-0025;oui
CLI-01546;Tramontane Maintenance SCOP;PRO;Collectivité;61983746814424;92 avenue du Général Leclerc;95000;Cergy;95127;95;Île-de-France;49.0824;2.0465;contact@tramontanemain.fr;03.46.59.74.16;2019-10-26;2026-07-19;ACTIF;1;194059;COM-0028;oui
CLI-01809;Belvédère Agroalimentaire SA;PRO;Grands comptes;00084248084963;14 route de Bordeaux;01000;Bourg-en-Bresse;01053;01;Auvergne-Rhône-Alpes;46.1733;5.224;contact@belvedereagroa;02 00 88 68 62;2026-02-23;2026-08-06;ACTIF;8;264165;COM-0059;non
CLI-02276;M. Cédric Durand;PART;Particulier;;91 rue de l’Industrie;68000;Colmar;68066;68;Grand Est;48.1245;7.3763;cedric.durand@courriel-demo.fr;0456774648;2023-05-18;2023-07-26;PROSPECT;;425;COM-0059;oui
CLI-02096;Grand Large Maintenance SARL;PRO;Grands comptes;04882790521466;123 rue des Acacias;35000;Rennes;35238;35;Bretagne;48.108;-1.7263;contact@grandlargemain.fr;+33345806141;2017-04-05;2026-08-01;INACTIF;1;149298;COM-0060;oui
CLI-00590;Manufacture Conseil SA;PRO;Collectivité;32632095661869;27 rue de l’Industrie;56100;Lorient;56121;56;Bretagne;47.7531;-3.3831;contact@manufacturecon.fr;07 92 72 37 38;2024-05-26;2025-04-22;ACTIF;53;346442;COM-0002;oui
CLI-01193;M. Sébastien Morin;PART;Particulier;;106 avenue de la Gare;71100;Chalon-Sur-SaÔNe;71076;71;Bourgogne-Franche-Comté;46.7807;4.8655;sebastien.morin@courriel-demo.fr;07 43 76 28 84;2025-09-09;2026-03-21;PROSPECT;;1322;COM-0049;oui
CLI-01901;M. Émile Dupont;PART;Particulier;;103 avenue de la Gare;05000;Gap;05061;05;Provence-Alpes-Côte d’Azur;44.5706;6.1244;emile.dupont@courriel-demo.fr;06 21 84 58 17;2017-12-08;2018-03-02;RESILIE;;1249;COM-0041;non
CLI-00780; M. Damien Robin;PART;Particulier;;176 impasse des Lilas;31000;Toulouse;31555;31;Occitanie;43.5733;1.4775;damien.robin@courriel-demo.fr;01 86 91 62 70;2025-11-22;2026-03-23;PROSPECT;;2090;COM-0040;oui
CLI-02384;Mme Sylvie Perrin;PART;Particulier;;123 rue des Acacias;78000;VERSAILLES;78646;78;Île-de-France;48.7929;2.1274;sylvie.perrin@courriel-demo.fr;07.14.90.07.82;2021-04-30;2021-07-02;RESILIE;;2521;COM-0047;oui
CLI-00322;Alizé Solutions EURL;PRO;TPE;77829954221927;114 rue de l’Industrie;05000;Gap;05061;05;Provence-Alpes-Côte d’Azur;44.5749;6.047;contact@alizesolutions.fr;01.88.33.02.98;2018-04-23;2024-02-21;ACTIF;18;283701;COM-0005;oui
CLI-01378;Vertigo Transports SASU;PRO;PME;54315577039654;12 avenue Jean Jaurès;20000;Ajaccio;2A004;2A;Corse;41.9731;8.7347;contact@vertigotranspo.fr;02.93.22.22.89;2020-05-06;2026-05-05;ACTIF;1;254392;COM-0039;non
CLI-01472;Escale Bâtiment EURL;PRO;Collectivité;93003770601364;178 impasse des Lilas;13100;Aix-en-Provence;13001;13;Provence-Alpes-Côte d’Azur;43.5107;5.4149;contact@escalebatiment.fr;+33366287755;2024-05-28;2024-06-18;ACTIF;1;231794;COM-0020;oui
CLI-02060;Mme Inès Petit;PART;Particulier;;152 place du Marché;02100;Saint-Quentin;02691;02;Hauts-de-France;49.8895;3.2873;ines.petit@courriel-demo.fr;0160386105;2019-09-24;2020-09-06;PROSPECT;;473;COM-0008;oui
CLI-00258;Mme Lucie Guérin;PART;Particulier;;148 boulevard Victor Hugo;41000;Blois;41018;41;Centre-Val de Loire;47.6001;1.2959;lucie.guerin@courriel-demo.fr;06.75.25.92.33;2018-06-06;2026-03-13;A CONFIRMER;;1813;COM-0016;oui
CLI-02478;Tramontane Conseil SARL;PRO;Collectivité;43566249682221;4 boulevard Victor Hugo;79000;niort;79191;79;Nouvelle-Aquitaine;46.3093;-0.4598;contact@tramontanecons.fr;03.69.66.80.03;2024-07-18;2026-09-04;ACTIF;1;270657;COM-0060;non
CLI-02342;Cristal Papeterie SAS;PRO;TPE;14947184378482;148 rue du Commerce;95100;ARGENTEUIL;95018;95;Île-de-France;48.9656;2.2215;contact@cristalpapeter.fr;0118142845;2016-04-26;2022-09-28;RESILIE;1;95173;COM-0013;non
CLI-00676;Mme Manon Durand;PART;Particulier;;64 avenue du Général Leclerc;13300;Salon-de-Provence;13103;13;Provence-Alpes-Côte d’Azur;43.6512;5.1337;manon.durand@courriel-demo.fr;0696195193;2025-12-28;2026-04-17;ACTIF;;2421;COM-0042;oui
CLI-02023;Prisme Industries SAS;PRO;TPE;34469317919719;138 rue de l’Industrie;94000;Créteil;94028;94;Île-de-France;48.7778;2.4711;contact@prismeindustri.fr;0747916709;2017-07-16;2023-10-31;ACTIF;1;334418;COM-0045;oui
CLI-02254;Grand Large Emballages SA;PRO;Grands comptes;98419172435888;67 avenue du Général Leclerc;22000;Saint-Brieuc;22278;22;Bretagne;48.4612;-2.7462;contact@grandlargeemba.fr;0260447953;2017-05-27;2024-05-29;RESILIE;23;268267;COM-0003;non
CLI-00508;Vertigo Équipements SA;PRO;Grands comptes;98068927292879;34 rue Pasteur;18000;Troyes;10387;10;Grand Est;48.2943;4.1215;contact@vertigoequipem.fr;+33778312224;2017-05-15;2018-07-23;ACTIF;108;7255;COM-0043;oui
CLI-02345;Comptoir Bâtiment SAS;PRO;Grands comptes;;159 place du Marché;06130;GRASSE;06069;06;Provence-Alpes-Côte d’Azur;43.6945;6.9026;contact@comptoirbatime.fr;0148666092;2018-08-14;2020-09-10;RESILIE;51;209682;COM-0037;oui
CLI-02482;M. Antoine Clément;PART;Particulier;;149 avenue de la Gare;76000;Rouen;76540;76;Normandie;49.409;1.0605;antoine.clement@courriel-demo.fr;+33116449178;2023-11-11;2024-04-18;ACTIF;;2465;COM-0007;oui
CLI-01677;M. Julien David;PART;Particulier;;34 place du Marché;92100;Boulogne-Billancourt;92012;92;Île-de-France;48.8427;2.2561;julien.david@courriel-demo.fr;03 69 53 00 54;2024-08-19;2025-05-19;ACTIF;;2981;COM-0027;oui
CLI-00592;Solstice Papeterie SASU;PRO;Grands comptes;98552273730562;174 rue Pasteur;66000;Perpignan;66136;66;Occitanie;42.7251;2.8638;contact@solsticepapete.fr;04 23 43 16 34;2023-10-11;2024-12-22;ACTIF;139;472086;COM-0056;non
CLI-02225;Solstice Industries SCOP;PRO;PME;61530937208157;91 route de Bordeaux;72000;Le Mans;72181;72;Pays de la Loire;48.0103;0.2189;contact@solsticeindust.fr;02.69.07.50.12;2023-04-28;2025-04-18;ACTIF;76;243949;COM-0040;non
CLI-00697;Services Solutions SA;PRO;PME;38310616474476;103 rue de la République;83000;Toulon;83137;83;Provence-Alpes-Côte d’Azur;43.1041;5.9642;contact@servicessoluti.fr;03 75 18 19 90;2016-09-28;2021-08-31;ACTIF;39;56412;COM-0021;oui
CLI-00572;Pyrénées Matériaux SARL;PRO;Collectivité;29880456110957;6 rue de l’Industrie;27000;évreux;27229;27;Normandie;49.0535;1.1533;contact@pyreneesmateri.fr;0361124416;2024-09-06;2025-01-15;ACTIF;272;112494;COM-0023;oui
CLI-00984;Maritime Maintenance EURL;PRO;TPE;17413256368903;124 rue Pasteur;49000;Angers;49007;49;Pays de la Loire;47.4528;-0.557;contact@maritimemainte.fr;05 75 38 02 35;2018-08-31;2024-11-08;ACTIF;101;319761;COM-0031;non
CLI-01224;Tramontane Emballages SASU;PRO;Grands comptes;53415178652136;62 route de Bordeaux;56000;Vannes;56260;56;Bretagne;47.6432;-2.737;contact@tramontaneemba.fr;+33231400201;2025-02-09;2025-02-10;ACTIF;124;49383;COM-0013;non
CLI-01452;Prisme Transports SAS;PRO;Grands comptes;56626436809626;120 rue de la République;56100;Lorient;56121;56;Bretagne;47.7046;-3.3547;contact@prismetranspor.fr;05.94.62.56.40;2017-02-16;2024-06-11;RESILIE;50;176260;COM-0032;oui
CLI-00756;Vallée Maintenance SARL  ;PRO;Collectivité;07606000036693;153 place du Marché;57000;Metz;57463;57;Grand Est;49.1237;6.1372;contact@valleemaintena.fr;+33404775957;2017-08-24;2017-11-26;ACTIF;55;-253010;COM-0059;oui
CLI-00745;Mme Inès Lopez;PART;Particulier;;133 rue Pasteur;56100;Saint-Nazaire;44184;44;Pays de la Loire;47.2981;-2.1833;ines.lopez@courriel-demo.fr;02 13 29 28 73;2023-05-15;2025-07-10;INACTIF;;1191;COM-0038;oui
CLI-01917;Mme Valérie Simon;PART;Particulier;;87 route de Bordeaux;42300;Roanne;42187;42;Auvergne-Rhône-Alpes;46.0283;4.0225;valerie.simon@courriel-demo.fr;04.62.65.92.50;2020-10-16;2024-07-31;ACTIF;;2759;COM-0047;oui
CLI-01560;Ateliers Solutions SCOP;PRO;PME;89779163426350;132 rue Pasteur;06130;Grasse;06069;06;Provence-Alpes-Côte d’Azur;43.7072;6.9368;contact@atelierssoluti.fr;0526060316;2024-03-29;2026-04-06;RESILIE;187;84795;COM-0016;oui
CLI-00543;Services Papeterie SASU;PRO;PME;25137835223967;47 avenue Jean Jaurès;82000;Montauban;82121;82;Occitanie;44.0544;1.3139;contact@servicespapete.fr;0351137580;2026-04-02;2026-08-06;RESILIE;119;117508;COM-0037;oui
CLI-00970;Atlantique Maintenance SARL;PRO;Collectivité;99325761112846;92 avenue du Général Leclerc;67000;Strasbourg;67482;67;Grand Est;48.5633;7.7428;contact@atlantiquemain.fr;07 68 92 42 92;2025-07-28;2026-08-23;ACTIF;67;380545;COM-0040;oui
CLI-00764;M. Ludovic Moreau;PART;Particulier;;71 avenue du Général Leclerc;74000;Annecy;74010;74;Auvergne-Rhône-Alpes;45.9053;6.1137;ludovic.moreau@courriel-demo.fr;0669485495;2018-11-30;2022-04-04;ACTIF;;2906;COM-0044;oui
CLI-00568;Grand Large Industries SASU;PRO;Collectivité;44070304067658;73 avenue du Général Leclerc;47000;Agen;47001;47;Nouvelle-Aquitaine;44.185;0.5923;contact@grandlargeindu.fr;07 78 27 84 28;2023-05-31;2025-10-06;EN COURS;100;12945;COM-0058;oui
CLI-00643;M. Ludovic Girard;PART;Particulier;;85 place du Marché;25000;BESANÇON;25056;25;Bourgogne-Franche-Comté;47.2678;6.0305;ludovic.girard@courriel-demo.fr;+33628768522;2018-12-23;2020-01-20;ACTIF;;1342;COM-0010;oui
CLI-00561;Cévennes Matériaux SARL;PRO;Grands comptes;59036003108755;167 allée des Peupliers;45000;Orléans;45234;45;Centre-Val de Loire;47.8586;1.9081;contact@cevennesmateri.fr;+33166134836;2015-12-30;2026-03-07;ACTIF;51;273359;COM-0023;oui
CLI-00144;Cévennes Agroalimentaire SCOP;PRO;PME;66985847423788;19 rue Pasteur;10000;Troyes;10387;10;Grand Est;48.2827;4.0634;contact@cevennesagroal.fr;0219730560;2018-08-01;2021-07-07;INACTIF;186;184656;COM-0008;oui
CLI-02078;Maritime Transports SCOP;PRO;TPE;73854603770389;170 avenue de la Gare;12000;Rodez;12202;12;Occitanie;44.3746;2.5958;contact@maritimetransp.fr;02 11 83 16 13;2019-06-06;2022-04-12;ACTIF;69;146947;COM-0045;oui
CLI-02109;Distribution Mobilier SCOP;PRO;TPE;39433789832810;22 rue de l’Industrie;25000;Besançon;25056;25;Bourgogne-Franche-Comté;47.2729;6.0092;contact at distributionmo.fr;0412965214;2018-08-31;2020-03-17;INACTIF;35;234029;COM-0060;oui
CLI-02472;Mme Valérie Dumont;PART;Particulier;;54 quai des Docks;73000;Chambéry;73065;73;Auvergne-Rhône-Alpes;45.5337;5.9213;valerie.dumont@courriel-demo.fr;04.34.26.33.63;2023-03-25;2024-11-02;ACTIF;;869;COM-0006;oui
CLI-00852;Distribution Équipements SAS;PRO;PME;48425848375022;32 boulevard Victor Hugo;13300;Salon-de-Provence;13103;13;Provence-Alpes-Côte d’Azur;43.6415;5.0756;contact@distributioneq.fr;03.40.77.46.28;2025-03-01;2026-07-24;RESILIE;17;296408;COM-0014;non
CLI-00318;Atlantique Matériaux SCOP;PRO;TPE;06679127048317;104 rue de l’Industrie;94000;Créteil;94028;94;Île-de-France;48.8287;2.4422;contact at atlantiquemate.fr;05 84 16 42 88;2017-10-25;2018-06-13;ACTIF;1;78050;COM-0005;oui
CLI-00498;Mme Catherine Muller;PART;Particulier;;75 rue des Acacias;60000;Beauvais;60057;60;Hauts-de-France;49.3841;2.0868;catherine.muller@courriel-demo.fr;0381738231;2019-05-13;2020-04-17;PROSPECT;;280;COM-0019;oui
CLI-00033;Aurore Mobilier SAS;PRO;Collectivité;53546543555296;126 avenue du Général Leclerc;22000;Saint-Brieuc;22278;22;Bretagne;48.555;-2.7371;contact@auroremobilier;05.45.24.99.13;2024-07-27;2026-06-25;ACTIF;79;108172;COM-0031;oui
CLI-02358;Ateliers Distribution SCOP;PRO;Grands comptes;41829265847416;96 impasse des Lilas;93100;Montreuil;93048;93;Île-de-France;48.8684;2.4774;contact@ateliersdistri.fr;0516055452;2020-05-23;2022-12-05;PROSPECT;62;164563;COM-0042;oui
CLI-02042;Sillon Agroalimentaire EURL;PRO;Collectivité;09952388681052;127 chemin des Vignes;77100;Meaux;77284;77;Île-de-France;48.9673;2.8312;contact@sillonagroalim.fr;05.29.94.36.19;2019-02-20;2021-09-24;PROSPECT;1;194137;COM-0024;non
CLI-00815;Vallée Emballages SASU;PRO;PME;46737971619767;109 route de Bordeaux;34200;Sète;34301;34;Occitanie;43.4431;3.6838;contact@valleeemballag.fr;05 06 51 51 42;2021-06-22;2024-02-12;RESILIE;62;155756;COM-0059;oui
CLI-00493;Vallée Distribution SARL;PRO;Collectivité;40823671887341;134 avenue Jean Jaurès;87000;Limoges;87085;87;Nouvelle-Aquitaine;45.797;1.2295;contact@valleedistribu.fr;+33690749703;2024-04-27;2026-01-21;PROSPECT;100;299418;COM-0041;oui
CLI-00204;Tramontane Papeterie SCOP;PRO;TPE;93846617404901;57 avenue Jean Jaurès;58000;Nevers;58194;58;Bourgogne-Franche-Comté;46.9408;3.1728;contact@tramontanepape.fr;04 68 28 63 01;2023-08-18;2025-02-09;ACTIF;113;241315;COM-0015;oui
CLI-02441;Alizé Distribution EURL;PRO;TPE;N/A;67 impasse des Lilas;17000;La Rochelle;17300;17;Nouvelle-Aquitaine;46.1633;-1.1824;contact@alizedistribut;0644668092;2016-07-28;2024-09-17;ACTIF;1;341518;COM-0002;oui
CLI-01028;Aurore Négoce SCOP;PRO;Collectivité;06472850491797;162 boulevard Victor Hugo;49000;Angers;49007;49;Pays de la Loire;47.4393;-0.5744;contact@aurorenegocesc.fr;0551045293;2022-08-01;2023-06-08;PROSPECT;1;390;COM-0037;non
CLI-02189;Sillon Papeterie SA;PRO;Collectivité;39646200262333;170 allée des Peupliers;80000;Amiens;80021;80;Hauts-de-France;49.9055;2.316;contact@sillonpapeteri.fr;03.23.26.51.32;2018-03-30;2021-09-30;INACTIF;1;165185;COM-0045;oui
CLI-00501;Mme Virginie Simon;PART;Particulier;;61 avenue Jean Jaurès;31000;Toulouse;31555;31;Occitanie;43.5709;1.3966;virginie.simon@courriel-demo.fr;+33357307503;2024-01-17;2024-02-08;INACTIF;;2752;COM-0023;non
CLI-00705;Provence Mobilier SAS;PRO;PME;30561905234881;10 rue Pasteur;79000;Niort;79191;79;Nouvelle-Aquitaine;46.2966;-0.4857;contact@provencemobili.fr;02 55 97 60 27;2018-04-18;2022-09-15;ACTIF;1;130749;COM-0027;oui
CLI-01460;Escale Mobilier SARL;PRO;PME;04743101069032;131 allée des Peupliers;83000;Toulon;83137;83;Provence-Alpes-Côte d’Azur;43.085;5.9749;contact@escalemobilier.fr;03.19.97.74.71;2023-05-18;2025-08-21;PROSPECT;144;20427;COM-0056;oui
CLI-01486;Escale Électricité EURL;PRO;PME;46038667677911;121 allée des Peupliers;01000;Bourg-en-Bresse;01053;01;Auvergne-Rhône-Alpes;46.2138;5.2298;contact@escaleelectric.fr;04.86.51.80.24;2024-04-11;2024-07-21;ACTIF;50;200030;COM-0038;oui
CLI-01503;Logistique Industries SA;PRO;Collectivité;90366449353557;14 quai des Docks;66000;Perpignan;66136;66;Occitanie;42.716;2.9323;contact@logistiqueindu.fr;+33393125778;2020-10-31;2022-05-07;ACTIF;32;-140556;COM-0040;oui
CLI-00298;Horizon Électricité SA;PRO;PME;49635610007975;64 rue de la République;35000;Rennes;35238;35;Bretagne;48.075;-1.6375;contact@horizonelectri.fr;02 76 61 64 34;2021-06-19;2023-09-11;ACTIF;104;149720;COM-0012;oui
CLI-00034;M. Antoine Girard;PART;Particulier;;129 rue Pasteur;41000;Blois;41018;41;Centre-Val de Loire;47.6299;1.3171;antoine.girard@courriel-demo.fr;04 17 37 05 28;2019-05-05;2020-06-19;PROSPECT;;796;COM-0006;oui
CLI-01176;Services Agroalimentaire EURL;PRO;PME;36759259508804;36 avenue de la Gare;84000;Avignon;84007;84;Provence-Alpes-Côte d’Azur;43.9352;4.7736;contact@servicesagroal.fr;0713022550;2024-05-19;2024-10-11;RESILIE;330;304319;COM-0031;oui
CLI-00029;Boréal Solutions SA;PRO;PME;59659023409741;161 rue des Acacias;41000;Blois;41018;41;Centre-Val de Loire;47.6302;1.3452;contact@borealsolution.fr;05 21 94 48 66;2021-05-28;2023-12-07;PROSPECT;133;275628;COM-0032;oui
CLI-01927;Manufacture Papeterie SAS;PRO;Collectivité;-;130 rue Pasteur;06600;Antibes;06004;06;Provence-Alpes-Côte d’Azur;43.5874;7.1679;contact@manufacturepap.fr;0204176959;2017-07-12;2026-07-19;ACTIF;70;439675;COM-0015;non
CLI-00765;Tramontane Maintenance SAS;PRO;TPE;60270052293392;170 quai des Docks;58000;Nevers;58194;58;Bourgogne-Franche-Comté;46.9881;3.132;contact@tramontanemain.fr;+33714319261;2020-04-16;2023-01-21;ACTIF;167;240214;COM-0016;oui
CLI-01118;Atlantique Solutions EURL;PRO;Collectivité;98005624262964;39 boulevard Victor Hugo;75001;Paris;75056;75;Île-de-France;48.8464;2.3811;contact@atlantiquesolu.fr;0300675263;2024-10-21;2026-03-15;ACTIF;169;646075;COM-0011;oui
CLI-00658;Nord Ouest Solutions SASU;PRO;Collectivité;45769714840547;180 avenue de la Gare;42300;Roanne;42187;42;Auvergne-Rhône-Alpes;46.0452;4.0488;contact@nordouestsolut.fr;0197576386;2021-01-03;2026-01-16;ACTIF;42;-10141;COM-0016;oui
CLI-02301;Solstice Transports SARL;PRO;Grands comptes;33471323058339;140 boulevard Victor Hugo;95000;Cergy;95127;95;Île-de-France;49.0094;2.0772;contact@solsticetransp.fr;+33691316857;2022-05-13;2027-05-02;PROSPECT;1;378526;COM-0043;oui
CLI-01373;Provence Emballages SASU;PRO;TPE;91781700463691;39 rue de l’Industrie;29200;Brest;29019;29;Bretagne;48.4102;-4.5041;contact@provenceemball.fr;+33167858251;2015-12-01;2022-06-15;PROSPECT;111;326277;COM-0021;oui
CLI-00559;Escale Mobilier SA  ;PRO;PME;36433826525142;46 chemin des Vignes;63000;Clermont-Ferrand;63113;63;Auvergne-Rhône-Alpes;45.7615;3.0751;contact@escalemobilier.fr;+33483966493;2024-03-10;2025-12-08;PROSPECT;62;105232;COM-0023;oui
CLI-00794;Sillon Maintenance SARL;PRO;Collectivité;13053343812146;62 rue du Commerce;06600;Antibes;06004;06;Provence-Alpes-Côte d’Azur;43.5624;7.1216;contact@sillonmaintena.fr;02.39.24.88.12;2022-12-10;2024-06-03;ACTIF;87;359390;COM-0032;oui
CLI-00289;M. Thomas Rousseau;PART;Particulier;;138 avenue du Général Leclerc;62100;Calais;62193;62;Hauts-de-France;50.922;1.828;thomas.rousseau@courriel-demo.fr;04.93.64.80.60;2015-11-24;2021-11-15;PROSPECT;;3538;COM-0013;oui
CLI-01955;Cristal Papeterie EURL;PRO;PME;59583125593971;77 avenue Jean Jaurès;06600;Antibes;06004;06;Provence-Alpes-Côte d’Azur;43.5303;7.1787;contact@cristalpapeter.fr;03.63.42.46.83;2024-02-17;2025-01-08;ACTIF;1;-18955;COM-0001;oui
CLI-01720;Belvédère Conseil SASU;PRO;Grands comptes;17419989335069;149 allée des Peupliers;83000;Toulon;83137;83;Provence-Alpes-Côte d’Azur;43.0754;5.9708;contact@belvedereconse.fr;+33633409848;2025-05-02;2025-10-31;PROSPECT;138;31193;COM-0012;oui
CLI-01555;Mme Aurélie Richard;PART;Particulier;;23 rue de la République;29200;Brest;29019;29;Bretagne;48.3768;-4.4621;aurelie.richard@courriel-demo;03 75 44 12 57;2018-03-13;2020-12-15;ACTIF;;2629;COM-0037;oui
CLI-00127;Manufacture Distribution SAS;PRO;Grands comptes;47407788789719;8 allée des Peupliers;11000;Carcassonne;11069;11;Occitanie;43.172;2.3105;contact@manufacturedis.fr;03 71 13 64 47;2019-08-04;2023-04-01;EN COURS;73;289195;COM-0019;non
CLI-01616;Mme Camille Martin;PART;Particulier;;78 boulevard Victor Hugo;92130;Issy-les-Moulineaux;92040;92;Île-de-France;48.8656;2.2933;camille.martin@courriel-demo.fr;+33661495147;2020-02-10;2022-08-31;PROSPECT;;2862;COM-0057;oui
CLI-01578;Vertigo Équipements SASU;PRO;TPE;46452928718472;15 rue de l’Industrie;12000;Rodez;12202;12;Occitanie;44.3063;2.5737;contact@vertigoequipem.fr;06 63 80 11 58;2024-08-06;2024-08-06;ACTIF;1;172207;COM-0036;oui
CLI-01077;Mme Élodie Dupont;PART;Particulier;;173 allée des Peupliers;42000;Saint-Étienne;42218;42;Auvergne-Rhône-Alpes;45.4407;4.3828;elodie.dupont@courriel-demo;03.54.15.21.52;2016-06-03;2026-03-21;ACTIF;;485;COM-0058;oui
CLI-02045;M. Olivier François;PART;Particulier;;103 rue de la République;02100;Saint-Quentin;02691;02;Hauts-de-France;49.8981;3.2497;olivier.francois@courriel-demo.fr;0784782882;2024-03-05;2024-03-05;ACTIF;;1874;COM-0052;oui
CLI-01441;Nord Ouest Papeterie EURL;PRO;PME;35533164487455;163 avenue du Général Leclerc;86000;Poitiers;86194;86;Nouvelle-Aquitaine;46.604;0.3594;contact@nordouestpapet.fr;03.35.39.73.78;2015-12-27;2022-07-20;ACTIF;1;323673;COM-0002;oui
CLI-00225;Nord Ouest Agroalimentaire SCOP;PRO;Grands comptes;21754218582771;80 boulevard Victor Hugo;33700;Mérignac;33281;33;Nouvelle-Aquitaine;44.8169;-0.6283;contact@nordouestagroa.fr;04.56.01.17.18;2020-05-25;2023-09-20;INACTIF;1;226947;COM-0030;oui
CLI-02492;Tramontane Conseil SASU;PRO;TPE;67038842315637;128 rue du Commerce;30000;Nîmes;30189;30;Occitanie;43.8812;4.345;contact@tramontanecons.fr;+33450051729;2025-02-14;2026-01-06;ACTIF;1;484185;COM-0018;oui
CLI-02368;Vertigo Bâtiment SARL;PRO;Collectivité;14330334383644;163 place du Marché;83600;Fréjus;83061;83;Provence-Alpes-Côte d’Azur;43.4416;6.7843;contact@vertigobatimen.fr;0208739683;2021-05-29;2024-10-04;ACTIF;208;94467;COM-0060;non
CLI-01643;Nord Ouest Papeterie EURL;PRO;PME;37932411287615;136 allée des Peupliers;49300;Cholet;49099;49;Pays de la Loire;47.0355;-0.8381;contact@nordouestpapet.fr;03 39 22 18 67;2021-04-04;2026-09-06;PROSPECT;1;158428;COM-0032;oui
CLI-02089;Atlantique Conseil EURL;PRO;PME;31141636055100;143 rue du Commerce;44600;Saint-Nazaire;44184;44;Pays de la Loire;47.2764;-2.2342;contact@atlantiquecons.fr;0593176591;2019-04-19;2026-04-12;ACTIF;238;316801;COM-0003;oui
CLI-00343;M. Thomas Lambert;PART;Particulier;;54 rue de l’Industrie;49300;Cholet;49099;49;Pays de la Loire;47.0947;-0.9211;thomas.lambert@courriel-demo.fr;04 98 91 86 89;2024-12-30;2026-05-23;ACTIF;;404;COM-0012;non
CLI-00576;Escale Industries SARL;PRO;Grands comptes;77727811189233;117 avenue de la Gare;11100;Narbonne;11262;11;Occitanie;43.1346;2.9595;contact@escaleindustri.fr;+33611455626;2018-03-11;2020-07-24;ACTIF;220;475878;COM-0008;non
CLI-01313;Cristal Matériaux SASU;PRO;PME;26527170679939;178 quai des Docks;79000;Niort;79191;79;Nouvelle-Aquitaine;46.2889;-0.5077;contact@cristalmateria.fr;0327646460;2024-07-19;2026-05-14;ACTIF;214;141974;COM-0014;oui
CLI-02164;M. Damien Thomas;PART;Particulier;;60 chemin des Vignes;79000;Niort;79191;79;Nouvelle-Aquitaine;46.3653;-0.4269;damien.thomas@courriel-demo.fr;06 44 25 91 13;2026-06-09;2026-06-16;ACTIF;;2232;COM-0057;oui
CLI-01627;Solstice Maintenance SARL;PRO;TPE;47794093639453;32 rue Pasteur;76600;Le Havre;76351;76;Normandie;49.5277;0.1079;contact@solsticemainte.fr;06.65.46.45.93;2025-03-29;2025-12-20;ACTIF;165;275458;COM-0039;oui
CLI-00467;Maritime Électricité SCOP;PRO;PME;83700803715716;48 avenue Jean Jaurès;34500;Béziers;34032;34;Occitanie;43.3712;3.1812;contact@maritimeelectr.fr;04 41 56 34 19;2023-02-03;2023-02-03;PROSPECT;1;-65592;COM-0048;oui
CLI-01244;Horizon Électricité SA;PRO;Collectivité;84905157147305;4 rue de l’Industrie;74000;Annecy;74010;74;Auvergne-Rhône-Alpes;45.8561;6.1228;contact@horizonelectri.fr;+33782035786;2016-09-14;2021-06-29;ACTIF;235;85719;COM-0019;oui
CLI-01664;Alizé Agroalimentaire SASU;PRO;Collectivité;75964088794597;66 allée des Peupliers;25000;Besançon;25056;25;Bourgogne-Franche-Comté;47.2847;5.9763;contact@alizeagroalime.fr;06 38 17 97 95;2018-01-05;2023-03-03;ACTIF;162;223057;COM-0013;oui
CLI-02435;M. Julien Thomas;PART;Particulier;;53 rue de la République;66000;Perpignan;66136;66;Occitanie;42.6639;2.8942;julien.thomas@courriel-demo.fr;0134033813;2020-02-11;2025-08-15;ACTIF;;698;COM-0001;oui
CLI-01979;Atlantique Emballages SASU;PRO;TPE;69238629705029;157 quai des Docks;56000;Vannes;56260;56;Bretagne;47.6909;-2.7704;contact@atlantiqueemba.fr;+33671060553;2024-07-11;2026-03-24;ACTIF;116;-96427;COM-0005;oui
CLI-01298;Mme Sandrine Dupont;PART;Particulier;;120 avenue Jean Jaurès;79000;Niort;79191;79;Nouvelle-Aquitaine;46.3191;-0.4279;sandrine.dupont@courriel-demo.fr;+33361090953;2024-04-20;2024-06-17;RESILIE;;698;COM-0053;oui
CLI-00475;Nord Ouest Distribution SCOP;PRO;TPE;44219067519561;53 rue des Acacias;87000;Limoges;87085;87;Nouvelle-Aquitaine;45.7994;1.2331;contact@nordouestdistr.fr;02.75.57.65.35;2020-05-03;2025-09-06;ACTIF;1;-61747;COM-0030;oui
CLI-00504;Prisme Industries EURL;PRO;Grands comptes;26734704997422;119 rue de la République;13100;Aix-en-Provence;13001;13;Provence-Alpes-Côte d’Azur;43.5236;5.4967;contact@prismeindustri.fr;03.12.74.26.75;2024-09-05;2026-05-28;ACTIF;72;9596;COM-0012;oui
CLI-01031;Comptoir Matériaux SASU;PRO;TPE;;53 boulevard Victor Hugo;37000;Tours;37261;37;Centre-Val de Loire;47.4323;0.6607;contact@comptoirmateri.fr;0534561227;2022-06-24;2024-04-23;ACTIF;56;398724;COM-0058;non
CLI-01982;Alizé Emballages SA;PRO;PME;;14 rue de l’Industrie;74000;Annecy;74010;74;Auvergne-Rhône-Alpes;45.902;6.1173;contact@alizeemballage.fr;03.02.86.38.38;2024-10-23;2026-06-08;ACTIF;247;594448;COM-0013;oui
CLI-00857;Énergie Mobilier SAS;PRO;Grands comptes;62974289990808;21 rue des Acacias;83600;Fréjus;83061;83;Provence-Alpes-Côte d’Azur;43.4136;6.7646;contact@energiemobilie.fr;+33560893427;2017-03-04;2020-03-05;ACTIF;39;170104;COM-0019;non
CLI-00442;M. Jérôme Thomas;PART;Particulier;;84 impasse des Lilas;16000;Angoulême;16015;16;Nouvelle-Aquitaine;45.6379;0.1516;jerome.thomas@courriel-demo.fr;03 51 47 07 92;2025-08-14;2025-09-27;ACTIF;;219;COM-0047;oui
CLI-00577;Mme Sandrine Durand;PART;Particulier;;19 rue des Acacias;21000;Dijon;21231;21;Bourgogne-Franche-Comté;47.303;5.0516;sandrine.durand@courriel-demo.fr;+33397175235;2026-02-08;2026-02-17;ACTIF;;679;COM-0022;oui
CLI-02134;Nord Ouest Conseil SA;PRO;Grands comptes;60443466553326;130 avenue Jean Jaurès;50100;Cherbourg-en-Cotentin;50129;50;Normandie;49.6023;-1.5971;contact@nordouestconse.fr;01 08 21 66 38;2020-11-23;2025-07-11;ACTIF;1;106009;COM-0045;oui
CLI-02348;Mme Chloé Mercier;PART;Particulier;;31 rue de la République;80000;Amiens;80021;80;Hauts-de-France;49.9132;2.2651;chloe.mercier@courriel-demo.fr;+33401626498;2020-09-15;2025-08-18;ACTIF;;1847;COM-0051;oui
CLI-01548;Vertigo Papeterie SCOP;PRO;Grands comptes;06386882716227;75 rue de la République;77100;Meaux;77284;77;Île-de-France;48.9697;2.9196;contact@vertigopapeter.fr;03 68 91 05 37;2017-12-22;2023-12-14;ACTIF;35;90311;COM-0060;non
CLI-01899;Mme Sandrine Lefèvre;PART;Particulier;;168 boulevard Victor Hugo;93200;Saint-Denis;93066;93;Île-de-France;48.9044;2.313;sandrine.lefevre@courriel-demo.fr;04.67.48.07.77;2025-12-08;2026-05-26;ACTIF;;3066;COM-0009;oui
CLI-00380;Horizon Papeterie SA;PRO;PME;54891749844809;134 avenue Jean Jaurès;16000;Angoulême;16015;16;Nouvelle-Aquitaine;45.6373;0.1657;contact@horizonpapeter.fr;06 95 91 94 52;2022-03-17;2025-09-13;ACTIF;98;21205;COM-0005;oui
CLI-00233;Mme Delphine Simon;PART;Particulier;;147 rue Pasteur;68100;Mulhouse;68224;68;Grand Est;47.7675;7.3308;delphine.simon@courriel-demo.fr;0360874758;2020-11-14;2021-01-07;ACTIF;;2452;COM-0051;oui
CLI-02390;Belvédère Emballages SASU;PRO;TPE;63862195628484;105 boulevard Victor Hugo;34500;Béziers;34032;34;Occitanie;43.3739;3.2069;contact at belvedereembal.fr;05.24.82.83.50;2020-04-20;2020-12-23;ACTIF;120;408139;COM-0004;oui
CLI-00554;Aurore Industries SCOP;PRO;Collectivité;51366546313109;99 place du Marché;82000;Montauban;82121;82;Occitanie;44.0581;1.3451;contact@auroreindustri.fr;05.39.89.97.61;2023-01-24;2023-08-15;PROSPECT;84;217610;COM-0044;non
CLI-00649;Pyrénées Solutions SARL;PRO;PME;22344184878239;32 route de Bordeaux;56000;Vannes;56260;56;Bretagne;47.6873;-2.804;contact@pyreneessoluti.fr;07 33 81 29 76;2024-12-09;2025-10-13;PROSPECT;50;328709;COM-0041;oui
CLI-01311;Atlantique Électricité EURL;PRO;PME;69805490904766;56 route de Bordeaux;67000;Strasbourg;67482;67;Grand Est;48.5914;7.7652;contact at atlantiqueelec.fr;0721204766;2018-12-20;2022-06-09;PROSPECT;56;79859;COM-0028;oui
CLI-00395;M. Vincent Fournier;PART;Particulier;;149 place du Marché;36000;Châteauroux;36044;36;Centre-Val de Loire;46.7807;1.667;vincent.fournier@courriel-demo.fr;+33197641282;2024-02-22;2026-08-16;ACTIF;;3656;COM-0023;oui
CLI-01225;Cévennes Bâtiment EURL;PRO;PME;51424144178910;156 quai des Docks;05000;Gap;05061;05;Provence-Alpes-Côte d’Azur;44.5427;6.0988;contact@cevennesbatime.fr;+33167524658;2024-10-31;2024-11-30;ACTIF;148;378494;COM-0007;non
CLI-00805;Cévennes Emballages SARL;PRO;Collectivité;99089133540805;5 avenue de la Gare;10000;Troyes;10387;10;Grand Est;48.2903;4.098;contact;01 67 08 50 25;2023-04-02;2026-05-26;ACTIF;106;28352;COM-0043;oui
CLI-01868;M. Antoine Gauthier;PART;Particulier;;85 place du Marché;87000;Limoges;87085;87;Nouvelle-Aquitaine;45.8595;1.2452;antoine.gauthier@courriel-demo.fr;0469291563;2025-07-03;2026-05-03;PROSPECT;;227;COM-0017;non
CLI-01762;Vertigo Papeterie SASU;PRO;PME;32370315786928;81 quai des Docks;12000;Rodez;12202;12;Occitanie;44.3747;2.6076;contact@vertigopapeter.fr;+33456167489;2016-11-12;2017-03-07;ACTIF;166;59943;COM-0047;oui
CLI-01883;Pyrénées Bâtiment SA;PRO;TPE;22278483803614;136 rue de l’Industrie;58000;Nevers;58194;58;Bourgogne-Franche-Comté;46.949;3.2076;contact@pyreneesbatime.fr;07.52.72.12.05;2016-03-21;2016-03-24;RESILIE;43;69423;COM-0022;oui
CLI-00376;Cévennes Bâtiment SA;PRO;Grands comptes;90717392428704;7 quai des Docks;30000;Nîmes;30189;30;Occitanie;43.8457;4.3907;contact@cevennesbatime.fr;06.57.22.98.03;2021-04-30;2024-07-08;ACTIF;179;-129353;COM-0027;oui
CLI-01213;Grand Large Transports EURL;PRO;PME;31489094044308;158 rue de la République;21000;Dijon;21231;21;Bourgogne-Franche-Comté;47.3105;5.0428;contact@grandlargetran.fr;05.47.40.92.49;2023-02-21;2025-04-21;ACTIF;250;256374;COM-0028;oui
CLI-01850;Services Bâtiment EURL;PRO;Collectivité;00075513641581;155 avenue Jean Jaurès;59100;Roubaix;59512;59;Hauts-de-France;50.6823;3.1696;contact@servicesbatime.fr;02 65 76 51 56;2024-09-28;2024-12-19;INACTIF;33;316339;COM-0047;non
CLI-02467;Sillon Mobilier EURL;PRO;PME;91132659086088;62 rue des Acacias;02100;Saint-Quentin;02691;02;Hauts-de-France;49.8988;3.282;contact@sillonmobilier.fr;+33603889397;2025-09-20;2025-12-25;ACTIF;40;392740;COM-0058;non
CLI-01485;Logistique Solutions EURL;PRO;PME;03578331594626;20 rue du Commerce;79000;Niort;79191;79;Nouvelle-Aquitaine;46.2895;-0.4504;contact@logistiquesolu.fr;+33568205804;2019-10-30;2020-10-25;ACTIF;63;65021;COM-0003;oui
CLI-00907;Maritime Industries SCOP;PRO;Collectivité;46500877298814;55 avenue du Général Leclerc;66000;Perpignan;66136;66;Occitanie;42.7124;2.9105;contact@maritimeindust.fr;05.37.38.10.66;2019-06-27;2019-07-30;ACTIF;120;337056;COM-0006;oui
CLI-00136;M. Alexandre Morel;PART;Particulier;;91 route de Bordeaux;83000;Toulon;83137;83;Provence-Alpes-Côte d’Azur;43.1468;5.9405;alexandre.morel@courriel-demo.fr;01.28.97.26.66;2016-05-14;2026-07-27;ACTIF;;1706;COM-0034;oui
CLI-01893;M. Ludovic Dubois;PART;Particulier;;141 quai des Docks;51100;Reims;51454;51;Grand Est;49.2392;4.0003;ludovic.dubois@courriel-demo.fr;01.81.15.86.63;2019-01-25;2019-04-26;ACTIF;;2584;COM-0014;oui
CLI-01269;Vallée Équipements SCOP;PRO;Grands comptes;87259443939419;163 rue Pasteur;13100;Aix-en-Provence;13001;13;Provence-Alpes-Côte d’Azur;43.4908;5.4392;contact@valleeequipeme.fr;+33214338522;2019-11-19;2024-02-18;ACTIF;149;462441;COM-0007;oui
CLI-00991;Nord Ouest Négoce SASU;PRO;TPE;02844294025214;49 avenue de la Gare;18000;Bourges;18033;18;Centre-Val de Loire;47.0433;2.4228;contact@nordouestnegoc.fr;02.25.29.82.35;2026-02-26;2026-08-05;ACTIF;177;292832;COM-0041;oui
CLI-01803;M. Philippe Simon;PART;Particulier;;175 quai des Docks;57000;Metz;57463;57;Grand Est;49.1104;6.1487;philippe.simon@courriel-demo.fr;03 11 78 32 55;2018-11-22;2025-09-09;PROSPECT;;1466;COM-0040;oui
CLI-01638;Solstice Bâtiment EURL;PRO;TPE;58965416327031;163 boulevard Victor Hugo;02100;Saint-Quentin;02691;02;Hauts-de-France;49.8598;3.2656;contact@solsticebatime.fr;03.81.25.93.94;2025-02-07;2025-07-14;ACTIF;75;260151;COM-0058;oui
CLI-01811;Mme Isabelle François;PART;Particulier;;45 rue de la République;59140;Dunkerque;59183;59;Hauts-de-France;50.9974;2.3952;isabelle.francois@courriel-demo.fr;07.53.55.22.02;2026-03-29;2026-09-09;INACTIF;;3089;COM-0031;oui
CLI-00927;Distribution Distribution SAS;PRO;Collectivité;35178583040670;1 allée des Peupliers;26000;Valence;26362;26;Auvergne-Rhône-Alpes;44.9463;4.8917;contact@distributiondi.fr;0772353090;2018-05-10;2026-02-21;ACTIF;64;327390;COM-0051;non
CLI-00667;M. Olivier Rousseau;PART;Particulier;;177 rue Pasteur;44600;Saint-Nazaire;44184;44;Pays de la Loire;47.2313;-2.19;olivier.rousseau@courriel-demo.fr;06.50.79.21.38;2023-02-17;2023-06-26;ACTIF;;3230;COM-0038;non
CLI-01456;Logistique Papeterie SASU;PRO;TPE;48553734008683;44 avenue Jean Jaurès;54000;Nancy;54395;54;Grand Est;48.6882;6.1853;contact@logistiquepape.fr;06 88 22 57 06;2023-01-19;2026-08-21;ACTIF;57;449862;COM-0043;oui
CLI-02479;Tramontane Mobilier SCOP;PRO;TPE;78261669166551;157 rue Pasteur;64000;Pau;64445;64;Nouvelle-Aquitaine;43.2955;-0.3453;contact@tramontanemobi.fr;04.27.52.62.16;2020-05-30;2023-05-05;ACTIF;76;-7816;COM-0012;oui
CLI-01400;Escale Distribution SASU;PRO;Collectivité;27099168573747;162 impasse des Lilas;31000;Toulouse;31555;31;Occitanie;43.6118;1.4698;contact@escaledistribu.fr;03 01 97 53 44;2017-05-19;2023-04-26;ACTIF;1;225289;COM-0024;oui
CLI-01571;Prisme Matériaux SASU;PRO;Grands comptes;43528956718155;121 rue des Acacias;06130;Grasse;06069;06;Provence-Alpes-Côte d’Azur;43.6726;6.9459;contact@prismemateriau.fr;0619236926;2023-07-03;2026-08-15;ACTIF;1;368489;COM-0018;non
CLI-02076;Mme Laure Blanc;PART;Particulier;;26 rue Pasteur;63000;Clermont-Ferrand;63113;63;Auvergne-Rhône-Alpes;45.8291;3.0729;laure.blanc@courriel-demo.fr;02.14.06.85.29;2024-04-29;2024-09-28;ACTIF;;197;COM-0043;oui
CLI-00023;Provence Emballages SARL;PRO;Grands comptes;21040968390013;151 rue Pasteur;81000;Albi;81004;81;Occitanie;43.8933;2.1879;contact@provenceemball.fr;+33340721913;2025-10-29;2025-12-07;ACTIF;1;19781;COM-0052;oui
CLI-01933;Cristal Distribution SA;PRO;Collectivité;80625445472784;82 chemin des Vignes;56100;Lorient;56121;56;Bretagne;47.7224;-3.3499;contact@cristaldistrib.fr;0604674710;2019-04-27;2025-02-14;ACTIF;36;245596;COM-0008;oui
CLI-01650;Énergie Négoce SA;PRO;Collectivité;;172 avenue de la Gare;95100;Argenteuil;95018;95;Île-de-France;48.9117;2.2412;contact@energienegoces.fr;0718457689;2023-10-05;2025-07-03;ACTIF;20;194525;COM-0032;oui
CLI-00883;M. Jean Thomas;PART;Particulier;;4 rue de l’Industrie;42300;ROANNE;42187;42;Auvergne-Rhône-Alpes;46.0403;4.0404;jean.thomas@courriel-demo.fr;06 33 97 42 84;2016-04-21;2019-07-14;ACTIF;;1753;COM-0027;oui
CLI-00586;Prisme Transports EURL;PRO;Collectivité;04265368483901;93 rue Pasteur;27000;Évreux;27229;27;Normandie;49.0316;1.1254;contact@prismetranspor.fr;06 30 38 77 04;2026-06-16;2026-08-23;ACTIF;1;59685;COM-0057;non
CLI-00879;Escale Mobilier SASU;PRO;Collectivité;94303577812867;101 route de Bordeaux;18000;Bourges;18033;18;Centre-Val de Loire;47.0661;2.3758;contact@escalemobilier;0727452190;2022-07-11;2026-07-09;RESILIE;116;-32067;COM-0059;non
CLI-02268;M. Thomas Rousseau;PART;Particulier;;126 avenue de la Gare;11000;Carcassonne;11069;11;Occitanie;43.1795;2.3703;thomas.rousseau@courriel-demo.fr;0340585981;2023-07-28;2023-12-30;ACTIF;;2054;COM-0046;oui
CLI-02184;Nord Ouest Conseil SAS;PRO;Grands comptes;82817567853302;138 rue des Acacias;77100;Meaux;77284;77;Île-de-France;48.9725;2.8597;contact@nordouestconse.fr;+33516412802;2020-10-19;2024-08-01;ACTIF;1;85640;COM-0020;oui
CLI-00537;Grand Large Industries EURL;PRO;PME;03350987551497;108 rue des Acacias;80000;Amiens;80021;80;Hauts-de-France;49.8752;2.319;contact@grandlargeindu.fr;03 57 57 53 67;2026-03-17;2026-06-26;ACTIF;53;254884;COM-0001;non
CLI-00556;Escale Emballages SASU;PRO;Grands comptes;93832870387014;42 route de Bordeaux;11100;Narbonne;11262;11;Occitanie;43.144;3.0479;contact@escaleemballag.fr;03 63 26 60 70;2018-11-23;2020-05-03;ACTIF;205;13988;COM-0054;oui
CLI-01911;M. Grégory Guérin;PART;Particulier;;176 place du Marché;35000;Rennes;35238;35;Bretagne;48.0871;-1.689;gregory.guerin@courriel-demo.fr;05.01.08.73.81;2025-04-09;2026-07-02;INACTIF;;3974;COM-0012;non
CLI-01626;Cévennes Agroalimentaire SA;PRO;TPE;60811960720888;72 avenue Jean Jaurès;14000;Caen;14118;14;Normandie;49.1965;-0.4162;contact@cevennesagroal.fr;0159950865;2020-12-10;2024-04-20;ACTIF;86;65716;COM-0022;oui
CLI-01369;Solstice Emballages EURL;PRO;Collectivité;02813252403948;76 rue de la République;66000;Perpignan;66136;66;Occitanie;42.6767;2.908;contact@solsticeemball.fr;05.82.58.59.78;2015-10-25;2025-01-05;ACTIF;124;97640;COM-0023;oui
CLI-01865;Grand Large Maintenance SAS;PRO;Grands comptes;;113 rue du Commerce;83000;Toulon;83137;83;Provence-Alpes-Côte d’Azur;43.1158;5.9542;contact@grandlargemain.fr;01.64.07.75.57;2022-08-06;2023-06-05;ACTIF;215;167075;COM-0058;non
CLI-00472;M. Hugo Bernard;PART;Particulier;;144 quai des Docks;79000;Niort;79191;79;Nouvelle-Aquitaine;46.3546;-0.4489;hugo.bernard@courriel-demo.fr;02.80.75.08.83;2019-01-15;2020-07-21;ACTIF;;1983;COM-0045;oui
;;;;;;;;;;;;;;;;;;;;;
CLI-01740;Maritime Électricité EURL;PRO;Grands comptes;22967757885118;64 rue Pasteur;29200;Brest;29019;29;Bretagne;48.3979;-4.5163;contact@maritimeelectr.fr;0659229956;2018-10-17;2024-03-10;INACTIF;56;174380;COM-0034;oui
CLI-02439;Belvédère Solutions SASU  ;PRO;PME;43309552654579;164 chemin des Vignes;92100;Boulogne-Billancourt;92012;92;Île-de-France;48.8095;2.2224;contact@belvederesolut.fr;0206641971;2021-06-27;2021-10-23;RESILIE;1;422606;COM-0036;oui
CLI-01285;M. Jean Lefebvre;PART;Particulier;;160 avenue de la Gare;85000;La Roche-sur-Yon;85191;85;Pays de la Loire;46.7011;-1.3996;jean.lefebvre@courriel-demo.fr;04 73 32 51 69;2024-11-05;2025-06-21;RESILIE;;3171;COM-0010;non
CLI-02050;Grand Large Négoce SCOP;PRO;PME;28633506870601;18 rue de l’Industrie;35400;saint-malo;35288;35;Bretagne;48.6123;-2.0386;contact@grandlargenego.fr;01 12 43 41 30;2018-07-12;2023-03-15;ACTIF;1;185021;COM-0056;oui
CLI-00688;Cévennes Emballages SCOP;PRO;Grands comptes;40347272231511;71 rue de l’Industrie;30000;Nîmes;30189;30;Occitanie;43.822;4.3354;contact@cevennesemball.fr;0799432159;2023-04-23;2025-11-01;ACTIF;74;-23515;COM-0018;oui
CLI-00052;Solstice Équipements SASU;PRO;Collectivité;75717475346744;158 quai des Docks;59100;Roubaix;59512;59;Hauts-de-France;50.6401;3.1502;contact@solsticeequipe.fr;07.16.32.38.14;2019-05-30;2024-07-05;ACTIF;125;254785;COM-0016;non
CLI-02107;Pyrénées Industries SA;PRO;TPE;06202949130483;21 rue Pasteur;78000;Versailles;78646;78;Île-de-France;48.8162;2.152;contact@pyreneesindust.fr;0768965940;2023-06-02;2023-07-18;PROSPECT;1;150694;COM-0052;non
CLI-01160;Comptoir Conseil SASU;PRO;Collectivité;60026329479665;141 place du Marché;51100;Reims;51454;51;Grand Est;49.2123;4.0708;contact@comptoirconsei.fr;0704548718;2016-05-31;2023-11-17;INACTIF;59;393578;COM-0030;oui
CLI-01055;Maritime Mobilier SA;PRO;PME;48430546887096;68 rue de l’Industrie;34000;Montpellier;34172;34;Occitanie;43.6489;3.8818;contact@maritimemobili.fr;+33738616740;2024-01-16;2026-05-26;INACTIF;1;229846;COM-0014;oui
CLI-02346;Belvédère Distribution SA;PRO;Collectivité;43937999916798;72 impasse des Lilas;62100;Calais;62193;62;Hauts-de-France;50.9301;1.8713;contact@belvederedistr.fr;04 91 02 79 62;2016-10-04;2022-10-09;ACTIF;221;193367;COM-0025;oui
CLI-01978;Vertigo Négoce SA;PRO;Grands comptes;89752468258312;119 rue de l’Industrie;68100;Mulhouse;68224;68;Grand Est;47.7906;7.3499;contact@vertigonegoces.fr;+33685460251;2017-12-18;2022-04-02;ACTIF;1;124686;COM-0015;oui
CLI-01558;Provence Transports SASU;PRO;TPE;90406518427609;130 chemin des Vignes;50100;Cherbourg-en-Cotentin;50129;50;Normandie;49.6821;-1.6132;contact@provencetransp.fr;0151237007;2019-04-30;2019-09-15;ACTIF;13;104243;COM-0039;oui
CLI-02243;Distribution Distribution SA;PRO;Collectivité;05089947457267;87 avenue de la Gare;90000;Belfort;90010;90;Bourgogne-Franche-Comté;47.6271;6.8438;contact@distributiondi.fr;03.59.80.93.18;2022-12-21;2024-12-15;INACTIF;162;265900;COM-0024;non
CLI-01583;Cévennes Équipements SARL;PRO;Collectivité;55660118639921;33 rue des Acacias;45000;Orléans;45234;45;Centre-Val de Loire;47.9086;1.8731;contact@cevennesequipe.fr;06 18 39 62 63;2017-05-30;2017-09-25;PROSPECT;100;355533;COM-0026;oui
CLI-02066;Boréal Maintenance SAS;PRO;Grands comptes;;174 rue des Acacias;11000;Carcassonne;11069;11;Occitanie;43.1723;2.3747;contact@borealmaintena.fr;+33485961998;2017-05-21;2025-06-29;ACTIF;174;300411;COM-0058;oui
CLI-01202;M. David Lopez;PART;Particulier;;96 rue Pasteur;76000;Rouen;76540;76;Normandie;49.4344;1.0779;david.lopez@courriel-demo.fr;03.82.74.32.47;2022-10-29;2024-12-06;ACTIF;;3466;COM-0044;oui
CLI-00247;Alizé Papeterie SARL;PRO;PME;43691653085708;159 rue du Commerce;63000;Clermont-Ferrand;63113;63;Auvergne-Rhône-Alpes;45.8243;3.108;contact@alizepapeterie.fr;+33115880267;2023-01-04;2023-01-17;ACTIF;1;-41985000;COM-0004;oui
CLI-01237;Pyrénées Bâtiment SA;PRO;Grands comptes;37569399252348;158 quai des Docks;06130;Grasse;06069;06;Provence-Alpes-Côte d’Azur;43.6109;6.8987;contact@pyreneesbatime;0305091733;2021-04-29;2022-12-02;INACTIF;131;-85362;COM-0016;oui
CLI-02214;Mme Élodie Bernard;PART;Particulier;;146 rue de l’Industrie;20000;Ajaccio;2A004;2A;Corse;41.8871;8.736;elodie.bernard@courriel-demo.fr;02 73 72 62 51;2021-04-02;2023-07-21;ACTIF;;1689;COM-0046;oui
CLI-02197;Mme Aurélie Bernard;PART;Particulier;;1 avenue Jean Jaurès;41000;Blois;41018;41;Centre-Val de Loire;47.5857;1.3387;aurelie.bernard@courriel-demo.fr;03 50 15 69 78;2026-07-08;2026-08-17;ACTIF;;1450;COM-0017;oui
CLI-01536;Manufacture Industries SARL;PRO;Collectivité;31107651639877;44 avenue de la Gare;28000;Chartres;28085;28;Centre-Val de Loire;48.4811;1.4845;contact@manufactureind.fr;03.76.68.33.22;2021-09-06;2022-04-20;ACTIF;1;125641;COM-0034;oui
CLI-01821;Boréal Mobilier SARL;PRO;Collectivité;52602800345241;108 chemin des Vignes;18000;Bourges;18033;18;Centre-Val de Loire;47.0458;2.3762;contact@borealmobilier.fr;+33570305814;2024-12-19;2025-03-08;ACTIF;152;-13485;COM-0014;oui
CLI-00951;Sillon Maintenance SCOP;PRO;Grands comptes;81425535035187;55 avenue Jean Jaurès;20000;Ajaccio;2A004;2A;Corse;41.9072;8.7291;contact@sillonmaintena.fr;02.88.27.38.45;2018-11-09;2019-05-21;ACTIF;1;215474;COM-0023;oui
CLI-02053;M. Philippe Legrand;PART;Particulier;;41 rue des Acacias;10000;Troyes;10387;10;Grand Est;48.2827;4.1057;philippe.legrand@courriel-demo.fr;0116640133;2020-01-30;2021-02-04;INACTIF;;2955;COM-0013;oui
CLI-01319;M. Cédric Richard;PART;Particulier;;12 boulevard Victor Hugo;93200;saint-denis;93066;93;Île-de-France;48.8902;2.3981;cedric.richard@courriel-demo.fr;0474901421;2020-05-02;2021-06-02;INACTIF;;333;COM-0011;non
CLI-01044;Boréal  Emballages SASU;PRO;Collectivité;65933762762742;12 impasse des Lilas;93100;Montreuil;93048;93;Île-de-France;48.8829;2.4363;contact@borealemballag.fr;0104592781;2019-05-10;2023-09-23;ACTIF;195;214869;COM-0007;oui
CLI-01818;Mme Chloé Bertrand;PART;Particulier;;91 boulevard Victor Hugo;31000;Toulouse;31555;31;Occitanie;43.5613;1.4017;chloe.bertrand@courriel-demo.fr;+33173492915;2017-09-23;2024-01-04;ACTIF;;1062;COM-0049;oui
CLI-00306;Cévennes Négoce SASU;PRO;PME;80724728511643;134 rue des Acacias;30000;Nîmes;30189;30;Occitanie;43.8377;4.4013;contact@cevennesnegoce.fr;0111724874;2025-09-21;2026-02-02;ACTIF;69;233024;COM-0011;oui
CLI-02447;Grand Large Agroalimentaire EURL;PRO;Collectivité;82789658916197;59 allée des Peupliers;51100;Reims;51454;51;Grand Est;49.3021;4.0417;contact@grandlargeagro.fr;0718509143;2017-04-29;2026-04-04;ACTIF;1;272351;COM-0016;oui
CLI-00861;Pyrénées Solutions SAS;PRO;TPE;;45 route de Bordeaux;31000;Toulouse;31555;31;Occitanie;43.5722;1.4894;contact@pyreneessoluti;0239479380;2025-01-14;2025-11-06;ACTIF;25;-56005;COM-0005;oui
CLI-00606;Horizon Transports SA;PRO;Collectivité;08802977128447;5 avenue du Général Leclerc;37000;Tours;37261;37;Centre-Val de Loire;47.3652;0.7129;contact@horizontranspo.fr;03.63.41.49.10;2016-10-22;2026-05-03;ACTIF;19;86887;COM-0009;oui
CLI-01700;M. Mathieu Garnier;PART;Particulier;;82 avenue Jean Jaurès;22000;saint-brieuc;22278;22;Bretagne;48.5142;-2.7553;mathieu.garnier@courriel-demo.fr;+33432577936;2018-03-20;2018-04-22;ACTIF;;1003;COM-0028;oui
CLI-01163;Logistique Électricité SASU;PRO;Collectivité;24209493934316;133 rue de l’Industrie;44600;Saint-Nazaire;44184;44;Pays de la Loire;47.2479;-2.2098;contact@logistiqueelec.fr;03.46.73.43.86;2022-06-29;2023-01-12;ACTIF;1;194373;COM-0059;non
CLI-00291;Mme Amandine Lambert;PART;Particulier;;145 avenue Jean Jaurès;11100;Narbonne;11262;11;Occitanie;43.1561;3.0489;amandine.lambert@courriel-demo.fr;0560669714;2025-12-01;2026-02-11;INACTIF;;2953;COM-0035;oui
CLI-00397;Solstice Papeterie SASU;PRO;Grands comptes;03360965599419;35 allée des Peupliers;13100;Aix-en-Provence;13001;13;Provence-Alpes-Côte d’Azur;43.485;5.4277;contact@solsticepapete.fr;06.39.12.46.66;2019-09-04;2023-12-26;ACTIF;1;365053;COM-0041;non
CLI-00393;Mme Léa Bertrand;PART;Particulier;;89 rue de l’Industrie;58000;Nevers;58194;58;Bourgogne-Franche-Comté;47.0185;3.1361;lea.bertrand at courriel-demo.fr;+33155252370;2017-05-19;2020-02-17;ACTIF;;1548;COM-0031;oui
CLI-01956;Tramontane Emballages EURL;PRO;Grands comptes;83231097969090;157 route de Bordeaux;13100;Aix-en-Provence;13001;13;Provence-Alpes-Côte d’Azur;43.5405;5.4647;contact@tramontaneemba.fr;0298459647;2016-08-28;2022-12-31;ACTIF;157;204838;COM-0004;oui
CLI-02005;Provence Papeterie SASU;PRO;Grands comptes;46384215654650;74 avenue du Général Leclerc;20000;Ajaccio;2A004;2A;Corse;41.9214;8.704;contact@provencepapete.fr;03 59 15 58 09;2016-03-19;2025-07-11;PROSPECT;98;24740;COM-0009;oui
CLI-00196;Horizon Matériaux SARL;PRO;Collectivité;89257210017312;109 impasse des Lilas;95000;Cergy;95127;95;Île-de-France;49.0448;2.0755;contact@horizonmateria.fr;0210464416;2015-11-30;2026-01-20;PROSPECT;233;182855;COM-0045;oui
CLI-01081;Atlantique Distribution EURL;PRO;Collectivité;21738198394381;94 rue Pasteur;02100;Saint-Quentin;02691;02;Hauts-de-France;49.8312;3.3262;contact@atlantiquedist.fr;04 65 58 42 37;2018-07-06;2025-11-13;ACTIF;1;286691;COM-0060;oui
CLI-00807;Solstice Matériaux SAS;PRO;TPE;61502693160171;96 avenue de la Gare;87000;Limoges;87085;87;Nouvelle-Aquitaine;45.7882;1.2294;contact@solsticemateri.fr;06 72 79 09 71;2024-06-01;2024-06-01;ACTIF;1;362783;COM-0004;oui
CLI-01470;Distribution Bâtiment SCOP;PRO;TPE;89490359091917;94 avenue de la Gare;13001;Marseille;13055;13;Provence-Alpes-Côte d’Azur;43.2638;5.3421;contact@distributionba.fr;+33728082061;2016-07-09;2023-11-17;ACTIF;62;-148731;COM-0013;oui
CLI-01438;M. Jérôme Henry;PART;Particulier;;57 avenue du Général Leclerc;33000;Bordeaux;33063;33;Nouvelle-Aquitaine;44.8612;-0.6128;jerome.henry@courriel-demo.fr;+33593668197;2019-02-02;2026-03-25;ACTIF;;954;COM-0050;oui
CLI-02409;Énergie Matériaux SAS;PRO;TPE;24472905334600;125 chemin des Vignes;38000;Grenoble;38185;38;Auvergne-Rhône-Alpes;45.1737;5.7415;contact@energiemateria.fr;05.33.52.02.94;2020-05-25;2026-08-22;INACTIF;1;87706;COM-0006;oui
CLI-00914;Mme Élodie Rousseau  ;PART;Particulier;;77 rue du Commerce;79000;Niort;79191;79;Nouvelle-Aquitaine;46.307;-0.4232;elodie.rousseau@courriel-demo.fr;01 10 19 67 46;2019-03-10;2020-06-07;ACTIF;;642;COM-0026;oui
CLI-01916;M. Hugo Roux;PART;Particulier;;71 place du Marché;83000;Toulon;83137;83;Provence-Alpes-Côte d’Azur;43.1115;5.9168;hugo.roux@courriel-demo.fr;0245916571;2022-04-19;2024-02-01;ACTIF;;1623;COM-0052;non
CLI-00670;Cristal Bâtiment EURL;PRO;PME;97466294281380;25 quai des Docks;26000;valence;26362;26;Auvergne-Rhône-Alpes;44.9586;4.8964;contact@cristalbatimen.fr;+33290541638;2023-01-07;2026-05-14;ACTIF;124;296089;COM-0002;oui
CLI-00631;M. Maxime Morin;PART;Particulier;;43 rue de l’Industrie;14000;Caen;14118;14;Normandie;49.2299;-0.407;maxime.morin@courriel-demo.fr;+33296777910;2026-07-25;2026-07-25;ACTIF;;3828;COM-0029;oui
CLI-01976;Nord Ouest Équipements SCOP;PRO;TPE;52855025450726;4 boulevard Victor Hugo;01000;Poitiers;86194;86;Nouvelle-Aquitaine;46.6085;0.3309;contact@nordouestequip.fr;0637108859;2024-05-29;2024-05-29;ACTIF;68;290856;COM-0007;oui
CLI-02162;Distribution Industries SAS;PRO;PME;43863470648356;101 rue des Acacias;95000;Cergy;95127;95;Île-de-France;48.9999;2.021;contact@distributionin.fr;01.10.34.78.50;2025-10-06;2026-09-02;PROSPECT;114;117909;COM-0026;oui
CLI-01203;Comptoir Transports SA;PRO;Grands comptes;74747674010300;46 chemin des Vignes;41000;Blois;41018;41;Centre-Val de Loire;47.5956;1.3795;contact@comptoirtransp.fr;07 62 22 23 91;2016-05-07;2023-08-10;EN COURS;1;49022;COM-0006;oui
CLI-01457;Énergie Maintenance SCOP;PRO;PME;85705906965261;149 place du Marché;13300;Salon-de-Provence;13103;13;Provence-Alpes-Côte d’Azur;43.6486;5.1171;contact@energiemainten.fr;0379154431;2025-09-20;2026-07-08;ACTIF;1;342249;COM-0029;non
CLI-01143;Vallée Conseil SA;PRO;Grands comptes;;40 avenue Jean Jaurès;06400;Cannes;06029;06;Provence-Alpes-Côte d’Azur;43.5422;6.9781;contact@valleeconseils.fr;0521048226;2022-03-25;2025-03-18;ACTIF;1;292637;COM-0024;non
CLI-01817;Horizon Agroalimentaire SARL;PRO;Collectivité;69684675078614;164 avenue du Général Leclerc;54000;nancy;54395;54;Grand Est;48.723;6.2105;contact@horizonagroali.fr;0572621925;2020-01-14;2025-01-13;PROSPECT;1;40215;COM-0038;oui
CLI-00216;Aurore Équipements SASU;PRO;Collectivité;54375634213021;140 rue des Acacias;11100;Narbonne;11262;11;Occitanie;43.1572;3.0455;contact@auroreequipeme;+33662835101;2017-07-11;2024-01-06;ACTIF;85;194724;COM-0008;oui
CLI-00178;Vallée Distribution SASU  ;PRO;Grands comptes;47343657128836;15 boulevard Victor Hugo;11100;Narbonne;11262;11;Occitanie;43.2038;2.9579;contact@valleedistribu.fr;05.87.88.88.37;2018-11-29;2026-01-15;ACTIF;49;244427;COM-0040;oui
CLI-01679;Comptoir Conseil SASU;PRO;TPE;NC;149 avenue de la Gare;81000;Albi;81004;81;Occitanie;43.8913;2.1719;contact@comptoirconsei.fr;+33790879662;2019-03-11;2026-05-30;ACTIF;1;275540;COM-0041;non
CLI-00383;Énergie Conseil SARL;PRO;Collectivité;;98 rue du Commerce;95000;Cergy;95127;95;Île-de-France;49.071;2.104;contact@energieconseil.fr;03 57 93 72 29;2022-12-27;2025-04-29;PROSPECT;199;104023;COM-0031;non
CLI-01889;Belvédère Négoce SASU;PRO;TPE;08709994707079;117 rue de la République;13001;Chalon-sur-Saône;71076;71;Bourgogne-Franche-Comté;46.803;4.8178;contact@belvederenegoc.fr;0718430409;2019-12-09;2025-09-16;ACTIF;94;132108;COM-0014;oui
CLI-01562;Mme Céline Richard;PART;Particulier;;138 place du Marché;95000;Cergy;95127;95;Île-de-France;49.0037;2.0458;celine.richard at courriel-demo.fr;0317677772;2018-01-06;2021-03-12;RESILIE;;277;COM-0023;non
CLI-01500;Comptoir Mobilier SCOP;PRO;Grands comptes;02767606094984;172 rue du Commerce;64000;pau;64445;64;Nouvelle-Aquitaine;43.3442;-0.4165;contact@comptoirmobili.fr;+33732452463;2025-05-30;2025-05-31;ACTIF;64;268784;COM-0025;oui
CLI-01678;Grand Large Industries SASU;PRO;Collectivité;75022459373810;28 rue du Commerce;18000;Bourges;18033;18;Centre-Val de Loire;47.0524;2.4111;contact;+33631761386;2025-08-23;2025-11-08;ACTIF;1;84919;COM-0053;oui
CLI-00297;Mme Amandine Mercier;PART;Particulier;;1 rue Pasteur;47000;Agen;47001;47;Nouvelle-Aquitaine;44.2471;0.6488;amandine.mercier@courriel-demo.fr;07 27 15 63 48;2024-12-12;2026-06-03;A CONFIRMER;;1119;COM-0003;non
CLI-00863;Atlantique Maintenance SASU;PRO;PME;49705213793455;115 rue de la République;91000;Évry-Courcouronnes;91228;91;Île-de-France;48.642;2.4311;contact@atlantiquemain.fr;+33559966784;2016-03-29;2019-02-25;PROSPECT;1;284894;COM-0029;oui
CLI-02437;Provence Emballages SARL;PRO;Collectivité;17916697836160;58 avenue du Général Leclerc;13300;Salon-de-Provence;13103;13;Provence-Alpes-Côte d’Azur;43.6234;5.1399;contact@provenceemball.fr;02.41.57.45.44;2022-05-22;2025-08-29;ACTIF;148;126498;COM-0001;oui
CLI-01255;Vallée Électricité EURL;PRO;Collectivité;79284504923679;158 rue Pasteur;76000;Rouen;76540;76;Normandie;49.397;1.1237;contact@valleeelectric.fr;02 92 62 95 90;2022-10-15;2025-10-20;ACTIF;1;292390;COM-0054;oui
CLI-01592;Pyrénées Maintenance SARL;PRO;Collectivité;12444394832791;110 rue des Acacias;59000;Lille;59350;59;Hauts-de-France;50.6054;3.0839;contact@pyreneesmainte.fr;+33277490373;2016-09-17;2020-11-15;PROSPECT;128;122724;COM-0048;oui
CLI-02285;Logistique Matériaux SA;PRO;TPE;16966569871944;146 rue de l’Industrie;41000;Blois;41018;41;Centre-Val de Loire;47.5782;1.3164;contact@logistiquemate.fr;02.50.05.75.09;2021-04-25;2021-12-07;ACTIF;1;284734;COM-0036;oui
CLI-01630;Mme Sandrine Simon;PART;Particulier;;174 rue Pasteur;69100;Villeurbanne;69266;69;Auvergne-Rhône-Alpes;45.7367;4.8812;sandrine.simon@courriel-demo.fr;+33791628219;2017-11-21;2018-08-27;ACTIF;;1296;COM-0022;oui
CLI-00062;M. Vincent Chevalier;PART;Particulier;;102 boulevard Victor Hugo;69100;Villeurbanne;69266;69;Auvergne-Rhône-Alpes;45.7524;4.8859;vincent.chevalier@courriel-demo.fr;+33168330201;2023-01-30;2023-04-28;ACTIF;;2943;COM-0031;oui
CLI-00701;Solstice Bâtiment SAS;PRO;PME;98575266438058;120 rue Pasteur;17000;La Rochelle;17300;17;Nouvelle-Aquitaine;46.1549;-1.1118;contact@solsticebatime.fr;05 88 35 86 70;2022-04-07;2023-04-14;ACTIF;28;330168;COM-0037;oui
CLI-02400;Horizon Emballages SASU;PRO;Grands comptes;;6 boulevard Victor Hugo;06000;Nice;06088;06;Provence-Alpes-Côte d’Azur;43.6847;7.2762;contact@horizonemballa.fr;+33421246713;2024-11-18;2026-03-29;ACTIF;14;311888;COM-0046;oui
CLI-00742;M. Franck Thomas;PART;Particulier;;12 impasse des Lilas;65000;Tarbes;65440;65;Occitanie;43.221;0.0368;franck.thomas@courriel-demo.fr;+33351994744;2020-01-28;2022-02-19;PROSPECT;;2802;COM-0030;non
CLI-01352;Cévennes Industries EURL;PRO;PME;48971937801266;21 quai des Docks;44000;Nantes;44109;44;Pays de la Loire;47.2439;-1.5325;contact@cevennesindust.fr;0513636310;2025-09-10;2026-08-07;ACTIF;29;72715;COM-0052;non
CLI-01758;Sillon Solutions SASU;PRO;TPE;95231611327550;112 rue de la République;84000;Avignon;84007;84;Provence-Alpes-Côte d’Azur;43.9252;4.8102;contact@sillonsolution.fr;+33655633487;2025-01-15;2026-08-24;ACTIF;140;35891;COM-0008;oui
CLI-02340;Pyrénées Conseil SA;PRO;Grands comptes;50103727053666;140 impasse des Lilas;71100;Chalon-sur-Saône;71076;71;Bourgogne-Franche-Comté;46.802;4.8476;contact@pyreneesconsei.fr;05.44.19.19.76;2017-08-25;2021-01-17;ACTIF;154;54889;COM-0032;oui
CLI-01304;Mme Sarah Bonnet;PART;Particulier;;153 place du Marché;47000;Agen;47001;47;Nouvelle-Aquitaine;44.2288;0.5711;sarah.bonnet@courriel-demo.fr;07 16 64 36 31;2025-03-25;2026-05-17;ACTIF;;3346;COM-0045;non
CLI-02007;Boréal Mobilier SA;PRO;PME;89110078793364;56 rue du Commerce;47000;Agen;47001;47;Nouvelle-Aquitaine;44.1625;0.5729;contact@borealmobilier.fr;02 16 46 38 05;2022-03-04;2022-04-25;ACTIF;54;122128;COM-0020;oui
CLI-01772;Mme Laure Durand;PART;Particulier;;40 avenue Jean Jaurès;63000;Clermont-Ferrand;63113;63;Auvergne-Rhône-Alpes;45.7381;3.0843;laure.durand@courriel-demo.fr;06.79.14.18.90;2022-01-29;2025-06-16;INACTIF;;3249;COM-0004;oui
CLI-01170;Manufacture Bâtiment EURL;PRO;Collectivité;22760133353654;4 avenue de la Gare;92130;Issy-les-Moulineaux;92040;92;Île-de-France;48.7886;2.2751;contact@manufacturebat.fr;01 63 20 87 54;2018-05-27;2023-05-13;ACTIF;189;44578;COM-0046;oui
CLI-02131;Solstice Emballages EURL;PRO;Grands comptes;89597613440702;3 allée des Peupliers;26000;Valence;26362;26;Auvergne-Rhône-Alpes;44.9532;4.8957;contact;07 61 20 41 24;2024-01-11;2026-01-27;PROSPECT;52;149910;COM-0038;oui
CLI-00363;M. Damien Petit;PART;Particulier;;173 boulevard Victor Hugo;24000;Périgueux;24322;24;Nouvelle-Aquitaine;45.1441;0.7638;damien.petit@courriel-demo.fr;07.91.91.07.82;2019-10-14;2025-01-18;ACTIF;;3147;COM-0053;oui
CLI-01045;Belvédère Distribution SARL;PRO;PME;14910462364938;68 rue des Acacias;93200;Saint-Denis;93066;93;Île-de-France;48.9209;2.4018;contact@belvederedistr.fr;0591920060;2016-09-23;2020-12-29;ACTIF;1;161921;COM-0015;oui
CLI-01360;Vallée Conseil SARL;PRO;Grands comptes;26704781734145;126 rue des Acacias;56000;Vannes;56260;56;Bretagne;47.6339;-2.7178;contact@valleeconseils.fr;0777996339;2023-12-20;2025-08-22;PROSPECT;134;138059;COM-0049;oui
CLI-01603;Nord Ouest Solutions SASU;PRO;Collectivité;12906316186539;179 route de Bordeaux;34000;Montpellier;34172;34;Occitanie;43.6596;3.8367;contact@nordouestsolut.fr;0232634336;2017-03-24;2026-07-16;PROSPECT;1;200109;COM-0047;oui
CLI-01912;Énergie Agroalimentaire SARL;PRO;PME;37346497559277;75 rue Pasteur;50100;Cherbourg-en-Cotentin;50129;50;Normandie;49.6613;-1.647;contact@energieagroali.fr;01 64 14 30 80;2024-03-15;2025-08-11;ACTIF;81;149976;COM-0029;oui
CLI-00122;Vallée Emballages SASU;PRO;TPE;91240116737629;127 place du Marché;66000;Perpignan;66136;66;Occitanie;42.6849;2.8777;contact@valleeemballag.fr;0244856527;2022-05-01;2023-02-25;ACTIF;171;257894;COM-0026;oui
CLI-01433;Tramontane Matériaux SAS;PRO;PME;99378835652802;61 rue des Acacias;85000;Annecy;74010;74;Auvergne-Rhône-Alpes;45.8913;6.1678;contact@tramontanemate.fr;0283631959;2018-08-11;2023-02-08;PROSPECT;1;-55697;COM-0005;oui
CLI-01075;Logistique Équipements SARL  ;PRO;Collectivité;91522867092726;180 boulevard Victor Hugo;49300;Cholet;49099;49;Pays de la Loire;47.0557;-0.8893;contact@logistiqueequi.fr;+33215020401;2025-07-07;2026-06-23;ACTIF;102;145921;COM-0004;non
CLI-00526;Atlantique Agroalimentaire SASU;PRO;Grands comptes;20262094128025;154 chemin des Vignes;14000;Caen;14118;14;Normandie;49.1807;-0.393;contact@atlantiqueagro.fr;+33152479946;2019-07-04;2023-04-25;ACTIF;49;9044;COM-0033;oui
CLI-02193;Mme Manon Dupont;PART;Particulier;;9 chemin des Vignes;36000;Châteauroux;36044;36;Centre-Val de Loire;46.8551;1.699;manon.dupont@courriel-demo.fr;03.74.03.21.72;2017-03-20;2021-09-18;ACTIF;;1603;COM-0025;oui
CLI-00324;Cristal Conseil SARL;PRO;PME;91317236462278;25 rue du Commerce;49300;Perpignan;66136;66;Occitanie;42.6827;2.9396;contact@cristalconseil.fr;+33798343138;2020-11-14;2021-06-13;ACTIF;38;296013;COM-0053;oui
CLI-00389;Escale Agroalimentaire SARL;PRO;Grands comptes;94731891393937;171 boulevard Victor Hugo;13300;Salon-de-Provence;13103;13;Provence-Alpes-Côte d’Azur;43.6408;5.0847;contact@escaleagroalim.fr;0116479026;2015-12-08;2019-05-18;ACTIF;66;253677;COM-0052;oui
CLI-01437;Sillon Bâtiment SCOP;PRO;Grands comptes;67203572306721;94 impasse des Lilas;05000;Gap;05061;05;Provence-Alpes-Côte d’Azur;44.5303;6.1184;contact@sillonbatiment.fr;06.67.12.93.74;2022-08-01;2024-03-17;ACTIF;16;286410;COM-0036;oui
CLI-00722;Grand Large Distribution SASU;PRO;Collectivité;82232904769122;122 allée des Peupliers;65000;Tarbes;65440;65;Occitanie;43.206;0.0475;contact@grandlargedist.fr;0289714173;2015-10-04;2020-04-15;ACTIF;1;435155;COM-0030;oui
CLI-01344;Tramontane Transports SAS;PRO;Grands comptes;09970565936545;5 impasse des Lilas;11100;Narbonne;11262;11;Occitanie;43.171;3.0325;contact@tramontanetran.fr;0497106673;2023-08-05;2024-08-18;ACTIF;80;-105865;COM-0060;oui
CLI-02015;Énergie Conseil SA;PRO;TPE;néant;99 avenue du Général Leclerc;31000;Toulouse;31555;31;Occitanie;43.598;1.4035;contact@energieconseil.fr;04 18 72 64 85;2021-12-25;2022-05-05;EN COURS;39;-63304;COM-0060;oui
CLI-00934;Comptoir Équipements SCOP;PRO;Grands comptes;41513835207844;18 quai des Docks;59100;Roubaix;59512;59;Hauts-de-France;50.6832;3.2095;contact@comptoirequipe.fr;+33368882323;2017-09-24;2020-06-02;ACTIF;72;304709;COM-0019;oui
CLI-00084;Mme Pauline Lopez;PART;Particulier;;59 impasse des Lilas;78000;Versailles;78646;78;Île-de-France;48.7604;2.1226;pauline.lopez@courriel-demo.fr;0413432358;2024-12-06;2025-10-21;ACTIF;;741;COM-0052;oui
CLI-02490;Mme Marion Henry;PART;Particulier;;140 rue de l’Industrie;56000;Vannes;56260;56;Bretagne;47.6479;-2.8047;marion.henry@courriel-demo.fr;02 48 68 66 38;2024-09-18;2025-05-14;ACTIF;;2903;COM-0027;oui
CLI-02500;Comptoir Conseil SCOP;PRO;TPE;94356051129260;133 quai des Docks;95100;Argenteuil;95018;95;Île-de-France;48.9732;2.2679;contact@comptoirconsei.fr;+33238862012;2016-09-27;2020-10-17;ACTIF;59;176641;COM-0001;oui
CLI-02445;Cévennes Négoce SA;PRO;PME;;45 rue Pasteur;29000;Quimper;29232;29;Bretagne;48.037;-4.07;contact@cevennesnegoce.fr;07 62 68 75 92;2021-07-23;2024-10-02;ACTIF;1;13594;COM-0042;oui
CLI-01146;Boréal Distribution SCOP;PRO;Collectivité;71448454160163;151 place du Marché;54000;Nancy;54395;54;Grand Est;48.7201;6.1424;contact@borealdistribu.fr;01 19 44 97 42;2021-09-24;2024-01-26;RESILIE;100;153918;COM-0059;oui
CLI-00015;Solstice Distribution SAS;PRO;PME;19969468978233;46 rue de l’Industrie;13200;Arles;13004;13;Provence-Alpes-Côte d’Azur;43.644;4.6252;contact@solsticedistri.fr;0364185580;2025-09-04;2026-07-28;INACTIF;48;367909;COM-0023;oui
CLI-01532;Distribution Conseil EURL;PRO;Grands comptes;néant;57 boulevard Victor Hugo;33700;Mérignac;33281;33;Nouvelle-Aquitaine;44.8425;-0.6198;contact@distributionco.fr;+33786173919;2024-03-30;2024-12-03;INACTIF;1;239801;COM-0019;oui
CLI-01572;Mme Fanny Lambert;PART;Particulier;;121 rue de l’Industrie;29200;Brest;29019;29;Bretagne;48.3476;-4.4795;fanny.lambert@courriel-demo.fr;01.50.46.10.77;2016-02-27;2016-03-28;ACTIF;;1201;COM-0024;oui
CLI-00061;Mme Léa Lefebvre;PART;Particulier;;90 route de Bordeaux;78000;Versailles;78646;78;Île-de-France;48.8196;2.1784;lea.lefebvre@courriel-demo.fr;+33264110715;2016-03-29;2022-02-22;ACTIF;;1376;COM-0010;oui
CLI-00398;Escale Distribution EURL;PRO;TPE;01603657637094;139 quai des Docks;27000;Évreux;27229;27;Normandie;49.0632;1.1103;contact@escaledistribu.fr;05.26.67.32.80;2018-08-27;2018-10-07;ACTIF;143;148431;COM-0018;oui
CLI-00555;Comptoir Transports SCOP;PRO;PME;43319443999111;36 place du Marché;81000;Albi;81004;81;Occitanie;43.961;2.1841;contact@comptoirtransp.fr;0312511295;2018-03-04;2025-04-14;INACTIF;14;401825;COM-0060;non
CLI-01918;Mme  Marie Legrand;PART;Particulier;;49 rue du Commerce;93100;Montreuil;93048;93;Île-de-France;48.8744;2.4702;marie.legrand@courriel-demo.fr;06 14 61 37 00;2021-04-07;2023-11-16;ACTIF;;1153;COM-0050;oui
CLI-02239;Mme Émilie Bertrand;PART;Particulier;;86 allée des Peupliers;21000;Dijon;21231;21;Bourgogne-Franche-Comté;47.3643;5.0256;emilie.bertrand@courriel-demo.fr;06.86.82.83.79;2017-06-19;2021-03-07;ACTIF;;1115;COM-0052;oui
CLI-00814;Distribution Électricité SA;PRO;TPE;35450306185765;156 chemin des Vignes;49300;Cholet;49099;49;Pays de la Loire;47.0999;-0.862;contact@distributionel.fr;+33793032628;2019-01-13;2020-05-20;INACTIF;1;-16066;COM-0033;oui
CLI-00763;Nord Ouest Maintenance EURL;PRO;TPE;62491371595602;172 boulevard Victor Hugo;06000;nice;06088;06;Provence-Alpes-Côte d’Azur;43.6822;7.2885;contact@nordouestmaint.fr;03 48 23 93 30;2018-07-19;2024-10-06;ACTIF;95;7369;COM-0002;oui
CLI-02040;Solstice Mobilier SASU;PRO;PME;71072090989419;65 rue des Acacias;29200;Brest;29019;29;Bretagne;48.4276;-4.5345;contact@solsticemobili.fr;04 78 98 03 45;2020-11-20;2022-08-26;ACTIF;70;83761;COM-0015;oui
;;;;;;;;;;;;;;;;;;;;;
CLI-01904;Services Équipements SAS;PRO;TPE;97934211678028;111 avenue du Général Leclerc;22000;Saint-Brieuc;22278;22;Bretagne;48.5005;-2.7865;contact@servicesequipe.fr;02.34.65.17.13;2023-04-04;2023-12-27;ACTIF;20;-225533;COM-0060;oui
CLI-00266;Vallée Distribution SAS;PRO;Grands comptes;;91 avenue du Général Leclerc;14000;Caen;14118;14;Normandie;49.1652;-0.3265;contact@valleedistribu.fr;01.33.63.43.73;2020-08-09;2023-12-28;ACTIVE;1;-73705;COM-0001;oui
CLI-02230;Mme Émilie François;PART;Particulier;;104 rue de l’Industrie;56000;Vannes;56260;56;Bretagne;47.6924;-2.7608;emilie.francois@courriel-demo.fr;0677389916;2026-02-10;2026-02-13;INACTIF;;2337;COM-0007;oui
CLI-02274;Grand Large Agroalimentaire EURL;PRO;Collectivité;;109 boulevard Victor Hugo;84000;Avignon;84007;84;Provence-Alpes-Côte d’Azur;43.9919;4.8029;contact@grandlargeagro.fr;02.66.92.12.35;2024-05-18;2024-12-20;ACTIF;171;250614;COM-0045;non
CLI-01141;M. Sébastien Morin;PART;Particulier;;35 avenue de la Gare;54000;Nancy;54395;54;Grand Est;48.7231;6.1355;sebastien.morin@courriel-demo.fr;+33683853112;2021-09-26;2024-05-15;ACTIF;;686;COM-0039;oui
CLI-00250;Comptoir Électricité SAS;PRO;Grands comptes;95702122423238;174 boulevard Victor Hugo;11100;Narbonne;11262;11;Occitanie;43.1623;3.0386;contact@comptoirelectr.fr;02 33 52 81 20;2016-08-31;2022-06-29;PROSPECT;31;143221;COM-0028;non
CLI-02344;Escale Bâtiment EURL;PRO;TPE;;99 allée des Peupliers;87000;Limoges;87085;87;Nouvelle-Aquitaine;45.8331;1.3034;contact@escalebatiment.fr;01.03.76.52.05;2026-01-03;2026-03-05;ACTIF;37;-82009;COM-0022;oui
CLI-00514;Provence Papeterie SA;PRO;Grands comptes;;33 rue de la République;76600;Le Havre;76351;76;Normandie;49.5134;0.117;contact@provencepapete.fr;+33177856149;2018-09-10;2019-01-04;ACTIF;10;313270;COM-0041;non
CLI-00025;Énergie Bâtiment SCOP;PRO;PME;27772134252632;91 rue de l’Industrie;49300;cholet;49099;49;Pays de la Loire;47.0383;-0.8689;contact@energiebatimen.fr;03.31.42.40.07;2016-01-07;2017-03-09;INACTIF;1;121267;COM-0014;oui
CLI-00841;Cristal Équipements SCOP;PRO;TPE;71503585582373;175 rue des Acacias;25000;Besançon;25056;25;Bourgogne-Franche-Comté;47.2613;6.0409;contact@cristalequipem.fr;01.28.82.85.07;2024-04-14;2024-10-14;ACTIF;42;386758;COM-0008;oui
CLI-01765;Comptoir Industries SAS;PRO;Grands comptes;;67 rue du Commerce;77100;Meaux;77284;77;Île-de-France;48.9446;2.8826;contact@comptoirindust.fr;05 54 59 42 72;2023-05-01;2024-02-10;RESILIE;176;65113;COM-0042;oui
CLI-00299;Cristal Équipements SCOP;PRO;TPE;?;137 avenue Jean Jaurès;59140;Dunkerque;59183;59;Hauts-de-France;50.9805;2.4102;contact@cristalequipem.fr;+33754548854;2018-08-02;2025-02-08;ACTIF;83;531020;COM-0001;oui
CLI-01742;Aurore Mobilier SASU;PRO;TPE;08134795095764;64 rue du Commerce;13100;Aix-en-Provence;13001;13;Provence-Alpes-Côte d’Azur;43.5464;5.4693;contact@auroremobilier.fr;+33597064827;2023-06-05;2024-02-28;ACTIF;125;226208;COM-0034;oui
CLI-01655;Énergie Mobilier EURL;PRO;Collectivité;98480701669739;62 rue des Acacias;94000;Créteil;94028;94;Île-de-France;48.7798;2.4589;contact@energiemobilie.fr;+33573799980;2021-04-09;2023-01-31;PROSPECT;118;289192;COM-0059;oui
CLI-02270;Prisme Maintenance SASU;PRO;TPE;75614951774890;105 boulevard Victor Hugo;10000;Troyes;10387;10;Grand Est;48.2735;4.0783;contact@prismemaintena.fr;0727141474;2019-04-30;2019-11-24;ACTIF;163;210280;COM-0042;oui
CLI-01392;Tramontane Conseil EURL;PRO;Grands comptes;50423987732166;67 impasse des Lilas;36000;Châteauroux;36044;36;Centre-Val de Loire;46.7829;1.7129;contact@tramontanecons.fr;03.95.65.10.08;2017-05-15;2020-12-08;PROSPECT;45;70712;COM-0033;oui
CLI-00700;Atlantique Bâtiment SARL;PRO;PME;39048936095501;178 chemin des Vignes;13200;Arles;13004;13;Provence-Alpes-Côte d’Azur;43.7148;4.6265;contact at atlantiquebati.fr;0503154994;2020-12-13;2023-10-04;ACTIF;16;87198;COM-0004;non
CLI-01381;Vallée Distribution SAS;PRO;Grands comptes;08784168828035;17 allée des Peupliers;12000;Rodez;12202;12;Occitanie;44.3007;2.6116;contact@valleedistribu.fr;0633062312;2018-04-13;2025-01-24;ACTIF;135;155760;COM-0021;oui
CLI-02339;Ateliers Emballages SA;PRO;Collectivité;78366315531050;50 rue de l’Industrie;34200;Sète;34301;34;Occitanie;43.4122;3.7463;contact@ateliersemball.fr;0630581216;2026-05-12;2026-08-13;INACTIF;150;-49066;COM-0010;oui
CLI-01210;Cristal Industries EURL;PRO;Grands comptes;04865894599798;32 boulevard Victor Hugo;13300;Salon-de-Provence;13103;13;Provence-Alpes-Côte d’Azur;43.5921;5.1055;contact@cristalindustr.fr;04.59.98.65.09;2016-08-06;2017-10-25;ACTIF;1;296422;COM-0059;oui
CLI-01109;Manufacture Emballages SA;PRO;PME;98878362548254;28 chemin des Vignes;54000;Nancy;54395;54;Grand Est;48.7064;6.1727;contact@manufactureemb.fr;06 19 73 63 67;2018-06-13;2025-04-04;ACTIF;50;579987;COM-0044;oui
CLI-02233;Mme Pauline Garnier;PART;Particulier;;87 impasse des Lilas;08000;Charleville-Mézières;08105;08;Grand Est;49.7964;4.7683;pauline.garnier@courriel-demo.fr;07 39 06 20 45;2024-08-31;2026-06-19;ACTIF;;1334;COM-0054;oui
CLI-01305;Alizé Solutions SCOP;PRO;TPE;35906286803708;128 quai des Docks;58000;Nevers;58194;58;Bourgogne-Franche-Comté;47.0186;3.1793;contact@alizesolutions.fr;0154306772;2018-06-16;2020-02-01;ACTIF;138;415644;COM-0023;oui
CLI-01001;M. Nicolas Lefèvre;PART;Particulier;;25 avenue du Général Leclerc;44600;SAINT-NAZAIRE;44184;44;Pays de la Loire;47.3238;-2.1687;nicolas.lefevre@courriel-demo.fr;06.94.57.81.58;2025-11-27;2026-06-14;PROSPECT;;3498;COM-0044;oui
CLI-00272;Pyrénées Bâtiment EURL;PRO;Collectivité;70942954751936;111 avenue du Général Leclerc;13100;Aix-en-Provence;13001;13;Provence-Alpes-Côte d’Azur;43.4826;5.4937;contact@pyreneesbatime.fr;06.61.85.11.41;2015-10-21;2024-03-29;ACTIF;131;94014;COM-0035;non
CLI-00209;Nord Ouest Maintenance SAS;PRO;Collectivité;;164 impasse des Lilas;59100;Roubaix;59512;59;Hauts-de-France;50.6778;3.1954;contact@nordouestmaint.fr;0395529760;2021-09-01;2022-01-19;PROSPECT;1;159790;COM-0033;oui
CLI-00865;Belvédère Agroalimentaire SASU;PRO;Collectivité;;141 boulevard Victor Hugo;42300;Roanne;42187;42;Auvergne-Rhône-Alpes;46.012;4.0527;contact@belvedereagroa.fr;0123112803;2022-01-22;2023-10-13;ACTIF;174;249694;COM-0056;oui
CLI-01303;M. Thomas Robin;PART;Particulier;;160 rue Pasteur;56000;vannes;56260;56;Bretagne;47.6697;-2.769;thomas.robin@courriel-demo.fr;01.62.33.87.73;2023-12-13;2026-03-24;ACTIF;;2893;COM-0043;non
CLI-00785;Manufacture Papeterie EURL;PRO;TPE;;156 allée des Peupliers;44600;Saint-Nazaire;44184;44;Pays de la Loire;47.2701;-2.1847;contact@manufacturepap.fr;+33357301039;2018-06-28;2021-08-28;ACTIF;164;92191;COM-0042;non
CLI-02396;M. Ludovic Muller;PART;Particulier;;167 chemin des Vignes;06000;Nice;06088;06;Provence-Alpes-Côte d’Azur;43.6797;7.2499;ludovic.muller@courriel-demo.fr;05.52.80.10.26;2015-12-13;2020-03-05;INACTIF;;1308;COM-0001;oui
CLI-01713;Sillon Négoce SASU;PRO;PME;01693310225718;160 avenue Jean Jaurès;75001;Paris;75056;75;Île-de-France;48.8211;2.3972;contact@sillonnegocesa.fr;03.11.64.98.23;2017-01-05;2023-09-18;ACTIF;37;46579;COM-0003;non
CLI-01078;M. Benoît Durand;PART;Particulier;;13 avenue du Général Leclerc;06130;Grasse;06069;06;Provence-Alpes-Côte d’Azur;43.6426;6.872;benoit.durand@courriel-demo.fr;+33759192222;2017-03-02;2018-05-06;ACTIF;;840;COM-0002;oui
CLI-01517;Horizon Distribution SCOP;PRO;Grands comptes;00584360307113;6 route de Bordeaux;79000;Niort;79191;79;Nouvelle-Aquitaine;46.3057;-0.4458;contact@horizondistrib.fr;02 41 90 15 65;2019-12-27;2021-08-26;ACTIF;148;555688000;COM-0020;oui
CLI-00703;Énergie Agroalimentaire SA;PRO;Grands comptes;71727944653926;80 rue de l’Industrie;89000;Auxerre;89024;89;Bourgogne-Franche-Comté;47.76;3.5421;contact@energieagroali.fr;04 12 66 80 06;2018-03-01;2026-07-22;PROSPECT;8;327835;COM-0053;oui
CLI-00336;Solstice Électricité EURL;PRO;TPE;62441929724908;116 rue de la République;11000;Carcassonne;11069;11;Occitanie;43.1951;2.3648;contact@solsticeelectr.fr;06 91 48 67 64;2020-04-01;2025-09-29;ACTIF;110;285924;COM-0015;oui
CLI-00788;Distribution Maintenance SCOP;PRO;PME;49579293141008;70 rue de l’Industrie;35000;Rennes;35238;35;Bretagne;48.1333;-1.691;contact@distributionma.fr;0315927069;2023-08-27;2024-03-27;INACTIF;37;-250000;COM-0036;oui
CLI-01854;Solstice Mobilier SASU;PRO;TPE;98982179362679;96 rue de l’Industrie;44000;Nantes;44109;44;Pays de la Loire;47.1883;-1.5612;contact@solsticemobili.fr;+33213613260;2016-06-15;2020-01-27;INACTIF;226;270051;COM-0039;oui
CLI-01800;Atlantique Conseil SAS;PRO;Grands comptes;90360053167976;169 allée des Peupliers;77100;MEAUX;77284;77;Île-de-France;48.9447;2.904;contact@atlantiquecons.fr;+33665751066;2025-09-25;2026-08-18;ACTIF;57;206886;COM-0004;oui
CLI-00866;Horizon Matériaux SA;PRO;TPE;52002631835929;166 chemin des Vignes;83600;Fréjus;83061;83;Provence-Alpes-Côte d’Azur;43.4285;6.7217;contact@horizonmateria.fr;06.05.61.39.68;2025-08-03;2026-05-11;ACTIF;67;565483;COM-0023;oui
CLI-01507;Cristal Solutions SCOP;PRO;TPE;44332702808873;64 place du Marché;13300;Salon-de-Provence;13103;13;Provence-Alpes-Côte d’Azur;43.6013;5.1351;contact@cristalsolutio.fr;07 36 79 31 43;2018-05-28;2019-08-16;ACTIF;1;261251;COM-0039;oui
CLI-01280;Horizon Maintenance SA;PRO;TPE;61962808866103;21 rue de l’Industrie;06130;Grasse;06069;06;Provence-Alpes-Côte d’Azur;43.6732;6.9699;contact@horizonmainten;+33543834557;2018-06-28;2021-01-05;ACTIF;40;184139;COM-0051;non
CLI-02170;Ateliers Distribution SASU;PRO;Collectivité;11761986633301;135 allée des Peupliers;29200;Chambéry;73065;73;Auvergne-Rhône-Alpes;45.5296;5.8781;contact@ateliersdistri.fr;03.90.36.86.16;2023-12-05;2024-08-24;INACTIF;184;198704;COM-0041;oui
CLI-01335;Grand Large Mobilier SCOP;PRO;TPE;25710644998431;46 rue des Acacias;49000;Angers;49007;49;Pays de la Loire;47.4481;-0.5578;contact@grandlargemobi.fr;07.73.12.51.28;2026-03-13;2026-07-13;ACTIF;1;168878;COM-0029;oui
CLI-01894;Services Matériaux SARL;PRO;Grands comptes;48262545894342;61 allée des Peupliers;57000;Metz;57463;57;Grand Est;49.1068;6.1842;contact@servicesmateri.fr;0758773410;2020-11-21;2021-03-21;ACTIF;91;161795;COM-0035;oui
CLI-02425;Grand Large Négoce SARL  ;PRO;Collectivité;73438238639282;78 allée des Peupliers;22000;Saint-Brieuc;22278;22;Bretagne;48.5224;-2.7899;contact@grandlargenego.fr;+33290994076;2017-09-12;2023-01-18;RESILIE;196;426358;COM-0054;oui
CLI-00070;Horizon Agroalimentaire SASU;PRO;PME;;115 rue de l’Industrie;35400;Saint-Malo;35288;35;Bretagne;48.6993;-1.9893;contact@horizonagroali.fr;06.13.86.88.71;2025-03-31;2026-07-18;ACTIF;6;275679;COM-0012;oui
CLI-02266;Services Négoce SCOP;PRO;TPE;01236646319609;34 rue Pasteur;33000;Bordeaux;33063;33;Nouvelle-Aquitaine;44.8611;-0.551;contact@servicesnegoce.fr;0640405607;2019-02-26;2020-11-04;ACTIF;165;68492;COM-0018;non
CLI-00955;Cévennes Industries SCOP;PRO;TPE;02253714290658;55 rue des Acacias;92100;Boulogne-Billancourt;92012;92;Île-de-France;48.836;2.2168;contact@cevennesindust.fr;04.41.99.09.37;2019-08-24;2026-07-28;PROSPECT;68;197234;COM-0041;oui
CLI-00933;Atlantique Papeterie SCOP;PRO;Collectivité;82187881951607;180 rue Pasteur;49300;Cholet;49099;49;Pays de la Loire;47.0682;-0.891;contact@atlantiquepape.fr;0259284553;2022-09-15;2023-11-14;ACTIF;13;185606;COM-0044;oui
CLI-01048;Alizé Papeterie SAS;PRO;PME;90451521934555;168 rue des Acacias;59140;Dunkerque;59183;59;Hauts-de-France;51.0244;2.4241;contact@alizepapeterie.fr;02.32.48.01.70;2025-02-16;2026-01-23;RESILIE;143;324008;COM-0005;oui
CLI-01257;Énergie Équipements SCOP;PRO;TPE;89645907196373;19 quai des Docks;14000;CAEN;14118;14;Normandie;49.1667;-0.392;contact@energieequipem.fr;+33109647382;2024-08-15;2025-03-30;ACTIF;58;26093;COM-0009;oui
CLI-01790;M. Franck Mercier;PART;Particulier;;98 avenue du Général Leclerc;42000;Saint-Étienne;42218;42;Auvergne-Rhône-Alpes;45.4848;4.377;franck.mercier@courriel-demo;+33362346633;2020-06-07;2021-12-11;ACTIF;;1522;COM-0041;oui
CLI-01047;M. Julien Lopez;PART;Particulier;;114 rue de l’Industrie;26000;Gap;05061;05;Provence-Alpes-Côte d’Azur;44.59;6.0563;julien.lopez@courriel-demo.fr;0649908124;2017-07-08;2021-01-27;PROSPECT;;3748;COM-0003;oui
CLI-01543;Solstice Transports SASU;PRO;TPE;37742572570795;26 rue Pasteur;83000;Toulon;83137;83;Provence-Alpes-Côte d’Azur;43.0831;5.9168;contact@solsticetransp.fr;04.31.99.12.12;2022-11-10;2024-11-24;INACTIF;1;-52227;COM-0046;oui
CLI-01775;Alizé Bâtiment SASU;PRO;TPE;44981340832460;67 rue de l’Industrie;56000;Vannes;56260;56;Bretagne;47.6277;-2.77;contact@alizebatiments.fr;05 33 02 72 62;2018-10-07;2020-04-18;ACTIF;1;292071;COM-0030;oui
CLI-01909;Mme Léa Henry;PART;Particulier;;122 avenue du Général Leclerc;79000;Niort;79191;79;Nouvelle-Aquitaine;46.2745;-0.4982;lea.henry@courriel-demo.fr;+33356708772;2022-06-09;2024-11-25;RESILIE;;1305;COM-0053;non
CLI-00806;Ateliers Industries SAS;PRO;Collectivité;82161362046452;54 chemin des Vignes;18000;Bourges;18033;18;Centre-Val de Loire;47.1249;2.4249;contact@ateliersindust.fr;0197371725;2018-01-02;2021-12-10;ACTIF;121;295389;COM-0041;oui
CLI-00412;M. Thomas Lambert;PART;Particulier;;116 boulevard Victor Hugo;29000;Quimper;29232;29;Bretagne;48.0484;-4.072;thomas.lambert@courriel-demo.fr;0472483942;2017-01-23;2020-06-17;ACTIF;;226;COM-0038;oui
CLI-01162;Prisme  Mobilier SARL;PRO;PME;09682794440904;112 allée des Peupliers;71100;Chalon-sur-Saône;71076;71;Bourgogne-Franche-Comté;46.7639;4.8199;contact@prismemobilier.fr;02 51 07 18 11;2023-05-22;2025-10-19;ACTIF;13;-4261;COM-0057;oui
CLI-02105;Sillon Transports EURL;PRO;PME;NC;81 avenue du Général Leclerc;73000;Chambéry;73065;73;Auvergne-Rhône-Alpes;45.5868;5.9247;contact@sillontranspor.fr;+33192490385;2026-02-25;2026-08-22;INACTIF;110;126667;COM-0026;oui
CLI-02196;Provence Distribution SASU;PRO;Collectivité;64531752773374;56 chemin des Vignes;60000;Beauvais;60057;60;Hauts-de-France;49.415;2.0792;contact@provencedistri.fr;+33640582812;2021-04-06;2022-10-20;ACTIF;244;123369;COM-0025;oui
CLI-00173;Distribution Industries SASU;PRO;TPE;59868858320157;45 avenue du Général Leclerc;45000;Orléans;45234;45;Centre-Val de Loire;47.908;1.8522;contact@distributionin.fr;0168477468;2026-01-11;2026-07-23;PROSPECT;138;239878;COM-0027;oui
CLI-02286;Distribution Bâtiment SAS;PRO;Grands comptes;17001621654492;94 rue de l’Industrie;53000;Laval;53130;53;Pays de la Loire;48.0526;-0.7761;contact@distributionba.fr;07 88 26 03 17;2022-06-13;2026-06-09;ACTIF;1;127665;COM-0049;oui
CLI-01550;Mme Sophie Fournier;PART;Particulier;;180 rue du Commerce;94000;Créteil;94028;94;Île-de-France;48.7909;2.4507;sophie.fournier@courriel-demo.fr;05.21.33.43.81;2022-07-02;2023-10-05;ACTIF;;3585;COM-0056;non
CLI-02298;Cévennes Négoce SAS;PRO;TPE;32211837711632;87 rue de la République;87000;LIMOGES;87085;87;Nouvelle-Aquitaine;45.8419;1.2385;contact@cevennesnegoce.fr;05.59.80.69.56;2025-07-21;2025-10-29;ACTIF;56;341589;COM-0022;non
CLI-00048;M. Michel Petit;PART;Particulier;;75 rue du Commerce;16000;Angoulême;16015;16;Nouvelle-Aquitaine;45.6702;0.2054;michel.petit@courriel-demo.fr;03.99.85.12.92;2020-02-05;2022-01-15;ACTIF;;459;COM-0009;oui
CLI-00190;Horizon Bâtiment SARL;PRO;PME;12143497337190;66 place du Marché;67000;Strasbourg;67482;67;Grand Est;48.6038;7.7276;contact@horizonbatimen.fr;0374413576;2018-01-26;2020-10-13;INACTIF;269;44174;COM-0049;oui
CLI-02327;Mme Inès Bernard;PART;Particulier;;99 rue du Commerce;77100;Meaux;77284;77;Île-de-France;48.9157;2.8732;ines.bernard@courriel-demo.fr;0530294074;2024-12-09;2025-11-11;PROSPECT;;2124;COM-0060;non
CLI-00180;Atlantique Emballages SARL;PRO;PME;;162 route de Bordeaux;50100;Cherbourg-en-Cotentin;50129;50;Normandie;49.5906;-1.6192;contact@atlantiqueemba.fr;+33656510345;2024-02-18;2025-10-17;ACTIF;238;335113;COM-0046;oui
CLI-02049;Comptoir Emballages EURL;PRO;Collectivité;33841332306399;82 avenue du Général Leclerc;47000;Agen;47001;47;Nouvelle-Aquitaine;44.1545;0.5759;contact@comptoiremball.fr;0357863574;2017-02-18;2022-10-17;PROSPECT;78;187993;COM-0004;oui
CLI-01814;M. Nicolas Dubois;PART;Particulier;;62 place du Marché;44000;Nantes;44109;44;Pays de la Loire;47.2617;-1.5187;nicolas.dubois@courriel-demo.fr;+33604515534;2017-01-02;2023-02-12;ACTIF;;3675;COM-0044;oui
CLI-00980;M. Vincent Thomas;PART;Particulier;;91 place du Marché;34500;Béziers;34032;34;Occitanie;43.324;3.2128;vincent.thomas@courriel-demo.fr;04 23 00 85 24;2016-11-04;2018-11-06;ACTIF;;2778;COM-0026;oui
CLI-01873;M. Jérôme André;PART;Particulier;;75 rue du Commerce;66000;Perpignan;66136;66;Occitanie;42.6502;2.8627;jerome.andre@courriel-demo.fr;+33381311690;2026-03-11;2026-09-05;RESILIE;;1049;COM-0012;oui
CLI-01396;Maritime Électricité SAS;PRO;PME;76873427497598;178 avenue de la Gare;90000;Belfort;90010;90;Bourgogne-Franche-Comté;47.6374;6.84;contact@maritimeelectr.fr;0209088582;2024-03-19;2025-01-22;PROSPECT;137;314660;COM-0008;oui
CLI-00595;Tramontane Maintenance SCOP;PRO;Grands comptes;12165913688259;147 route de Bordeaux;06400;Cannes;06029;06;Provence-Alpes-Côte d’Azur;43.5931;6.9924;contact@tramontanemain.fr;+33732757388;2023-09-29;2024-06-16;ACTIF;43;143306;COM-0057;oui
CLI-01725;M. Damien Nicolas;PART;Particulier;;109 avenue de la Gare;41000;Blois;41018;41;Centre-Val de Loire;47.5661;1.3256;damien.nicolas@courriel-demo.fr;07 23 49 12 29;2020-03-12;2024-07-16;RESILIE;;1959;COM-0059;oui
CLI-02133;M. Sébastien Dupont;PART;Particulier;;6 rue du Commerce;31000;Toulouse;31555;31;Occitanie;43.5584;1.4515;sebastien.dupont@courriel-demo.fr;07.13.92.23.69;2020-11-27;2022-04-04;ACTIF;;1678;COM-0025;non
CLI-02465;Cristal Agroalimentaire SARL;PRO;Collectivité;98689681105666;172 route de Bordeaux;62100;Calais;62193;62;Hauts-de-France;50.9374;1.8763;contact@cristalagroali.fr;+33353255011;2018-06-05;2025-08-03;RESILIE;248;16794;COM-0032;oui
CLI-02032;Pyrénées Agroalimentaire SAS;PRO;Collectivité;35595739253280;19 chemin des Vignes;58000;Nevers;58194;58;Bourgogne-Franche-Comté;47.0191;3.2054;contact@pyreneesagroal.fr;0128541298;2017-07-11;2026-04-20;ACTIF;95;398383;COM-0026;oui
CLI-01454;Manufacture Bâtiment SASU;PRO;Collectivité;72570711589979;109 rue Pasteur;57000;Metz;57463;57;Grand Est;49.1332;6.2156;contact@manufacturebat.fr;02 84 54 87 81;2016-01-15;2016-11-29;actif;238;339222;COM-0006;oui
CLI-01405;Manufacture Conseil SAS;PRO;PME;28927211577829;179 avenue Jean Jaurès;56000;Vannes;56260;56;Bretagne;47.6335;-2.711;contact@manufacturecon.fr;04.21.30.73.04;2023-06-10;2025-11-07;ACTIF;17;-25160;COM-0045;oui
CLI-00286;Tramontane Transports SAS;PRO;Grands comptes;73966302908773;57 route de Bordeaux;63000;Clermont-Ferrand;63113;63;Auvergne-Rhône-Alpes;45.7829;3.0936;contact@tramontanetran.fr;0192245433;2026-05-18;2026-07-28;RESILIE;91;55936;COM-0004;oui
CLI-00636;M. Guillaume André;PART;Particulier;;111 avenue Jean Jaurès;92100;Boulogne-Billancourt;92012;92;Île-de-France;48.8524;2.273;guillaume.andre@courriel-demo.fr;+33427115657;2019-10-22;2021-12-31;ACTIF;;1171;COM-0055;oui
CLI-00992;M. Alain Laurent;PART;Particulier;;41 rue de la République;92000;Nanterre;92050;92;Île-de-France;48.8831;2.224;alain.laurent@courriel-demo.fr;04.28.64.14.55;2024-04-02;2026-09-05;ACTIF;;1721;COM-0029;oui
CLI-02401;M. Sébastien Moreau;PART;Particulier;;10 route de Bordeaux;06000;Nice;06088;06;Provence-Alpes-Côte d’Azur;43.6939;7.2939;sebastien.moreau@courriel-demo.fr;+33288292353;2023-01-22;2024-02-12;ACTIF;;2671;COM-0015;oui
CLI-00300;Manufacture Matériaux SAS;PRO;Grands comptes;;70 avenue du Général Leclerc;92100;Boulogne-Billancourt;92012;92;Île-de-France;48.8225;2.1997;contact@manufacturemat.fr;+33244485763;2024-06-07;2024-09-20;ACTIF;60;379974;COM-0022;oui
CLI-01567;M. Sébastien Girard;PART;Particulier;;148 avenue du Général Leclerc;95000;Cergy;95127;95;Île-de-France;49.0557;2.0539;sebastien.girard@courriel-demo.fr;+33746281498;2017-08-19;2026-11-19;RESILIE;;1601;COM-0005;non
CLI-01076;Manufacture Emballages SASU;PRO;PME;83885295096755;54 place du Marché;81000;Albi;81004;81;Occitanie;43.9693;2.1277;contact@manufactureemb.fr;0487081725;2026-01-14;2026-04-26;RESILIE;124;17112000;COM-0053;oui
CLI-00316;Cévennes Distribution SCOP;PRO;PME;75252462343056;75 rue des Acacias;49000;Angers;49007;49;Pays de la Loire;47.4612;-0.5493;contact@cevennesdistri.fr;01 17 39 02 55;2017-01-31;2020-06-19;ACTIF;34;172538;COM-0005;oui
CLI-00602;Logistique Solutions SARL;PRO;Collectivité;67432970567362;96 place du Marché;64000;Pau;64445;64;Nouvelle-Aquitaine;43.257;-0.3266;contact@logistiquesolu.fr;01.32.71.58.09;2026-07-29;2026-09-09;ACTIF;125;230893;COM-0058;oui
CLI-02296;Nord Ouest Maintenance SARL;PRO;TPE;28809181983941;118 rue de la République;83600;Fréjus;83061;83;Provence-Alpes-Côte d’Azur;43.448;6.7188;contact@nordouestmaint.fr;+33448495370;2024-08-26;2024-12-16;ACTIF;54;313008;COM-0021;oui
CLI-00932;M. Benoît Fontaine;PART;Particulier;;69 boulevard Victor Hugo;89000;Auxerre;89024;89;Bourgogne-Franche-Comté;47.7987;3.6143;benoit.fontaine@courriel-demo.fr;01 01 14 37 35;2018-06-19;2020-07-18;PROSPECT;;2499;COM-0052;oui
CLI-01564;Maritime Mobilier SAS;PRO;TPE;16887804191192;97 boulevard Victor Hugo;13200;Arles;13004;13;Provence-Alpes-Côte d’Azur;43.6675;4.6044;contact@maritimemobili.fr;0188735371;2023-11-10;2025-07-27;ACTIF;123;244510;COM-0042;oui
CLI-02307;Cristal Équipements EURL;PRO;TPE;09969642104748;141 quai des Docks;54000;Nancy;54395;54;Grand Est;48.6957;6.1477;contact@cristalequipem.fr;0699477073;2016-08-19;2019-03-01;ACTIF;1;124042;COM-0033;oui
CLI-00067;Mme Élodie Lambert;PART;Particulier;;117 avenue Jean Jaurès;64000;Pau;64445;64;Nouvelle-Aquitaine;43.2568;-0.3553;elodie.lambert@courriel-demo.fr;0122735630;2024-02-01;2025-11-16;INACTIF;;1353;COM-0026;oui
CLI-01386;Mme Pauline Lopez;PART;Particulier;;19 avenue Jean Jaurès;65000;Tarbes;65440;65;Occitanie;43.224;0.1114;pauline.lopez@courriel-demo.fr;05.39.26.34.67;2024-08-14;2026-02-18;ACTIF;;1144;COM-0042;oui
CLI-00013;M. Mathieu Muller;PART;Particulier;;69 rue de la République;34000;Montpellier;34172;34;Occitanie;43.6264;3.8345;mathieu.muller@courriel-demo.fr;+33327513717;2025-01-11;2025-01-11;ACTIF;;900;COM-0009;oui
CLI-02008;Prisme Bâtiment SAS;PRO;Grands comptes;54951914831041;126 rue du Commerce;49300;Cholet;49099;49;Pays de la Loire;47.0231;-0.918;contact@prismebatiment.fr;01.12.50.61.26;2016-11-10;2026-05-31;ACTIF;1;135361;COM-0041;oui
CLI-01368;M. Alain Leroy;PART;Particulier;;155 rue du Commerce;13300;Salon-de-Provence;13103;13;Provence-Alpes-Côte d’Azur;43.686;5.0827;alain.leroy@courriel-demo.fr;01.49.47.27.00;2017-01-14;2018-08-23;ACTIF;;2361;COM-0025;non
CLI-02320;Mme Julie Garnier;PART;Particulier;;149 allée des Peupliers;93100;Montreuil;93048;93;Île-de-France;48.8923;2.3956;julie.garnier@courriel-demo.fr;07.11.11.50.31;2025-10-16;2026-01-05;PROSPECT;;2943;COM-0028;non
CLI-00169;Prisme Papeterie SASU;PRO;TPE;;74 impasse des Lilas;94000;CRÉTEIL;94028;94;Île-de-France;48.7815;2.4972;contact@prismepapeteri.fr;03.16.42.76.70;2020-08-06;2020-12-21;INACTIF;73;195572;COM-0002;oui
CLI-02367;Cristal Distribution EURL;PRO;Collectivité;56856230146265;120 quai des Docks;02100;Saint-Quentin;02691;02;Hauts-de-France;49.8472;3.2828;contact@cristaldistrib.fr;0232385593;2025-05-26;2026-02-23;ACTIF;92;170720;COM-0012;oui
CLI-00988;Ateliers Transports SARL;PRO;PME;73506007217672;11 avenue Jean Jaurès;65000;Tarbes;65440;65;Occitanie;43.1878;0.0431;contact@atelierstransp.fr;0244262061;2026-06-30;2026-08-22;PROSPECT;113;197885;COM-0038;oui
CLI-00564;Ateliers Électricité SARL;PRO;TPE;;109 rue Pasteur;65000;Tarbes;65440;65;Occitanie;43.1873;0.0563;contact@atelierselectr.fr;03 36 56 81 94;2021-08-03;2024-04-05;PROSPECT;185;165862;COM-0055;oui
CLI-02374;Mme Valérie Girard;PART;Particulier;;82 rue de l’Industrie;63000;Clermont-Ferrand;63113;63;Auvergne-Rhône-Alpes;45.744;3.0839;valerie.girard@courriel-demo.fr;+33499207303;2023-07-12;2025-07-20;ACTIF;;454;COM-0055;non
CLI-02160;M. Vincent Bonnet;PART;Particulier;;123 quai des Docks;13200;Arles;13004;13;Provence-Alpes-Côte d’Azur;43.6759;4.6504;vincent.bonnet@courriel-demo.fr;01.48.23.93.89;2016-04-15;2021-02-17;PROSPECT;;1795;COM-0048;oui
CLI-00587;Mme Marie Dumont;PART;Particulier;;88 route de Bordeaux;34500;Béziers;34032;34;Occitanie;43.3673;3.2375;marie.dumont@courriel-demo.fr;+33176980654;2022-12-25;2025-12-23;ACTIF;;1760;COM-0057;oui
CLI-01835;Escale Maintenance SAS;PRO;TPE;43439951576729;171 boulevard Victor Hugo;06600;Antibes;06004;06;Provence-Alpes-Côte d’Azur;43.5733;7.1079;contact@escalemaintena.fr;04.71.43.94.14;2021-05-28;2024-04-29;ACTIF;174;452395;COM-0009;oui
CLI-01232;M. Franck Legrand;PART;Particulier;;119 avenue Jean Jaurès;34500;Béziers;34032;34;Occitanie;43.3176;3.1814;franck.legrand@courriel-demo.fr;07 60 83 27 45;2026-01-31;2026-02-17;ACTIF;;308;COM-0037;oui
CLI-01337;Services Industries SCOP;PRO;Grands comptes;69728127078669;53 avenue du Général Leclerc;92100;Boulogne-Billancourt;92012;92;Île-de-France;48.8834;2.2099;contact@servicesindust.fr;0292200953;2016-08-11;2023-12-31;ACTIF;1;42860;COM-0033;oui
CLI-00253;M. Romain Garcia;PART;Particulier;;84 rue de l’Industrie;13100;Aix-en-Provence;13001;13;Provence-Alpes-Côte d’Azur;43.5122;5.4329;romain.garcia;05.01.90.41.50;2015-12-02;2023-10-23;ACTIF;;3744;COM-0001;oui
CLI-01663;Grand Large Emballages SARL;PRO;TPE;58466597796904;175 rue des Acacias;45000;Orléans;45234;45;Centre-Val de Loire;47.8973;1.9449;contact;0316844672;2016-04-22;2019-11-05;PROSPECT;1;186093;COM-0039;oui
CLI-01867;Boréal Conseil SASU;PRO;TPE;95853773728015;71 avenue du Général Leclerc;59100;Roubaix;59512;59;Hauts-de-France;50.6541;3.1911;contact@borealconseils.fr;01.76.81.51.17;2015-12-19;2025-05-18;ACTIF;165;210692;COM-0013;oui
CLI-02452;M. Hugo Moreau;PART;Particulier;;44 route de Bordeaux;11000;Carcassonne;11069;11;Occitanie;43.1761;2.3108;hugo.moreau@courriel-demo.fr;0546419594;2015-10-17;2020-01-28;ACTIF;;3299;COM-0052;oui
CLI-01735;Cristal Matériaux SA;PRO;TPE;;45 allée des Peupliers;01000;Bourg-en-Bresse;01053;01;Auvergne-Rhône-Alpes;46.2351;5.2454;contact@cristalmateria.fr;07 79 86 17 79;2025-03-19;2025-10-26;ACTIF;120;53495;COM-0008;oui
CLI-00708;Mme Karine Vincent;PART;Particulier;;52 avenue de la Gare;06130;Grasse;06069;06;Provence-Alpes-Côte d’Azur;43.6375;6.9679;karine.vincent@courriel-demo.fr;07 89 54 03 88;2025-07-05;2025-07-17;ACTIF;;1763;COM-0041;oui
CLI-01309;Cévennes Conseil SARL;PRO;TPE;39109384501804;91 rue des Acacias;62100;Calais;62193;62;Hauts-de-France;50.9599;1.865;contact@cevennesconsei.fr;05.90.55.17.84;2023-03-27;2024-09-28;ACTIF;29;460241;COM-0010;oui
CLI-01581;Aurore Industries EURL;PRO;Collectivité;76432132451995;11 chemin des Vignes;69001;Lyon;69123;69;Auvergne-Rhône-Alpes;45.798;4.8316;contact@auroreindustri.fr;05.19.59.09.35;2019-07-18;2020-01-13;INACTIF;78;81369;COM-0017;oui
CLI-00409;Provence Équipements SA;PRO;Grands comptes;98363806176331;121 avenue du Général Leclerc;64100;Bayonne;64102;64;Nouvelle-Aquitaine;43.4446;-1.506;contact@provenceequipe.fr;0669894241;2025-07-02;2026-06-06;INACTIF;1;254524;COM-0057;oui
CLI-01769;M. Michel Faure;PART;Particulier;;71 rue Pasteur;44000;Nantes;44109;44;Pays de la Loire;47.1811;-1.5399;michel.faure@courriel-demo.fr;04.99.27.10.83;2021-12-11;2022-02-19;INACTIF;;195;COM-0038;oui
CLI-01007;Aurore Emballages SA;PRO;TPE;36379432910855;130 boulevard Victor Hugo;60000;Beauvais;60057;60;Hauts-de-France;49.432;2.0303;contact@auroreemballag.fr;01 23 98 00 34;2024-06-05;2026-01-20;PROSPECT;56;132544;COM-0017;oui
CLI-00201;Mme Fanny Fontaine;PART;Particulier;;71 route de Bordeaux;44000;Nantes;44109;44;Pays de la Loire;47.2091;-1.5257;fanny.fontaine@courriel-demo.fr;0226522919;2021-01-29;2024-03-17;ACTIF;;3020;COM-0024;oui
CLI-00358;Mme Delphine Dupont;PART;Particulier;;25 avenue de la Gare;01000;Bourg-en-Bresse;01053;01;Auvergne-Rhône-Alpes;46.2117;5.2423;delphine.dupont@courriel-demo.fr;06.54.94.65.50;2018-08-20;2024-08-26;INACTIF;;1246;COM-0042;non
CLI-00873;Ateliers Matériaux SA;PRO;Collectivité;37370261098907;6 boulevard Victor Hugo;41000;Blois;41018;41;Centre-Val de Loire;47.5722;1.3773;contact;06.71.60.04.47;2015-10-28;2017-04-26;PROSPECT;261;355989;COM-0054;oui
CLI-00433;Logistique Bâtiment SASU;PRO;TPE;82746643968018;142 rue de la République;64100;Bayonne;64102;64;Nouvelle-Aquitaine;43.5054;-1.455;contact@logistiquebati.fr;02.44.74.97.46;2026-06-15;2026-08-27;ACTIF;78;63762;COM-0032;oui
CLI-02257;M. Hugo Bonnet;PART;Particulier;;82 boulevard Victor Hugo;16000;angoulême;16015;16;Nouvelle-Aquitaine;45.6163;0.1892;hugo.bonnet@courriel-demo.fr;0392953482;2016-01-17;2022-02-10;ACTIF;;374;COM-0052;oui
CLI-01824;Logistique Transports SCOP;PRO;Grands comptes;85902857337076;136 rue de l’Industrie;12000;rodez;12202;12;Occitanie;44.3175;2.5677;contact@logistiquetran.fr;+33282777591;2016-09-21;2016-10-04;RESILIE;81;-129723;COM-0007;oui
CLI-00125;Sillon Matériaux SASU;PRO;TPE;46856422153693;134 rue Pasteur;42000;Saint-Étienne;42218;42;Auvergne-Rhône-Alpes;45.4596;4.3655;contact@sillonmateriau.fr;0689447945;2022-03-07;2024-06-05;PROSPECT;66;233818;COM-0031;oui
CLI-00390;Alizé Matériaux SA;PRO;Collectivité;86314578403259;166 rue des Acacias;38000;Grenoble;38185;38;Auvergne-Rhône-Alpes;45.1697;5.717;contact@alizemateriaux.fr;04.60.32.50.80;2015-10-22;2023-01-04;PROSPECT;61;184537;COM-0051;oui
CLI-01994;Aurore Solutions SA;PRO;Grands comptes;47264909444090;179 route de Bordeaux;53000;Laval;53130;53;Pays de la Loire;48.0347;-0.776;contact@auroresolution.fr;02 90 75 52 95;2020-11-21;2024-03-02;ACTIF;101;265452;COM-0052;oui
CLI-02281;Manufacture Maintenance SCOP;PRO;Grands comptes;42373105524094;4 rue Pasteur;01000;BOURG-EN-BRESSE;01053;01;Auvergne-Rhône-Alpes;46.176;5.229;contact@manufacturemai;04 37 70 37 34;2026-08-07;2026-09-07;ACTIF;84;146539;COM-0011;oui
CLI-02334;Provence Industries EURL;PRO;PME;;160 rue de l’Industrie;62100;Calais;62193;62;Hauts-de-France;50.981;1.8436;contact@provenceindust.fr;06.17.39.67.98;2022-09-11;2024-05-08;PROSPECT;1;149047;COM-0042;oui
CLI-01034;M. David Lambert;PART;Particulier;;38 avenue du Général Leclerc;73000;Chambéry;73065;73;Auvergne-Rhône-Alpes;45.5673;5.9552;david.lambert@courriel-demo.fr;+33364004629;2018-11-20;2021-06-10;ACTIF;;1064;COM-0014;oui
CLI-00231;Distribution Conseil SCOP;PRO;Grands comptes;60828258793051;87 avenue du Général Leclerc;64000;Pau;64445;64;Nouvelle-Aquitaine;43.3196;-0.3519;contact@distributionco.fr;+33226193208;2022-07-01;2022-12-14;ACTIF;113;271951;COM-0046;oui
CLI-00946;Grand Large Emballages SASU;PRO;Collectivité;92365480613628;67 rue Pasteur;11000;Carcassonne;11069;11;Occitanie;43.217;2.3325;contact@grandlargeemba.fr;+33456117724;2023-01-08;2023-03-03;PROSPECT;45;266202;COM-0009;oui
CLI-02459;M. Benoît Garnier;PART;Particulier;;127 rue des Acacias;76000;Rouen;76540;76;Normandie;49.454;1.0875;benoit.garnier@courriel-demo.fr;02.76.51.98.30;2021-01-14;2023-03-10;ACTIF;;2551;COM-0014;non
CLI-00824;Comptoir Conseil SCOP;PRO;Grands comptes;;172 impasse des Lilas;13001;marseille;13055;13;Provence-Alpes-Côte d’Azur;43.2606;5.3693;contact@comptoirconsei.fr;+33187191668;2022-01-25;2022-08-31;ACTIF;82;-70694;COM-0017;non
CLI-01195;Provence Industries SARL;PRO;PME;95146486879227;89 allée des Peupliers;86000;Poitiers;86194;86;Nouvelle-Aquitaine;46.5425;0.3512;contact@provenceindust.fr;07.78.33.90.43;2017-07-28;2023-05-26;RESILIE;108;167005;COM-0053;oui
CLI-01844;Mme Émilie Mercier;PART;Particulier;;76 rue du Commerce;13300;Salon-de-Provence;13103;13;Provence-Alpes-Côte d’Azur;43.614;5.0877;emilie.mercier@courriel-demo.fr;+33395611301;2017-02-10;2020-02-04;PROSPECT;;3582;COM-0018;non
CLI-00599;M. Olivier Dubois;PART;Particulier;;11 route de Bordeaux;49000;Angers;49007;49;Pays de la Loire;47.4558;-0.5249;olivier.dubois@courriel-demo.fr;0672890026;2015-09-30;2021-02-21;ACTIF;;266;COM-0016;oui
CLI-00860;Nord Ouest Électricité EURL;PRO;TPE;58852687467618;148 avenue du Général Leclerc;29200;Brest;29019;29;Bretagne;48.4392;-4.4682;contact@nordouestelect.fr;+33441499417;2018-11-23;2023-05-08;PROSPECT;35;283863;COM-0045;oui
CLI-00153;Sillon Conseil SAS;PRO;Grands comptes;78680659820230;158 rue de la République;36000;Châteauroux;36044;36;Centre-Val de Loire;46.7732;1.7398;contact@sillonconseils.fr;03.92.80.89.66;2022-06-25;2022-09-21;ACTIF;16;217793;COM-0003;oui
CLI-01053;M. Émile Gauthier;PART;Particulier;;14 avenue de la Gare;06000;Nice;06088;06;Provence-Alpes-Côte d’Azur;43.7044;7.225;emile.gauthier@courriel-demo.fr;03 15 44 44 86;2023-09-16;2023-11-24;ACTIF;;2371;COM-0048;oui
CLI-00611;Prisme Matériaux SARL;PRO;TPE;;158 rue Pasteur;05000;Gap;05061;05;Provence-Alpes-Côte d’Azur;44.5576;6.0735;contact@prismemateriau.fr;02 10 30 33 27;2016-08-02;2022-10-29;PROSPECT;1;548197;COM-0001;oui
CLI-00311;Atlantique Maintenance SAS;PRO;Collectivité;64273085868869;72 avenue Jean Jaurès;26000;Valence;26362;26;Auvergne-Rhône-Alpes;44.9588;4.9295;contact@atlantiquemain.fr;05.28.05.78.81;2020-06-13;2026-02-16;PROSPECT;63;201625;COM-0023;oui
CLI-01794;Aurore Mobilier EURL;PRO;TPE;89330391541251;114 boulevard Victor Hugo;79000;Niort;79191;79;Nouvelle-Aquitaine;46.2938;-0.4849;contact@auroremobilier.fr;05.53.23.80.10;2022-12-27;2025-03-02;ACTIF;50;190330;COM-0041;oui
CLI-02062;M. Jean Mercier;PART;Particulier;;77 quai des Docks;21000;Dijon;21231;21;Bourgogne-Franche-Comté;47.2949;5.0075;jean.mercier@courriel-demo.fr;0357507395;2025-12-23;2026-04-28;ACTIF;;1635;COM-0017;oui
CLI-00445;Nord Ouest Mobilier EURL;PRO;Grands comptes;07177073369139;122 avenue Jean Jaurès;01000;BOURG-EN-BRESSE;01053;01;Auvergne-Rhône-Alpes;46.1644;5.2508;contact@nordouestmobil.fr;04 52 57 10 78;2018-06-15;2020-01-30;INACTIF;85;353948;COM-0054;non
CLI-01122;Mme Amandine Leroy;PART;Particulier;;147 allée des Peupliers;47000;Agen;47001;47;Nouvelle-Aquitaine;44.1695;0.5941;amandine.leroy@courriel-demo.fr;06.58.20.92.80;2018-01-16;2024-06-10;ACTIF;;249;COM-0041;oui
CLI-00165;Alizé Papeterie SA;PRO;Grands comptes;28337526439025;64 avenue du Général Leclerc;50100;Cherbourg-en-Cotentin;50129;50;Normandie;49.6123;-1.5982;contact@alizepapeterie.fr;0617234479;2025-08-03;2026-03-08;ACTIF;98;-30093;COM-0025;oui
CLI-02097;Escale Bâtiment SAS;PRO;TPE;99601140170961;148 avenue de la Gare;29200;Brest;29019;29;Bretagne;48.412;-4.4415;contact@escalebatiment.fr;06.54.90.86.93;2021-06-18;2025-10-13;PROSPECT;105;151451;COM-0041;oui
CLI-01030;Énergie Industries SCOP;PRO;Collectivité;25091364116082;97 chemin des Vignes;76600;Le Havre;76351;76;Normandie;49.4955;0.0989;contact@energieindustr.fr;+33274994689;2017-08-04;2022-03-14;RESILIE;72;302005;COM-0011;non
CLI-01905;Tramontane Transports SASU;PRO;TPE;47455981378007;84 route de Bordeaux;42000;Saint-Étienne;42218;42;Auvergne-Rhône-Alpes;45.4467;4.3611;contact@tramontanetran.fr;07 42 51 81 49;2022-02-02;2023-05-29;ACTIF;152;316791;COM-0005;oui
CLI-00008;Boréal Électricité SASU;PRO;TPE;35933636876797;60 place du Marché;95000;Cergy;95127;95;Île-de-France;49.0761;2.076;contact@borealelectric.fr;01.59.75.65.15;2023-11-06;2026-01-30;ACTIF;91;523187;COM-0041;oui
CLI-01862;M. Jérôme Legrand;PART;Particulier;;25 boulevard Victor Hugo;35400;Saint-Malo;35288;35;Bretagne;48.6101;-2.0327;jerome.legrand@courriel-demo.fr;+33516131127;2019-02-26;2020-10-03;PROSPECT;;3090;COM-0033;oui
CLI-02430;Mme Hélène Muller;PART;Particulier;;53 quai des Docks;10000;Troyes;10387;10;Grand Est;48.3101;4.1219;helene.muller@courriel-demo.fr;05.07.20.31.20;2016-12-31;2026-04-14;ACTIF;;1755;COM-0025;oui
CLI-01266;Sillon Matériaux SA;PRO;Grands comptes;42370555216025;131 boulevard Victor Hugo;91000;Évry-Courcouronnes;91228;91;Île-de-France;48.6567;2.4509;contact@sillonmateriau.fr;02.97.79.39.90;2020-07-18;2021-08-26;PROSPECT;60;-133841;COM-0031;oui
CLI-00431;Mme Céline Perrin;PART;Particulier;;49 rue du Commerce;25000;Besançon;25056;25;Bourgogne-Franche-Comté;47.1924;6.0208;celine.perrin@courriel-demo.fr;+33739621874;2025-08-06;2026-02-19;PROSPECT;;1878;COM-0029;oui
CLI-02422;Pyrénées Industries SAS;PRO;Collectivité;95869788875478;31 rue Pasteur;24000;Périgueux;24322;24;Nouvelle-Aquitaine;45.2118;0.6841;contact@pyreneesindust.fr;05.23.02.16.11;2025-05-03;2025-05-29;ACTIF;38;135265;COM-0029;oui
CLI-00840;Grand Large Papeterie SCOP;PRO;Grands comptes;15900927778375;137 rue du Commerce;93200;Saint-Denis;93066;93;Île-de-France;48.906;2.3267;contact@grandlargepape.fr;+33680139817;2023-10-13;2024-08-07;ACTIF;96;436114;COM-0051;non
CLI-00149;Ateliers Transports SCOP;PRO;Grands comptes;;23 avenue du Général Leclerc;02100;Saint-Quentin;02691;02;Hauts-de-France;49.8163;3.2671;contact@atelierstransp.fr;+33142775375;2021-06-15;2021-09-18;ACTIF;39;181393;COM-0033;oui
CLI-00935;Prisme Distribution SASU;PRO;PME;70847006423735;5 rue des Acacias;64100;Bayonne;64102;64;Nouvelle-Aquitaine;43.4768;-1.4603;contact@prismedistribu.fr;0658082219;2017-12-27;2025-06-24;ACTIF;129;419948;COM-0019;oui
CLI-01738;Alizé Distribution SCOP;PRO;TPE;;122 avenue du Général Leclerc;37000;Tours;37261;37;Centre-Val de Loire;47.3559;0.6664;contact@alizedistribut.fr;+33747795872;2021-10-16;2024-09-12;ACTIF;93;32210;COM-0009;oui
CLI-00164;Énergie Conseil SASU;PRO;Grands comptes;83157682202642;159 avenue de la Gare;06400;Cannes;06029;06;Provence-Alpes-Côte d’Azur;43.5327;7.0132;contact@energieconseil.fr;0272213243;2018-12-04;2022-01-10;PROSPECT;148;13439;COM-0057;oui
CLI-01836;Nord Ouest Maintenance SARL;PRO;Collectivité;59563072015580;139 rue des Acacias;02100;saint-quentin;02691;02;Hauts-de-France;49.8393;3.2806;contact@nordouestmaint.fr;+33795788239;2026-07-31;2026-09-05;PROSPECT;100;32287;COM-0060;non
CLI-01463;Solstice Solutions SARL;PRO;Collectivité;45950755654001;117 chemin des Vignes;01000;BOURG-EN-BRESSE;01053;01;Auvergne-Rhône-Alpes;46.1948;5.1804;contact@solsticesoluti.fr;+33575190145;2017-03-04;2020-07-21;ACTIF;95;99346;COM-0029;oui
CLI-01060;Boréal Papeterie SAS;PRO;PME;76522306320607;135 rue de l’Industrie;01000;Bourg-en-Bresse;01053;01;Auvergne-Rhône-Alpes;46.2083;5.2582;contact@borealpapeteri.fr;0332351380;2017-09-02;2022-01-30;ACTIF;54;25287;COM-0046;oui
CLI-00836;Mme Chloé Chevalier;PART;Particulier;;12 rue de la République;87000;Limoges;87085;87;Nouvelle-Aquitaine;45.8797;1.2654;chloe.chevalier@courriel-demo.fr;0375065875;2020-02-02;2020-10-06;PROSPECT;;3519;COM-0005;non
CLI-02153;Vallée Solutions SARL;PRO;TPE;35245080791107;154 rue des Acacias;36000;Châteauroux;36044;36;Centre-Val de Loire;46.8423;1.6529;contact@valleesolution.fr;0195774226;2016-07-02;2022-02-05;PROSPECT;26;259449;COM-0021;oui
CLI-01107;Belvédère Industries SASU;PRO;Collectivité;73765018395760;113 rue du Commerce;58000;Nevers;58194;58;Bourgogne-Franche-Comté;47.0064;3.1178;contact@belvedereindus.fr;0559663779;2019-04-07;2021-11-09;ACTIF;52;317304;COM-0046;oui
CLI-00271;Cristal Bâtiment SASU;PRO;PME;41381680775280;107 rue Pasteur;35400;Bayonne;64102;64;Nouvelle-Aquitaine;43.5142;-1.5003;contact@cristalbatimen.fr;07.32.48.20.98;2021-03-18;2022-04-24;PROSPECT;39;62260;COM-0009;oui
CLI-01891;Escale Mobilier EURL;PRO;Collectivité;21102049016784;99 rue de la République;12000;Rodez;12202;12;Occitanie;44.3133;2.5832;contact@escalemobilier.fr;05.50.01.78.11;2018-05-17;2019-06-01;ACTIF;151;93234;COM-0056;non
CLI-00111;Ateliers Solutions SAS;PRO;Collectivité;;83 boulevard Victor Hugo;33700;Mérignac;33281;33;Nouvelle-Aquitaine;44.8394;-0.6777;contact@atelierssoluti.fr;03 12 69 66 81;2021-10-30;2025-08-16;ACTIF;1;136070;COM-0030;oui
CLI-00948;Services Mobilier SAS;PRO;TPE;81706745526814;157 rue Pasteur;51100;Reims;51454;51;Grand Est;49.2237;4.0499;contact@servicesmobili.fr;+33467937603;2021-11-28;2022-06-19;INACTIF;52;197331;COM-0031;oui
CLI-02336;Comptoir Électricité SCOP;PRO;TPE;57820548701175;112 allée des Peupliers;56000;Vannes;56260;56;Bretagne;47.6967;-2.7576;contact@comptoirelectr.fr;01 90 87 46 75;2025-09-11;2026-08-11;ACTIF;112;-85167;COM-0049;oui
CLI-00536;Manufacture Conseil SA;PRO;PME;21928428106289;95 rue de la République;16000;Angoulême;16015;16;Nouvelle-Aquitaine;45.6118;0.1316;contact@manufacturecon.fr;06.38.74.87.21;2022-05-23;2026-07-10;ACTIF;189;132880;COM-0046;non
CLI-02356;M. Thomas Girard;PART;Particulier;;9 impasse des Lilas;58000;Nevers;58194;58;Bourgogne-Franche-Comté;46.9905;3.195;thomas.girard@courriel-demo.fr;03.63.73.15.01;2016-06-08;2019-09-10;ACTIF;;3916;COM-0041;non
CLI-01845;M. Hugo Martin;PART;Particulier;;42 avenue du Général Leclerc;16000;Angoulême;16015;16;Nouvelle-Aquitaine;45.6046;0.2078;hugo.martin@courriel-demo.fr;0262050274;2021-11-20;2022-01-31;ACTIF;;1723;COM-0017;oui
CLI-01694;Énergie Emballages SA;PRO;Collectivité;21598376234966;120 quai des Docks;13100;Aix-en-Provence;13001;13;Provence-Alpes-Côte d’Azur;43.5457;5.4315;contact@energieemballa.fr;05.89.21.49.27;2019-10-21;2024-02-09;ACTIF;67;292376;COM-0022;oui
CLI-00919;Vertigo Papeterie EURL;PRO;Collectivité;61784997587205;140 avenue du Général Leclerc;29200;Brest;29019;29;Bretagne;48.3683;-4.4738;contact@vertigopapeter.fr;0526059908;2018-03-05;2023-12-25;ACTIF;1;209154;COM-0036;oui
CLI-02292;M. Benoît André;PART;Particulier;;109 impasse des Lilas;50100;Cherbourg-en-Cotentin;50129;50;Normandie;49.6871;-1.651;benoit.andre@courriel-demo.fr;04.70.25.24.45;2025-04-11;2025-12-10;INACTIF;;3250;COM-0004;non
CLI-00626;Tramontane Électricité SCOP;PRO;PME;90827090825388;17 boulevard Victor Hugo;26000;Valence;26362;26;Auvergne-Rhône-Alpes;44.9615;4.8762;contact@tramontaneelec.fr;07 60 64 00 15;2026-04-21;2026-06-21;ACTIF;65;468444;COM-0045;oui
CLI-00640;Tramontane Emballages SCOP;PRO;Collectivité;92121779485633;44 boulevard Victor Hugo;84000;Avignon;84007;84;Provence-Alpes-Côte d’Azur;43.9013;4.8013;contact@tramontaneemba.fr;04 66 15 23 75;2018-01-01;2018-04-01;INACTIF;1;242719;COM-0029;non
CLI-01104;Grand Large Électricité EURL;PRO;Grands comptes;11889839765893;67 avenue Jean Jaurès;27000;ÉVREUX;27229;27;Normandie;49.0515;1.197;contact@grandlargeelec.fr;0376858504;2024-05-21;2026-07-02;ACTIF;175;298076;COM-0042;non
CLI-01754;Pyrénées Agroalimentaire SARL;PRO;TPE;08918329548171;118 rue de l’Industrie;74000;Annecy;74010;74;Auvergne-Rhône-Alpes;45.8633;6.1338;contact@pyreneesagroal.fr;+33248821164;2022-08-24;2023-04-29;RESILIE;44;130246;COM-0006;non
CLI-02453;Mme Hélène Mercier;PART;Particulier;;80 chemin des Vignes;33000;Bordeaux;33063;33;Nouvelle-Aquitaine;44.8547;-0.5639;helene.mercier@courriel-demo.fr;+33330031062;2024-07-03;2025-10-27;RESILIE;;527;COM-0056;non
CLI-01090;M. Émile Garcia;PART;Particulier;;164 rue Pasteur;34500;béziers;34032;34;Occitanie;43.3657;3.2371;emile.garcia@courriel-demo.fr;01 79 05 02 57;2017-09-01;2023-06-21;INACTIF;;1278;COM-0031;oui
CLI-00349;Distribution Solutions EURL;PRO;TPE;24269017780989;36 chemin des Vignes;76600;Le Havre;76351;76;Normandie;49.4648;0.1244;contact@distributionso.fr;0608652210;2022-05-29;2026-01-24;ACTIF;65;354348;COM-0047;oui
CLI-00330;Cristal Agroalimentaire SASU;PRO;Collectivité;74948441113579;167 place du Marché;91000;Évry-Courcouronnes;91228;91;Île-de-France;48.633;2.4894;contact@cristalagroali.fr;+33743427197;2024-03-16;2024-08-06;INACTIF;42;324398;COM-0012;oui
CLI-02324;Mme Marion Mercier;PART;Particulier;;49 route de Bordeaux;54000;Nancy;54395;54;Grand Est;48.674;6.213;marion.mercier@courriel-demo.fr;06 25 83 99 66;2018-12-26;2019-03-07;INACTIF;;1051;COM-0043;oui
CLI-00949;Comptoir Mobilier SAS;PRO;Collectivité;;56 route de Bordeaux;77100;Meaux;77284;77;Île-de-France;48.9827;2.864;contact@comptoirmobili.fr;03.23.91.14.99;2018-09-12;2019-06-11;PROSPECT;175;15393;COM-0021;oui
CLI-01135;Mme Hélène Lopez;PART;Particulier;;107 boulevard Victor Hugo;64000;Pau;64445;64;Nouvelle-Aquitaine;43.2553;-0.3355;helene.lopez@courriel-demo.fr;03.17.66.42.91;2023-05-19;2023-10-13;PROSPECT;;2070;COM-0001;non
CLI-00570;Pyrénées Transports SARL;PRO;Grands comptes;83643408323176;144 rue de la République;65000;Tarbes;65440;65;Occitanie;43.1923;0.0533;contact@pyreneestransp.fr;0754291227;2020-08-03;2021-03-21;INACTIF;225;187493;COM-0016;oui
CLI-01361;Vallée Transports SARL;PRO;TPE;54085517451559;10 rue de la République;75001;Paris;75056;75;Île-de-France;48.8513;2.364;contact@valleetranspor.fr;0500494545;2022-04-25;2025-03-13;INACTIF;95;101640;COM-0047;oui
CLI-01968;Aurore Matériaux SA;PRO;TPE;24822238273762;80 rue des Acacias;02100;Saint-Quentin;02691;02;Hauts-de-France;49.839;3.2964;contact@auroremateriau.fr;04.87.53.85.80;2025-09-29;2025-10-06;PROSPECT;1;294109;COM-0042;oui
CLI-02283;M. Antoine Clément;PART;Particulier;;82 allée des Peupliers;92130;Issy-les-Moulineaux;92040;92;Île-de-France;48.8608;2.2628;antoine.clement@courriel-demo;01 72 53 70 69;2025-11-05;2025-11-05;ACTIF;;2013;COM-0052;oui
CLI-01974;Mme Amandine Dubois;PART;Particulier;;18 place du Marché;75001;Paris;75056;75;Île-de-France;48.8154;2.3178;amandine.dubois@courriel-demo.fr;0324679432;2016-10-06;2019-02-26;ACTIF;;1395;COM-0036;non
CLI-00748;Maritime Agroalimentaire SARL;PRO;PME;63952434299084;95 rue de la République;17000;La Rochelle;17300;17;Nouvelle-Aquitaine;46.1791;-1.1818;contact@maritimeagroal.fr;+33221894562;2023-03-05;2024-01-25;ACTIF;1;520495;COM-0040;non
CLI-01258;Vertigo Matériaux SA;PRO;TPE;11070870003641;74 rue de la République;41000;Blois;41018;41;Centre-Val de Loire;47.5519;1.358;contact@vertigomateria.fr;06.31.80.20.47;2016-10-31;2018-02-14;PROSPECT;121;40271;COM-0005;oui
CLI-02099;Services Transports SCOP;PRO;Grands comptes;53799973824505;140 rue du Commerce;44000;Nantes;44109;44;Pays de la Loire;47.2188;-1.5679;contact@servicestransp.fr;0248120365;2026-04-13;2026-07-26;PROSPECT;149;383329;COM-0029;oui
CLI-01886;M. Ludovic Richard;PART;Particulier;;98 route de Bordeaux;58000;Nevers;58194;58;Bourgogne-Franche-Comté;46.97;3.1366;ludovic.richard@courriel-demo.fr;01.47.43.78.67;2025-09-29;2026-05-26;ACTIF;;1011;COM-0043;non
CLI-01977;Mme Marie Leroy;PART;Particulier;;10 quai des Docks;76000;Rouen;76540;76;Normandie;49.4586;1.1339;marie.leroy@courriel-demo.fr;06.66.50.47.49;2016-06-14;2020-11-14;ACTIF;;1625;COM-0050;oui
CLI-00474;Pyrénées Agroalimentaire EURL;PRO;TPE;49035842200896;72 route de Bordeaux;14000;Caen;14118;14;Normandie;49.2099;-0.3884;contact@pyreneesagroal.fr;04.57.56.54.88;2024-05-03;2025-08-21;ACTIF;74;198707;COM-0004;oui
CLI-00415;Énergie Distribution SA;PRO;Grands comptes;61609387084976;126 rue de l’Industrie;01000;Bourg-en-Bresse;01053;01;Auvergne-Rhône-Alpes;46.2186;5.2544;contact@energiedistrib.fr;0347311822;2020-04-30;2022-06-16;ACTIF;60;470969;COM-0057;oui
CLI-00724;Cristal Papeterie SAS;PRO;Grands comptes;61897475184634;2 boulevard Victor Hugo;10000;Troyes;10387;10;Grand Est;48.3102;4.0564;contact@cristalpapeter.fr;0742365400;2018-04-15;2020-03-25;ACTIF;155;121281;COM-0033;oui
CLI-02403;Mme Marie Leroy;PART;Particulier;;132 rue Pasteur;50100;Cherbourg-en-Cotentin;50129;50;Normandie;49.6068;-1.6319;marie.leroy@courriel-demo.fr;0506505899;2024-12-13;2024-12-26;ACTIF;;1154;COM-0023;non
CLI-00717;Tramontane Matériaux SAS;PRO;PME;95083497286898;12 route de Bordeaux;85000;La Roche-sur-Yon;85191;85;Pays de la Loire;46.6692;-1.4319;contact@tramontanemate.fr;01 45 30 25 46;2024-02-12;2026-04-14;ACTIF;276;-222428;COM-0050;non
CLI-00071;Horizon Transports SCOP;PRO;Collectivité;24589860692825;136 route de Bordeaux;34200;SÈTE;34301;34;Occitanie;43.4292;3.7359;contact@horizontranspo.fr;02.41.67.85.72;2022-11-11;2023-06-13;ACTIF;280;204285;COM-0039;oui
CLI-01040;Horizon Papeterie SASU;PRO;Collectivité;;175 rue du Commerce;44600;Saint-Nazaire;44184;44;Pays de la Loire;47.2526;-2.1621;contact@horizonpapeter.fr;+33171991894;2022-08-23;2022-12-07;PROSPECT;110;159419;COM-0043;oui
CLI-00543;Services Papeterie SASU;PRO;PME;25137835223967;47 avenue Jean Jaurès;82000;Montauban;82121;82;Occitanie;44.0544;1.3139;contact@servicespapete.fr;0351137580;2026-04-02;2026-08-06;RESILIE;119;117508;COM-0037;oui
CLI-00846;Belvédère Solutions SASU;PRO;PME;39864232706986;31 rue des Acacias;22000;Saint-Brieuc;22278;22;Bretagne;48.4954;-2.7417;contact@belvederesolut.fr;07.44.10.38.47;2023-03-24;2023-11-27;ACTIF;53;183612;COM-0031;oui
CLI-00154;Pyrénées Transports SCOP;PRO;Collectivité;73662209275601;4 avenue du Général Leclerc;05000;Gap;05061;05;Provence-Alpes-Côte d’Azur;44.6095;6.0849;contact@pyreneestransp.fr;03.50.07.48.31;2023-11-15;2024-08-29;ACTIF;1;-62524;COM-0017;oui
CLI-01439;Énergie Conseil SCOP;PRO;PME;;72 allée des Peupliers;06600;Antibes;06004;06;Provence-Alpes-Côte d’Azur;43.57;7.143;contact@energieconseil.fr;03 63 45 43 51;2022-03-08;2024-10-21;PROSPECT;156;349133;COM-0060;oui
CLI-01757;Aurore Solutions SCOP;PRO;Collectivité;47581222999442;33 rue de la République;47000;Agen;47001;47;Nouvelle-Aquitaine;44.1706;0.6254;contact@auroresolution.fr;06.29.99.31.98;2020-10-06;2022-08-24;ACTIF;109;351135;COM-0002;oui
CLI-00197;Tramontane Négoce SASU;PRO;Grands comptes;73339897011321;105 boulevard Victor Hugo;44600;Cannes;06029;06;Provence-Alpes-Côte d’Azur;43.5378;6.9941;contact@tramontanenego.fr;+33181938406;2026-06-26;2026-08-03;ACTIF;1;168833;COM-0052;oui
CLI-00044;Alizé Conseil SCOP;PRO;PME;34018139200938;51 rue de la République;53000;laval;53130;53;Pays de la Loire;48.105;-0.8027;contact@alizeconseilsc.fr;+33155002398;2017-06-15;2024-04-08;ACTIF;129;6815;COM-0044;oui
CLI-00915;Tramontane Transports SARL;PRO;TPE;21550841093439;2 avenue de la Gare;66000;Perpignan;66136;66;Occitanie;42.6721;2.9309;contact;0167212706;2023-03-17;2025-02-28;ACTIF;277;424478;COM-0018;oui
CLI-02404;Comptoir Transports EURL;PRO;PME;30165344286478;124 impasse des Lilas;06000;Nice;06088;06;Provence-Alpes-Côte d’Azur;43.6632;7.2645;contact@comptoirtransp.fr;+33760318321;2020-03-21;2023-02-20;PROSPECT;48;117919;COM-0014;non
CLI-02312;Boréal Industries SASU;PRO;TPE;61850957039806;74 rue du Commerce;90000;Belfort;90010;90;Bourgogne-Franche-Comté;47.6647;6.8301;contact@borealindustri.fr;02.77.00.78.29;2022-02-05;2023-03-04;ACTIF;9;218004;COM-0037;oui
CLI-01173;Atlantique Agroalimentaire SAS;PRO;TPE;24912202554055;62 rue Pasteur;13100;Aix-en-Provence;13001;13;Provence-Alpes-Côte d’Azur;43.4882;5.4298;contact@atlantiqueagro.fr;+33516234310;2017-05-20;2025-06-16;INACTIF;132;220793;COM-0034;oui
CLI-01998;Comptoir Équipements SARL;PRO;Collectivité;46961387376445;143 avenue Jean Jaurès;80000;Amiens;80021;80;Hauts-de-France;49.9269;2.2712;contact@comptoirequipe.fr;0239039450;2024-04-07;2025-01-28;ACTIF;20;384446;COM-0001;oui
CLI-00327;Distribution Solutions EURL;PRO;TPE;27110898388978;145 allée des Peupliers;77100;MEAUX;77284;77;Île-de-France;48.9283;2.8596;contact@distributionso.fr;+33273135888;2023-10-20;2026-02-11;ACTIF;1;265028;COM-0005;oui
CLI-00839;Nord  Ouest Industries SAS;PRO;Collectivité;82619431491506;156 rue Pasteur;34000;Montpellier;34172;34;Occitanie;43.6545;3.8379;contact@nordouestindus.fr;04.65.20.97.76;2019-06-01;2021-01-15;PROSPECT;1;185125;COM-0042;oui
CLI-00063;Cévennes Papeterie EURL;PRO;Collectivité;37554386318402;72 rue des Acacias;83000;Toulon;83137;83;Provence-Alpes-Côte d’Azur;43.1679;5.9574;contact;+33604550031;2020-10-04;2021-03-20;ACTIF;151;216968;COM-0060;oui
CLI-00439;Aurore Emballages SARL;PRO;PME;46188461840745;74 allée des Peupliers;31000;Toulouse;31555;31;Occitanie;43.573;1.4107;contact@auroreemballag.fr;0415244019;2025-07-14;2026-03-23;INACTIF;102;440697;COM-0037;oui
CLI-02458;Cévennes Électricité SARL;PRO;TPE;75924722218831;17 rue de la République;22000;saint-brieuc;22278;22;Bretagne;48.4611;-2.7374;contact@cevenneselectr.fr;+33495953795;2018-06-17;2025-09-02;ACTIF;39;82028;COM-0028;oui
CLI-00982;Alizé Transports SCOP;PRO;TPE;26667953079087;74 avenue du Général Leclerc;36000;Châteauroux;36044;36;Centre-Val de Loire;46.8514;1.6693;contact@alizetransport.fr;+33780230632;2022-09-15;2024-03-18;ACTIF;276;402110;COM-0038;oui
CLI-00043;Provence Conseil SA;PRO;TPE;54021126043347;107 chemin des Vignes;37000;Tours;37261;37;Centre-Val de Loire;47.4342;0.6894;contact@provenceconsei.fr;04 22 10 15 08;2023-07-07;2024-06-05;PROSPECT;114;374489;COM-0053;oui
CLI-01553;Comptoir Agroalimentaire EURL;PRO;PME;40979345698868;114 impasse des Lilas;91000;Évry-Courcouronnes;91228;91;Île-de-France;48.6134;2.488;contact@comptoiragroal.fr;03 92 58 22 89;2017-12-09;2022-12-30;ACTIF;73;197716;COM-0022;oui
CLI-01710;Maritime Industries SAS;PRO;PME;63130781711593;17 quai des Docks;68000;Colmar;68066;68;Grand Est;48.0945;7.3718;contact@maritimeindust.fr;+33601227248;2020-08-02;2025-01-06;ACTIF;1;-11725;COM-0046;oui
CLI-01018;Comptoir Conseil SARL;PRO;TPE;69545337700726;41 rue de l’Industrie;62100;Calais;62193;62;Hauts-de-France;50.9571;1.8624;contact@comptoirconsei.fr;04.63.88.93.62;2020-05-14;2020-11-25;RESILIE;136;245682;COM-0004;non
CLI-02234;Mme Sandrine Girard;PART;Particulier;;98 route de Bordeaux;68000;Colmar;68066;68;Grand Est;48.1179;7.3779;sandrine.girard@courriel-demo.fr;+33590870333;2017-11-17;2026-10-16;RESILIE;;3049;COM-0020;non
CLI-01226;Comptoir Équipements SCOP;PRO;Grands comptes;78541973459017;91 place du Marché;13100;Aix-en-Provence;13001;13;Provence-Alpes-Côte d’Azur;43.5113;5.4998;contact@comptoirequipe.fr;06.83.12.09.95;2025-06-29;2026-03-05;ACTIF;96;96265;COM-0019;oui
CLI-00402;Escale Distribution SARL;PRO;Collectivité;12591964385910;4 boulevard Victor Hugo;64100;Bayonne;64102;64;Nouvelle-Aquitaine;43.5145;-1.4304;contact@escaledistribu.fr;06 85 47 20 20;2018-02-04;2024-07-20;ACTIF;1;314897;COM-0044;oui
CLI-01607;M. Christophe Fontaine;PART;Particulier;;150 avenue de la Gare;13300;Salon-de-Provence;13103;13;Provence-Alpes-Côte d’Azur;43.6526;5.085;christophe.fontaine@courriel-demo.fr;02.40.24.35.47;2024-06-28;2025-02-13;ACTIF;;3040;COM-0048;oui
CLI-01629;Tramontane Matériaux SAS;PRO;Collectivité;91650552321493;122 quai des Docks;35400;Saint-Malo;35288;35;Bretagne;48.6579;-2.0247;contact@tramontanemate.fr;+33168828009;2019-11-24;2024-10-01;RESILIE;1;136984;COM-0004;non
CLI-00993;Mme Pauline Lefèvre;PART;Particulier;;35 impasse des Lilas;44600;Saint-Nazaire;44184;44;Pays de la Loire;47.294;-2.2485;pauline.lefevre@courriel-demo.fr;02 40 06 38 81;2019-04-23;2021-05-06;EN COURS;;2710;COM-0045;non
CLI-00817;Énergie Agroalimentaire SCOP;PRO;Grands comptes;18332424166248;47 avenue de la Gare;93200;Saint-Denis;93066;93;Île-de-France;48.9149;2.3151;contact@energieagroali.fr;07 58 68 94 95;2023-05-22;2024-08-13;ACTIF;1;58888;COM-0014;oui
CLI-02308;Mme Isabelle Lambert;PART;Particulier;;76 quai des Docks;33700;MÉRignac;33281;33;Nouvelle-Aquitaine;44.8494;-0.6699;isabelle.lambert@courriel-demo.fr;+33665496993;2026-01-03;2026-08-22;RESILIE;;958;COM-0040;oui
CLI-02273;Nord Ouest Distribution SASU;PRO;PME;52661071549114;54 route de Bordeaux;31000;Toulouse;31555;31;Occitanie;43.6075;1.4118;contact@nordouestdistr.fr;05.72.96.59.39;2022-04-06;2026-09-06;ACTIF;1;127536;COM-0034;oui
CLI-01519;Nord Ouest Agroalimentaire EURL;PRO;TPE;28906008485985;178 boulevard Victor Hugo;92000;Nanterre;92050;92;Île-de-France;48.8501;2.1604;contact@nordouestagroa.fr;04.72.08.65.12;2025-12-28;2026-08-07;INACTIF;18;197892;COM-0015;oui
CLI-01910;Belvédère Solutions SAS;PRO;PME;;63 quai des Docks;85000;La Roche-sur-Yon;85191;85;Pays de la Loire;46.6207;-1.4754;contact at belvederesolut.fr;07 94 30 89 66;2016-11-09;2022-09-14;PROSPECT;1;256004;COM-0040;oui
CLI-00100;M. David Laurent;PART;Particulier;;62 rue Pasteur;69001;Nantes;44109;44;Pays de la Loire;47.1838;-1.5448;david.laurent@courriel-demo.fr;07 50 74 12 03;2020-11-02;2024-02-27;ACTIF;;1105;COM-0024;oui
CLI-02232;Mme Nathalie Bernard;PART;Particulier;;34 rue de la République;28000;Chartres;28085;28;Centre-Val de Loire;48.4419;1.4625;nathalie.bernard@courriel-demo.fr;+33464515436;2025-12-03;2026-08-26;ACTIF;;3814;COM-0034;non
CLI-01962;M. Romain Thomas;PART;Particulier;;145 avenue Jean Jaurès;92100;boulogne-billancourt;92012;92;Île-de-France;48.805;2.2407;romain.thomas@courriel-demo.fr;05 48 22 69 94;2017-04-08;2020-07-19;RESILIE;;2028;COM-0044;oui
CLI-00155;Vallée Agroalimentaire SA;PRO;TPE;86409588877857;121 avenue du Général Leclerc;22000;Saint-Brieuc;22278;22;Bretagne;48.5189;-2.751;contact@valleeagroalim.fr;02 41 05 85 10;2020-09-09;2021-02-14;RESILIE;129;36563;COM-0003;oui
CLI-00784;Aurore Négoce EURL;PRO;Collectivité;?;142 boulevard Victor Hugo;31000;Toulouse;31555;31;Occitanie;43.6008;1.4704;contact@aurorenegoceeu.fr;05 62 82 45 62;2019-11-30;2021-01-19;ACTIF;45;325527;COM-0050;oui
CLI-01128;M. Franck Morel;PART;Particulier;;30 rue Pasteur;11100;Narbonne;11262;11;Occitanie;43.215;2.9507;franck.morel@courriel-demo.fr;+33147117591;2021-09-20;2023-04-22;PROSPECT;;3076;COM-0053;non
CLI-02338;Énergie Emballages SCOP;PRO;TPE;;135 boulevard Victor Hugo;49300;Cholet;49099;49;Pays de la Loire;47.098;-0.8445;contact@energieemballa.fr;+33641633936;2018-05-20;2022-05-20;ACTIF;148;311931;COM-0015;oui
CLI-02385;Sillon Conseil SA;PRO;Collectivité;76368508142202;158 impasse des Lilas;24000;Perpignan;66136;66;Occitanie;42.7268;2.9138;contact@sillonconseils.fr;01 63 14 90 01;2023-11-13;2026-08-14;ACTIF;137;490855;COM-0046;non
CLI-01056;M. Jean Morin;PART;Particulier;;70 impasse des Lilas;50100;Cherbourg-en-Cotentin;50129;50;Normandie;49.604;-1.6546;jean.morin@courriel-demo.fr;05.11.57.53.07;2024-05-18;2025-06-11;ACTIF;;706;COM-0054;oui
CLI-00076;Vallée Électricité SA;PRO;Grands comptes;56940364160021;35 impasse des Lilas;75001;Paris;75056;75;Île-de-France;48.9096;2.3162;contact@valleeelectric.fr;03.42.60.43.96;2018-04-07;2022-02-02;ACTIF;100;162059;COM-0032;non
CLI-01511;Boréal Emballages SARL;PRO;PME;41603333244205;8 avenue Jean Jaurès;24000;Périgueux;24322;24;Nouvelle-Aquitaine;45.1753;0.7217;contact@borealemballag.fr;04 92 16 64 62;2020-10-09;2022-04-26;ACTIF;27;329284;COM-0049;oui
CLI-02155;Mme Catherine Clément;PART;Particulier;;94 rue Pasteur;10000;Troyes;10387;10;Grand Est;48.3303;4.0622;catherine.clement@courriel-demo.fr;+33633620449;2020-04-12;2025-04-18;PROSPECT;;575;COM-0035;non
CLI-01140;Vallée Transports SAS;PRO;PME;31939217781644;173 place du Marché;93200;Saint-Denis;93066;93;Île-de-France;48.9319;2.3186;contact@valleetranspor.fr;0277874330;2020-10-15;2022-09-08;ACTIF;42;145653;COM-0038;oui
CLI-01557;Escale Agroalimentaire SAS;PRO;PME;98121870770946;128 route de Bordeaux;30000;Nîmes;30189;30;Occitanie;43.8324;4.3739;contact@escaleagroalim.fr;04.97.62.66.07;2021-07-17;2022-03-03;ACTIF;118;297473;COM-0041;oui
CLI-00953; M. Julien Gauthier;PART;Particulier;;107 chemin des Vignes;31000;Toulouse;31555;31;Occitanie;43.5527;1.4412;julien.gauthier@courriel-demo.fr;0354454938;2019-09-24;2020-04-09;PROSPECT;;274;COM-0044;oui
CLI-02499;M. Grégory Laurent;PART;Particulier;;156 avenue de la Gare;01000;Bourg-en-Bresse;01053;01;Auvergne-Rhône-Alpes;46.1532;5.226;gregory.laurent@courriel-demo.fr;04 32 13 27 78;2022-01-26;2026-07-25;ACTIF;;2190;COM-0030;non
CLI-01932;Mme Émilie David;PART;Particulier;;152 rue de la République;76600;Le Havre;76351;76;Normandie;49.5276;0.1381;emilie.david@courriel-demo.fr;04.72.38.75.98;2024-06-29;2024-06-29;ACTIF;;2399;COM-0031;oui
CLI-01830;Aurore Emballages EURL;PRO;Grands comptes;79784422514690;139 chemin des Vignes;56100;Lorient;56121;56;Bretagne;47.711;-3.3714;contact@auroreemballag.fr;0313176130;2020-06-20;2021-06-06;ACTIF;184;128301;COM-0058;oui
CLI-00963;Logistique Équipements EURL;PRO;Collectivité;03178789431826;100 rue du Commerce;22000;Saint-Brieuc;22278;22;Bretagne;48.5516;-2.7489;contact@logistiqueequi.fr;0118044295;2024-02-11;2025-03-31;ACTIF;159;291176;COM-0055;oui
CLI-00454;Comptoir Électricité SAS;PRO;Grands comptes;41068523622524;166 boulevard Victor Hugo;87000;Limoges;87085;87;Nouvelle-Aquitaine;45.8554;1.2602;contact@comptoirelectr.fr;0616223518;2018-08-11;2024-02-22;ACTIF;140;361871;COM-0012;non
CLI-00069;Nord Ouest Matériaux EURL;PRO;PME;42046375782002;25 avenue du Général Leclerc;06130;Grasse;06069;06;Provence-Alpes-Côte d’Azur;43.6765;6.9392;contact@nordouestmater.fr;0194949608;2019-02-10;2022-01-15;ACTIF;1;286020;COM-0038;oui
CLI-00121;Nord Ouest Conseil SCOP;PRO;Grands comptes;;107 avenue de la Gare;90000;belfort;90010;90;Bourgogne-Franche-Comté;47.6252;6.8715;contact@nordouestconse.fr;01.81.77.27.94;2016-03-22;2025-09-17;ACTIF;32;510653;COM-0009;non
CLI-01859;Grand Large Maintenance SASU;PRO;PME;79260813892041;29 quai des Docks;92000;Nanterre;92050;92;Île-de-France;48.8843;2.2298;contact@grandlargemain.fr;05 01 31 18 45;2019-01-31;2023-06-12;ACTIF;141;47265;COM-0028;non
CLI-00496;Belvédère Industries SAS;PRO;Collectivité;34722561949838;176 rue de l’Industrie;44600;Saint-Nazaire;44184;44;Pays de la Loire;47.3162;-2.2092;contact@belvedereindus.fr;01.44.11.79.19;2019-08-28;2019-10-26;ACTIF;92;141777;COM-0001;oui
CLI-00078;M. Émile Durand;PART;Particulier;;104 boulevard Victor Hugo;47000;Agen;47001;47;Nouvelle-Aquitaine;44.1829;0.6118;emile.durand@courriel-demo.fr;03 96 66 37 60;2020-06-24;2021-09-19;ACTIF;;3648;COM-0023;oui
CLI-02217;Prisme Négoce SARL;PRO;Collectivité;37176239576556;170 impasse des Lilas;65000;Tarbes;65440;65;Occitanie;43.1851;0.1056;contact@prismenegocesa.fr;03.51.02.20.71;2017-12-18;2024-01-07;PROSPECT;95;46948;COM-0049;oui
CLI-00596;Ateliers Matériaux SASU;PRO;TPE;39201921929004;114 avenue de la Gare;42300;Roanne;42187;42;Auvergne-Rhône-Alpes;46.0022;4.0743;contact@ateliersmateri.fr;0329178069;2016-05-26;2017-06-13;ACTIF;135;139494;COM-0001;oui
CLI-01130;Cristal Matériaux EURL;PRO;TPE;08032157725134;44 impasse des Lilas;44000;Nantes;44109;44;Pays de la Loire;47.2271;-1.5309;contact@cristalmateria.fr;0627101463;2020-06-12;2024-10-12;ACTIF;98;209660;COM-0042;oui
CLI-00106;Mme Marie Mathieu;PART;Particulier;;85 rue de la République;89000;Auxerre;89024;89;Bourgogne-Franche-Comté;47.7545;3.6055;marie.mathieu@courriel-demo.fr;03.34.20.39.74;2023-03-28;2025-12-11;ACTIF;;1543;COM-0020;oui
CLI-01483;Solstice Conseil SCOP;PRO;PME;47130181576297;163 rue de l’Industrie;34500;Béziers;34032;34;Occitanie;43.3145;3.1911;contact@solsticeconsei.fr;01.66.23.25.34;2022-04-24;2023-10-07;ACTIF;133;267971;COM-0022;non
;;;;;;;;;;;;;;;;;;;;;
CLI-00263;Mme Catherine François;PART;Particulier;;131 rue des Acacias;76000;Rouen;76540;76;Normandie;49.3971;1.0512;catherine.francois@courriel-demo.fr;07 11 21 97 69;2023-09-11;2023-10-11;ACTIF;;1259;COM-0024;oui
CLI-00103;Cévennes Industries SARL;PRO;TPE;04369890581190;48 quai des Docks;76000;Rouen;76540;76;Normandie;49.4361;1.141;contact@cevennesindust.fr;01.68.86.86.78;2022-07-02;2024-05-25;RESILIE;1;94472;COM-0016;oui
CLI-01881;Alizé Papeterie SAS;PRO;PME;63837282948042;61 rue des Acacias;92100;Boulogne-Billancourt;92012;92;Île-de-France;48.8368;2.214;contact@alizepapeterie.fr;01.43.45.94.05;2016-02-26;2020-03-14;ACTIF;41;23342;COM-0048;non
CLI-02087;Distribution Papeterie SCOP;PRO;PME;51343799187176;58 quai des Docks;45000;Orléans;45234;45;Centre-Val de Loire;47.8646;1.9418;contact@distributionpa.fr;05.10.98.98.54;2022-06-17;2024-05-09;ACTIF;164;450977;COM-0047;oui
CLI-00648;M. Christophe Morin;PART;Particulier;;3 place du Marché;60000;Beauvais;60057;60;Hauts-de-France;49.4643;2.0508;christophe.morin@courriel-demo.fr;+33121554827;2019-01-16;2022-02-08;PROSPECT;;742;COM-0022;non
CLI-02300;Énergie Matériaux SARL;PRO;TPE;66509615751639;89 boulevard Victor Hugo;77100;Meaux;77284;77;Île-de-France;48.9577;2.8833;contact@energiemateria.fr;06 98 70 67 61;2024-03-25;2024-03-25;ACTIF;237;328302;COM-0043;oui
CLI-01350;Atlantique Transports SARL;PRO;Collectivité;70914512570266;131 rue du Commerce;50100;Cherbourg-en-Cotentin;50129;50;Normandie;49.653;-1.576;contact@atlantiquetran.fr;07.58.03.65.23;2026-08-07;2026-08-11;ACTIF;42;97734;COM-0057;oui
CLI-01347;Pyrénées Papeterie SARL;PRO;Grands comptes;94462350273323;130 avenue du Général Leclerc;59140;Dunkerque;59183;59;Hauts-de-France;50.9922;2.339;contact@pyreneespapete.fr;06.00.88.20.55;2016-09-05;2020-12-27;ACTIF;103;-83136;COM-0013;oui
CLI-01142;Vallée Négoce EURL;PRO;Collectivité;79869673971615;45 quai des Docks;58000;Nevers;58194;58;Bourgogne-Franche-Comté;47.014;3.1192;contact@valleenegoceeu.fr;07 71 97 68 14;2021-08-28;2024-05-30;PROSPECT;13;234212;COM-0016;oui
CLI-00911;M. Grégory Dupont;PART;Particulier;;33 rue du Commerce;85000;La Roche-sur-Yon;85191;85;Pays de la Loire;46.6417;-1.4706;gregory.dupont@courriel-demo.fr;0219168815;2017-09-21;2025-03-01;ACTIF;;576;COM-0020;oui
CLI-00028;Comptoir Négoce EURL;PRO;Grands comptes;71403815170952;172 rue de l’Industrie;69001;Paris;75056;75;Île-de-France;48.8903;2.3621;contact@comptoirnegoce.fr;+33725227496;2021-08-29;2022-04-02;INACTIF;246;324647;COM-0001;oui
CLI-02474;Services Conseil SAS;PRO;TPE;73659944976587;156 rue Pasteur;60000;Beauvais;60057;60;Hauts-de-France;49.4204;2.1289;contact@servicesconsei.fr;0603258736;2018-01-17;2023-08-20;ACTIF;1;-19470;COM-0036;oui
CLI-01316;Escale Mobilier SASU;PRO;PME;59949015738437;127 rue des Acacias;71100;Chalon-sur-Saône;71076;71;Bourgogne-Franche-Comté;46.8024;4.8154;contact;07.49.13.81.36;2020-06-24;2023-02-02;ACTIF;179;342121;COM-0043;non
CLI-00430;M. Guillaume Henry;PART;Particulier;;13 avenue Jean Jaurès;54000;Nancy;54395;54;Grand Est;48.6785;6.1878;guillaume.henry@courriel-demo.fr;05.84.77.43.79;2021-04-13;2021-11-29;ACTIF;;2472;COM-0007;non
CLI-00776;Tramontane Électricité SAS;PRO;Collectivité;85797517887934;19 rue des Acacias;17000;LA ROCHELLE;17300;17;Nouvelle-Aquitaine;46.1745;-1.127;contact@tramontaneelec.fr;+33309131388;2021-10-17;2024-04-18;PROSPECT;1;116954;COM-0026;oui
CLI-01960; Tramontane Emballages SA;PRO;Collectivité;06255989730614;20 rue de la République;12000;Rodez;12202;12;Occitanie;44.3735;2.5561;contact@tramontaneemba.fr;0623419665;2023-11-06;2024-06-27;ACTIF;175;112545;COM-0039;oui
CLI-01025;Mme Élodie Lefebvre;PART;Particulier;;55 avenue du Général Leclerc;79000;Niort;79191;79;Nouvelle-Aquitaine;46.3379;-0.5074;elodie.lefebvre@courriel-demo.fr;01 05 74 03 91;2021-05-02;2022-04-27;ACTIF;;1990;COM-0026;oui
CLI-01874;Cristal Électricité SASU;PRO;PME;72692504465273;138 quai des Docks;13300;Salon-de-Provence;13103;13;Provence-Alpes-Côte d’Azur;43.598;5.0935;contact@cristalelectri.fr;06.33.47.13.36;2025-06-22;2025-06-22;ACTIF;65;281750;COM-0054;oui
CLI-02421;Escale Maintenance EURL;PRO;Grands comptes;64298244974741;20 rue du Commerce;16000;Angoulême;16015;16;Nouvelle-Aquitaine;45.6085;0.1178;contact@escalemaintena.fr;+33652063227;2022-06-25;2023-09-23;ACTIF;112;630897;COM-0047;oui
CLI-00460;Grand Large Équipements SAS;PRO;PME;60429418056362;134 rue des Acacias;49300;Cholet;49099;49;Pays de la Loire;47.0729;-0.8965;contact@grandlargeequi.fr;04.57.59.01.96;2023-07-10;2024-05-22;ACTIF;66;177961;COM-0018;oui
CLI-02207;Atlantique Transports SAS;PRO;Grands comptes;91994661351012;2 rue du Commerce;87000;Limoges;87085;87;Nouvelle-Aquitaine;45.841;1.2484;contact@atlantiquetran.fr;0242959892;2020-11-28;2023-04-29;ACTIF;1;371685;COM-0054;oui
CLI-01727;Atlantique Mobilier SCOP;PRO;Grands comptes;29780198452004;171 rue des Acacias;06600;Antibes;06004;06;Provence-Alpes-Côte d’Azur;43.6096;7.1481;contact@atlantiquemobi.fr;07.68.67.55.92;2017-03-26;2018-02-21;PROSPECT;1;279532;COM-0014;non
CLI-01897;M. Mathieu Blanc;PART;Particulier;;58 rue Pasteur;12000;Rodez;12202;12;Occitanie;44.3239;2.5488;mathieu.blanc@courriel-demo;0238864512;2022-10-22;2025-07-11;ACTIF;;2259;COM-0011;oui
CLI-01552;Tramontane Mobilier SA;PRO;TPE;18417477999421;150 avenue Jean Jaurès;34500;Béziers;34032;34;Occitanie;43.3875;3.1905;contact@tramontanemobi.fr;01 43 20 17 10;2018-09-11;2020-02-24;RESILIE;58;423048;COM-0010;oui
CLI-00664;Sillon Bâtiment SA;PRO;Grands comptes;36365568425357;146 rue Pasteur;10000;Troyes;10387;10;Grand Est;48.3043;4.042;contact@sillonbatiment.fr;0744781434;2026-07-21;2026-08-17;ACTIF;67;370367;COM-0002;oui
CLI-00090;Mme Marie Morel;PART;Particulier;;159 chemin des Vignes;33700;Mérignac;33281;33;Nouvelle-Aquitaine;44.8254;-0.668;marie.morel@courriel-demo.fr;03.26.07.02.18;2021-01-14;2023-04-26;ACTIF;;2317;COM-0012;oui
CLI-02208;Ateliers Négoce SCOP;PRO;TPE;36819755628578;87 place du Marché;89000;AUXERRE;89024;89;Bourgogne-Franche-Comté;47.8117;3.5922;contact@ateliersnegoce.fr;03 74 40 47 93;2018-11-23;2022-07-21;ACTIF;144;50009;COM-0011;oui
CLI-02461;Mme Nathalie Bernard;PART;Particulier;;88 rue Pasteur;24000;Périgueux;24322;24;Nouvelle-Aquitaine;45.1382;0.7345;nathalie.bernard@courriel-demo.fr;04 36 50 61 37;2022-11-15;2025-01-15;INACTIF;;1887;COM-0002;oui
CLI-01597;Logistique Transports SA;PRO;PME;65193690774653;112 route de Bordeaux;93200;Saint-Denis;93066;93;Île-de-France;48.965;2.3264;contact@logistiquetran.fr;+33448499257;2016-03-24;2021-02-01;ACTIF;69;560585;COM-0008;oui
CLI-02256;Pyrénées Industries SASU;PRO;TPE;;89 rue de la République;30000;Nîmes;30189;30;Occitanie;43.8291;4.3281;contact@pyreneesindust.fr;02 34 94 64 14;2017-10-28;2022-10-02;ACTIF;1;325432;COM-0052;oui
CLI-00930;Mme Sandrine Moreau;PART;Particulier;;51 avenue de la Gare;11100;Narbonne;11262;11;Occitanie;43.1611;2.9721;sandrine.moreau@courriel-demo.fr;03.52.41.39.48;2024-09-10;2024-10-18;RESILIE;;3053;COM-0056;oui
CLI-01004;Escale Équipements SCOP;PRO;Collectivité;67361886391505;56 rue des Acacias;56100;Lorient;56121;56;Bretagne;47.7871;-3.3277;contact@escaleequipeme.fr;+33486772375;2023-08-11;2024-03-14;ACTIF;125;268448;COM-0046;oui
CLI-02449;Manufacture Conseil SASU;PRO;Collectivité;57124469807225;65 route de Bordeaux;49000;Angers;49007;49;Pays de la Loire;47.4786;-0.5069;contact@manufacturecon.fr;0334952709;2019-11-14;2026-07-27;ACTIF;1;192309;COM-0036;oui
CLI-01420;M. Alexandre Robin;PART;Particulier;;72 quai des Docks;93200;Saint-Denis;93066;93;Île-de-France;48.9112;2.3695;alexandre.robin@courriel-demo.fr;07.33.72.48.43;2020-08-25;2024-08-28;PROSPECT;;2435;COM-0029;oui
CLI-00387;Aurore Distribution SA;PRO;TPE;00142115546673;128 avenue du Général Leclerc;62100;Calais;62193;62;Hauts-de-France;50.9773;1.848;contact@auroredistribu.fr;05.78.49.74.88;2024-06-04;2025-09-06;PROSPECT;1;173306;COM-0026;oui
CLI-00995;Énergie Distribution EURL;PRO;Grands comptes;11996840284983;103 place du Marché;06130;Grasse;06069;06;Provence-Alpes-Côte d’Azur;43.6539;6.8836;contact@energiedistrib.fr;04 96 66 79 43;2020-06-11;2021-04-04;INACTIF;35;149002;COM-0003;oui
CLI-01540;M. Julien Leroy  ;PART;Particulier;;8 quai des Docks;68000;Colmar;68066;68;Grand Est;48.0894;7.3109;julien.leroy@courriel-demo.fr;+33663258701;2018-10-12;2022-04-17;PROSPECT;;3458;COM-0014;non
CLI-00465;Logistique Agroalimentaire SA;PRO;Collectivité;48730853176767;66 boulevard Victor Hugo;89000;Auxerre;89024;89;Bourgogne-Franche-Comté;47.7909;3.5483;contact@logistiqueagro.fr;+33421615059;2017-09-06;2025-04-09;ACTIF;25;340169;COM-0037;oui
CLI-00533;Nord Ouest Matériaux SAS  ;PRO;PME;76584202732382;108 route de Bordeaux;30000;Nîmes;30189;30;Occitanie;43.8141;4.3423;contact@nordouestmater.fr;+33687272499;2019-02-12;2021-01-06;ACTIF;1;117596;COM-0017;oui
CLI-02310;M. Olivier David;PART;Particulier;;66 place du Marché;92130;Issy-les-Moulineaux;92040;92;Île-de-France;48.7818;2.2632;olivier.david@courriel-demo.fr;0176678548;2023-08-01;2023-09-26;ACTIF;;3348;COM-0026;oui
CLI-01182;M. Thomas Mathieu;PART;Particulier;;148 allée des Peupliers;11100;NARBONNE;11262;11;Occitanie;43.199;3;thomas.mathieu@courriel-demo.fr;05 27 44 29 77;2022-12-29;2023-05-16;RESILIE;;447;COM-0049;non
CLI-01391;Nord Ouest Négoce SA;PRO;PME;34430266990191;143 boulevard Victor Hugo;29200;Brest;29019;29;Bretagne;48.4237;-4.5076;contact at nordouestnegoc.fr;0726351922;2020-04-17;2024-11-26;ACTIF;194;486368;COM-0013;oui
CLI-00516;Ateliers Solutions SA;PRO;PME;67182088087691;114 avenue de la Gare;44600;Saint-Nazaire;44184;44;Pays de la Loire;47.27;-2.2043;contact@atelierssoluti.fr;0350907881;2023-03-24;2023-09-05;ACTIF;1;92858;COM-0046;oui
CLI-02294;M. Laurent Michel;PART;Particulier;;157 rue Pasteur;13100;Aix-en-Provence;13001;13;Provence-Alpes-Côte d’Azur;43.4911;5.4023;laurent.michel@courriel-demo.fr;+33287234950;2023-10-23;2023-10-23;PROSPECT;;2594;COM-0052;oui
CLI-01421;Sillon Conseil SASU;PRO;PME;59204599530244;109 avenue Jean Jaurès;37000;Tours;37261;37;Centre-Val de Loire;47.4253;0.7037;contact@sillonconseils.fr;04 83 89 51 74;2023-02-17;2025-12-27;ACTIF;1;251663;COM-0018;oui
CLI-01148;Mme Isabelle Lefèvre;PART;Particulier;;61 route de Bordeaux;72000;Le Mans;72181;72;Pays de la Loire;48.056;0.242;isabelle.lefevre@courriel-demo.fr;0602710537;2019-01-27;2025-02-27;ACTIF;;1526;COM-0023;oui
CLI-02456;Énergie Industries SARL;PRO;Grands comptes;16466923418299;102 quai des Docks;92130;Issy-les-Moulineaux;92040;92;Île-de-France;48.8286;2.2389;contact@energieindustr.fr;0257276821;2020-04-09;2024-07-11;INACTIF;59;143919;COM-0037;non
CLI-01009;Comptoir Solutions SA;PRO;Collectivité;;151 allée des Peupliers;31000;Toulouse;31555;31;Occitanie;43.6403;1.4375;contact@comptoirsoluti.fr;+33200057211;2020-08-18;2023-07-10;PROSPECT;21;359940;COM-0049;oui
CLI-02489;M. Fabien Morel;PART;Particulier;;90 rue de la République;08000;Charleville-Mézières;08105;08;Grand Est;49.8112;4.6767;fabien.morel@courriel-demo.fr;0747910206;2020-02-20;2021-07-06;ACTIF;;2778;COM-0034;oui
CLI-01566;Distribution Négoce SARL;PRO;TPE;78912561364278;45 allée des Peupliers;59140;Dunkerque;59183;59;Hauts-de-France;51.0676;2.4179;contact@distributionne.fr;01.59.89.35.21;2021-05-27;2025-04-25;ACTIF;1;249585;COM-0037;oui
CLI-01384;Cristal Négoce SA;PRO;Collectivité;38497290128096;145 route de Bordeaux;13300;Salon-de-Provence;13103;13;Provence-Alpes-Côte d’Azur;43.6639;5.1372;contact@cristalnegoces.fr;07.34.28.61.34;2020-02-14;2020-07-05;ACTIF;178;34862;COM-0030;oui
CLI-01657;Belvédère Distribution SCOP;PRO;Collectivité;12716788909659;116 avenue du Général Leclerc;26000;Valence;26362;26;Auvergne-Rhône-Alpes;44.8979;4.8513;contact@belvederedistr.fr;+33304039873;2025-11-05;2026-07-29;ACTIF;100;190959;COM-0042;oui
CLI-00399;Mme Valérie Bernard;PART;Particulier;;129 rue de la République;93100;Montreuil;93048;93;Île-de-France;48.8502;2.456;valerie.bernard@courriel-demo.fr;0335877471;2022-01-25;2023-09-19;ACTIF;;3220;COM-0009;non
CLI-01524;Comptoir Agroalimentaire SA;PRO;Grands comptes;69625905161302;136 quai des Docks;59100;Roubaix;59512;59;Hauts-de-France;50.7048;3.1395;contact@comptoiragroal.fr;03.06.59.37.35;2017-03-31;2020-10-23;PROSPECT;106;-93225;COM-0050;oui
CLI-00326;M. Fabien Martinez;PART;Particulier;;176 quai des Docks;69001;Lyon;69123;69;Auvergne-Rhône-Alpes;45.8004;4.862;fabien.martinez@courriel-demo.fr;05.72.83.63.30;2020-04-06;2023-11-30;RESILIE;;1512;COM-0026;oui
CLI-02476;Vertigo Maintenance SAS;PRO;TPE;02527778171326;24 avenue du Général Leclerc;95000;Cergy;95127;95;Île-de-France;49.061;2.1025;contact@vertigomainten.fr;03 85 63 74 46;2025-11-25;2026-05-08;ACTIF;59;336748;COM-0040;oui
CLI-01072;Sillon Industries SA;PRO;TPE;71654430926135;15 impasse des Lilas;74000;Annecy;74010;74;Auvergne-Rhône-Alpes;45.8806;6.0847;contact@sillonindustri.fr;04.46.37.16.60;2025-03-22;2025-04-29;ACTIF;67;126448;COM-0011;oui
CLI-01822;Mme Amandine Simon;PART;Particulier;;131 chemin des Vignes;64000;Pau;64445;64;Nouvelle-Aquitaine;43.2892;-0.3232;amandine.simon@courriel-demo.fr;04.11.10.77.42;2025-06-01;2026-05-03;INACTIF;;309;COM-0038;oui
CLI-01475;Alizé Transports SASU;PRO;TPE;83639863622923;28 rue de la République;92130;Issy-les-Moulineaux;92040;92;Île-de-France;48.8686;2.25;contact@alizetransport.fr;+33115765886;2020-10-25;2026-06-11;PROSPECT;233;275199;COM-0026;oui
CLI-01695;Sillon Électricité SAS;PRO;Collectivité;20548618270811;105 place du Marché;20000;Ajaccio;2A004;2A;Corse;41.966;8.7208;contact@sillonelectric.fr;07.61.88.61.57;2018-04-13;2025-04-01;ACTIF;44;-3205;COM-0032;oui
CLI-01416;Vertigo Équipements EURL;PRO;PME;70230891332848;120 avenue de la Gare;35400;Saint-Malo;35288;35;Bretagne;48.6531;-2.0758;contact@vertigoequipem.fr;+33613456215;2024-10-19;2025-08-08;EN COURS;1;320747;COM-0002;oui
CLI-00507;Vertigo Équipements SA;PRO;PME;01681213526637;143 avenue du Général Leclerc;93200;Saint-Denis;93066;93;Île-de-France;48.9797;2.3913;contact@vertigoequipem.fr;0190660517;2025-01-06;2025-11-24;ACTIF;63;166329;COM-0039;non
CLI-00021;Pyrénées Agroalimentaire SARL;PRO;Grands comptes;30085622177212;25 avenue Jean Jaurès;11100;Narbonne;11262;11;Occitanie;43.1348;2.9856;contact@pyreneesagroal.fr;02 02 68 43 48;2016-09-15;2024-04-19;PROSPECT;71;392193;COM-0029;oui
CLI-00037; Manufacture Mobilier SASU;PRO;TPE;25123942102728;173 boulevard Victor Hugo;06000;Nice;06088;06;Provence-Alpes-Côte d’Azur;43.7385;7.3012;contact@manufacturemob.fr;0240831898;2026-02-09;2026-02-09;ACTIF;146;146099;COM-0019;oui
CLI-02295;Distribution Bâtiment SAS;PRO;PME;27353842009467;81 rue du Commerce;68100;mulhouse;68224;68;Grand Est;47.7886;7.3297;contact@distributionba.fr;02.02.91.76.91;2026-07-23;2026-07-24;ACTIF;76;22240;COM-0013;oui
CLI-02378;Prisme Bâtiment SAS;PRO;Collectivité;69577671575517;161 allée des Peupliers;13100;Aix-en-Provence;13001;13;Provence-Alpes-Côte d’Azur;43.4858;5.4742;contact@prismebatiment.fr;03.73.69.44.23;2016-07-15;2022-07-28;ACTIF;1;476784;COM-0006;oui
CLI-01857;Mme Manon Lopez;PART;Particulier;;169 impasse des Lilas;13001;Marseille;13055;13;Provence-Alpes-Côte d’Azur;43.2684;5.3264;manon.lopez;0619679627;2023-06-30;2025-08-09;ACTIF;;3557;COM-0026;oui
CLI-01997;Ateliers Solutions EURL;PRO;Grands comptes;90323192450517;172 rue de la République;69100;Villeurbanne;69266;69;Auvergne-Rhône-Alpes;45.7804;4.8567;contact@atelierssoluti.fr;+33706365554;2016-04-08;2016-11-08;RESILIE;1;283889;COM-0032;non
CLI-00228;Mme Inès Simon;PART;Particulier;;145 rue de la République;93200;Saint-Denis;93066;93;Île-de-France;48.9401;2.3841;ines.simon@courriel-demo.fr;0773093055;2024-03-05;2024-08-27;ACTIF;;1455;COM-0008;oui
CLI-01877;Maritime Transports SCOP;PRO;Grands comptes;45867413763728;65 chemin des Vignes;06400;Cannes;06029;06;Provence-Alpes-Côte d’Azur;43.5609;6.9852;contact@maritimetransp.fr;0530063470;2021-07-21;2024-04-05;ACTIF;1;24641;COM-0010;oui
CLI-02135;Boréal Équipements EURL;PRO;Collectivité;;71 avenue du Général Leclerc;26000;Valence;26362;26;Auvergne-Rhône-Alpes;44.8891;4.8617;contact@borealequipeme.fr;03.92.59.26.78;2017-08-29;2023-01-19;ACTIF;123;277864;COM-0052;oui
CLI-02216;Alizé Agroalimentaire SA;PRO;Grands comptes;06549641217633;69 avenue de la Gare;67000;Strasbourg;67482;67;Grand Est;48.5367;7.7808;contact@alizeagroalime.fr;+33608139324;2018-06-20;2024-03-21;ACTIF;84;222428;COM-0049;oui
CLI-01863;Solstice Industries SASU;PRO;PME;44131156213992;88 avenue Jean Jaurès;85000;La Roche-sur-Yon;85191;85;Pays de la Loire;46.6688;-1.4424;contact@solsticeindust.fr;0372723938;2015-12-12;2020-06-10;ACTIF;110;453328;COM-0013;oui
CLI-00550;Cévennes Distribution EURL;PRO;TPE;68795638916372;27 rue du Commerce;45000;Orléans;45234;45;Centre-Val de Loire;47.9114;1.8696;contact@cevennesdistri.fr;01 98 15 49 25;2016-10-13;2021-09-20;ACTIF;178;136538;COM-0024;oui
CLI-00540;Mme Isabelle Muller;PART;Particulier;;123 rue Pasteur;13001;Marseille;13055;13;Provence-Alpes-Côte d’Azur;43.328;5.3539;isabelle.muller@courriel-demo.fr;02 10 83 34 66;2023-02-13;2025-01-05;ACTIF;;2755;COM-0026;non
CLI-00282;Horizon Agroalimentaire SASU;PRO;Grands comptes;14559430185431;154 route de Bordeaux;54000;Nancy;54395;54;Grand Est;48.6557;6.1812;contact@horizonagroali.fr;07 54 98 82 81;2016-05-24;2019-11-24;ACTIF;1;211186;COM-0052;oui
CLI-00571;Boréal Matériaux SCOP;PRO;TPE;73851573762960;159 place du Marché;29000;Quimper;29232;29;Bretagne;48.0342;-4.1096;contact@borealmateriau.fr;01 64 12 65 68;2016-11-08;2023-12-27;ACTIF;99;46288;COM-0004;oui
CLI-00320;Mme Julie Martin;PART;Particulier;;35 place du Marché;65000;Tarbes;65440;65;Occitanie;43.2485;0.1049;julie.martin;+33100444488;2019-03-29;2022-11-10;ACTIF;;2353;COM-0057;non
CLI-01220;Manufacture Conseil SA;PRO;TPE;10023678920493;148 chemin des Vignes;72000;Le Mans;72181;72;Pays de la Loire;48.007;0.2337;contact@manufacturecon.fr;06.45.17.81.06;2018-12-15;2023-08-14;ACTIF;19;273839;COM-0029;oui
CLI-00232;Logistique Conseil SAS;PRO;Grands comptes;41904235959837;54 boulevard Victor Hugo;86000;Poitiers;86194;86;Nouvelle-Aquitaine;46.537;0.3201;contact@logistiquecons.fr;+33262963164;2016-09-23;2023-08-09;ACTIF;107;274007;COM-0053;oui
CLI-01231;Tramontane Papeterie SASU;PRO;Collectivité;04741105807266;44 rue de la République;87000;Limoges;87085;87;Nouvelle-Aquitaine;45.8787;1.2971;contact@tramontanepape.fr;04.60.74.23.54;2017-01-14;2023-12-07;ACTIF;87;-36739;COM-0015;non
CLI-01267;Nord Ouest Matériaux SAS;PRO;Grands comptes;39929237366433;22 boulevard Victor Hugo;38000;Grenoble;38185;38;Auvergne-Rhône-Alpes;45.238;5.7503;contact@nordouestmater.fr;+33572669009;2020-02-06;2026-08-29;ACTIF;1;-102344;COM-0033;non
CLI-01682;Mme Sandrine Garcia;PART;Particulier;;11 avenue Jean Jaurès;57000;Metz;57463;57;Grand Est;49.1163;6.1843;sandrine.garcia@courriel-demo.fr;+33273676434;2020-05-09;2026-04-22;ACTIF;;3970;COM-0054;oui
CLI-01739;M. Christophe David;PART;Particulier;;137 place du Marché;05000;Gap;05061;05;Provence-Alpes-Côte d’Azur;44.5598;6.0823;christophe.david@courriel-demo.fr;0277351247;2025-04-23;2026-07-14;ACTIF;;2103;COM-0002;oui
CLI-01489;Pyrénées Mobilier SASU;PRO;Grands comptes;68547058888701;118 rue de la République;64100;Bayonne;64102;64;Nouvelle-Aquitaine;43.4743;-1.4986;contact@pyreneesmobili.fr;04 13 82 30 74;2024-01-27;2024-10-23;INACTIF;26;430202;COM-0011;non
CLI-00332;Prisme Transports EURL;PRO;Grands comptes;05387391462833;42 boulevard Victor Hugo;83600;Fréjus;83061;83;Provence-Alpes-Côte d’Azur;43.4018;6.7232;contact@prismetranspor.fr;03.23.15.21.95;2020-04-24;2025-11-11;ACTIF;125;49421;COM-0059;oui
CLI-02260;Mme Pauline Simon;PART;Particulier;;87 allée des Peupliers;92130;Issy-les-Moulineaux;92040;92;Île-de-France;48.8104;2.3059;pauline.simon@courriel-demo.fr;0380744986;2016-12-19;2017-11-02;ACTIF;;1491;COM-0035;oui
CLI-01645;Énergie Conseil SAS;PRO;Grands comptes;92870742409738;172 place du Marché;13200;Arles;13004;13;Provence-Alpes-Côte d’Azur;43.6407;4.6189;contact;02 38 66 56 35;2017-02-04;2018-12-22;EN COURS;1;138193;COM-0057;oui
CLI-00905;Logistique Solutions SAS;PRO;TPE;40129268744193;131 boulevard Victor Hugo;30000;Nîmes;30189;30;Occitanie;43.8862;4.3538;contact@logistiquesolu.fr;0449931413;2018-10-06;2022-08-24;ACTIF;133;286365;COM-0024;oui
CLI-01461;Prisme Électricité SAS;PRO;Grands comptes;88407839755720;4 route de Bordeaux;14000;Caen;14118;14;Normandie;49.2202;-0.3743;contact@prismeelectric.fr;05 36 99 85 21;2017-05-19;2019-05-07;RESILIE;62;190294;COM-0057;oui
CLI-01287;Aurore Mobilier SCOP;PRO;PME;76131194541416;73 rue Pasteur;08000;Charleville-Mézières;08105;08;Grand Est;49.7811;4.694;contact@auroremobilier.fr;+33381516879;2020-02-01;2021-07-21;ACTIF;1;119215;COM-0031;non
CLI-00309;M. Mathieu Rousseau;PART;Particulier;;152 allée des Peupliers;92000;Saint-Brieuc;22278;22;Bretagne;48.5435;-2.7259;mathieu.rousseau@courriel-demo.fr;01.76.63.48.22;2021-07-18;2025-12-19;ACTIF;;898;COM-0007;oui
CLI-01105;Grand Large Négoce EURL;PRO;Collectivité;56711108495735;161 place du Marché;18000;Bourges;18033;18;Centre-Val de Loire;47.0317;2.3725;contact@grandlargenego.fr;0679892020;2025-08-06;2026-04-20;RESILIE;1;223386;COM-0051;non
CLI-00787;Cristal Matériaux SASU;PRO;Grands comptes;33101961910117;107 avenue du Général Leclerc;54000;Orléans;45234;45;Centre-Val de Loire;47.9005;1.8925;contact@cristalmateria.fr;05 37 00 91 75;2020-11-30;2022-05-04;PROSPECT;246;171420;COM-0016;oui
CLI-00036;Escale Électricité EURL;PRO;Grands comptes;52832601908800;124 avenue de la Gare;92130;Issy-les-Moulineaux;92040;92;Île-de-France;48.7794;2.2564;contact@escaleelectric.fr;02.98.98.54.29;2023-09-23;2025-10-25;ACTIF;161;30995;COM-0034;oui
CLI-02168;Services Solutions SCOP;PRO;TPE;43855199282360;126 rue du Commerce;18000;Bourges;18033;18;Centre-Val de Loire;47.0479;2.3898;contact@servicessoluti.fr;0424984133;2025-01-03;2025-03-15;RESILIE;105;14386;COM-0038;oui
CLI-01846;Vertigo Industries SCOP;PRO;Grands comptes;55528403072279;176 impasse des Lilas;41000;Blois;41018;41;Centre-Val de Loire;47.5588;1.3372;contact@vertigoindustr.fr;+33344005199;2018-04-14;2026-09-05;ACTIF;122;113547;COM-0058;non
CLI-00978;Mme Léa Roussel;PART;Particulier;;153 quai des Docks;92130;Issy-les-Moulineaux;92040;92;Île-de-France;48.7866;2.2206;lea.roussel@courriel-demo.fr;0501599228;2020-01-22;2020-03-03;ACTIF;;1055;COM-0003;oui
CLI-00598;M. Alain Garnier;PART;Particulier;;134 rue Pasteur;33000;BORDEAUX;33063;33;Nouvelle-Aquitaine;44.8823;-0.598;alain.garnier@courriel-demo.fr;0731462852;2025-05-25;2026-03-28;ACTIF;;820;COM-0055;oui
CLI-01482;Ateliers Industries SAS;PRO;Collectivité;80387446394318;36 place du Marché;49300;Cholet;49099;49;Pays de la Loire;47.0697;-0.916;contact@ateliersindust.fr;04.66.58.99.77;2026-07-26;2026-08-31;PROSPECT;219;228516;COM-0026;oui
CLI-01012;M. Jean Thomas;PART;Particulier;;50 place du Marché;10000;Troyes;10387;10;Grand Est;48.3044;4.0745;jean.thomas@courriel-demo.fr;04 82 58 52 41;2016-09-12;2024-11-09;ACTIF;;3930;COM-0013;non
CLI-01314;Cristal Solutions SASU;PRO;Collectivité;;147 avenue du Général Leclerc;49300;Cholet;49099;49;Pays de la Loire;47.071;-0.8516;contact@cristalsolutio.fr;+33151644489;2022-07-03;2022-09-07;PROSPECT;143;210816;COM-0046;oui
CLI-01177;Grand Large Maintenance SAS;PRO;Grands comptes;;43 quai des Docks;81000;Albi;81004;81;Occitanie;43.9274;2.1072;contact@grandlargemain.fr;04.74.85.53.67;2026-06-01;2026-08-13;PROSPECT;195;115990;COM-0054;oui
CLI-00089;Alizé Conseil EURL;PRO;PME;97605059714492;33 rue de la République;80000;amiens;80021;80;Hauts-de-France;49.8461;2.2516;contact@alizeconseileu.fr;+33664858389;2022-03-15;2026-02-09;PROSPECT;67;94814;COM-0030;oui
CLI-01696;Distribution Papeterie SCOP;PRO;Grands comptes;72719420011556;110 place du Marché;89000;Auxerre;89024;89;Bourgogne-Franche-Comté;47.8185;3.6053;contact@distributionpa.fr;06 42 52 20 23;2021-01-23;2023-06-21;ACTIF;138;107526;COM-0040;oui
;;;;;;;;;;;;;;;;;;;;;
CLI-00288;Services Matériaux SASU;PRO;TPE;30408713223169;36 impasse des Lilas;94000;CrÉTeil;94028;94;Île-de-France;48.8367;2.4582;contact@servicesmateri.fr;06 88 65 12 83;2024-09-04;2025-08-10;ACTIF;179;51810;COM-0050;oui
CLI-01761;Grand Large Négoce SARL;PRO;Grands comptes;;53 rue Pasteur;34500;Béziers;34032;34;Occitanie;43.3152;3.2374;contact@grandlargenego.fr;0379718615;2023-07-04;2024-02-20;ACTIF;16;165865;COM-0013;non
CLI-00682;Cévennes Papeterie SASU;PRO;PME;29824873573818;156 allée des Peupliers;13001;Marseille;13055;13;Provence-Alpes-Côte d’Azur;43.308;5.4091;contact@cevennespapete.fr;06 52 68 18 21;2018-09-04;2019-06-28;ACTIF;1;218530;COM-0035;oui
CLI-02443;Boréal Négoce SCOP;PRO;Collectivité;54850831069148;74 route de Bordeaux;22000;Saint-Brieuc;22278;22;Bretagne;48.5416;-2.7491;contact@borealnegocesc.fr;0146606142;2018-07-05;2022-12-19;PROSPECT;290;322269;COM-0004;oui
CLI-00892;M. Vincent Robert;PART;Particulier;;111 quai des Docks;38000;Grenoble;38185;38;Auvergne-Rhône-Alpes;45.1859;5.6768;vincent.robert@courriel-demo.fr;+33421777263;2026-06-02;2026-07-29;RESILIE;;3080;COM-0004;oui
CLI-00446;Alizé Agroalimentaire EURL;PRO;TPE;42058315097027;105 chemin des Vignes;34500;Béziers;34032;34;Occitanie;43.337;3.2;contact@alizeagroalime.fr;06.57.58.91.27;2016-05-30;2023-01-25;ACTIF;119;63247;COM-0009;oui
CLI-01066;Belvédère Distribution SAS;PRO;Collectivité;;130 rue du Commerce;42300;Roanne;42187;42;Auvergne-Rhône-Alpes;46.0208;4.0946;contact@belvederedistr.fr;03.28.04.23.31;2026-05-10;2026-06-11;ACTIF;1;198250;COM-0020;oui
CLI-00444;Comptoir Maintenance SAS;PRO;TPE;37989220346599;180 impasse des Lilas;73000;Chambéry;73065;73;Auvergne-Rhône-Alpes;45.5185;5.9503;contact@comptoirmainte.fr;+33706057394;2025-05-01;2025-05-01;INACTIF;145;141035;COM-0048;oui
CLI-00509;Provence Mobilier SARL;PRO;TPE;05074171153224;13 allée des Peupliers;73000;Chambéry;73065;73;Auvergne-Rhône-Alpes;45.5658;5.9132;contact@provencemobili.fr;+33681657957;2018-07-11;2026-08-25;PROSPECT;26;366982;COM-0012;oui
CLI-01188;Grand Large Négoce EURL;PRO;PME;25301043711807;144 rue Pasteur;65000;Tarbes;65440;65;Occitanie;43.2739;0.0916;contact@grandlargenego.fr;03 88 06 00 58;2026-02-09;2026-05-29;PROSPECT;56;299911;COM-0050;oui
CLI-00305;Ateliers Matériaux SCOP;PRO;TPE;56130959014108;119 rue de l’Industrie;12000;Rodez;12202;12;Occitanie;44.3831;2.6187;contact@ateliersmateri.fr;04.73.43.11.87;2016-10-20;2022-05-31;ACTIF;197;344046;COM-0038;oui
CLI-00112;Tramontane Électricité SAS;PRO;Grands comptes;89554022440367;27 avenue Jean Jaurès;06400;Cannes;06029;06;Provence-Alpes-Côte d’Azur;43.5601;7.0569;contact@tramontaneelec.fr;+33314634292;2022-12-15;2024-08-06;INACTIF;118;334617;COM-0037;oui
CLI-01707;Belvédère Solutions SCOP;PRO;Grands comptes;48233875950148;90 allée des Peupliers;73000;La Roche-sur-Yon;85191;85;Pays de la Loire;46.7123;-1.4635;contact@belvederesolut.fr;06 65 64 02 96;2018-04-23;2019-12-08;ACTIF;131;408480;COM-0012;oui
CLI-01155;Tramontane Électricité EURL;PRO;PME;08690472355620;28 quai des Docks;06000;Nice;06088;06;Provence-Alpes-Côte d’Azur;43.684;7.2863;contact@tramontaneelec.fr;04.15.97.78.02;2023-09-08;2023-09-08;ACTIF;1;225575;COM-0038;oui
CLI-01342;Cristal Distribution SCOP;PRO;Grands comptes;86440120646045;104 rue de la République;56100;Lorient;56121;56;Bretagne;47.7722;-3.3569;contact@cristaldistrib.fr;02.86.01.72.77;2022-08-26;2025-08-09;ACTIF;30;-19207;COM-0004;oui
CLI-01585;Services Solutions SARL;PRO;Grands comptes;37554140925816;163 avenue du Général Leclerc;73000;Chambéry;73065;73;Auvergne-Rhône-Alpes;45.5605;5.9001;contact;06.85.21.04.62;2019-06-09;2022-01-29;ACTIF;7;-10977;COM-0011;oui
CLI-01746;M. Antoine Henry;PART;Particulier;;81 rue de l’Industrie;34000;Montpellier;34172;34;Occitanie;43.5889;3.8852;antoine.henry@courriel-demo.fr;04 17 32 12 16;2022-08-05;2023-03-16;RESILIE;;480;COM-0003;non
CLI-00918;Atlantique Négoce SA  ;PRO;Collectivité;62166132282571;56 avenue Jean Jaurès;16000;Angoulême;16015;16;Nouvelle-Aquitaine;45.6346;0.1274;contact@atlantiquenego.fr;+33707341224;2024-11-17;2025-08-11;ACTIF;20;59763000;COM-0023;oui
CLI-02353;Manufacture Papeterie SASU;PRO;Grands comptes;;89 impasse des Lilas;76600;Le Havre;76351;76;Normandie;49.4879;0.1496;contact@manufacturepap.fr;06.37.28.88.59;2016-03-31;2017-11-22;ACTIF;129;188219;COM-0053;oui
CLI-01435;M. Émile Roussel;PART;Particulier;;33 quai des Docks;59000;Lille;59350;59;Hauts-de-France;50.6589;3.1051;emile.roussel@courriel-demo.fr;0673405199;2017-01-21;2025-10-21;ACTIF;;1415;COM-0057;non
CLI-00661;Manufacture Maintenance SAS;PRO;Grands comptes;71828240601830;105 rue du Commerce;25000;BESANÇON;25056;25;Bourgogne-Franche-Comté;47.2272;6.0581;contact@manufacturemai.fr;03.34.01.62.47;2020-06-10;2022-05-20;ACTIF;139;78351;COM-0025;non
CLI-00168;Provence Négoce SCOP;PRO;TPE;;46 rue de l’Industrie;34500;Béziers;34032;34;Occitanie;43.3433;3.2495;contact@provencenegoce.fr;+33664223681;2023-06-12;2023-12-28;ACTIF;129;121810;COM-0039;non
CLI-01095;Ateliers Solutions EURL;PRO;Grands comptes;35947969925680;114 boulevard Victor Hugo;59140;Dunkerque;59183;59;Hauts-de-France;51.0579;2.3628;contact@atelierssoluti.fr;03 88 05 58 39;2017-05-02;2019-10-11;ACTIF;1;219905;COM-0058;oui
CLI-00110;Vallée Conseil SASU;PRO;TPE;18738355660863;147 rue de l’Industrie;85000;La Roche-sur-Yon;85191;85;Pays de la Loire;46.6273;-1.4613;contact@valleeconseils.fr;02.84.67.51.36;2020-10-19;2026-01-19;ACTIF;122;-130711;COM-0056;oui
CLI-00690;Cévennes Distribution EURL;PRO;TPE;04182757750449;157 rue de la République;42000;Saint-ÉTienne;42218;42;Auvergne-Rhône-Alpes;45.4143;4.4257;contact@cevennesdistri.fr;+33516958709;2016-03-04;2021-02-24;RESILIE;1;94148;COM-0006;oui
CLI-01527;Horizon Papeterie SCOP;PRO;TPE;89131064517573;118 quai des Docks;29200;Brest;29019;29;Bretagne;48.4113;-4.4754;contact@horizonpapeter.fr;01 31 98 77 49;2017-06-12;2019-04-12;ACTIF;1;309199;COM-0028;oui
CLI-00985;Cristal Matériaux SA;PRO;Grands comptes;22258034047838;45 rue de la République;22000;Saint-Brieuc;22278;22;Bretagne;48.5189;-2.7624;contact@cristalmateria.fr;+33512039898;2020-08-25;2024-11-24;ACTIF;1;39893;COM-0014;oui
CLI-01726;Services Agroalimentaire SCOP;PRO;PME;79641634079006;81 boulevard Victor Hugo;35000;Saint-Denis;93066;93;Île-de-France;48.9794;2.3966;contact@servicesagroal.fr;+33725301225;2024-04-25;2024-06-02;INACTIF;109;243248;COM-0037;oui
CLI-01329;Mme Nathalie Michel;PART;Particulier;;43 avenue du Général Leclerc;89000;Auxerre;89024;89;Bourgogne-Franche-Comté;47.8025;3.5321;nathalie.michel@courriel-demo.fr;+33751963453;2025-10-14;2026-09-09;ACTIF;;3512;COM-0012;oui
CLI-00674;Mme Sarah Perrin;PART;Particulier;;30 rue de l’Industrie;95000;Cergy;95127;95;Île-de-France;49.0788;2.071;sarah.perrin@courriel-demo.fr;0151220816;2020-10-31;2022-12-12;ACTIVE;;1876;COM-0059;oui
CLI-02371;Vertigo Électricité SASU;PRO;TPE;45263955437423;60 quai des Docks;13200;Arles;13004;13;Provence-Alpes-Côte d’Azur;43.6349;4.6161;contact@vertigoelectri.fr;+33721133979;2016-09-29;2021-06-10;ACTIF;299;289854;COM-0009;oui
CLI-01336;Pyrénées Agroalimentaire EURL;PRO;PME;87189151667650;121 rue des Acacias;20200;Bastia;2B033;2B;Corse;42.6741;9.4622;contact@pyreneesagroal.fr;04.69.76.20.78;2021-07-18;2022-08-26;ACTIF;190;205826;COM-0006;oui
CLI-01992;Comptoir Distribution EURL;PRO;Collectivité;35180786796390;29 impasse des Lilas;45000;Orléans;45234;45;Centre-Val de Loire;47.8992;1.8532;contact@comptoirdistri.fr;03 57 69 66 17;2024-09-28;2026-06-02;PROSPECT;176;89304;COM-0057;oui
CLI-00295;M. Alexandre Rousseau;PART;Particulier;;126 impasse des Lilas;93100;Montreuil;93048;93;Île-de-France;48.8282;2.4696;alexandre.rousseau@courriel-demo.fr;03.51.51.37.20;2024-10-26;2026-03-26;INACTIF;;561;COM-0007;non
CLI-01999;Sillon Mobilier EURL;PRO;PME;62057553018247;26 impasse des Lilas;58000;Mulhouse;68224;68;Grand Est;47.7065;7.385;contact@sillonmobilier.fr;06 91 91 40 58;2023-11-14;2024-01-20;ACTIF;203;401219;COM-0018;oui
CLI-01813;Belvédère Bâtiment EURL;PRO;TPE;99614867995653;177 rue Pasteur;36000;Châteauroux;36044;36;Centre-Val de Loire;46.8118;1.6894;contact@belvederebatim.fr;0683281453;2016-11-17;2017-08-17;PROSPECT;55;52297;COM-0020;oui
CLI-00042;Distribution Distribution SCOP;PRO;Grands comptes;05881974572457;130 rue Pasteur;10000;Saint-Malo;35288;35;Bretagne;48.6666;-2.061;contact@distributiondi.fr;+33722932441;2021-02-25;2025-01-29;ACTIF;1;300289;COM-0018;non
CLI-00035;Horizon Distribution EURL;PRO;TPE;57785567722677;143 avenue de la Gare;33000;Bordeaux;33063;33;Nouvelle-Aquitaine;44.8739;-0.5673;contact@horizondistrib.fr;05 56 20 43 25;2020-09-02;2025-01-11;ACTIF;1;395842;COM-0050;oui
CLI-02415;Atlantique Bâtiment SA;PRO;Grands comptes;;158 avenue de la Gare;63000;Clermont-Ferrand;63113;63;Auvergne-Rhône-Alpes;45.7366;3.0713;contact@atlantiquebati.fr;04 73 99 28 05;2026-05-21;2026-08-17;RESILIE;1;401374;COM-0027;oui
CLI-00257;Cévennes Solutions EURL;PRO;PME;70332469105214;159 rue du Commerce;59140;Dunkerque;59183;59;Hauts-de-France;51.0227;2.3862;contact@cevennessoluti.fr;+33478598318;2024-09-24;2025-01-28;ACTIF;129;173842;COM-0017;oui
CLI-02112;Ateliers Matériaux EURL;PRO;Collectivité;33208984642311;165 rue Pasteur;53000;Laval;53130;53;Pays de la Loire;48.1087;-0.7243;contact@ateliersmateri.fr;+33524427561;2016-07-05;2016-07-24;ACTIF;1;95250;COM-0043;oui
CLI-02181;Sillon Distribution SCOP;PRO;Collectivité;03866147204996;171 chemin des Vignes;06600;Antibes;06004;06;Provence-Alpes-Côte d’Azur;43.5571;7.154;contact@sillondistribu.fr;+33280488366;2017-06-06;2018-08-19;ACTIF;183;8027;COM-0014;oui
CLI-01903;M. Ludovic Garcia;PART;Particulier;;166 rue de la République;42300;Roanne;42187;42;Auvergne-Rhône-Alpes;46.0358;4.078;ludovic.garcia@courriel-demo.fr;05 99 66 46 02;2023-07-24;2023-07-24;PROSPECT;;2171;COM-0032;oui
CLI-02185;Tramontane Emballages SASU;PRO;Collectivité;28783787904296;111 allée des Peupliers;78000;Versailles;78646;78;Île-de-France;48.7849;2.1535;contact@tramontaneemba.fr;0160105304;2020-11-26;2021-10-10;RESILIE;134;134544;COM-0030;oui
CLI-00725;Sillon Solutions SAS;PRO;Collectivité;14340437518636;25 route de Bordeaux;85000;La Roche-sur-Yon;85191;85;Pays de la Loire;46.6874;-1.4512;contact@sillonsolution.fr;06 33 69 87 58;2022-06-20;2026-08-15;INACTIF;1;147240;COM-0016;oui
CLI-00831;Atlantique Mobilier SAS;PRO;Grands comptes;09277395941559;76 rue de l’Industrie;10000;Troyes;10387;10;Grand Est;48.3151;4.0457;contact@atlantiquemobi.fr;+33742306806;2024-08-18;2025-06-24;ACTIF;95;54484;COM-0026;oui
CLI-01647;Vallée Matériaux SASU;PRO;Collectivité;25059821171957;104 avenue du Général Leclerc;34500;Béziers;34032;34;Occitanie;43.3199;3.2009;contact@valleemateriau;05 72 01 51 99;2024-09-10;2026-07-29;ACTIF;1;144021;COM-0036;oui
CLI-00248;Maritime Agroalimentaire SCOP;PRO;Collectivité;94141058030973;15 route de Bordeaux;92000;Nanterre;92050;92;Île-de-France;48.9158;2.2445;contact@maritimeagroal.fr;05.79.27.25.60;2016-01-18;2025-07-29;ACTIF;48;357459;COM-0045;non
CLI-01196;Distribution Électricité SAS;PRO;TPE;97945728754428;153 rue de l’Industrie;17000;La Rochelle;17300;17;Nouvelle-Aquitaine;46.1801;-1.1145;contact at distributionel.fr;+33609097011;2018-01-10;2026-02-11;ACTIF;55;46046;COM-0028;non
CLI-00489;Boréal Négoce EURL;PRO;Grands comptes;50812060316835;98 rue de l’Industrie;13200;Arles;13004;13;Provence-Alpes-Côte d’Azur;43.636;4.5891;contact@borealnegoceeu.fr;0553255335;2024-11-05;2025-03-16;ACTIF;193;60886;COM-0015;oui
CLI-02468;M. Damien Mercier;PART;Particulier;;14 boulevard Victor Hugo;92130;Issy-les-Moulineaux;92040;92;Île-de-France;48.8127;2.2875;damien.mercier@courriel-demo.fr;+33751641955;2025-03-04;2026-03-15;ACTIF;;279;COM-0034;non
CLI-02405;M. Vincent Clément;PART;Particulier;;20 rue de la République;31000;Toulouse;31555;31;Occitanie;43.6001;1.4855;vincent.clement@courriel-demo.fr;04 88 98 98 31;2021-01-08;2025-03-17;RESILIE;;574;COM-0029;oui
CLI-01719;Solstice Conseil SA;PRO;PME;33952628418388;93 rue Pasteur;34000;Montpellier;34172;34;Occitanie;43.6092;3.8325;contact@solsticeconsei.fr;03.05.30.89.04;2025-12-30;2026-03-04;ACTIF;60;232227;COM-0004;oui
CLI-01826;Vertigo Industries SARL;PRO;TPE;37402931945162;121 impasse des Lilas;66000;Perpignan;66136;66;Occitanie;42.6582;2.9462;contact@vertigoindustr.fr;0433199513;2019-08-23;2021-02-25;ACTIF;123;377032;COM-0012;oui
CLI-01544;Énergie Électricité EURL;PRO;Grands comptes;;63 impasse des Lilas;13001;Marseille;13055;13;Provence-Alpes-Côte d’Azur;43.3409;5.4106;contact@energieelectri.fr;+33407964637;2024-02-21;2025-08-18;INACTIF;1;336720;COM-0031;non
CLI-01074;Escale Industries EURL;PRO;Grands comptes;96355566795031;159 rue du Commerce;84000;Avignon;84007;84;Provence-Alpes-Côte d’Azur;43.971;4.8557;contact@escaleindustri.fr;0333205156;2018-11-08;2026-05-05;ACTIF;22;2760;COM-0014;oui
CLI-01219;Mme Marion Bertrand;PART;Particulier;;33 allée des Peupliers;25000;Besançon;25056;25;Bourgogne-Franche-Comté;47.2583;6.0269;marion.bertrand@courriel-demo.fr;0715362059;2026-01-17;2026-07-13;ACTIF;;2206;COM-0055;oui
CLI-00366;Pyrénées Maintenance SA;PRO;TPE;02687596932588;144 quai des Docks;24000;Périgueux;24322;24;Nouvelle-Aquitaine;45.2175;0.7362;contact@pyreneesmainte.fr;05.30.53.21.90;2019-02-09;2023-05-16;PROSPECT;25;29652;COM-0044;non
CLI-01327;Tramontane Bâtiment SASU;PRO;PME;23622988000725;18 rue Pasteur;34500;Béziers;34032;34;Occitanie;43.3426;3.1849;contact@tramontanebati.fr;0764553119;2022-11-01;2023-01-06;ACTIF;32;95112;COM-0055;oui
CLI-02271;Cévennes Matériaux SA;PRO;TPE;82435212135033;108 chemin des Vignes;87000;Limoges;87085;87;Nouvelle-Aquitaine;45.8105;1.2523;contact@cevennesmateri.fr;01 86 63 86 20;2018-11-15;2024-12-16;ACTIF;44;353167;COM-0032;oui
CLI-00134;Sillon Conseil SCOP;PRO;Collectivité;58062713172217;84 chemin des Vignes;65000;Tarbes;65440;65;Occitanie;43.2271;0.0739;contact@sillonconseils.fr;05 32 35 44 51;2025-12-23;2026-05-11;ACTIF;154;77600;COM-0056;oui
CLI-01940;Cristal Mobilier SAS;PRO;PME;91741275896902;178 avenue de la Gare;62100;Calais;62193;62;Hauts-de-France;50.9903;1.8435;contact@cristalmobilie.fr;05.01.18.45.06;2026-01-22;2026-06-23;ACTIF;99;310050;COM-0023;non
CLI-01906;Mme Sylvie Morel;PART;Particulier;;156 rue de l’Industrie;84000;Avignon;84007;84;Provence-Alpes-Côte d’Azur;43.9203;4.8066;sylvie.morel@courriel-demo.fr;0242861124;2016-08-25;2017-02-26;ACTIF;;2873;COM-0055;oui
CLI-01466;Énergie Industries SA;PRO;Collectivité;51610257225241;75 quai des Docks;71100;Chalon-sur-Saône;71076;71;Bourgogne-Franche-Comté;46.788;4.896;contact@energieindustr.fr;0364352121;2018-05-21;2022-01-09;PROSPECT;186;-6323;COM-0027;oui
CLI-00087;Mme Camille Perrin;PART;Particulier;;12 rue Pasteur;90000;Belfort;90010;90;Bourgogne-Franche-Comté;47.6781;6.8477;camille.perrin@courriel-demo.fr;02.49.34.74.12;2016-10-01;2025-12-26;ACTIF;;3789;COM-0001;oui
CLI-01204;Solstice Papeterie SCOP;PRO;TPE;99404257358362;131 rue de l’Industrie;59140;Dunkerque;59183;59;Hauts-de-France;51.0383;2.4106;contact;04.36.39.74.34;2016-02-10;2022-04-18;ACTIF;110;188166;COM-0021;oui
CLI-00026;Mme Marion Perrin;PART;Particulier;;25 rue de la République;89000;Auxerre;89024;89;Bourgogne-Franche-Comté;47.8298;3.5513;marion.perrin@courriel-demo.fr;0142516446;2022-06-20;2022-07-14;ACTIF;;1909;COM-0003;oui
CLI-01286;Grand Large Distribution EURL;PRO;PME;77194239816907;37 rue de l’Industrie;06130;Grasse;06069;06;Provence-Alpes-Côte d’Azur;43.6266;6.9285;contact@grandlargedist.fr;01 00 63 83 43;2025-02-04;2026-04-07;ACTIF;1;378168;COM-0043;oui
CLI-00616;Provence Transports SAS;PRO;Collectivité;88043778983231;82 rue Pasteur;64100;Bayonne;64102;64;Nouvelle-Aquitaine;43.51;-1.4532;contact@provencetransp.fr;07 61 16 57 59;2017-09-29;2026-01-06;ACTIF;1;-46178;COM-0042;oui
CLI-00189;Services Emballages EURL;PRO;TPE;39128146850621;178 rue de l’Industrie;59100;Roubaix;59512;59;Hauts-de-France;50.6811;3.1234;contact@servicesemball.fr;04 27 02 45 71;2023-05-02;2023-05-19;ACTIF;31;114834;COM-0040;oui
CLI-02279;Mme Émilie Robin;PART;Particulier;;9 rue de la République;18000;Tarbes;65440;65;Occitanie;43.2087;0.0993;emilie.robin@courriel-demo.fr;0257319433;2020-01-24;2025-02-03;ACTIF;;3278;COM-0053;oui
CLI-00139;Comptoir Maintenance SASU;PRO;PME;96688999481723;56 boulevard Victor Hugo;01000;Bourg-en-Bresse;01053;01;Auvergne-Rhône-Alpes;46.2057;5.2376;contact@comptoirmainte.fr;03 81 81 26 90;2024-01-27;2025-12-05;RESILIE;1;1565;COM-0051;oui
CLI-02304;Aurore Papeterie SCOP;PRO;PME;60050979904505;94 impasse des Lilas;21000;Dijon;21231;21;Bourgogne-Franche-Comté;47.3212;5.0346;contact@aurorepapeteri.fr;0438429978;2026-05-22;2026-06-06;PROSPECT;57;4766;COM-0035;oui
CLI-00889;M. Philippe Durand;PART;Particulier;;119 rue des Acacias;87000;Limoges;87085;87;Nouvelle-Aquitaine;45.814;1.2529;philippe.durand@courriel-demo.fr;06 97 32 66 59;2022-01-29;2022-05-14;ACTIF;;3144;COM-0051;non
CLI-00462;Vertigo Transports SA;PRO;Collectivité;17926808368389;107 rue des Acacias;35400;Saint-Malo;35288;35;Bretagne;48.6649;-1.9934;contact@vertigotranspo.fr;+33676268821;2022-11-29;2024-06-27;ACTIF;33;437033;COM-0057;oui
CLI-01847;Solstice Industries SARL;PRO;Collectivité;;11 boulevard Victor Hugo;06400;Cannes;06029;06;Provence-Alpes-Côte d’Azur;43.5115;7.0375;contact@solsticeindust.fr;01 66 34 58 73;2015-11-16;2019-11-10;ACTIF;7;247520;COM-0058;oui
CLI-02047;Solstice Maintenance EURL;PRO;TPE;38496988807340;172 rue de l’Industrie;56000;Vannes;56260;56;Bretagne;47.6995;-2.8032;contact@solsticemainte.fr;0593482268;2019-06-12;2021-02-19;ACTIF;39;227232;COM-0024;non
CLI-00882;Énergie Transports SCOP;PRO;TPE;47694463244728;6 rue Pasteur;13200;Arles;13004;13;Provence-Alpes-Côte d’Azur;43.7161;4.6647;contact@energietranspo.fr;0727116379;2024-10-19;2026-08-05;ACTIF;7;166004;COM-0028;oui
CLI-00567;Belvédère Emballages EURL;PRO;Grands comptes;44671501786248;151 rue de l’Industrie;69100;Villeurbanne;69266;69;Auvergne-Rhône-Alpes;45.8026;4.9227;contact@belvedereembal.fr;+33322750070;2019-03-24;2022-01-24;ACTIF;58;332722;COM-0040;non
CLI-00163;Aurore Solutions SASU;PRO;Collectivité;50640232081455;112 place du Marché;66000;Perpignan;66136;66;Occitanie;42.6597;2.9442;contact@auroresolution.fr;02.42.51.43.74;2021-03-18;2025-11-20;ACTIF;100;108501;COM-0005;oui
CLI-02043;Services Transports SAS;PRO;Collectivité;54660166198883;93 place du Marché;76000;Rouen;76540;76;Normandie;49.4391;1.1378;contact@servicestransp.fr;0249789235;2022-05-31;2022-11-18;ACTIF;112;458106;COM-0053;oui
CLI-02466;Escale Papeterie SA;PRO;Collectivité;93132798160631;73 allée des Peupliers;59140;Dunkerque;59183;59;Hauts-de-France;50.9935;2.3494;contact@escalepapeteri.fr;01 99 43 70 61;2020-10-30;2023-07-23;ACTIF;84;50264;COM-0020;oui
CLI-01923;Aurore Maintenance SARL;PRO;Grands comptes;46568647723991;85 allée des Peupliers;84000;Avignon;84007;84;Provence-Alpes-Côte d’Azur;43.9374;4.8578;contact;07 31 96 62 11;2017-12-26;2025-03-28;ACTIF;8;173502;COM-0039;oui
CLI-01039;Nord Ouest Industries SCOP;PRO;Grands comptes;48140087307800;51 impasse des Lilas;06600;Antibes;06004;06;Provence-Alpes-Côte d’Azur;43.5825;7.1617;contact@nordouestindus.fr;+33521208784;2016-01-18;2021-02-23;INACTIF;65;296226;COM-0045;oui
CLI-01444;Grand Large Industries SCOP;PRO;Collectivité;71262527770201;38 boulevard Victor Hugo;34200;Sète;34301;34;Occitanie;43.3631;3.7188;contact@grandlargeindu.fr;05.14.43.31.78;2023-10-17;2024-10-05;ACTIF;117;277067;COM-0002;oui
CLI-00634;Services Bâtiment SA;PRO;Grands comptes;77946279749326;60 allée des Peupliers;26000;Valence;26362;26;Auvergne-Rhône-Alpes;44.9351;4.8947;contact@servicesbatime.fr;0472467603;2024-07-03;2025-01-19;ACTIF;196;37890;COM-0003;oui
CLI-02000;Prisme Maintenance SCOP;PRO;PME;55790922440847;125 impasse des Lilas;13001;Marseille;13055;13;Provence-Alpes-Côte d’Azur;43.3226;5.4178;contact@prismemaintena.fr;+33544618506;2019-11-27;2025-01-09;INACTIF;97;587164;COM-0053;oui
CLI-00346;Services Maintenance SARL;PRO;Collectivité;99828180149587;97 chemin des Vignes;64000;Pau;64445;64;Nouvelle-Aquitaine;43.2566;-0.4184;contact@servicesmainte.fr;03.69.86.74.57;2019-10-19;2020-03-17;PROSPECT;1;341975;COM-0056;non
CLI-02224;Mme Valérie Lefebvre;PART;Particulier;;15 rue du Commerce;60000;Beauvais;60057;60;Hauts-de-France;49.3977;2.0921;valerie.lefebvre@courriel-demo.fr;03.23.89.62.88;2019-04-23;2023-01-19;ACTIF;;652;COM-0008;oui
CLI-01605;Distribution Matériaux SA;PRO;Collectivité;04676055107425;127 avenue du Général Leclerc;45000;Orléans;45234;45;Centre-Val de Loire;47.9237;1.8646;contact@distributionma.fr;02.78.49.37.10;2026-04-22;2026-08-05;INACTIF;67;-109792;COM-0051;non
CLI-02123;Vertigo Solutions EURL;PRO;PME;61349771980014;88 place du Marché;44000;Nantes;44109;44;Pays de la Loire;47.2483;-1.5885;contact@vertigosolutio.fr;02.94.22.12.16;2020-08-26;2025-01-19;ACTIF;88;316630;COM-0023;oui
CLI-00802;Mme Émilie Robin;PART;Particulier;;97 route de Bordeaux;25000;BESANÇON;25056;25;Bourgogne-Franche-Comté;47.2382;5.9973;emilie.robin@courriel-demo.fr;+33741117288;2017-11-04;2019-02-10;ACTIF;;541;COM-0041;oui
CLI-00968;Maritime Papeterie SARL;PRO;TPE;57428915218758;68 avenue Jean Jaurès;54000;Nancy;54395;54;Grand Est;48.6566;6.1334;contact@maritimepapete.fr;04.05.06.72.36;2019-09-30;2026-08-09;ACTIF;171;148674;COM-0032;non
CLI-00054;Logistique Matériaux SASU;PRO;PME;16885618601949;131 avenue de la Gare;06130;Grasse;06069;06;Provence-Alpes-Côte d’Azur;43.7014;6.9325;contact@logistiquemate.fr;0215934479;2025-10-13;2026-07-21;ACTIF;19;29860;COM-0044;oui
CLI-00057;Alizé Emballages SAS;PRO;PME;70732531223479;33 rue des Acacias;80000;Amiens;80021;80;Hauts-de-France;49.9078;2.3312;contact@alizeemballage.fr;02 21 91 93 22;2017-05-23;2019-02-16;ACTIF;147;282630;COM-0007;oui
CLI-02393;Cristal Équipements SASU;PRO;Grands comptes;41934713083431;24 rue de l’Industrie;57000;Metz;57463;57;Grand Est;49.1612;6.1777;contact@cristalequipem.fr;05 01 69 67 59;2024-08-31;2026-02-01;actif;66;63940;COM-0026;oui
CLI-00218;Pyrénées Négoce SARL;PRO;Grands comptes;96182985974757;114 place du Marché;13100;Aix-en-Provence;13001;13;Provence-Alpes-Côte d’Azur;43.5715;5.4581;contact@pyreneesnegoce.fr;07 93 86 29 43;2017-04-02;2025-07-04;ACTIF;236;166341;COM-0002;oui
CLI-01561;M. Grégory Morel;PART;Particulier;;137 avenue du Général Leclerc;06000;Nice;06088;06;Provence-Alpes-Côte d’Azur;43.6933;7.3093;gregory.morel@courriel-demo.fr;05 09 05 01 16;2020-12-04;2025-08-26;RESILIE;;3443;COM-0012;oui
CLI-02331;Ateliers Maintenance SASU;PRO;Collectivité;30672699906753;128 rue des Acacias;38000;Grenoble;38185;38;Auvergne-Rhône-Alpes;45.1785;5.6813;contact@ateliersmainte.fr;+33415000451;2020-04-30;2025-07-07;ACTIF;88;363993;COM-0003;oui
CLI-02318;Boréal Distribution SA;PRO;TPE;84216345559807;67 avenue de la Gare;64100;Bayonne;64102;64;Nouvelle-Aquitaine;43.4843;-1.4861;contact@borealdistribu.fr;0421263657;2019-02-04;2019-11-18;ACTIF;83;334896;COM-0021;oui
CLI-00386;Tramontane Solutions SCOP;PRO;PME;43139658786472;22 avenue Jean Jaurès;45000;Orléans;45234;45;Centre-Val de Loire;47.8648;1.9327;contact@tramontanesolu.fr;0693252686;2024-07-13;2025-02-14;ACTIF;66;142607;COM-0042;oui
CLI-00080;Distribution Emballages EURL;PRO;PME;07045695184791;49 rue de la République;60000;Beauvais;60057;60;Hauts-de-France;49.4556;2.0758;contact@distributionem.fr;0172667558;2021-02-06;2022-04-30;ACTIF;1;292722;COM-0007;non
CLI-00736;Mme Céline Roux;PART;Particulier;;34 route de Bordeaux;87000;Limoges;87085;87;Nouvelle-Aquitaine;45.8138;1.256;celine.roux@courriel-demo.fr;0769540918;2016-02-12;2024-09-13;PROSPECT;;2165;COM-0025;non
CLI-02013;Alizé Équipements EURL;PRO;TPE;61736204039852;82 allée des Peupliers;74000;Annecy;74010;74;Auvergne-Rhône-Alpes;45.9392;6.1038;contact@alizeequipemen.fr;0594864394;2017-01-07;2017-10-17;ACTIF;1;308827;COM-0006;oui
CLI-00691;Belvédère Équipements EURL;PRO;Grands comptes;53634473977242;162 rue Pasteur;64100;Bayonne;64102;64;Nouvelle-Aquitaine;43.5198;-1.4509;contact@belvedereequip.fr;+33153565680;2020-08-18;2022-10-25;ACTIF;1;125087;COM-0053;non
CLI-00328;Mme Karine Lefebvre;PART;Particulier;;106 route de Bordeaux;76000;Rouen;76540;76;Normandie;49.4639;1.1273;karine.lefebvre@courriel-demo.fr;03.97.24.98.14;2024-11-29;2026-05-08;ACTIF;;1598;COM-0028;oui
CLI-01167;Solstice Matériaux EURL;PRO;TPE;94932270532572;64 place du Marché;86000;Poitiers;86194;86;Nouvelle-Aquitaine;46.5882;0.3252;contact@solsticemateri.fr;07.70.03.85.73;2024-01-09;2026-08-11;PROSPECT;1;405930;COM-0017;oui
CLI-01223;Comptoir Emballages SARL;PRO;PME;36406533272568;96 rue de l’Industrie;25000;Besançon;25056;25;Bourgogne-Franche-Comté;47.2028;6.0553;contact@comptoiremball.fr;+33255760813;2019-11-29;2021-04-13;PROSPECT;124;-86721;COM-0051;oui
CLI-02337;M. Franck Fournier;PART;Particulier;;173 rue du Commerce;06600;Antibes;06004;06;Provence-Alpes-Côte d’Azur;43.63;7.1555;franck.fournier@courriel-demo.fr;04 67 51 29 12;2025-01-12;2025-09-13;RESILIE;;1952;COM-0056;oui
CLI-00656;Mme Aurélie Chevalier;PART;Particulier;;47 avenue Jean Jaurès;45000;Orléans;45234;45;Centre-Val de Loire;47.9209;1.9415;aurelie.chevalier@courriel-demo.fr;0446837187;2017-01-25;2019-10-24;ACTIF;;1462;COM-0006;oui
CLI-00843;Mme Valérie Dumont;PART;Particulier;;29 avenue du Général Leclerc;06600;Antibes;06004;06;Provence-Alpes-Côte d’Azur;43.5382;7.168;valerie.dumont@courriel-demo.fr;+33463963602;2016-05-25;2018-11-25;PROSPECT;;2004;COM-0019;oui
CLI-01541;Alizé Mobilier SARL;PRO;Collectivité;70858728234007;134 boulevard Victor Hugo;83600;Fréjus;83061;83;Provence-Alpes-Côte d’Azur;43.3998;6.7562;contact@alizemobiliers.fr;0200243152;2018-05-06;2025-12-05;ACTIF;134;113150;COM-0010;oui
CLI-01240;Atlantique  Agroalimentaire SCOP;PRO;PME;55862921365881;76 boulevard Victor Hugo;89000;Auxerre;89024;89;Bourgogne-Franche-Comté;47.7639;3.5749;contact@atlantiqueagro.fr;+33338450336;2022-05-12;2022-09-01;INACTIF;1;200474;COM-0019;oui
CLI-02473;Mme Céline Vincent;PART;Particulier;;152 impasse des Lilas;69001;Lyon;69123;69;Auvergne-Rhône-Alpes;45.7323;4.8519;celine.vincent@courriel-demo.fr;+33318536962;2016-03-20;2022-01-12;INACTIF;;3074;COM-0033;oui
CLI-01389;Services Matériaux SAS;PRO;Collectivité;68064729011654;112 avenue de la Gare;31000;Toulouse;31555;31;Occitanie;43.6031;1.4279;contact@servicesmateri.fr;06.35.44.76.42;2016-05-03;2025-03-14;ACTIF;91;86812;COM-0028;oui
CLI-00731;Nord Ouest Industries SA;PRO;Grands comptes;65398769364981;67 avenue de la Gare;73000;Chambéry;73065;73;Auvergne-Rhône-Alpes;45.5292;5.8931;contact@nordouestindus.fr;+33391176302;2022-10-17;2024-01-31;ACTIF;60;-388603;COM-0045;non
CLI-01270;Logistique Maintenance SA;PRO;Collectivité;13938397183200;63 rue Pasteur;93200;Saint-Denis;93066;93;Île-de-France;48.9253;2.3124;contact@logistiquemain.fr;04.23.32.36.79;2017-06-13;2022-11-26;ACTIF;10;207515;COM-0046;oui
CLI-01733;Provence Papeterie SAS;PRO;PME;27924579458475;159 avenue Jean Jaurès;44000;Nantes;44109;44;Pays de la Loire;47.1849;-1.5438;contact@provencepapete.fr;+33709356643;2025-05-31;2025-07-12;ACTIF;15;475790;COM-0016;oui
CLI-00654;Ateliers Électricité SASU;PRO;Collectivité;50186168532574;137 rue du Commerce;68000;Colmar;68066;68;Grand Est;48.0499;7.4087;contact@atelierselectr.fr;02 67 07 23 14;2022-09-29;2025-09-29;INACTIF;220;447376;COM-0015;oui
CLI-00835;Alizé Emballages SAS;PRO;Grands comptes;32998289848758;154 quai des Docks;68000;Colmar;68066;68;Grand Est;48.0498;7.3326;contact@alizeemballage.fr;0565093137;2019-12-16;2026-08-28;PROSPECT;1;381363;COM-0037;non
CLI-02022;Atlantique Mobilier SAS;PRO;PME;23327834658012;23 avenue du Général Leclerc;68000;Colmar;68066;68;Grand Est;48.0741;7.3653;contact@atlantiquemobi.fr;07 72 03 18 90;2020-10-11;2026-04-15;ACTIF;1;325200;COM-0052;oui
CLI-00451;Prisme Électricité SCOP;PRO;Collectivité;;58 rue des Acacias;37000;Tours;37261;37;Centre-Val de Loire;47.3839;0.7056;contact@prismeelectric.fr;02 25 10 09 09;2019-01-05;2019-07-04;ACTIF;36;502249;COM-0013;non
CLI-01222;Mme Léa Roux;PART;Particulier;;57 avenue du Général Leclerc;38000;Grenoble;38185;38;Auvergne-Rhône-Alpes;45.2165;5.754;lea.roux@courriel-demo.fr;+33387916592;2022-03-10;2024-12-24;INACTIF;;611;COM-0022;non
CLI-00170;Boréal Transports EURL;PRO;Collectivité;37203858151047;58 quai des Docks;28000;Chartres;28085;28;Centre-Val de Loire;48.4748;1.5205;contact@borealtranspor.fr;02 92 73 47 12;2022-03-27;2025-10-25;ACTIF;83;173744;COM-0014;oui
CLI-00448;Atlantique Bâtiment EURL;PRO;PME;56947052421145;70 rue de l’Industrie;62100;Calais;62193;62;Hauts-de-France;50.9122;1.9046;contact@atlantiquebati.fr;0680347240;2023-05-25;2025-06-06;INACTIF;76;270696;COM-0020;non
CLI-02365;Prisme Électricité EURL;PRO;Grands comptes;04335057635697;138 quai des Docks;66000;Boulogne-Billancourt;92012;92;Île-de-France;48.7959;2.2323;contact@prismeelectric.fr;06 22 15 77 47;2020-12-22;2024-09-21;ACTIF;93;233356;COM-0054;oui
CLI-01371;Manufacture Agroalimentaire SASU;PRO;Collectivité;59720386882450;105 chemin des Vignes;68000;Colmar;68066;68;Grand Est;48.0707;7.3587;contact@manufactureagr.fr;02 28 02 55 40;2020-03-12;2024-05-12;ACTIF;39;52817;COM-0058;oui
CLI-02143;Atlantique Bâtiment EURL;PRO;PME;55520122578700;12 place du Marché;71100;Chalon-sur-Saône;71076;71;Bourgogne-Franche-Comté;46.7833;4.856;contact@atlantiquebati.fr;06 11 15 64 12;2020-12-04;2022-10-15;ACTIF;44;-50831;COM-0012;oui
CLI-00779;Énergie Mobilier EURL;PRO;TPE;70602536440681;65 impasse des Lilas;27000;Évreux;27229;27;Normandie;49.0363;1.1119;contact@energiemobilie.fr;0613937838;2021-06-03;2026-04-07;ACTIF;192;217906;COM-0013;oui
CLI-01112;Services Emballages SAS;PRO;Grands comptes;73112681380479;167 rue de l’Industrie;10000;Troyes;10387;10;Grand Est;48.3278;4.0549;contact@servicesemball.fr;0497972596;2020-03-30;2022-09-03;INACTIF;76;-190291;COM-0019;non
CLI-02416;Mme Manon Perrin;PART;Particulier;;70 quai des Docks;56000;Vannes;56260;56;Bretagne;47.6209;-2.7509;manon.perrin@courriel-demo.fr;01.48.31.40.32;2016-11-20;2017-06-25;ACTIF;;2080;COM-0047;non
CLI-01370;Aurore Maintenance SA;PRO;TPE;;139 route de Bordeaux;44600;Saint-Nazaire;44184;44;Pays de la Loire;47.2809;-2.208;contact@auroremaintena.fr;07.96.55.82.64;2021-10-13;2026-04-20;ACTIF;50;125862;COM-0037;oui
CLI-01197;Mme Catherine Lefèvre;PART;Particulier;;133 allée des Peupliers;10000;Troyes;10387;10;Grand Est;48.2881;4.0461;catherine.lefevre@courriel-demo.fr;07.39.90.44.81;2019-07-13;2019-12-25;ACTIF;;2034;COM-0039;non
CLI-01246;Mme Karine Legrand;PART;Particulier;;85 rue de l’Industrie;72000;Le Mans;72181;72;Pays de la Loire;48.0599;0.1556;karine.legrand@courriel-demo;04 67 53 61 88;2022-06-02;2023-01-07;ACTIF;;2789;COM-0035;oui
CLI-01306;Provence Maintenance SASU;PRO;Grands comptes;10449956624112;169 place du Marché;02100;Saint-Quentin;02691;02;Hauts-de-France;49.8517;3.2485;contact@provencemainte.fr;04.05.36.92.82;2017-10-16;2023-07-16;ACTIF;62;171108;COM-0028;oui
CLI-00822;Escale Négoce SASU;PRO;Collectivité;44460253327124;94 boulevard Victor Hugo;53000;Laval;53130;53;Pays de la Loire;48.0977;-0.7267;contact@escalenegocesa.fr;06.79.70.74.17;2017-10-01;2018-06-23;ACTIF;6;296506;COM-0043;oui
CLI-01367;Atlantique Emballages EURL;PRO;Collectivité;64726489430032;89 avenue du Général Leclerc;85000;La Roche-sur-Yon;85191;85;Pays de la Loire;46.6847;-1.4663;contact@atlantiqueemba.fr;0324252620;2024-07-14;2025-07-16;ACTIF;22;60673;COM-0046;oui
CLI-01323;M. Alexandre Gauthier;PART;Particulier;;92 rue de l’Industrie;20000;Ajaccio;2A004;2A;Corse;41.964;8.7332;alexandre.gauthier@courriel-demo.fr;01.06.16.90.41;2026-07-27;2026-08-18;ACTIF;;1238;COM-0029;oui
CLI-02475;Mme Nathalie Clément;PART;Particulier;;162 place du Marché;95000;Cergy;95127;95;Île-de-France;49.0611;2.0313;nathalie.clement@courriel-demo.fr;+33181109202;2016-11-20;2019-06-26;INACTIF;;2568;COM-0042;non
CLI-01505;Mme Karine Perrin;PART;Particulier;;39 avenue de la Gare;35400;Saint-Malo;35288;35;Bretagne;48.6309;-2.0777;karine.perrin@courriel-demo.fr;0766730455;2023-03-04;2025-03-02;PROSPECT;;2165;COM-0046;oui
CLI-01637;Tramontane Conseil SAS;PRO;PME;43765116415885;134 place du Marché;10000;Troyes;10387;10;Grand Est;48.335;4.0582;contact@tramontanecons.fr;05.99.24.52.94;2025-11-18;2026-06-11;INACTIF;130;72981;COM-0056;oui
CLI-00702;Vallée Équipements SARL;PRO;Collectivité;98540231719588;87 avenue du Général Leclerc;36000;ChÂTeauroux;36044;36;Centre-Val de Loire;46.8222;1.6889;contact@valleeequipeme.fr;01 10 31 03 92;2023-03-26;2026-08-11;ACTIF;1;178544;COM-0019;non
CLI-00858;Alizé Solutions EURL;PRO;Grands comptes;77343780039090;89 place du Marché;68000;Colmar;68066;68;Grand Est;48.0651;7.311;contact@alizesolutions.fr;0748524918;2019-10-22;2025-03-14;ACTIF;1;323559;COM-0025;oui
CLI-01228;Mme Catherine Dubois;PART;Particulier;;31 impasse des Lilas;49300;Cholet;49099;49;Pays de la Loire;47.032;-0.8432;catherine.dubois@courriel-demo.fr;0184841882;2021-03-16;2021-03-31;PROSPECT;;1122;COM-0057;oui
CLI-01885;Boréal Agroalimentaire SA;PRO;Grands comptes;80213437226143;129 avenue de la Gare;56100;Lorient;56121;56;Bretagne;47.7632;-3.3608;contact@borealagroalim.fr;01 71 80 36 72;2022-01-30;2023-01-18;ACTIF;89;81982;COM-0023;oui
CLI-00627;Mme Karine Martinez;PART;Particulier;;165 avenue de la Gare;35000;Rennes;35238;35;Bretagne;48.1346;-1.6718;karine.martinez@courriel-demo.fr;0351234885;2020-10-02;2021-07-18;ACTIF;;1983;COM-0030;oui
CLI-01659;Aurore Mobilier SA;PRO;Grands comptes;83950197172871;35 route de Bordeaux;93100;Montreuil;93048;93;Île-de-France;48.8565;2.4428;contact@auroremobilier.fr;+33555303890;2021-12-17;2024-04-18;ACTIF;1;-17411;COM-0012;oui
CLI-01872;Vallée Mobilier EURL;PRO;TPE;62797898761074;55 chemin des Vignes;12000;Rodez;12202;12;Occitanie;44.348;2.5315;contact@valleemobilier.fr;0143928176;2016-05-21;2021-07-08;ACTIF;14;288940;COM-0050;oui
CLI-00620;Nord Ouest Papeterie SAS;PRO;PME;07472591898331;134 avenue Jean Jaurès;11000;Carcassonne;11069;11;Occitanie;43.19;2.3337;contact@nordouestpapet.fr;04 38 52 87 81;2018-02-03;2025-05-26;ACTIF;1;264821;COM-0027;oui
CLI-02028;M. Maxime Dubois;PART;Particulier;;113 rue des Acacias;59000;Lille;59350;59;Hauts-de-France;50.5816;3.0211;maxime.dubois@courriel-demo.fr;+33322764526;2020-11-23;2021-09-24;ACTIF;;1757;COM-0058;oui
CLI-00340;Aurore Équipements SARL;PRO;Grands comptes;71997211699305;71 rue de l’Industrie;69100;Villeurbanne;69266;69;Auvergne-Rhône-Alpes;45.8039;4.8836;contact@auroreequipeme.fr;05.03.27.17.28;2018-10-11;2021-07-20;ACTIF;228;29255;COM-0046;non
CLI-00241;M. Pierre Lefebvre;PART;Particulier;;168 avenue Jean Jaurès;18000;Bourges;18033;18;Centre-Val de Loire;47.0639;2.4363;pierre.lefebvre@courriel-demo.fr;+33161854445;2025-03-08;2025-05-10;ACTIF;;1502;COM-0029;non
CLI-02083;Atlantique Mobilier SARL;PRO;Grands comptes;03452277682098;84 avenue du Général Leclerc;79000;Niort;79191;79;Nouvelle-Aquitaine;46.3524;-0.4141;contact@atlantiquemobi.fr;0709628843;2018-12-09;2022-03-10;ACTIF;177;-131197;COM-0033;non
CLI-02398;Solstice Agroalimentaire SAS;PRO;Collectivité;17606880943306;174 boulevard Victor Hugo;68100;Mulhouse;68224;68;Grand Est;47.7643;7.3404;contact@solsticeagroal.fr;0347413017;2021-02-27;2024-03-19;PROSPECT;60;183577;COM-0044;oui
CLI-01839;Tramontane Emballages SAS;PRO;Collectivité;50658203317308;3 avenue Jean Jaurès;83000;Toulon;83137;83;Provence-Alpes-Côte d’Azur;43.0996;5.8819;contact@tramontaneemba.fr;04 78 67 21 30;2023-08-03;2024-12-19;ACTIF;36;154793;COM-0006;oui
CLI-01611;Mme Sylvie Dumont;PART;Particulier;;88 avenue Jean Jaurès;29200;Brest;29019;29;Bretagne;48.3508;-4.4957;sylvie.dumont@courriel-demo.fr;0196295358;2020-05-12;2024-08-28;INACTIF;;3462;COM-0059;oui
CLI-01349;Logistique Industries SARL;PRO;Collectivité;85275090116453;39 boulevard Victor Hugo;92130;Issy-les-Moulineaux;92040;92;Île-de-France;48.782;2.2969;contact@logistiqueindu.fr;+33145044010;2022-08-16;2024-09-29;PROSPECT;133;437478;COM-0049;oui
CLI-00969;Vallée Agroalimentaire SA;PRO;PME;31836895661008;13 quai des Docks;34500;Ajaccio;2A004;2A;Corse;41.8858;8.7063;contact@valleeagroalim.fr;04.71.99.22.05;2023-10-06;2024-11-11;ACTIF;1;49425000;COM-0024;oui
CLI-00901;Mme Catherine Martinez;PART;Particulier;;115 avenue de la Gare;28000;Chartres;28085;28;Centre-Val de Loire;48.3966;1.5239;catherine.martinez@courriel-demo.fr;+33179959937;2019-07-28;2019-11-11;ACTIF;;3917;COM-0049;non
CLI-02245;Sillon Agroalimentaire SA;PRO;PME;40454693257275;103 rue de l’Industrie;34500;Béziers;34032;34;Occitanie;43.3346;3.1845;contact@sillonagroalim.fr;0543820140;2019-04-22;2022-08-30;ACTIF;1;233213;COM-0021;non
CLI-02173;Vallée Matériaux EURL;PRO;Grands comptes;35238683866984;167 avenue Jean Jaurès;12000;Rodez;12202;12;Occitanie;44.3192;2.5915;contact@valleemateriau.fr;07.62.16.32.66;2021-10-21;2024-07-31;PROSPECT;102;212460;COM-0052;oui
CLI-00768;Tramontane Industries SASU;PRO;TPE;38541993669383;98 rue du Commerce;06600;Antibes;06004;06;Provence-Alpes-Côte d’Azur;43.5633;7.1631;contact@tramontaneindu.fr;04 60 96 97 71;2026-06-18;2026-08-30;ACTIF;193;118887;COM-0014;oui
CLI-01938;Tramontane Maintenance SARL;PRO;TPE;20115323886428;31 impasse des Lilas;35000;RENNES;35238;35;Bretagne;48.1326;-1.6921;contact@tramontanemain.fr;04.37.12.13.02;2023-05-11;2024-10-27;PROSPECT;15;173583;COM-0045;non
CLI-01589;Distribution Maintenance SCOP;PRO;Collectivité;19292529435899;107 chemin des Vignes;58000;Nevers;58194;58;Bourgogne-Franche-Comté;46.9646;3.1983;contact@distributionma.fr;07 51 73 37 34;2016-08-13;2023-08-07;ACTIF;1;366812;COM-0015;oui
CLI-02081;Logistique Négoce SASU;PRO;Collectivité;12916395374384;125 allée des Peupliers;29200;Brest;29019;29;Bretagne;48.409;-4.4847;contact@logistiquenego.fr;06 19 41 39 79;2020-04-11;2023-04-21;ACTIF;108;76510;COM-0029;oui
CLI-02187;Solstice Mobilier SCOP;PRO;Collectivité;90318038383830;22 rue des Acacias;90000;Belfort;90010;90;Bourgogne-Franche-Comté;47.6338;6.8867;contact@solsticemobili.fr;+33204670302;2025-03-30;2026-01-19;ACTIF;193;357801;COM-0029;oui
CLI-02302;Prisme Mobilier EURL;PRO;Grands comptes;98042745115400;143 boulevard Victor Hugo;56100;Lorient;56121;56;Bretagne;47.7153;-3.3716;contact@prismemobilier.fr;05 82 93 71 00;2020-08-18;2025-12-11;RESILIE;1;180074;COM-0039;oui
CLI-02086;Logistique Agroalimentaire EURL;PRO;Collectivité;74271244873505;163 avenue Jean Jaurès;20000;Ajaccio;2A004;2A;Corse;41.9049;8.727;contact@logistiqueagro.fr;05.70.22.23.27;2017-10-10;2023-10-21;ACTIF;181;56421;COM-0060;oui
CLI-01453;Mme Chloé Robin;PART;Particulier;;33 rue du Commerce;82000;Montauban;82121;82;Occitanie;43.9751;1.3421;chloe.robin@courriel-demo.fr;+33231005972;2018-01-09;2025-05-08;ACTIF;;3997;COM-0053;non
CLI-00974;Ateliers Mobilier SARL;PRO;Grands comptes;82668995183764;46 avenue du Général Leclerc;49300;Cholet;49099;49;Pays de la Loire;47.1003;-0.9125;contact@ateliersmobili.fr;05.90.48.24.72;2017-03-09;2019-03-09;ACTIF;86;443710;COM-0035;non
CLI-01096;Mme Hélène Nicolas;PART;Particulier;;56 rue de l’Industrie;82000;Montauban;82121;82;Occitanie;44.0505;1.3452;helene.nicolas@courriel-demo.fr;+33638422687;2019-02-11;2020-08-31;RESILIE;;2391;COM-0055;non
CLI-01062;M. Cédric Durand;PART;Particulier;;147 boulevard Victor Hugo;53000;Laval;53130;53;Pays de la Loire;48.0795;-0.7387;cedric.durand@courriel-demo.fr;0572084106;2022-09-28;2025-08-17;ACTIF;;1010;COM-0052;oui
CLI-01083;Atlantique Conseil SASU;PRO;Collectivité;14741745090115;148 rue Pasteur;82000;Montauban;82121;82;Occitanie;43.994;1.3996;contact@atlantiquecons.fr;05 89 28 80 65;2016-06-02;2026-01-05;ACTIF;1;463754;COM-0009;oui
CLI-00290;Boréal Bâtiment SARL;PRO;TPE;01755941812977;21 impasse des Lilas;26000;Valence;26362;26;Auvergne-Rhône-Alpes;44.9178;4.9046;contact@borealbatiment.fr;03.55.53.60.44;2024-09-25;2024-11-03;ACTIF;1;313006;COM-0002;oui
CLI-00651;M. Pierre Rousseau;PART;Particulier;;104 rue de l’Industrie;45000;Orléans;45234;45;Centre-Val de Loire;47.8881;1.8565;pierre.rousseau@courriel-demo.fr;+33543710104;2018-05-15;2020-11-19;RESILIE;;1987;COM-0047;oui
CLI-01579;M. Ludovic Fontaine;PART;Particulier;;80 avenue de la Gare;42300;Roanne;42187;42;Auvergne-Rhône-Alpes;46.0731;4.0585;ludovic.fontaine@courriel-demo.fr;06 95 61 08 34;2015-12-09;2020-05-18;ACTIF;;809;COM-0057;non
CLI-00503;Provence Conseil EURL;PRO;Collectivité;;125 quai des Docks;65000;Tarbes;65440;65;Occitanie;43.2082;0.1031;contact@provenceconsei.fr;+33260787046;2022-06-05;2023-12-06;RESILIE;50;289006;COM-0044;oui
CLI-01648;M. Alain Mercier;PART;Particulier;;31 rue de la République;82000;Montauban;82121;82;Occitanie;44.0505;1.3096;alain.mercier@courriel-demo.fr;0547437146;2016-02-29;2017-01-18;ACTIF;;1488;COM-0004;oui
CLI-02291;Mme Karine Durand;PART;Particulier;;95 rue des Acacias;83600;Fréjus;83061;83;Provence-Alpes-Côte d’Azur;43.4452;6.7181;karine.durand@courriel-demo.fr;05 43 98 72 85;2024-03-05;2026-07-29;ACTIF;;596;COM-0052;oui
CLI-00920;Solstice Maintenance SASU;PRO;PME;01908388633031;18 quai des Docks;35400;Saint-Malo;35288;35;Bretagne;48.6656;-2.0664;contact@solsticemainte.fr;01 52 28 86 77;2021-07-17;2025-04-16;ACTIF;1;9120;COM-0016;oui
CLI-00826;Prisme Bâtiment SA;PRO;Collectivité;64010344091745;109 avenue du Général Leclerc;94000;Créteil;94028;94;Île-de-France;48.7424;2.4594;contact at prismebatiment.fr;03.87.37.76.29;2018-11-07;2022-08-21;ACTIF;20;42182;COM-0014;oui
CLI-01211;Cévennes Matériaux SA;PRO;TPE;80039973480940;175 rue du Commerce;56100;Lorient;56121;56;Bretagne;47.7028;-3.3495;contact at cevennesmateri.fr;05.68.31.26.01;2024-12-13;2026-07-20;INACTIF;144;139355;COM-0036;oui
CLI-00820;Aurore  Bâtiment EURL;PRO;Grands comptes;34895459256418;127 boulevard Victor Hugo;58000;Nevers;58194;58;Bourgogne-Franche-Comté;46.9847;3.1348;contact@aurorebatiment.fr;+33498644929;2026-01-13;2026-06-23;ACTIF;1;323919;COM-0007;oui
CLI-01729;Comptoir Négoce SARL;PRO;PME;41742135332624;134 chemin des Vignes;69100;Villeurbanne;69266;69;Auvergne-Rhône-Alpes;45.7925;4.8469;contact@comptoirnegoce.fr;+33307953787;2018-02-26;2027-02-06;PROSPECT;65;109083;COM-0036;non
CLI-01892;Vertigo Distribution SCOP;PRO;PME;62178588721459;52 boulevard Victor Hugo;29200;Brest;29019;29;Bretagne;48.421;-4.4707;contact@vertigodistrib.fr;01.00.89.30.00;2019-06-15;2026-01-16;PROSPECT;67;70048;COM-0041;non
CLI-00973;M. Benoît Martin;PART;Particulier;;26 rue Pasteur;92130;Issy-les-Moulineaux;92040;92;Île-de-France;48.8631;2.2555;benoit.martin@courriel-demo.fr;04 23 55 15 64;2018-10-15;2021-10-19;ACTIF;;2973;COM-0001;non
CLI-00529;Tramontane Bâtiment SAS;PRO;PME;70981196138321;115 rue de l’Industrie;51100;Reims;51454;51;Grand Est;49.2151;4.0028;contact@tramontanebati.fr;+33627490801;2021-10-03;2022-11-04;INACTIF;1;340499;COM-0054;oui
CLI-00683;Atlantique Électricité SA;PRO;PME;XXX;153 rue Pasteur;91000;Évry-Courcouronnes;91228;91;Île-de-France;48.594;2.3929;contact@atlantiqueelec.fr;+33262766210;2022-04-22;2024-06-23;RESILIE;78;165502;COM-0042;oui
CLI-01156;Grand Large Papeterie EURL;PRO;TPE;02311117810205;156 route de Bordeaux;11100;NARBONNE;11262;11;Occitanie;43.1707;2.9759;contact@grandlargepape.fr;0323841168;2017-02-15;2018-07-12;INACTIF;1;190502;COM-0058;non
CLI-00936;Vallée Négoce SASU;PRO;Grands comptes;47308209614421;134 boulevard Victor Hugo;27000;Évreux;27229;27;Normandie;49.0195;1.1187;contact@valleenegocesa.fr;02 39 07 06 82;2019-05-10;2026-08-19;ACTIF;97;236564;COM-0024;oui
CLI-00373;Ateliers Emballages SCOP;PRO;TPE;77416720624188;138 avenue de la Gare;69100;Villeurbanne;69266;69;Auvergne-Rhône-Alpes;45.7565;4.8634;contact@ateliersemball.fr;+33211445122;2019-09-22;2021-03-31;ACTIF;68;139345;COM-0057;oui
CLI-00828;Cévennes Matériaux SCOP;PRO;Grands comptes;96965133850774;83 rue de la République;34500;Béziers;34032;34;Occitanie;43.3036;3.2102;contact@cevennesmateri.fr;+33364663052;2019-05-11;2019-08-09;ACTIF;1;293637;COM-0023;oui
CLI-01724;Grand Large Électricité EURL;PRO;Grands comptes;95180128830612;107 rue de l’Industrie;35400;Saint-Malo;35288;35;Bretagne;48.6684;-2.0426;contact@grandlargeelec.fr;+33637963329;2019-07-01;2020-12-09;ACTIF;74;211954;COM-0054;oui
CLI-01161;Provence Maintenance SASU;PRO;Collectivité;44770129964213;112 route de Bordeaux;76600;Le Havre;76351;76;Normandie;49.5363;0.149;contact@provencemainte.fr;+33443111858;2026-03-23;2026-07-14;ACTIF;62;271861;COM-0036;oui
CLI-00560;Prisme Électricité SASU;PRO;Collectivité;91868147326872;142 rue Pasteur;64000;Pau;64445;64;Nouvelle-Aquitaine;43.3386;-0.408;contact at prismeelectric.fr;04.42.30.97.11;2022-06-30;2022-06-30;ACTIF;47;223157;COM-0029;oui
CLI-01878;Mme Chloé Petit;PART;Particulier;;174 chemin des Vignes;06130;Grasse;06069;06;Provence-Alpes-Côte d’Azur;43.6645;6.906;chloe.petit@courriel-demo.fr;0769833633;2020-12-06;2020-12-06;ACTIF;;1147;COM-0030;oui
CLI-02174;Sillon Équipements EURL;PRO;PME;53842549763494;96 avenue de la Gare;16000;Angoulême;16015;16;Nouvelle-Aquitaine;45.69;0.1821;contact@sillonequipeme.fr;+33153296253;2026-02-22;2026-07-26;ACTIF;1;259448;COM-0058;oui
CLI-00755;Solstice Solutions SCOP;PRO;Grands comptes;86024374542727;107 avenue du Général Leclerc;76000;Rouen;76540;76;Normandie;49.4196;1.106;contact@solsticesoluti.fr;02 82 00 05 49;2023-10-20;2024-08-12;ACTIF;43;359152;COM-0031;non
CLI-01855;Énergie Conseil SARL;PRO;Grands comptes;97289290496713;117 rue du Commerce;42000;Saint-Étienne;42218;42;Auvergne-Rhône-Alpes;45.4003;4.4309;contact@energieconseil.fr;04 68 82 00 66;2021-03-13;2026-01-09;ACTIF;128;221903;COM-0030;oui
CLI-00517;Belvédère Conseil SA;PRO;PME;94444389278722;64 rue des Acacias;56000;Vannes;56260;56;Bretagne;47.7032;-2.7624;contact@belvedereconse.fr;05 51 52 14 75;2020-08-23;2023-11-26;ACTIF;1;-197452;COM-0057;oui
CLI-01455;Provence Maintenance EURL;PRO;PME;29361274424259;83 avenue Jean Jaurès;29000;Quimper;29232;29;Bretagne;47.9762;-4.1015;contact@provencemainte.fr;0767459441;2026-07-06;2026-07-29;ACTIF;114;74369;COM-0049;oui
CLI-00624;Distribution Électricité EURL;PRO;TPE;12741698210647;175 quai des Docks;20000;AJACCIO;2A004;2A;Corse;41.9568;8.7061;contact@distributionel.fr;0672046711;2023-10-12;2025-10-09;INACTIF;102;247589;COM-0017;non
CLI-00200;Maritime Industries SA;PRO;TPE;33316195425227;20 rue de l’Industrie;78000;Versailles;78646;78;Île-de-France;48.7908;2.1324;contact@maritimeindust.fr;0258017013;2025-02-19;2026-01-29;ACTIF;67;-151038;COM-0049;oui
CLI-02100;Prisme Transports SAS;PRO;TPE;32509794577467;171 rue des Acacias;13300;Salon-de-Provence;13103;13;Provence-Alpes-Côte d’Azur;43.5966;5.126;contact@prismetranspor.fr;0145614183;2020-11-08;2023-04-21;PROSPECT;54;-7521;COM-0043;oui
CLI-00205;M. Fabien Guérin;PART;Particulier;;169 allée des Peupliers;47000;Agen;47001;47;Nouvelle-Aquitaine;44.1816;0.6464;fabien.guerin@courriel-demo.fr;06.00.68.78.16;2022-08-03;2025-11-14;PROSPECT;;3268;COM-0012;oui
CLI-02188;Logistique Distribution SASU;PRO;TPE;61631036111928;46 boulevard Victor Hugo;69001;Lyon;69123;69;Auvergne-Rhône-Alpes;45.763;4.8678;contact;0200236783;2023-02-21;2026-01-08;ACTIF;92;83588;COM-0017;oui
CLI-00117;Mme Émilie Durand;PART;Particulier;;169 quai des Docks;11000;Carcassonne;11069;11;Occitanie;43.2497;2.3802;emilie.durand@courriel-demo.fr;04 71 25 98 73;2015-11-05;2025-11-05;ACTIF;;1856;COM-0054;oui
CLI-01594;Grand Large Transports SASU;PRO;Grands comptes;11009431751762;74 avenue du Général Leclerc;34200;Sète;34301;34;Occitanie;43.3927;3.6958;contact@grandlargetran.fr;+33782974803;2021-02-18;2021-12-28;PROSPECT;52;330298;COM-0057;oui
CLI-01858;Mme Inès Faure;PART;Particulier;;141 route de Bordeaux;76000;Rouen;76540;76;Normandie;49.4079;1.1396;ines.faure@courriel-demo.fr;+33231154123;2023-01-28;2025-03-26;ACTIF;;2231;COM-0035;non
CLI-01721;M. Philippe Garnier;PART;Particulier;;84 allée des Peupliers;69100;Villeurbanne;69266;69;Auvergne-Rhône-Alpes;45.7421;4.8885;philippe.garnier@courriel-demo.fr;+33125386026;2020-11-09;2022-06-11;ACTIF;;3799;COM-0049;oui
CLI-01277;Grand Large Distribution SARL;PRO;TPE;;36 quai des Docks;01000;Bourg-en-Bresse;01053;01;Auvergne-Rhône-Alpes;46.1654;5.2407;contact;0298674725;2023-07-12;2024-02-10;ACTIF;127;-66482;COM-0017;oui
CLI-01535;M. Jean Garnier;PART;Particulier;;159 impasse des Lilas;36000;Châteauroux;36044;36;Centre-Val de Loire;46.816;1.7188;jean.garnier@courriel-demo.fr;01.55.94.18.01;2021-09-07;2023-06-19;INACTIF;;996;COM-0052;oui
CLI-01646;Pyrénées Transports SASU;PRO;Grands comptes;30149770224793;79 rue de la République;06600;Antibes;06004;06;Provence-Alpes-Côte d’Azur;43.5393;7.1531;contact@pyreneestransp.fr;0314226655;2023-10-15;2025-04-07;ACTIF;60;184246;COM-0032;oui
CLI-01942;Provence Transports SCOP;PRO;Grands comptes;;9 avenue de la Gare;94000;Créteil;94028;94;Île-de-France;48.8311;2.4595;contact@provencetransp.fr;0271896486;2019-07-09;2022-10-11;ACTIF;155;234208;COM-0003;non
CLI-01312;M. Romain Robert;PART;Particulier;;115 place du Marché;27000;Évreux;27229;27;Normandie;48.9724;1.1462;romain.robert@courriel-demo.fr;05.67.73.08.09;2025-04-20;2026-02-06;ACTIF;;2053;COM-0004;oui
CLI-00102;Cévennes Agroalimentaire SA;PRO;PME;35743469663474;4 rue du Commerce;76600;Le Havre;76351;76;Normandie;49.5356;0.0869;contact@cevennesagroal.fr;05.74.71.48.73;2024-03-29;2026-08-11;RESILIE;13;116362;COM-0038;oui
CLI-00711;Nord Ouest Conseil EURL;PRO;PME;21436550557065;5 route de Bordeaux;92000;Nanterre;92050;92;Île-de-France;48.853;2.2082;contact@nordouestconse.fr;06.45.83.15.00;2018-04-21;2024-10-11;ACTIF;222;273463;COM-0012;non
CLI-00352;Mme Catherine Faure;PART;Particulier;;162 quai des Docks;38000;Grenoble;38185;38;Auvergne-Rhône-Alpes;45.2218;5.7024;catherine.faure@courriel-demo.fr;+33795095161;2017-01-11;2024-06-19;ACTIF;;3360;COM-0049;oui
CLI-02251;Énergie Conseil SCOP;PRO;Grands comptes;99083721656602;98 place du Marché;35400;Saint-Malo;35288;35;Bretagne;48.6303;-1.9933;contact;07 64 21 14 94;2023-12-10;2024-02-07;ACTIF;264;-335356;COM-0019;oui
CLI-02054;Solstice Emballages SARL;PRO;Collectivité;;4 quai des Docks;49300;Cholet;49099;49;Pays de la Loire;47.0678;-0.8366;contact@solsticeemball.fr;05 22 24 10 43;2023-07-10;2025-12-09;INACTIF;259;123848;COM-0019;oui
CLI-01802;M. Jérôme Dumont;PART;Particulier;;125 avenue Jean Jaurès;05000;Gap;05061;05;Provence-Alpes-Côte d’Azur;44.5426;6.0667;jerome.dumont@courriel-demo.fr;04 57 59 86 94;2019-09-02;2022-07-29;ACTIF;;3777;COM-0029;oui
CLI-00354;Mme Nathalie Richard;PART;Particulier;;22 boulevard Victor Hugo;29000;Quimper;29232;29;Bretagne;48.0287;-4.0649;nathalie.richard@courriel-demo.fr;03.24.56.77.16;2026-05-31;2026-07-26;ACTIVE;;3248;COM-0027;non
CLI-01661;Provence Conseil SCOP;PRO;Collectivité;48843001628986;160 chemin des Vignes;95100;Argenteuil;95018;95;Île-de-France;48.9327;2.2455;contact@provenceconsei.fr;05.14.25.25.13;2019-05-30;2024-11-03;ACTIF;145;129962;COM-0012;non
CLI-01379;Énergie Négoce SARL;PRO;TPE;59592895441731;14 allée des Peupliers;92130;Issy-les-Moulineaux;92040;92;Île-de-France;48.861;2.2633;contact@energienegoces.fr;01.45.57.45.90;2019-03-02;2024-10-03;ACTIF;172;66697;COM-0026;oui
CLI-01806;Prisme Distribution EURL;PRO;PME;15406089735816;28 impasse des Lilas;93100;Montreuil;93048;93;Île-de-France;48.8172;2.403;contact@prismedistribu.fr;+33756871193;2022-10-31;2026-05-18;INACTIF;143;241949;COM-0044;oui
CLI-00198;Prisme Mobilier SARL;PRO;PME;84730719138253;136 allée des Peupliers;66000;Perpignan;66136;66;Occitanie;42.6905;2.8741;contact@prismemobilier.fr;02 17 66 59 64;2016-10-27;2024-10-26;ACTIF;30;48258;COM-0059;non
CLI-01355;Mme Aurélie Dubois;PART;Particulier;;153 rue du Commerce;08000;Charleville-Mézières;08105;08;Grand Est;49.8131;4.7039;aurelie.dubois@courriel-demo.fr;02.61.75.92.57;2018-06-08;2020-06-17;ACTIF;;3086;COM-0019;non
CLI-00031;Manufacture Transports SARL;PRO;Collectivité;60983362498823;74 rue de l’Industrie;49300;Cholet;49099;49;Pays de la Loire;47.0823;-0.9023;contact@manufacturetra.fr;0684073276;2016-03-31;2020-08-17;ACTIF;1;208673;COM-0010;oui
CLI-00666;Vallée  Maintenance SAS;PRO;PME;76099719218465;169 avenue du Général Leclerc;78000;Versailles;78646;78;Île-de-France;48.7998;2.1756;contact@valleemaintena.fr;+33792248137;2025-05-23;2025-12-20;ACTIF;1;232250;COM-0059;oui
CLI-00283;M. Alain Roux;PART;Particulier;;106 place du Marché;34500;Béziers;34032;34;Occitanie;43.2955;3.203;alain.roux@courriel-demo.fr;+33323188137;2018-12-03;2019-01-31;ACTIF;;2328;COM-0022;oui
CLI-01354;Atlantique Maintenance SASU;PRO;Collectivité;39340274024245;144 chemin des Vignes;01000;Bourg-en-Bresse;01053;01;Auvergne-Rhône-Alpes;46.2223;5.1969;contact@atlantiquemain.fr;03 95 10 86 39;2022-07-19;2026-03-16;A CONFIRMER;22;9446;COM-0057;oui
CLI-00950;Manufacture Agroalimentaire SAS;PRO;Collectivité;85928937133695;58 chemin des Vignes;73000;Chambéry;73065;73;Auvergne-Rhône-Alpes;45.5782;5.9664;contact@manufactureagr.fr;05 47 57 60 08;2026-03-21;2026-06-11;PROSPECT;68;-120272;COM-0010;non
CLI-00404;Mme Lucie Bonnet;PART;Particulier;;134 place du Marché;87000;Limoges;87085;87;Nouvelle-Aquitaine;45.839;1.277;lucie.bonnet@courriel-demo.fr;+33307035897;2020-08-12;2024-05-18;ACTIF;;824;COM-0025;oui
CLI-02493;M. Franck Lefèvre;PART;Particulier;;176 place du Marché;06400;Cannes;06029;06;Provence-Alpes-Côte d’Azur;43.5617;6.9993;franck.lefevre@courriel-demo.fr;01.72.42.35.98;2021-07-08;2022-11-25;ACTIF;;446;COM-0011;oui
CLI-00655;Comptoir Agroalimentaire SARL;PRO;TPE;65094465518777;133 boulevard Victor Hugo;11100;Narbonne;11262;11;Occitanie;43.1309;3.0124;contact;03 59 50 96 04;2018-11-27;2021-12-26;ACTIF;1;209691;COM-0058;oui
CLI-01538;Cristal Solutions SCOP;PRO;Collectivité;85672514411216;154 quai des Docks;24000;Périgueux;24322;24;Nouvelle-Aquitaine;45.178;0.7517;contact@cristalsolutio.fr;04.15.05.19.76;2019-02-08;2019-04-22;ACTIF;126;119598;COM-0024;oui
CLI-01477;M. Grégory Michel;PART;Particulier;;37 boulevard Victor Hugo;93200;Saint-Denis;93066;93;Île-de-France;48.9234;2.3477;gregory.michel@courriel-demo.fr;05.59.34.58.35;2025-04-25;2025-08-08;RESILIE;;1537;COM-0059;oui
CLI-00538;M. Alexandre Robin;PART;Particulier;;48 allée des Peupliers;42300;ROANNE;42187;42;Auvergne-Rhône-Alpes;45.9976;4.028;alexandre.robin@courriel-demo.fr;06.04.85.43.50;2020-10-19;2024-06-26;INACTIF;;3906;COM-0014;oui
CLI-01190;Pyrénées Négoce EURL;PRO;Grands comptes;21922282095115;152 avenue Jean Jaurès;72000;Le Mans;72181;72;Pays de la Loire;48.0298;0.2333;contact@pyreneesnegoce.fr;0307311790;2021-09-24;2025-03-30;ACTIF;105;90270;COM-0028;oui
CLI-02127;Services Agroalimentaire SA;PRO;TPE;67948756277028;131 avenue Jean Jaurès;49000;Angers;49007;49;Pays de la Loire;47.4983;-0.5093;contact@servicesagroal.fr;+33381580789;2024-09-15;2024-11-30;ACTIF;172;112127;COM-0022;non
CLI-02485;M. Alain Lambert;PART;Particulier;;59 rue du Commerce;76000;Rouen;76540;76;Normandie;49.4597;1.0935;alain.lambert@courriel-demo.fr;02.73.62.30.67;2021-01-13;2022-06-01;ACTIF;;994;COM-0025;oui
CLI-01751;Boréal Maintenance SCOP;PRO;TPE;;56 rue de la République;76600;LE HAVRE;76351;76;Normandie;49.5125;0.1075;contact@borealmaintena.fr;05 14 39 41 37;2026-07-17;2026-08-07;ACTIF;46;49201;COM-0005;non
CLI-01654;Logistique Matériaux SASU;PRO;Grands comptes;21118805795373;53 route de Bordeaux;62100;Calais;62193;62;Hauts-de-France;50.9574;1.8869;contact@logistiquemate.fr;+33401851980;2025-05-31;2025-08-29;ACTIF;235;30240;COM-0026;oui
CLI-01502;Solstice Électricité SCOP;PRO;PME;98035573534242;166 avenue de la Gare;57000;Metz;57463;57;Grand Est;49.1153;6.1389;contact@solsticeelectr.fr;+33768775131;2024-09-23;2024-10-04;ACTIF;1;4368;COM-0039;oui
CLI-00743;Logistique Agroalimentaire SCOP;PRO;PME;81094475238919;157 route de Bordeaux;73000;Chambéry;73065;73;Auvergne-Rhône-Alpes;45.5598;5.9165;contact@logistiqueagro.fr;04 78 74 01 82;2021-09-11;2024-09-28;ACTIF;150;188415;COM-0018;oui
CLI-02192;Mme Karine Mercier;PART;Particulier;;166 quai des Docks;68100;Mulhouse;68224;68;Grand Est;47.7581;7.3044;karine.mercier@courriel-demo.fr;07.28.02.56.27;2021-07-06;2024-01-04;PROSPECT;;2912;COM-0059;oui
CLI-02321;Mme Sophie Mercier;PART;Particulier;;132 avenue de la Gare;13300;Salon-de-Provence;13103;13;Provence-Alpes-Côte d’Azur;43.5905;5.1443;sophie.mercier@courriel-demo.fr;0193252182;2018-11-07;2025-04-28;ACTIF;;3100;COM-0012;oui
CLI-02420;Vertigo Transports SAS;PRO;Collectivité;56959635000638;68 allée des Peupliers;74000;Annecy;74010;74;Auvergne-Rhône-Alpes;45.8728;6.0956;contact@vertigotranspo.fr;+33688549520;2023-06-20;2025-04-24;ACTIF;106;157443;COM-0017;non
CLI-00199;Mme Valérie Dupont;PART;Particulier;;4 route de Bordeaux;77100;Meaux;77284;77;Île-de-France;48.984;2.8833;valerie.dupont@courriel-demo.fr;+33155465927;2019-08-11;2024-12-05;ACTIF;;3514;COM-0017;non
CLI-01235;Mme Delphine Lefebvre;PART;Particulier;;153 avenue du Général Leclerc;93200;Saint-Denis;93066;93;Île-de-France;48.9476;2.3687;delphine.lefebvre@courriel-demo.fr;02.60.35.58.95;2024-10-18;2025-07-10;ACTIF;;1950;COM-0020;oui
CLI-00735;M. Olivier Morel;PART;Particulier;;28 allée des Peupliers;49000;Saint-Malo;35288;35;Bretagne;48.6597;-2.076;olivier.morel@courriel-demo.fr;06 63 08 11 58;2016-05-23;2026-07-12;PROSPECT;;3499;COM-0021;oui
CLI-01229;Belvédère Transports SAS;PRO;Collectivité;15815815041295;74 avenue du Général Leclerc;33000;Bordeaux;33063;33;Nouvelle-Aquitaine;44.8877;-0.5585;contact@belvederetrans.fr;05.42.84.49.32;2015-11-22;2025-07-16;PROSPECT;142;103744;COM-0013;oui
CLI-01745;Prisme Mobilier SARL;PRO;Grands comptes;50192757347810;136 avenue du Général Leclerc;68000;Colmar;68066;68;Grand Est;48.1161;7.3648;contact@prismemobilier.fr;0500465133;2024-10-17;2026-08-28;ACTIF;1;268350;COM-0034;oui
CLI-00738;Vertigo Bâtiment SAS;PRO;Grands comptes;15292009946426;179 rue Pasteur;34000;Montpellier;34172;34;Occitanie;43.6263;3.9187;contact@vertigobatimen.fr;0291209911;2016-08-21;2025-06-18;ACTIF;81;129632;COM-0060;non
CLI-01779;Distribution Matériaux SAS;PRO;Grands comptes;02194187204012;71 rue des Acacias;74000;Annecy;74010;74;Auvergne-Rhône-Alpes;45.9449;6.1141;contact@distributionma.fr;07.78.67.71.66;2016-03-13;2025-02-06;ACTIF;1;385551;COM-0036;oui
CLI-02471;Tramontane Négoce SAS;PRO;Collectivité;19878594382803;35 rue de l’Industrie;63000;Clermont-Ferrand;63113;63;Auvergne-Rhône-Alpes;45.7383;3.0824;contact@tramontanenego.fr;06.36.03.42.63;2024-04-13;2025-01-13;PROSPECT;31;397936;COM-0038;oui
CLI-00146;Manufacture Équipements SCOP;PRO;TPE;39375620510737;4 impasse des Lilas;41000;Blois;41018;41;Centre-Val de Loire;47.5763;1.3677;contact@manufactureequ.fr;01 92 31 78 28;2026-02-12;2026-08-09;ACTIF;32;354583;COM-0057;oui
CLI-00120;Distribution Distribution SA;PRO;PME;19525824913219;118 rue de la République;13100;Aix-en-Provence;13001;13;Provence-Alpes-Côte d’Azur;43.5115;5.4643;contact@distributiondi;01 18 23 54 97;2025-11-28;2026-04-26;ACTIF;38;183230;COM-0043;oui
CLI-02249;Escale Transports SARL;PRO;Grands comptes;01875534109628;179 boulevard Victor Hugo;24000;Périgueux;24322;24;Nouvelle-Aquitaine;45.179;0.68;contact@escaletranspor.fr;0554629878;2021-05-04;2024-08-08;ACTIF;1;603386;COM-0051;oui
CLI-02477;Services Emballages EURL;PRO;Collectivité;53177052693143;69 quai des Docks;76600;Le Havre;76351;76;Normandie;49.4433;0.1563;contact@servicesemball.fr;06 74 45 78 97;2019-01-25;2021-11-22;ACTIF;1;72976;COM-0001;oui
CLI-01442;Mme Nathalie Garcia;PART;Particulier;;135 boulevard Victor Hugo;84000;Avignon;84007;84;Provence-Alpes-Côte d’Azur;43.9513;4.803;nathalie.garcia@courriel-demo.fr;01 82 81 19 33;2023-08-26;2024-12-20;ACTIF;;3023;COM-0005;oui
CLI-01236;Belvédère Agroalimentaire SCOP;PRO;PME;79672487300995;38 quai des Docks;69100;Villeurbanne;69266;69;Auvergne-Rhône-Alpes;45.7973;4.8678;contact@belvedereagroa.fr;0357961114;2026-03-18;2026-04-10;RESILIE;96;254776;COM-0043;oui
CLI-01701;Provence Électricité EURL;PRO;TPE;?;67 avenue Jean Jaurès;13001;Marseille;13055;13;Provence-Alpes-Côte d’Azur;43.3248;5.3925;contact@provenceelectr.fr;07 15 35 73 50;2023-07-23;2025-05-23;ACTIF;80;90104;COM-0031;oui
CLI-01017;Escale Bâtiment SASU;PRO;PME;74227521947137;25 place du Marché;12000;Rodez;12202;12;Occitanie;44.3784;2.5769;contact@escalebatiment.fr;01.05.60.78.79;2018-08-30;2024-09-16;ACTIF;1;146448;COM-0050;oui
CLI-00019;Énergie Transports SARL;PRO;Grands comptes;34059205783004;37 avenue Jean Jaurès;94000;Créteil;94028;94;Île-de-France;48.7587;2.4519;contact@energietranspo.fr;0406553608;2016-01-20;2020-01-28;ACTIF;1;185078;COM-0046;non
CLI-00024;Provence Bâtiment SARL;PRO;Grands comptes;;90 place du Marché;13300;Salon-de-Provence;13103;13;Provence-Alpes-Côte d’Azur;43.6119;5.0948;contact@provencebatime.fr;+33575808914;2022-03-04;2025-09-30;ACTIF;52;170715;COM-0032;oui
CLI-00663;M. Jérôme Lefèvre;PART;Particulier;;154 avenue du Général Leclerc;49000;angers;49007;49;Pays de la Loire;47.4689;-0.5505;jerome.lefevre@courriel-demo.fr;+33163484591;2016-08-26;2021-02-01;ACTIF;;734;COM-0045;non
CLI-01728;Maritime Industries SARL;PRO;Grands comptes;97058585038123;144 rue des Acacias;33000;Bordeaux;33063;33;Nouvelle-Aquitaine;44.8899;-0.6242;contact@maritimeindust.fr;04 87 48 58 45;2015-11-22;2019-06-21;ACTIF;1;261433;COM-0015;oui
CLI-00562;Cévennes Solutions EURL;PRO;TPE;79590009179871;34 rue de l’Industrie;33700;Mérignac;33281;33;Nouvelle-Aquitaine;44.831;-0.6077;contact@cevennessoluti.fr;0234196379;2024-12-08;2026-04-13;ACTIF;118;195391;COM-0052;oui
CLI-00384;M. Vincent Martin;PART;Particulier;;139 rue des Acacias;56100;Lorient;56121;56;Bretagne;47.7603;-3.4154;vincent.martin@courriel-demo.fr;0423412452;2019-01-05;2019-07-20;PROSPECT;;670;COM-0054;oui
CLI-01665;M. Fabien Dupont;PART;Particulier;;8 rue de l’Industrie;71100;Chalon-sur-Saône;71076;71;Bourgogne-Franche-Comté;46.7931;4.8864;fabien.dupont@courriel-demo.fr;+33382202608;2024-05-27;2024-06-21;ACTIF;;1251;COM-0055;non
CLI-02444;Solstice Transports SARL;PRO;Grands comptes;09020928261102;155 rue des Acacias;64100;Bayonne;64102;64;Nouvelle-Aquitaine;43.4449;-1.513;contact@solsticetransp.fr;0645482034;2026-04-24;2026-05-07;ACTIF;1;276657;COM-0016;oui
CLI-01300;Escale Distribution SASU;PRO;PME;93092427497384;58 rue des Acacias;06600;antibes;06004;06;Provence-Alpes-Côte d’Azur;43.6159;7.1104;contact@escaledistribu.fr;05.18.20.03.39;2022-10-15;2023-11-12;ACTIF;1;403755;COM-0027;oui
CLI-01756;Distribution Industries SASU;PRO;TPE;67379299443779;87 avenue de la Gare;86000;Poitiers;86194;86;Nouvelle-Aquitaine;46.5929;0.3568;contact@distributionin.fr;04 93 87 85 32;2020-03-17;2023-01-05;ACTIF;100;317018;COM-0009;oui
CLI-00133; Aurore Emballages SAS;PRO;TPE;49240832090631;25 avenue du Général Leclerc;73000;Chambéry;73065;73;Auvergne-Rhône-Alpes;45.5529;5.9274;contact@auroreemballag.fr;0166912479;2021-01-12;2026-04-18;ACTIF;86;138547;COM-0058;oui
CLI-01488;Services Matériaux SARL;PRO;PME;42034837637362;52 allée des Peupliers;47000;Agen;47001;47;Nouvelle-Aquitaine;44.2196;0.5885;contact@servicesmateri.fr;+33602799765;2017-05-26;2025-09-24;PROSPECT;146;225992;COM-0046;non
CLI-01100;M. Ludovic Leroy;PART;Particulier;;138 allée des Peupliers;21000;Dijon;21231;21;Bourgogne-Franche-Comté;47.297;5.0167;ludovic.leroy@courriel-demo.fr;0584150905;2019-03-18;2020-04-24;ACTIF;;1080;COM-0018;oui
CLI-00565;M. Émile Roux;PART;Particulier;;122 boulevard Victor Hugo;59140;Dunkerque;59183;59;Hauts-de-France;51.038;2.3915;emile.roux@courriel-demo.fr;07 30 93 78 58;2024-11-05;2025-05-10;ACTIF;;2621;COM-0037;oui
CLI-01722;Mme Marion Fontaine;PART;Particulier;;68 rue des Acacias;13001;Marseille;13055;13;Provence-Alpes-Côte d’Azur;43.2729;5.4107;marion.fontaine@courriel-demo.fr;07.57.66.35.42;2015-12-06;2026-08-13;ACTIF;;2142;COM-0034;oui
CLI-00896;Services Maintenance SASU;PRO;TPE;06954579125320;26 route de Bordeaux;92130;Issy-les-Moulineaux;92040;92;Île-de-France;48.7982;2.265;contact@servicesmainte.fr;02 90 48 90 68;2021-01-27;2021-04-13;ACTIF;66;298746;COM-0060;oui
CLI-00114;Provence Agroalimentaire SAS;PRO;Grands comptes;38168913774408;83 rue du Commerce;45000;Orléans;45234;45;Centre-Val de Loire;47.8642;1.8971;contact@provenceagroal.fr;02.91.55.87.12;2019-06-07;2024-02-02;ACTIF;1;259930;COM-0033;oui
CLI-01103;Mme Léa Blanc;PART;Particulier;;83 route de Bordeaux;77100;Meaux;77284;77;Île-de-France;48.9405;2.9232;lea.blanc@courriel-demo.fr;0418434824;2022-11-07;2024-11-19;INACTIF;;2564;COM-0028;non
CLI-02313;Mme Sarah Laurent;PART;Particulier;;29 avenue de la Gare;54000;Nancy;54395;54;Grand Est;48.7321;6.1933;sarah.laurent@courriel-demo.fr;03 85 32 70 13;2017-03-23;2019-11-10;ACTIF;;1968;COM-0033;oui
CLI-01473;Provence Transports EURL;PRO;TPE;12977149592722;24 rue des Acacias;86000;Poitiers;86194;86;Nouvelle-Aquitaine;46.5742;0.3139;contact@provencetransp.fr;0383471245;2017-12-11;2021-06-30;INACTIF;150;247832;COM-0019;oui
CLI-00633;Ateliers Équipements SAS;PRO;TPE;67627461538523;14 rue des Acacias;44600;Saint-Nazaire;44184;44;Pays de la Loire;47.2978;-2.2245;contact@ateliersequipe.fr;01 36 55 27 47;2020-03-20;2026-08-21;ACTIF;33;-57527;COM-0047;oui
CLI-00307;Prisme Transports SARL;PRO;TPE;78307057583291;77 avenue Jean Jaurès;68100;Mulhouse;68224;68;Grand Est;47.7529;7.3407;contact@prismetranspor.fr;+33588325856;2016-05-15;2023-07-05;RESILIE;144;317709;COM-0025;oui
CLI-02335;Nord Ouest Bâtiment SASU;PRO;PME;25310208311202;123 avenue du Général Leclerc;38000;Grenoble;38185;38;Auvergne-Rhône-Alpes;45.1433;5.693;contact@nordouestbatim.fr;+33231890462;2017-08-23;2024-01-07;ACTIF;1;172213;COM-0038;oui
CLI-00452;Maritime Distribution SAS;PRO;PME;42275272804907;77 chemin des Vignes;27000;Évreux;27229;27;Normandie;49.0485;1.128;contact@maritimedistri.fr;+33769344300;2016-09-16;2016-10-24;ACTIF;161;337452;COM-0037;non
CLI-00436;Nord Ouest Papeterie SASU;PRO;TPE;59821183522125;66 avenue Jean Jaurès;29000;Quimper;29232;29;Bretagne;47.9821;-4.1023;contact@nordouestpapet.fr;07 12 49 66 73;2020-08-21;2023-11-06;ACTIF;143;192860;COM-0008;oui
CLI-01602;Aurore Matériaux SCOP;PRO;Grands comptes;28171447296949;40 quai des Docks;35000;Rennes;35238;35;Bretagne;48.1487;-1.6581;contact@auroremateriau.fr;0757069407;2024-06-28;2025-11-17;RESILIE;64;181135;COM-0030;non
CLI-01490;Mme Pauline Fournier;PART;Particulier;;120 rue de la République;80000;Amiens;80021;80;Hauts-de-France;49.8575;2.2946;pauline.fournier@courriel-demo.fr;0324438285;2019-10-23;2026-03-01;INACTIF;;2605;COM-0052;non
CLI-01284;M. Olivier Gauthier;PART;Particulier;;79 impasse des Lilas;06130;Grasse;06069;06;Provence-Alpes-Côte d’Azur;43.6789;6.9314;olivier.gauthier@courriel-demo.fr;+33402764609;2017-09-28;2022-08-09;PROSPECT;;1115;COM-0019;oui
CLI-01150;M. Guillaume Fournier;PART;Particulier;;83 avenue du Général Leclerc;92000;Nanterre;92050;92;Île-de-France;48.9052;2.2225;guillaume.fournier@courriel-demo.fr;06.34.82.40.79;2017-09-17;2022-03-08;PROSPECT;;2937;COM-0060;oui
CLI-02210;Mme Fanny Henry;PART;Particulier;;153 rue des Acacias;66000;Perpignan;66136;66;Occitanie;42.7243;2.884;fanny.henry@courriel-demo.fr;06 11 97 80 51;2023-05-09;2024-06-18;ACTIF;;3204;COM-0015;oui
CLI-00425;Manufacture Industries SA;PRO;PME;51334032793168;89 avenue Jean Jaurès;49300;Cholet;49099;49;Pays de la Loire;47.0245;-0.8447;contact@manufactureind.fr;0779884033;2020-10-28;2026-08-26;INACTIF;209;243815;COM-0004;oui
CLI-02220;M. Alain Michel;PART;Particulier;;62 impasse des Lilas;72000;Le Mans;72181;72;Pays de la Loire;48.0422;0.2261;alain.michel@courriel-demo.fr;0677727297;2016-10-01;2023-12-26;ACTIF;;2428;COM-0059;oui
CLI-00704;Maritime Conseil SAS;PRO;Collectivité;98579320908930;57 boulevard Victor Hugo;91000;Évry-Courcouronnes;91228;91;Île-de-France;48.6399;2.4852;contact@maritimeconsei.fr;05.41.75.60.97;2020-10-08;2026-02-08;PROSPECT;1;369664;COM-0001;oui
CLI-02305;Énergie Emballages SAS;PRO;PME;15661464607575;169 place du Marché;94000;Créteil;94028;94;Île-de-France;48.767;2.4853;contact@energieemballa.fr;0292594071;2025-05-08;2025-11-29;ACTIF;77;118957;COM-0036;oui
CLI-00479;Services Emballages EURL;PRO;Grands comptes;;53 avenue de la Gare;21000;Dijon;21231;21;Bourgogne-Franche-Comté;47.3313;5.0228;contact@servicesemball.fr;03.83.39.44.16;2024-01-27;2025-09-02;PROSPECT;1;357753;COM-0006;oui
CLI-01144;Distribution Maintenance SARL;PRO;Collectivité;08171130200041;95 rue du Commerce;62100;Calais;62193;62;Hauts-de-France;50.9566;1.8221;contact@distributionma.fr;05 95 22 56 59;2023-05-03;2023-09-02;ACTIF;134;119218;COM-0044;non
CLI-00693;Mme Céline Roux;PART;Particulier;;163 allée des Peupliers;73000;Chambéry;73065;73;Auvergne-Rhône-Alpes;45.5177;5.9017;celine.roux@courriel-demo.fr;+33192408615;2021-12-23;2024-05-31;ACTIF;;2930;COM-0004;oui
CLI-01275;Tramontane Transports SARL;PRO;Collectivité;40595916230354;147 rue de la République;68000;Colmar;68066;68;Grand Est;48.0474;7.3699;contact@tramontanetran.fr;0290032239;2022-01-01;2025-06-30;ACTIF;104;291276;COM-0032;oui
CLI-02376;Mme Camille Richard;PART;Particulier;;93 avenue de la Gare;68000;Colmar;68066;68;Grand Est;48.1193;7.3845;camille.richard@courriel-demo.fr;0489019186;2023-08-09;2025-12-25;PROSPECT;;1463;COM-0053;oui
CLI-00276;Grand Large Distribution SARL;PRO;PME;61696781496391;173 rue de la République;51100;Reims;51454;51;Grand Est;49.2723;4.0654;contact@grandlargedist.fr;+33180618532;2024-05-24;2024-06-18;ACTIF;144;203893;COM-0037;oui
CLI-00469;M. Alexandre Nicolas;PART;Particulier;;60 rue de la République;93200;Saint-Denis;93066;93;Île-de-France;48.9035;2.3274;alexandre.nicolas@courriel-demo.fr;+33629855288;2019-01-09;2019-05-26;ACTIF;;1239;COM-0055;non
CLI-00118;Provence Solutions SAS;PRO;Grands comptes;96127133373614;68 avenue du Général Leclerc;77100;Meaux;77284;77;Île-de-France;48.9683;2.9231;contact@provencesoluti.fr;01.76.57.05.17;2020-08-24;2021-08-30;ACTIF;1;304292;COM-0027;oui
CLI-00143;Escale Distribution SCOP;PRO;Collectivité;64829316861705;52 avenue de la Gare;69001;Lyon;69123;69;Auvergne-Rhône-Alpes;45.7521;4.8625;contact@escaledistribu.fr;+33431956534;2025-10-11;2026-02-16;ACTIF;56;345336;COM-0060;oui
CLI-02406;Pyrénées Électricité EURL;PRO;TPE;02344208115552;5 allée des Peupliers;92130;Issy-les-Moulineaux;92040;92;Île-de-France;48.8138;2.2952;contact@pyreneeselectr.fr;07.89.81.93.16;2018-11-17;2023-02-12;ACTIF;1;116699;COM-0007;non
CLI-01085;M. Julien François;PART;Particulier;;9 allée des Peupliers;86000;Poitiers;86194;86;Nouvelle-Aquitaine;46.5655;0.2991;julien.francois@courriel-demo.fr;05.29.16.01.51;2020-10-21;2021-12-08;ACTIF;;1431;COM-0033;oui
CLI-00072;Services Agroalimentaire SARL;PRO;TPE;77418599717737;26 allée des Peupliers;24000;Périgueux;24322;24;Nouvelle-Aquitaine;45.1505;0.7186;contact@servicesagroal.fr;0179541149;2016-05-26;2022-05-16;ACTIF;34;187799;COM-0016;oui
CLI-01259;Boréal Conseil SCOP;PRO;Grands comptes;72010369527948;135 avenue du Général Leclerc;02100;Saint-Quentin;02691;02;Hauts-de-France;49.866;3.3198;contact@borealconseils.fr;05 04 52 81 47;2022-01-10;2026-03-24;RESILIE;67;-19041;COM-0019;oui
CLI-00249;Solstice Emballages SARL;PRO;Collectivité;11310461345009;127 rue de l’Industrie;34000;Montpellier;34172;34;Occitanie;43.6138;3.8947;contact@solsticeemball.fr;02.09.33.38.45;2020-04-12;2022-11-01;INACTIF;1;316267;COM-0018;oui
CLI-00344;Provence Transports SARL;PRO;Collectivité;97157014599433;50 chemin des Vignes;64000;Pau;64445;64;Nouvelle-Aquitaine;43.2551;-0.3517;contact@provencetransp.fr;07.37.14.23.68;2026-07-27;2026-08-01;RESILIE;330;157974;COM-0019;non
CLI-01209;Mme Valérie Simon;PART;Particulier;;92 place du Marché;59140;Dunkerque;59183;59;Hauts-de-France;51.0399;2.4035;valerie.simon@courriel-demo.fr;04.51.91.21.98;2017-12-27;2023-09-26;ACTIF;;2833;COM-0034;oui
CLI-00079;Solstice Agroalimentaire EURL;PRO;TPE;67165469404883;4 chemin des Vignes;29000;Quimper;29232;29;Bretagne;47.9763;-4.1484;contact@solsticeagroal.fr;+33751962688;2017-11-15;2023-02-27;ACTIF;58;205360;COM-0043;non
CLI-01399;Vertigo Solutions SCOP;PRO;PME;33379307754181;6 rue du Commerce;34500;Béziers;34032;34;Occitanie;43.3756;3.1941;contact@vertigosolutio.fr;05.06.08.41.59;2019-07-07;2021-04-13;ACTIF;47;339579;COM-0018;non
CLI-01234;Mme Élodie Perrin  ;PART;Particulier;;41 rue de l’Industrie;79000;Chalon-sur-Saône;71076;71;Bourgogne-Franche-Comté;46.8277;4.8081;elodie.perrin@courriel-demo.fr;05 38 57 01 71;2020-12-11;2023-08-19;ACTIF;;1028;COM-0017;non
CLI-01766;Mme Céline Richard;PART;Particulier;;7 chemin des Vignes;33700;Mérignac;33281;33;Nouvelle-Aquitaine;44.826;-0.693;celine.richard@courriel-demo.fr;03 59 09 93 23;2024-07-21;2025-10-09;ACTIF;;3293;COM-0041;oui
CLI-00002;Sillon Emballages SCOP;PRO;TPE;41180129398437;94 quai des Docks;74000;Annecy;74010;74;Auvergne-Rhône-Alpes;45.9177;6.135;contact@sillonemballag.fr;06.07.12.46.66;2021-10-23;2022-07-17;ACTIF;23;-130284;COM-0044;oui
CLI-00481;Distribution Maintenance SAS;PRO;PME;33060165629071;116 rue Pasteur;30000;Nîmes;30189;30;Occitanie;43.8175;4.334;contact@distributionma.fr;0250757368;2019-06-11;2026-09-05;ACTIF;1;346924;COM-0007;oui
CLI-02148;Distribution Industries SASU;PRO;Grands comptes;80769673136877;60 boulevard Victor Hugo;69001;Lyon;69123;69;Auvergne-Rhône-Alpes;45.7552;4.8191;contact@distributionin.fr;07 64 28 74 64;2016-11-14;2023-05-07;ACTIF;74;398506;COM-0003;oui
CLI-00766;M. Maxime Morel;PART;Particulier;;110 boulevard Victor Hugo;35400;Saint-Malo;35288;35;Bretagne;48.6601;-2.0648;maxime.morel@courriel-demo.fr;+33322297428;2025-04-07;2025-08-28;ACTIF;;1596;COM-0049;non
CLI-00872;Atlantique Mobilier SCOP;PRO;TPE;00151227737482;42 route de Bordeaux;59000;Lille;59350;59;Hauts-de-France;50.6575;3.0517;contact@atlantiquemobi.fr;+33602461983;2018-11-11;2026-02-16;PROSPECT;64;42194;COM-0015;oui
CLI-00426;M. Guillaume Gauthier;PART;Particulier;;29 boulevard Victor Hugo;36000;Châteauroux;36044;36;Centre-Val de Loire;46.849;1.7371;guillaume.gauthier@courriel-demo.fr;+33715155358;2017-06-21;2021-11-10;INACTIF;;3837;COM-0002;oui
CLI-01134;Manufacture Conseil SAS;PRO;PME;31561511603710;165 quai des Docks;75001;Paris;75056;75;Île-de-France;48.8184;2.3955;contact@manufacturecon.fr;0409780870;2022-04-24;2022-05-15;ACTIF;71;356535;COM-0002;oui
CLI-00391;Maritime Bâtiment SCOP;PRO;PME;32735109222036;22 avenue Jean Jaurès;68000;Colmar;68066;68;Grand Est;48.0446;7.3613;contact@maritimebatime.fr;0628300659;2016-03-20;2020-02-13;PROSPECT;1;221528;COM-0022;oui
CLI-01570;Atlantique Distribution SA;PRO;PME;18143978076865;134 rue de la République;10000;Troyes;10387;10;Grand Est;48.3387;4.0873;contact@atlantiquedist.fr;+33107814784;2020-04-29;2024-04-16;ACTIF;46;77070;COM-0021;oui
CLI-00175;Ateliers Négoce EURL;PRO;Collectivité;;41 place du Marché;28000;Chartres;28085;28;Centre-Val de Loire;48.4425;1.5193;contact@ateliersnegoce.fr;03 08 09 07 10;2025-06-10;2026-06-29;ACTIF;1;64812;COM-0013;non
CLI-01230;Énergie Électricité SAS;PRO;Grands comptes;90323797414008;15 rue de la République;95000;Cergy;95127;95;Île-de-France;49.0497;2.1031;contact@energieelectri.fr;0498050319;2020-03-11;2022-01-30;ACTIF;1;279514;COM-0005;oui
CLI-01545;Maritime Matériaux SA;PRO;PME;87501777478290;85 rue de la République;66000;perpignan;66136;66;Occitanie;42.6706;2.9328;contact@maritimemateri.fr;04.61.52.68.31;2018-04-23;2020-02-27;ACTIF;1;342740;COM-0007;oui
CLI-02067;Provence Conseil SARL;PRO;Collectivité;82163215804845;100 quai des Docks;37000;tours;37261;37;Centre-Val de Loire;47.3917;0.6578;contact@provenceconsei.fr;06 38 04 29 20;2017-08-30;2024-01-17;PROSPECT;154;27099;COM-0034;oui
CLI-00771;Mme Christine Muller;PART;Particulier;;119 place du Marché;74000;Annecy;74010;74;Auvergne-Rhône-Alpes;45.8533;6.17;christine.muller@courriel-demo.fr;05.65.38.20.81;2026-07-28;2026-08-23;ACTIF;;3749;COM-0032;oui
CLI-02147;Vertigo Bâtiment EURL;PRO;Collectivité;25202389494955;77 place du Marché;69001;Lyon;69123;69;Auvergne-Rhône-Alpes;45.8027;4.8042;contact@vertigobatimen.fr;+33578839566;2016-03-16;2017-09-26;RESILIE;58;331507;COM-0036;oui
CLI-01941;Mme Julie Moreau;PART;Particulier;;178 avenue du Général Leclerc;86000;Poitiers;86194;86;Nouvelle-Aquitaine;46.6238;0.3505;julie.moreau@courriel-demo.fr;01 50 25 65 34;2025-10-17;2026-04-08;ACTIF;;1188;COM-0010;oui
CLI-00223;Ateliers Électricité SASU;PRO;TPE;34948012846708;133 impasse des Lilas;86000;Poitiers;86194;86;Nouvelle-Aquitaine;46.6283;0.322;contact@atelierselectr.fr;01 49 28 60 20;2024-10-26;2026-06-28;INACTIF;97;364585;COM-0019;oui
CLI-00864;Belvédère Matériaux SASU;PRO;Grands comptes;39185546060500;154 place du Marché;90000;Belfort;90010;90;Bourgogne-Franche-Comté;47.6048;6.8182;contact@belvederemater.fr;0425081105;2018-07-12;2022-04-04;ACTIF;1;354547;COM-0014;oui
CLI-01966;Pyrénées Distribution SAS;PRO;PME;06452142923320;79 rue des Acacias;83600;Fréjus;83061;83;Provence-Alpes-Côte d’Azur;43.4051;6.7391;contact@pyreneesdistri.fr;05.26.23.31.30;2025-12-20;2026-05-03;INACTIF;1;-112763;COM-0050;oui
CLI-02118;Horizon Agroalimentaire SCOP;PRO;Collectivité;50352704357444;18 rue de la République;26000;Valence;26362;26;Auvergne-Rhône-Alpes;44.9651;4.876;contact@horizonagroali.fr;0299343545;2018-04-16;2020-07-09;ACTIF;62;-122809;COM-0046;oui
CLI-00210;Pyrénées Négoce SAS;PRO;TPE;49234978700527;50 rue de la République;86000;Poitiers;86194;86;Nouvelle-Aquitaine;46.5539;0.3676;contact@pyreneesnegoce.fr;0352178820;2020-02-18;2024-11-19;ACTIF;1;162280;COM-0007;non
CLI-00388;Mme Karine Robert;PART;Particulier;;71 impasse des Lilas;92100;BOULOGNE-BILLANCOURT;92012;92;Île-de-France;48.8818;2.278;karine.robert@courriel-demo.fr;07.92.12.38.04;2020-08-01;2026-05-09;ACTIF;;3484;COM-0005;oui
CLI-02151;Alizé Transports SAS;PRO;Grands comptes;76577293629788;45 route de Bordeaux;84000;Avignon;84007;84;Provence-Alpes-Côte d’Azur;43.9924;4.8338;contact@alizetransport.fr;+33703398145;2015-12-31;2025-06-01;ACTIF;29;-37320;COM-0013;oui
CLI-01458;Aurore Conseil SCOP;PRO;TPE;;147 rue des Acacias;12000;RODEZ;12202;12;Occitanie;44.3161;2.5546;contact@auroreconseils.fr;02 49 09 35 88;2019-05-02;2026-03-24;ACTIF;1;214976;COM-0039;oui
CLI-00726;Cévennes Conseil SARL;PRO;TPE;02428086204849;24 route de Bordeaux;01000;Bourg-en-Bresse;01053;01;Auvergne-Rhône-Alpes;46.2327;5.2129;contact@cevennesconsei.fr;0389969737;2021-05-12;2024-11-03;PROSPECT;142;-71373;COM-0011;oui
CLI-00962;Mme Sylvie Clément;PART;Particulier;;35 rue de la République;92130;Issy-les-Moulineaux;92040;92;Île-de-France;48.8526;2.2233;sylvie.clement@courriel-demo.fr;03.01.19.42.54;2021-08-31;2025-01-18;ACTIF;;1334;COM-0012;oui
CLI-00145;Belvédère Bâtiment SCOP;PRO;PME;13742314590353;65 route de Bordeaux;54000;Nancy;54395;54;Grand Est;48.7198;6.1492;contact@belvederebatim.fr;04.85.00.04.42;2024-01-15;2025-03-02;ACTIF;9;200849;COM-0047;non
CLI-01953;Vallée Distribution EURL;PRO;PME;20555934895991;43 impasse des Lilas;87000;Limoges;87085;87;Nouvelle-Aquitaine;45.8296;1.2332;contact@valleedistribu.fr;06 81 10 70 70;2024-11-21;2025-08-11;RESILIE;87;254635;COM-0014;oui
CLI-01446;Manufacture Transports SAS;PRO;TPE;92639015279369;19 quai des Docks;85000;La Roche-sur-Yon;85191;85;Pays de la Loire;46.6436;-1.4221;contact@manufacturetra.fr;05 13 52 71 68;2021-02-02;2022-05-27;ACTIF;96;68884;COM-0034;oui
CLI-00894;M. Mathieu Nicolas;PART;Particulier;;110 avenue Jean Jaurès;56000;Vannes;56260;56;Bretagne;47.6885;-2.7233;mathieu.nicolas@courriel-demo.fr;07 53 47 85 62;2024-01-20;2026-08-16;ACTIF;;3613;COM-0038;oui
CLI-01549;M. Hugo Roussel;PART;Particulier;;103 avenue de la Gare;45000;Orléans;45234;45;Centre-Val de Loire;47.863;1.9075;hugo.roussel@courriel-demo.fr;07.67.62.33.24;2017-03-16;2018-08-30;PROSPECT;;2153;COM-0002;oui
CLI-00710;Horizon Bâtiment SAS;PRO;Collectivité;12155122961646;159 rue de l’Industrie;60000;Beauvais;60057;60;Hauts-de-France;49.4108;2.0392;contact@horizonbatimen.fr;04.83.90.96.70;2019-11-25;2022-03-25;ACTIF;169;277765;COM-0044;oui
CLI-02432;M. Christophe Perrin;PART;Particulier;;176 avenue du Général Leclerc;36000;Châteauroux;36044;36;Centre-Val de Loire;46.7909;1.6635;christophe.perrin@courriel-demo.fr;06.76.50.03.62;2022-03-26;2023-06-12;INACTIF;;2762;COM-0047;non
CLI-01556;Boréal Électricité SA;PRO;Grands comptes;49958306964530;8 allée des Peupliers;84000;avignon;84007;84;Provence-Alpes-Côte d’Azur;43.9638;4.8496;contact@borealelectric.fr;07 07 08 39 83;2016-03-22;2017-05-04;PROSPECT;1;291642;COM-0020;oui
CLI-00188;Belvédère Maintenance SAS;PRO;TPE;77856317284168;69 route de Bordeaux;92000;Nanterre;92050;92;Île-de-France;48.8783;2.1867;contact@belvederemaint.fr;+33667370079;2016-05-04;2017-05-01;ACTIF;53;412225;COM-0016;oui
CLI-01860;Mme Manon Legrand;PART;Particulier;;152 avenue Jean Jaurès;35000;Rennes;35238;35;Bretagne;48.1025;-1.6959;manon.legrand@courriel-demo.fr;+33609602980;2023-11-26;2025-11-25;ACTIF;;1943;COM-0005;oui
CLI-01092;M. Émile Legrand;PART;Particulier;;153 chemin des Vignes;68100;Mulhouse;68224;68;Grand Est;47.7129;7.3486;emile.legrand@courriel-demo.fr;04 64 92 92 94;2015-11-07;2023-08-17;ACTIF;;2655;COM-0017;oui
CLI-02369;Provence Matériaux SARL;PRO;Collectivité;15159944697259;33 rue Pasteur;78000;Versailles;78646;78;Île-de-France;48.8463;2.0832;contact@provencemateri.fr;+33243048433;2018-07-12;2023-09-30;ACTIF;1;271196;COM-0008;oui
CLI-01002;Sillon Transports SARL;PRO;PME;35531113515763;141 place du Marché;13200;Arles;13004;13;Provence-Alpes-Côte d’Azur;43.6425;4.5942;contact@sillontranspor.fr;0312753579;2021-01-24;2025-09-27;ACTIF;208;303386;COM-0059;oui
CLI-00845;Horizon Distribution EURL;PRO;Collectivité;85548380983659;132 impasse des Lilas;94000;CrÉTeil;94028;94;Île-de-France;48.8305;2.4301;contact@horizondistrib.fr;01 46 88 81 88;2019-11-26;2023-05-09;ACTIF;1;177740;COM-0001;non
CLI-01139;Provence Agroalimentaire SASU;PRO;PME;09920183849415;147 place du Marché;82000;MONTAUBAN;82121;82;Occitanie;43.9849;1.3085;contact@provenceagroal.fr;0475904289;2023-11-17;2024-01-24;ACTIF;1;-136210;COM-0034;non
CLI-00359;Mme Karine David  ;PART;Particulier;;42 rue Pasteur;74000;Annecy;74010;74;Auvergne-Rhône-Alpes;45.9409;6.1463;karine.david@courriel-demo.fr;+33318218575;2015-11-03;2021-12-03;ACTIF;;974;COM-0038;oui
CLI-00236;Provence Transports SA;PRO;Collectivité;38226027918420;26 rue Pasteur;49300;Cholet;49099;49;Pays de la Loire;47.0547;-0.8989;contact@provencetransp.fr;+33184197753;2016-06-10;2026-08-09;ACTIF;1;279365;COM-0053;non
CLI-01154;Distribution Agroalimentaire SASU;PRO;PME;19454251413733;99 allée des Peupliers;84000;Avignon;84007;84;Provence-Alpes-Côte d’Azur;43.9046;4.8375;contact@distributionag.fr;03 24 28 67 99;2017-12-31;2025-03-05;ACTIF;100;-114520;COM-0042;oui
CLI-01753;Ateliers Industries SA;PRO;Grands comptes;73384023220169;175 chemin des Vignes;64000;Pau;64445;64;Nouvelle-Aquitaine;43.323;-0.4111;contact@ateliersindust.fr;0565973859;2025-04-15;2026-01-15;INACTIF;182;68731;COM-0011;oui
CLI-01531;Grand Large Transports SAS;PRO;Grands comptes;48154773326133;13 avenue du Général Leclerc;62100;Calais;62193;62;Hauts-de-France;50.924;1.8173;contact@grandlargetran.fr;02 74 74 10 05;2016-03-22;2021-05-11;ACTIF;35;276135;COM-0002;non
CLI-00323;M. Guillaume Dumont;PART;Particulier;;39 avenue Jean Jaurès;29000;quimper;29232;29;Bretagne;47.9686;-4.1215;guillaume.dumont@courriel-demo.fr;06 33 43 79 64;2018-07-25;2020-11-29;ACTIF;;1875;COM-0022;oui
CLI-01086;Mme Marie Perrin;PART;Particulier;;114 rue de l’Industrie;34000;MONTPELLIER;34172;34;Occitanie;43.6593;3.9069;marie.perrin@courriel-demo.fr;02.98.34.31.45;2025-02-23;2025-11-24;ACTIF;;3511;COM-0048;oui
CLI-02269;Services Industries SCOP;PRO;PME;58659088665479;79 rue de la République;13300;Salon-de-Provence;13103;13;Provence-Alpes-Côte d’Azur;43.6268;5.0536;contact@servicesindust.fr;+33403062040;2017-09-10;2018-09-20;PROSPECT;128;237853;COM-0005;oui
CLI-01796;Mme Sylvie Blanc;PART;Particulier;;51 rue de la République;66000;Perpignan;66136;66;Occitanie;42.7451;2.9006;sylvie.blanc@courriel-demo.fr;02 81 46 78 07;2017-05-27;2021-08-16;ACTIF;;2024;COM-0027;oui
CLI-00242;M. Cédric Lefebvre;PART;Particulier;;102 impasse des Lilas;49000;Angers;49007;49;Pays de la Loire;47.4845;-0.5751;cedric.lefebvre@courriel-demo.fr;03 73 65 98 13;2022-02-28;2026-05-27;PROSPECT;;3864;COM-0048;oui
CLI-01869;Ateliers Conseil SA;PRO;Grands comptes;;2 route de Bordeaux;06600;ANTIBES;06004;06;Provence-Alpes-Côte d’Azur;43.6249;7.0995;contact@ateliersconsei.fr;06 65 18 39 08;2017-04-06;2024-09-04;PROSPECT;1;-22425;COM-0009;oui
CLI-01089;Cévennes Agroalimentaire SA;PRO;Grands comptes;42535000806354;33 avenue du Général Leclerc;91000;Évry-Courcouronnes;91228;91;Île-de-France;48.6692;2.4228;contact@cevennesagroal.fr;07.84.69.01.46;2021-02-19;2021-07-11;ACTIF;137;59125;COM-0031;non
;;;;;;;;;;;;;;;;;;;;;
CLI-01748;M. Olivier Gauthier;PART;Particulier;;30 chemin des Vignes;06000;NICE;06088;06;Provence-Alpes-Côte d’Azur;43.7144;7.2642;olivier.gauthier;03.84.28.26.78;2025-08-31;2025-09-16;ACTIF;;2147;COM-0030;oui
CLI-01382;Prisme Distribution EURL;PRO;PME;77221859237484;3 route de Bordeaux;27000;Évreux;27229;27;Normandie;48.9778;1.1049;contact@prismedistribu.fr;07.16.07.71.01;2026-03-18;2026-03-27;ACTIF;93;-67561;COM-0022;oui
CLI-01690;Vertigo Maintenance EURL;PRO;Collectivité;33406989282401;67 avenue du Général Leclerc;76000;Rouen;76540;76;Normandie;49.4387;1.0894;contact@vertigomainten.fr;0547626213;2024-06-28;2024-08-20;ACTIF;1;302448;COM-0053;oui
CLI-01995;Provence Équipements SCOP;PRO;Grands comptes;29918270986870;68 place du Marché;75001;Paris;75056;75;Île-de-France;48.8502;2.3997;contact@provenceequipe.fr;04 01 59 21 90;2022-01-05;2025-07-11;INACTIF;183;390408;COM-0014;oui
CLI-02431;Vallée Mobilier SAS;PRO;TPE;;170 allée des Peupliers;71100;Chalon-sur-Saône;71076;71;Bourgogne-Franche-Comté;46.7352;4.8637;contact@valleemobilier.fr;02 16 48 61 79;2019-11-18;2021-04-08;ACTIF;174;181383;COM-0040;oui
CLI-02484;Pyrénées Maintenance SARL;PRO;Grands comptes;84813366824582;58 rue de l’Industrie;94000;Créteil;94028;94;Île-de-France;48.7765;2.4832;contact@pyreneesmainte.fr;+33231568786;2019-08-04;2025-06-22;ACTIF;1;-38739;COM-0006;non
CLI-00523;Mme Sylvie Henry;PART;Particulier;;178 allée des Peupliers;83600;Fréjus;83061;83;Provence-Alpes-Côte d’Azur;43.4275;6.7135;sylvie.henry@courriel-demo;03 52 08 50 38;2016-05-19;2020-09-18;ACTIF;;294;COM-0006;oui
CLI-01949;Alizé Industries SCOP;PRO;Collectivité;84360921417338;68 place du Marché;11000;Carcassonne;11069;11;Occitanie;43.2415;2.308;contact@alizeindustrie;02 79 38 93 40;2020-01-13;2022-04-15;RESILIE;108;369759;COM-0014;oui
CLI-02033;M. Christophe Lefèvre;PART;Particulier;;75 rue de l’Industrie;59100;Roubaix;59512;59;Hauts-de-France;50.6748;3.1268;christophe.lefevre@courriel-demo.fr;0521123869;2016-08-18;2025-11-12;PROSPECT;;2213;COM-0021;oui
CLI-00775;Grand Large Maintenance SAS;PRO;PME;36001596821004;129 impasse des Lilas;79000;Annecy;74010;74;Auvergne-Rhône-Alpes;45.8589;6.1721;contact@grandlargemain.fr;+33675890276;2024-02-04;2026-05-23;ACTIF;13;259852;COM-0047;oui
CLI-02255;Énergie Électricité SAS;PRO;PME;96253659811141;5 rue de l’Industrie;30000;Nîmes;30189;30;Occitanie;43.8865;4.3273;contact@energieelectri.fr;0394972966;2017-03-09;2024-11-05;ACTIF;216;183468;COM-0038;oui
CLI-00101;Solstice Négoce SA;PRO;TPE;59414064309822;176 avenue Jean Jaurès;29200;Brest;29019;29;Bretagne;48.3787;-4.4879;contact@solsticenegoce.fr;02.85.36.86.68;2016-10-27;2022-12-03;ACTIF;1;144265;COM-0058;oui
CLI-02205;Horizon Mobilier SA;PRO;TPE;44230847128830;41 avenue du Général Leclerc;34000;Montpellier;34172;34;Occitanie;43.6444;3.8421;contact@horizonmobilie.fr;0749165636;2020-02-19;2021-12-07;ACTIF;1;-81908;COM-0009;oui
CLI-00931;Belvédère Matériaux SASU;PRO;TPE;;152 rue de la République;28000;Chartres;28085;28;Centre-Val de Loire;48.4653;1.5117;contact@belvederemater.fr;05 95 48 69 56;2018-02-08;2024-09-14;ACTIF;1;-45009;COM-0055;oui
CLI-01409;Vallée Distribution SAS;PRO;TPE;79230897690557;66 rue de la République;74000;Annecy;74010;74;Auvergne-Rhône-Alpes;45.9067;6.1485;contact@valleedistribu.fr;0578395898;2026-07-01;2026-09-04;ACTIF;32;307980;COM-0014;non
CLI-02231;M. Fabien Garcia;PART;Particulier;;50 route de Bordeaux;63000;Clermont-Ferrand;63113;63;Auvergne-Rhône-Alpes;45.7798;3.0536;fabien.garcia@courriel-demo.fr;03.10.41.94.36;2024-07-22;2025-04-01;PROSPECT;;3042;COM-0012;oui
CLI-00166;Alizé Papeterie SARL;PRO;PME;57791540470050;48 rue de l’Industrie;92100;Boulogne-Billancourt;92012;92;Île-de-France;48.8405;2.1983;contact@alizepapeterie.fr;07 82 94 51 13;2018-03-30;2018-05-24;ACTIF;1;179471;COM-0048;oui
CLI-00329;Horizon Électricité SASU;PRO;TPE;;86 route de Bordeaux;20200;Bastia;2B033;2B;Corse;42.6695;9.4376;contact@horizonelectri.fr;0781174544;2022-10-02;2025-04-28;ACTIF;1;278874;COM-0041;oui
CLI-01952;Cévennes Matériaux SARL;PRO;Collectivité;41054825541244;126 avenue du Général Leclerc;72000;Le Mans;72181;72;Pays de la Loire;48.0019;0.2363;contact;+33229074715;2023-09-14;2024-09-23;ACTIF;173;104866;COM-0018;oui
CLI-00438;Prisme Équipements SA;PRO;Collectivité;36362374375326;4 boulevard Victor Hugo;31000;Toulouse;31555;31;Occitanie;43.5836;1.438;contact@prismeequipeme.fr;0680155291;2020-09-13;2025-10-28;ACTIF;1;322797;COM-0035;oui
CLI-00998;Belvédère Emballages SCOP;PRO;TPE;27224860866384;20 rue de la République;62100;Calais;62193;62;Hauts-de-France;50.9984;1.8221;contact@belvedereembal.fr;0612898599;2025-11-12;2026-08-13;ACTIF;17;73873;COM-0035;oui
CLI-02238;Horizon Industries SA;PRO;TPE;88459411433471;162 rue de l’Industrie;31000;Toulouse;31555;31;Occitanie;43.5873;1.4598;contact@horizonindustr.fr;05.40.55.04.82;2024-02-20;2024-05-12;ACTIF;205;337132;COM-0051;oui
CLI-00227;Mme Sophie Moreau;PART;Particulier;;46 rue de la République;57000;Metz;57463;57;Grand Est;49.1115;6.2297;sophie.moreau@courriel-demo.fr;+33133613293;2025-01-21;2025-08-15;ACTIF;;2475;COM-0010;oui
CLI-00943;Boréal Équipements EURL;PRO;PME;49286464826201;121 avenue de la Gare;33000;Bordeaux;33063;33;Nouvelle-Aquitaine;44.8263;-0.5745;contact@borealequipeme.fr;01.65.83.79.15;2015-11-05;2016-04-17;PROSPECT;40;-47333;COM-0038;oui
CLI-01760;Provence Mobilier SASU;PRO;TPE;76799345176473;17 rue du Commerce;37000;Tours;37261;37;Centre-Val de Loire;47.3974;0.6532;contact@provencemobili.fr;05.57.04.86.01;2019-03-07;2021-02-24;INACTIF;95;90122;COM-0048;oui
CLI-01432;Alizé Matériaux SA;PRO;TPE;11364497986308;117 rue Pasteur;76600;Le Havre;76351;76;Normandie;49.4912;0.0613;contact@alizemateriaux.fr;0501821493;2022-09-03;2022-10-04;ACTIF;66;244567;COM-0023;oui
CLI-02116;Grand Large Agroalimentaire SCOP;PRO;PME;67711936237349;41 rue des Acacias;78000;Versailles;78646;78;Île-de-France;48.7532;2.1646;contact@grandlargeagro.fr;+33451743646;2020-02-04;2023-12-10;ACTIF;109;50538;COM-0049;oui
CLI-00546;Tramontane Mobilier EURL;PRO;TPE;;55 allée des Peupliers;05000;Gap;05061;05;Provence-Alpes-Côte d’Azur;44.6052;6.0934;contact@tramontanemobi.fr;04.21.27.49.57;2019-11-04;2019-12-04;RESILIE;1;301098;COM-0001;oui
CLI-01035;Énergie Maintenance SASU;PRO;TPE;92856261733847;1 rue des Acacias;44600;Saint-Nazaire;44184;44;Pays de la Loire;47.3279;-2.1635;contact@energiemainten.fr;+33137863674;2015-10-12;2025-05-31;ACTIF;42;311907;COM-0016;non
CLI-01804;Comptoir Électricité SA;PRO;TPE;75919571748324;89 avenue Jean Jaurès;66000;Perpignan;66136;66;Occitanie;42.6944;2.9389;contact@comptoirelectr.fr;07 45 01 06 68;2021-07-25;2022-12-14;ACTIF;172;8074;COM-0055;oui
CLI-01058;Escale Équipements SCOP;PRO;PME;26768276093054;7 rue de l’Industrie;66000;Perpignan;66136;66;Occitanie;42.6685;2.9452;contact@escaleequipeme.fr;01.42.06.15.62;2025-07-24;2025-07-24;ACTIF;197;106104;COM-0011;oui
CLI-01299;Logistique Distribution EURL;PRO;TPE;49011736257130;36 rue du Commerce;68000;Colmar;68066;68;Grand Est;48.0914;7.4023;contact@logistiquedist.fr;0726664539;2016-11-25;2017-07-04;ACTIF;216;304299;COM-0023;oui
CLI-01988;Prisme Électricité SCOP;PRO;Collectivité;89747319292782;88 avenue Jean Jaurès;83000;Toulon;83137;83;Provence-Alpes-Côte d’Azur;43.135;5.9707;contact@prismeelectric.fr;07.28.74.31.81;2020-12-14;2023-12-30;ACTIF;171;-66337;COM-0041;oui
CLI-01773;Grand Large Emballages SASU;PRO;Grands comptes;42303146046154;72 rue de la République;35400;Saint-Malo;35288;35;Bretagne;48.6048;-1.9862;contact@grandlargeemba.fr;0594869102;2022-03-29;2022-04-30;ACTIF;87;22290;COM-0058;non
CLI-00976;Atlantique Négoce SASU;PRO;PME;19250451938249;28 allée des Peupliers;91000;Évry-Courcouronnes;91228;91;Île-de-France;48.6318;2.4395;contact@atlantiquenego.fr;+33752418352;2024-11-26;2025-05-05;ACTIF;1;534127;COM-0021;non
CLI-02212;Solstice Mobilier SA;PRO;PME;53380063943975;90 place du Marché;71100;Chalon-sur-Saône;71076;71;Bourgogne-Franche-Comté;46.7476;4.8817;contact@solsticemobili.fr;05 95 84 41 08;2015-10-24;2022-12-15;EN COURS;1;202206;COM-0002;oui
CLI-01111;Énergie Conseil SARL;PRO;TPE;28601071674722;20 avenue Jean Jaurès;14000;Caen;14118;14;Normandie;49.1931;-0.3652;contact@energieconseil.fr;+33686382748;2022-12-07;2025-07-28;ACTIF;47;80979;COM-0028;oui
CLI-02381;M. Jean Lopez;PART;Particulier;;167 rue des Acacias;13300;Salon-de-Provence;13103;13;Provence-Alpes-Côte d’Azur;43.6145;5.0771;jean.lopez@courriel-demo.fr;+33345991383;2023-07-10;2024-06-21;ACTIF;;294;COM-0026;oui
CLI-00870;Maritime Solutions EURL;PRO;TPE;85447745796472;60 rue Pasteur;53000;Laval;53130;53;Pays de la Loire;48.0619;-0.7744;contact@maritimesoluti.fr;0565555634;2025-03-27;2026-04-03;ACTIF;83;139356;COM-0019;oui
CLI-00942;Mme Céline Gauthier;PART;Particulier;;19 quai des Docks;17000;La Rochelle;17300;17;Nouvelle-Aquitaine;46.198;-1.1609;celine.gauthier@courriel-demo.fr;02.77.00.43.64;2016-02-11;2017-10-05;ACTIF;;3052;COM-0057;oui
CLI-02379;Solstice Matériaux SA;PRO;PME;59860746913647;114 avenue de la Gare;87000;Limoges;87085;87;Nouvelle-Aquitaine;45.8219;1.2381;contact@solsticemateri.fr;0462764116;2021-01-29;2022-08-17;PROSPECT;2;511576;COM-0058;non
CLI-00039;Belvédère Bâtiment SCOP;PRO;TPE;;1 rue de l’Industrie;91000;Évry-Courcouronnes;91228;91;Île-de-France;48.6188;2.4262;contact@belvederebatim.fr;0563991955;2025-03-21;2025-07-29;INACTIF;46;119686;COM-0060;oui
CLI-00192;Mme Christine Garcia;PART;Particulier;;24 rue de l’Industrie;33700;Mérignac;33281;33;Nouvelle-Aquitaine;44.8652;-0.6616;christine.garcia@courriel-demo.fr;+33480115344;2026-06-22;2026-07-12;ACTIF;;2393;COM-0041;oui
CLI-01613;M. Benoît André;PART;Particulier;;26 rue de la République;25000;Besançon;25056;25;Bourgogne-Franche-Comté;47.2357;6.0397;benoit.andre@courriel-demo.fr;0728262799;2025-02-18;2026-01-29;RESILIE;;2545;COM-0057;oui
CLI-00692;Solstice Matériaux SASU;PRO;Grands comptes;41871816190352;10 rue de l’Industrie;92000;Nanterre;92050;92;Île-de-France;48.9358;2.2337;contact@solsticemateri.fr;04.73.32.33.09;2026-02-10;2026-03-07;ACTIF;79;58787;COM-0055;non
CLI-01882;Aurore Conseil SARL;PRO;TPE;17712692006156;69 rue des Acacias;37000;Tours;37261;37;Centre-Val de Loire;47.4195;0.7265;contact@auroreconseils.fr;04.30.47.69.57;2026-03-30;2026-04-03;PROSPECT;202;142677;COM-0029;oui
CLI-00521;Vallée Mobilier SARL;PRO;Grands comptes;80616281779902;130 impasse des Lilas;34000;Montpellier;34172;34;Occitanie;43.6096;3.8444;contact@valleemobilier.fr;+33353490616;2019-06-16;2020-07-30;ACTIF;126;44257;COM-0023;non
CLI-00958;Prisme Maintenance SA;PRO;Grands comptes;47633910888106;84 rue de la République;18000;Bourges;18033;18;Centre-Val de Loire;47.075;2.4499;contact@prismemaintena.fr;06 23 40 94 65;2021-10-05;2023-08-06;PROSPECT;55;392602;COM-0046;oui
CLI-00038;Mme Manon Durand;PART;Particulier;;104 quai des Docks;79000;Niort;79191;79;Nouvelle-Aquitaine;46.2819;-0.5062;manon.durand@courriel-demo.fr;0545599992;2020-05-07;2024-08-02;RESILIE;;3155;COM-0017;oui
CLI-01747;Mme Sylvie Henry;PART;Particulier;;84 route de Bordeaux;58000;Nevers;58194;58;Bourgogne-Franche-Comté;47.0136;3.1762;sylvie.henry@courriel-demo.fr;+33557918570;2025-05-09;2026-07-14;ACTIF;;1401;COM-0048;non
CLI-01214;Mme Élodie Lefèvre;PART;Particulier;;97 avenue du Général Leclerc;20200;Bastia;2B033;2B;Corse;42.7195;9.4606;elodie.lefevre@courriel-demo.fr;0583243051;2020-06-18;2021-12-27;PROSPECT;;3576;COM-0040;oui
CLI-00675;Cévennes Conseil SAS;PRO;Collectivité;61105885657176;144 rue Pasteur;45000;Orléans;45234;45;Centre-Val de Loire;47.8703;1.8961;contact@cevennesconsei.fr;01 35 69 05 68;2020-07-23;2026-04-23;ACTIF;1;295392;COM-0043;oui
CLI-01841;Nord Ouest Électricité SA;PRO;Grands comptes;05357516560023;167 boulevard Victor Hugo;30000;Nîmes;30189;30;Occitanie;43.8721;4.4095;contact@nordouestelect.fr;01 46 18 63 87;2026-07-30;2026-08-01;ACTIF;1;453215;COM-0024;oui
;;;;;;;;;;;;;;;;;;;;;
CLI-02012;Logistique Conseil EURL;PRO;Grands comptes;inconnu;28 route de Bordeaux;68100;Mulhouse;68224;68;Grand Est;47.7141;7.3202;contact@logistiquecons.fr;+33488576430;2025-09-07;2026-07-25;ACTIF;20;375507;COM-0003;oui
CLI-02228;Logistique Bâtiment EURL;PRO;Collectivité;15166579722303;31 place du Marché;50100;Cherbourg-En-Cotentin;50129;50;Normandie;49.6369;-1.6186;contact@logistiquebati.fr;01.83.89.34.26;2023-09-10;2024-02-02;ACTIF;97;274240;COM-0048;oui
CLI-00011;Distribution Papeterie SAS;PRO;Grands comptes;61236644847904;54 avenue Jean Jaurès;38000;Grenoble;38185;38;Auvergne-Rhône-Alpes;45.2396;5.7279;contact@distributionpa.fr;+33205212024;2025-10-10;2026-03-11;INACTIF;25;84174;COM-0025;non
CLI-02111;Comptoir Électricité EURL;PRO;Grands comptes;64661445294567;154 rue Pasteur;02100;Saint-Quentin;02691;02;Hauts-de-France;49.8849;3.2937;contact@comptoirelectr.fr;01.26.92.27.71;2019-07-19;2020-09-16;ACTIF;1;162947;COM-0013;non
CLI-02025;M. Mathieu Durand;PART;Particulier;;101 boulevard Victor Hugo;91000;ÉVRY-COURCOURONNES;91228;91;Île-de-France;48.6532;2.4786;mathieu.durand@courriel-demo.fr;0591415574;2021-07-21;2026-03-02;ACTIF;;3390;COM-0002;non
CLI-01254;Mme Julie Faure;PART;Particulier;;179 chemin des Vignes;86000;Poitiers;86194;86;Nouvelle-Aquitaine;46.5985;0.3374;julie.faure@courriel-demo.fr;+33646335613;2019-01-08;2023-07-21;ACTIF;;3230;COM-0011;oui
CLI-00876; Tramontane Bâtiment SA;PRO;TPE;45479062611277;112 chemin des Vignes;93200;Saint-Denis;93066;93;Île-de-France;48.9437;2.3916;contact@tramontanebati.fr;07 61 05 59 29;2020-11-13;2021-03-19;ACTIF;133;332941;COM-0058;non
CLI-01374;M. Alain Leroy;PART;Particulier;;29 rue des Acacias;06000;Nice;06088;06;Provence-Alpes-Côte d’Azur;43.6799;7.258;alain.leroy@courriel-demo.fr;07 75 05 96 05;2025-02-13;2026-04-14;ACTIF;;2945;COM-0019;non
CLI-01328;Alizé Matériaux SASU;PRO;Collectivité;80823997596288;156 rue de la République;13001;Marseille;13055;13;Provence-Alpes-Côte d’Azur;43.2995;5.3723;contact@alizemateriaux.fr;0667199745;2019-02-25;2023-02-22;PROSPECT;142;201169;COM-0011;oui
CLI-02145;Pyrénées Conseil SA;PRO;PME;34315900001070;152 boulevard Victor Hugo;11000;Carcassonne;11069;11;Occitanie;43.2386;2.3144;contact@pyreneesconsei.fr;06.87.85.39.00;2022-06-04;2024-02-02;ACTIF;236;383906;COM-0036;oui
CLI-00645;Provence Industries SCOP;PRO;TPE;93763700929371;118 allée des Peupliers;13001;Marseille;13055;13;Provence-Alpes-Côte d’Azur;43.2653;5.3611;contact@provenceindust.fr;05.12.64.54.57;2016-07-14;2018-11-12;ACTIF;317;33833;COM-0048;oui
CLI-00108;Ateliers Conseil SASU;PRO;PME;42204147444943;113 rue du Commerce;13100;Aix-en-Provence;13001;13;Provence-Alpes-Côte d’Azur;43.5711;5.4887;contact@ateliersconsei.fr;07.45.12.25.87;2025-05-23;2026-07-22;ACTIF;99;246727;COM-0023;oui
CLI-00795;Ateliers Agroalimentaire SCOP;PRO;Grands comptes;;61 avenue du Général Leclerc;85000;La Roche-sur-Yon;85191;85;Pays de la Loire;46.6424;-1.4342;contact@ateliersagroal.fr;0769264174;2023-08-01;2025-10-24;RESILIE;102;101981;COM-0042;non
CLI-00365;Mme Marie Guérin;PART;Particulier;;149 avenue Jean Jaurès;12000;Rodez;12202;12;Occitanie;44.3046;2.5685;marie.guerin@courriel-demo.fr;+33146581114;2023-10-19;2024-04-01;ACTIF;;219;COM-0049;oui
CLI-00531;Prisme Solutions EURL;PRO;Grands comptes;06481152568693;15 rue des Acacias;69100;Villeurbanne;69266;69;Auvergne-Rhône-Alpes;45.726;4.8962;contact@prismesolution.fr;+33274604613;2018-11-12;2019-09-18;PROSPECT;268;-52311;COM-0014;oui
CLI-02098;Mme Marie Henry;PART;Particulier;;44 rue de l’Industrie;71100;Chalon-sur-Saône;71076;71;Bourgogne-Franche-Comté;46.7952;4.8967;marie.henry@courriel-demo.fr;06.03.86.37.09;2026-07-04;2026-07-29;ACTIF;;2243;COM-0031;oui
CLI-00333;Escale Matériaux SCOP;PRO;PME;;42 rue de l’Industrie;42000;Saint-Étienne;42218;42;Auvergne-Rhône-Alpes;45.4059;4.3409;contact@escalemateriau.fr;0243916488;2019-01-10;2022-03-15;ACTIF;55;187711;COM-0050;non
CLI-00414;Mme Laure Leroy;PART;Particulier;;80 rue du Commerce;95100;Argenteuil;95018;95;Île-de-France;48.9223;2.2284;laure.leroy@courriel-demo.fr;0222741547;2022-04-27;2024-05-01;PROSPECT;;1125;COM-0010;oui
CLI-00520;Mme Amandine Blanc;PART;Particulier;;76 avenue du Général Leclerc;93200;Saint-Denis;93066;93;Île-de-France;48.9745;2.3588;amandine.blanc@courriel-demo.fr;+33373171752;2026-05-08;2026-07-20;ACTIF;;3212;COM-0002;oui
CLI-01644;M. Jean Mercier;PART;Particulier;;111 avenue Jean Jaurès;33700;Mérignac;33281;33;Nouvelle-Aquitaine;44.8402;-0.6677;jean.mercier@courriel-demo.fr;+33552945419;2021-09-17;2022-05-01;INACTIF;;1805;COM-0017;oui
CLI-02242;Manufacture Négoce SASU;PRO;PME;65665958237936;23 avenue du Général Leclerc;87000;Limoges;87085;87;Nouvelle-Aquitaine;45.8145;1.2689;contact@manufactureneg.fr;05 51 82 16 77;2024-02-25;2026-02-26;ACTIF;102;259636;COM-0060;non
CLI-00186;Mme Léa Laurent;PART;Particulier;;144 allée des Peupliers;12000;Rodez;12202;12;Occitanie;44.3396;2.5716;lea.laurent@courriel-demo.fr;+33252939495;2021-02-15;2022-10-18;ACTIF;;1830;COM-0048;oui
CLI-00925;M. Ludovic Legrand;PART;Particulier;;28 rue des Acacias;76000;Rouen;76540;76;Normandie;49.43;1.1169;ludovic.legrand@courriel-demo.fr;+33168777201;2023-06-19;2025-09-25;A CONFIRMER;;458;COM-0025;oui
CLI-01820;Atlantique Bâtiment EURL;PRO;Grands comptes;76061784730840;175 avenue du Général Leclerc;56000;Vannes;56260;56;Bretagne;47.6582;-2.7742;contact@atlantiquebati.fr;07 42 52 10 02;2026-07-05;2026-09-07;RESILIE;74;-117399;COM-0049;oui
CLI-01851;Tramontane Électricité SAS;PRO;Grands comptes;01898836483650;166 rue de l’Industrie;37000;Tours;37261;37;Centre-Val de Loire;47.4076;0.6454;contact@tramontaneelec.fr;07.93.77.91.23;2017-10-30;2024-09-13;INACTIF;178;417045;COM-0053;oui
CLI-01422;Escale Distribution SA;PRO;TPE;46591526639364;126 impasse des Lilas;44600;Saint-Nazaire;44184;44;Pays de la Loire;47.2694;-2.2426;contact@escaledistribu.fr;02 24 39 66 94;2020-05-22;2024-01-19;ACTIF;1;-32446;COM-0034;oui
CLI-01020;Logistique Solutions SA;PRO;TPE;12752740503173;10 chemin des Vignes;28000;Chartres;28085;28;Centre-Val de Loire;48.4286;1.4635;contact@logistiquesolu.fr;+33601782104;2026-03-22;2026-04-12;ACTIF;116;7483;COM-0046;non
CLI-00910;M. Franck Garnier;PART;Particulier;;53 rue du Commerce;77100;Meaux;77284;77;Île-de-France;48.9242;2.833;franck.garnier@courriel-demo.fr;0664614370;2021-06-05;2023-11-04;ACTIF;;928;COM-0031;non
CLI-01590;Sillon Transports SARL;PRO;TPE;00753795447266;122 rue de l’Industrie;77100;Meaux;77284;77;Île-de-France;48.9348;2.8558;contact@sillontranspor.fr;07.10.98.48.41;2017-06-09;2026-03-19;ACTIF;100;4945;COM-0015;oui
CLI-00668;M. Sébastien Fontaine;PART;Particulier;;71 route de Bordeaux;83600;Fréjus;83061;83;Provence-Alpes-Côte d’Azur;43.4709;6.7006;sebastien.fontaine;0733546132;2025-03-17;2025-04-10;RESILIE;;3574;COM-0017;oui
CLI-00497;Tramontane Papeterie SA;PRO;Collectivité;82777136186036;18 rue du Commerce;92100;Boulogne-Billancourt;92012;92;Île-de-France;48.8584;2.2165;contact@tramontanepape.fr;0183555277;2021-11-26;2023-03-15;PROSPECT;147;281679;COM-0006;oui
CLI-00478;Prisme Équipements SCOP;PRO;TPE;40369562254994;52 boulevard Victor Hugo;02100;Saint-Quentin;02691;02;Hauts-de-France;49.8644;3.3058;contact@prismeequipeme.fr;0547893750;2022-12-23;2024-02-04;ACTIF;43;292965;COM-0055;non
CLI-00906;Mme Élodie Robin;PART;Particulier;;159 avenue Jean Jaurès;83000;Toulon;83137;83;Provence-Alpes-Côte d’Azur;43.1644;5.8915;elodie.robin@courriel-demo.fr;0374687199;2025-09-04;2025-09-17;INACTIF;;3195;COM-0001;oui
CLI-00603;M. Olivier Moreau;PART;Particulier;;113 rue Pasteur;30000;Nîmes;30189;30;Occitanie;43.7938;4.3887;olivier.moreau@courriel-demo.fr;03.47.14.90.47;2021-03-18;2025-02-04;ACTIF;;2599;COM-0042;oui
CLI-01038;M. Cédric Lopez;PART;Particulier;;128 rue de la République;18000;Bourges;18033;18;Centre-Val de Loire;47.0808;2.4127;cedric.lopez at courriel-demo.fr;+33308074825;2024-03-01;2025-07-09;RESILIE;;1764;COM-0036;oui
CLI-01179;M. Jean Roux;PART;Particulier;;51 boulevard Victor Hugo;20200;Bastia;2B033;2B;Corse;42.6622;9.4748;jean.roux@courriel-demo.fr;07.02.82.64.19;2017-05-26;2019-09-22;INACTIF;;3259;COM-0015;oui
CLI-01191;Sillon Bâtiment SCOP;PRO;Collectivité;71846564750469;96 allée des Peupliers;76600;Le Havre;76351;76;Normandie;49.467;0.1063;contact@sillonbatiment.fr;0567937625;2017-12-02;2017-12-29;ACTIF;1;298079;COM-0031;oui
CLI-00609;M. Pierre Nicolas;PART;Particulier;;122 quai des Docks;51100;Reims;51454;51;Grand Est;49.2333;4.0546;pierre.nicolas@courriel-demo.fr;06.41.15.31.61;2026-01-01;2026-02-10;ACTIF;;2876;COM-0029;oui
CLI-00338;Mme Valérie Moreau;PART;Particulier;;4 boulevard Victor Hugo;02100;Saint-Quentin;02691;02;Hauts-de-France;49.83;3.2875;valerie.moreau;0619448491;2021-11-28;2023-07-01;ACTIF;;741;COM-0031;oui
CLI-00996;M. Franck Roux;PART;Particulier;;38 boulevard Victor Hugo;53000;Laval;53130;53;Pays de la Loire;48.0241;-0.8051;franck.roux@courriel-demo.fr;+33639561768;2019-02-04;2022-09-18;PROSPECT;;1031;COM-0001;oui
CLI-00107;Maritime Négoce SASU;PRO;TPE;89130633924536;135 chemin des Vignes;59000;Lille;59350;59;Hauts-de-France;50.6779;3.1001;contact@maritimenegoce.fr;06.48.07.10.88;2019-10-02;2020-08-30;ACTIF;1;239191;COM-0015;oui
CLI-00862;Distribution Solutions SA;PRO;Collectivité;48547860719330;119 rue Pasteur;58000;Nevers;58194;58;Bourgogne-Franche-Comté;46.9804;3.1434;contact@distributionso.fr;0348370966;2024-07-24;2026-04-01;ACTIF;13;137917;COM-0057;oui
CLI-01324;Prisme Conseil SARL;PRO;Collectivité;00569561320203;160 avenue du Général Leclerc;82000;Montauban;82121;82;Occitanie;44.0509;1.3714;contact@prismeconseils.fr;04 45 45 08 92;2024-06-29;2027-06-02;ACTIF;37;219398;COM-0024;oui
CLI-00744;Logistique Maintenance SARL;PRO;Grands comptes;99453233403842;90 avenue Jean Jaurès;67000;Strasbourg;67482;67;Grand Est;48.5225;7.7994;contact at logistiquemain.fr;07 44 86 59 84;2017-03-04;2017-10-17;INACTIF;1;274532;COM-0035;oui
CLI-00406;M. Ludovic Mercier;PART;Particulier;;53 quai des Docks;94000;Créteil;94028;94;Île-de-France;48.767;2.4687;ludovic.mercier@courriel-demo.fr;+33608925914;2023-04-01;2025-06-05;ACTIF;;2741;COM-0051;oui
CLI-00381; Distribution Électricité SASU;PRO;TPE;68766326764091;139 place du Marché;59140;Dunkerque;59183;59;Hauts-de-France;51.042;2.4164;contact@distributionel.fr;+33710667264;2015-12-22;2021-06-26;ACTIF;104;195990;COM-0056;oui
CLI-00850;Vallée Agroalimentaire SCOP;PRO;Grands comptes;77933914901395;123 impasse des Lilas;82000;Montauban;82121;82;Occitanie;44.0105;1.3394;contact;0361160008;2015-12-04;2016-01-05;ACTIF;86;425257;COM-0034;oui
CLI-00799;Alizé Transports EURL;PRO;Collectivité;43880984344604;98 chemin des Vignes;41000;Blois;41018;41;Centre-Val de Loire;47.5461;1.3167;contact@alizetransport.fr;+33322954347;2016-02-05;2025-02-15;ACTIF;25;391659;COM-0040;non
CLI-02074;Distribution Maintenance SARL;PRO;Grands comptes;88091920119664;154 chemin des Vignes;02100;Saint-Quentin;02691;02;Hauts-de-France;49.8703;3.2779;contact;01 84 49 72 52;2024-12-02;2025-04-12;ACTIF;10;-1826;COM-0033;non
CLI-00051;Logistique Solutions SASU;PRO;PME;19391393416274;179 rue de l’Industrie;14000;Caen;14118;14;Normandie;49.2119;-0.3678;contact@logistiquesolu.fr;05 02 72 11 93;2023-03-04;2023-04-05;INACTIF;167;61034;COM-0059;oui
CLI-00502;Grand Large Solutions SCOP;PRO;Collectivité;16483969041393;18 chemin des Vignes;49000;Angers;49007;49;Pays de la Loire;47.449;-0.5376;contact@grandlargesolu.fr;01.60.36.04.39;2019-02-19;2021-02-23;ACTIF;20;178846;COM-0042;oui
CLI-01828;M. Grégory Dubois;PART;Particulier;;119 avenue de la Gare;42300;Roanne;42187;42;Auvergne-Rhône-Alpes;45.9942;4.0662;gregory.dubois@courriel-demo.fr;+33776415340;2024-02-28;2025-11-16;ACTIF;;576;COM-0044;oui
CLI-01106;Mme Inès Fontaine;PART;Particulier;;70 rue Pasteur;35000;Rennes;35238;35;Bretagne;48.1319;-1.6767;ines.fontaine@courriel-demo.fr;01.50.95.31.60;2021-05-30;2026-06-01;ACTIF;;883;COM-0022;oui
CLI-00809;Mme Léa Thomas;PART;Particulier;;166 allée des Peupliers;59000;Lille;59350;59;Hauts-de-France;50.613;3.0305;lea.thomas@courriel-demo.fr;04 03 89 43 39;2020-10-16;2024-06-08;ACTIF;;3073;COM-0001;oui
CLI-01153;Pyrénées Papeterie SARL;PRO;Collectivité;74953418238605;151 avenue Jean Jaurès;64000;Pau;64445;64;Nouvelle-Aquitaine;43.2535;-0.3771;contact@pyreneespapete.fr;0356937474;2022-12-07;2026-06-12;PROSPECT;59;321371;COM-0052;oui
CLI-02139;Comptoir Agroalimentaire SARL;PRO;TPE;05093460691980;123 avenue du Général Leclerc;89000;Auxerre;89024;89;Bourgogne-Franche-Comté;47.8188;3.571;contact@comptoiragroal.fr;+33315251455;2017-09-18;2021-09-24;PROSPECT;72;443851;COM-0043;oui
CLI-01279;Logistique Distribution SAS;PRO;Grands comptes;58725049636917;123 rue Pasteur;42000;Saint-Étienne;42218;42;Auvergne-Rhône-Alpes;45.4296;4.388;contact@logistiquedist.fr;06 15 70 76 35;2016-01-07;2022-09-23;ACTIF;1;1253;COM-0057;oui
CLI-01831;Logistique Papeterie EURL;PRO;Grands comptes;09912236900406;75 rue des Acacias;22000;Saint-Brieuc;22278;22;Bretagne;48.4922;-2.7934;contact@logistiquepape.fr;+33617638468;2025-07-05;2025-10-10;ACTIF;49;184898;COM-0013;oui
CLI-01447;Maritime Conseil SCOP;PRO;TPE;06970808624470;113 rue des Acacias;33000;Bordeaux;33063;33;Nouvelle-Aquitaine;44.8347;-0.6215;contact@maritimeconsei.fr;03 89 12 17 76;2017-08-05;2024-02-28;PROSPECT;37;-12615;COM-0003;non
CLI-00285;Solstice Emballages EURL;PRO;PME;17631508336161;137 avenue de la Gare;92000;Nanterre;92050;92;Île-de-France;48.8497;2.2033;contact;02.78.30.54.32;2024-12-18;2026-03-13;ACTIF;83;405492;COM-0015;oui
CLI-00229;Mme Virginie Laurent;PART;Particulier;;38 rue Pasteur;45000;Orléans;45234;45;Centre-Val de Loire;47.9024;1.9256;virginie.laurent@courriel-demo.fr;+33632669582;2021-06-28;2024-07-21;ACTIF;;2128;COM-0038;oui
CLI-00825;Distribution Matériaux SA;PRO;TPE;80619489507917;26 rue Pasteur;20200;Bastia;2B033;2B;Corse;42.6518;9.423;contact@distributionma.fr;06.95.90.50.31;2015-12-08;2021-03-19;ACTIF;109;231661;COM-0020;oui
CLI-01859;Grand Large Maintenance SASU;PRO;PME;79260813892041;29 quai des Docks;92000;Nanterre;92050;92;Île-de-France;48.8843;2.2298;contact@grandlargemain.fr;05 01 31 18 45;2019-01-31;2023-06-12;ACTIF;141;47265;COM-0028;non
CLI-00534;Solstice Maintenance EURL;PRO;PME;95908753314900;51 impasse des Lilas;33000;Bordeaux;33063;33;Nouvelle-Aquitaine;44.8075;-0.5493;contact@solsticemainte.fr;+33711888356;2017-09-03;2020-04-24;ACTIF;68;171486;COM-0048;non
CLI-02002;Mme Marion Gauthier;PART;Particulier;;97 boulevard Victor Hugo;33700;Mérignac;33281;33;Nouvelle-Aquitaine;44.8867;-0.6173;marion.gauthier@courriel-demo.fr;0682662423;2023-12-20;2024-01-23;ACTIF;;366;COM-0030;non
CLI-02030;Atlantique Emballages EURL;PRO;PME;14700512927334;2 boulevard Victor Hugo;12000;Rodez;12202;12;Occitanie;44.3463;2.5989;contact@atlantiqueemba.fr;02 31 78 70 36;2021-06-24;2022-04-23;PROSPECT;115;196410;COM-0040;oui
CLI-00281;Mme Lucie Morel;PART;Particulier;;105 allée des Peupliers;06130;Grasse;06069;06;Provence-Alpes-Côte d’Azur;43.6135;6.9616;lucie.morel@courriel-demo.fr;0788398092;2023-03-07;2024-06-28;ACTIF;;1139;COM-0026;non
CLI-00254;Mme Manon Garnier;PART;Particulier;;85 route de Bordeaux;63000;CLERMONT-FERRAND;63113;63;Auvergne-Rhône-Alpes;45.7707;3.0448;manon.garnier@courriel-demo.fr;03.01.71.84.33;2018-02-22;2022-12-04;ACTIF;;886;COM-0028;non
CLI-00348;Énergie Équipements SASU;PRO;PME;13917084348059;65 boulevard Victor Hugo;11100;Narbonne;11262;11;Occitanie;43.2149;3.022;contact@energieequipem.fr;+33586812243;2024-06-30;2024-06-30;ACTIF;124;262794;COM-0056;oui
CLI-00623;Mme Julie Robin;PART;Particulier;;131 boulevard Victor Hugo;17000;La Rochelle;17300;17;Nouvelle-Aquitaine;46.2001;-1.1522;julie.robin@courriel-demo.fr;+33279542441;2023-03-05;2026-09-06;PROSPECT;;1007;COM-0006;non
CLI-00264;Alizé Équipements SARL;PRO;TPE;92765552981032;150 boulevard Victor Hugo;56100;Lorient;56121;56;Bretagne;47.7507;-3.3269;contact@alizeequipemen.fr;02.29.79.87.77;2021-09-17;2021-09-17;RESILIE;1;156053;COM-0015;oui
CLI-01054;Mme Sarah Lefèvre;PART;Particulier;;126 quai des Docks;14000;Caen;14118;14;Normandie;49.1469;-0.4089;sarah.lefevre@courriel-demo.fr;0631138821;2022-02-21;2022-09-11;ACTIF;;3483;COM-0058;oui
CLI-00747;Grand Large Bâtiment EURL;PRO;PME;38745166476271;140 quai des Docks;22000;Saint-Brieuc;22278;22;Bretagne;48.5294;-2.7708;contact@grandlargebati.fr;06.13.46.38.24;2019-12-26;2020-03-23;ACTIF;1;9638;COM-0028;oui
CLI-01207;Manufacture Transports SARL;PRO;Grands comptes;59641777439994;26 chemin des Vignes;49000;Angers;49007;49;Pays de la Loire;47.4928;-0.5311;contact@manufacturetra.fr;03.37.57.33.76;2017-07-27;2018-02-03;ACTIF;27;305047;COM-0014;oui
CLI-00630;Belvédère Distribution SAS;PRO;Grands comptes;;49 rue de la République;74000;La Roche-sur-Yon;85191;85;Pays de la Loire;46.6255;-1.4344;contact@belvederedistr.fr;+33740016465;2020-03-29;2020-04-05;ACTIF;155;35605;COM-0048;oui
CLI-01205;Maritime Conseil EURL;PRO;TPE;18583840447230;65 rue de la République;59000;Lille;59350;59;Hauts-de-France;50.6763;3.0481;contact@maritimeconsei.fr;0108588982;2022-08-11;2026-03-31;ACTIF;75;338944;COM-0009;oui
CLI-00314;Mme Émilie Bonnet;PART;Particulier;;168 avenue Jean Jaurès;80000;Amiens;80021;80;Hauts-de-France;49.867;2.259;emilie.bonnet@courriel-demo.fr;07.25.51.81.62;2019-12-14;2023-11-19;ACTIF;;1155;COM-0038;oui
CLI-00591;Manufacture Papeterie SAS;PRO;Grands comptes;55444677548008;99 chemin des Vignes;72000;Le Mans;72181;72;Pays de la Loire;47.9964;0.2137;contact@manufacturepap.fr;+33591632679;2016-09-02;2022-01-08;ACTIF;149;273796;COM-0001;non
CLI-02278;M. Antoine Dupont;PART;Particulier;;1 allée des Peupliers;25000;Besançon;25056;25;Bourgogne-Franche-Comté;47.2375;5.9961;antoine.dupont@courriel-demo.fr;0342818234;2020-04-15;2025-12-08;ACTIF;;351;COM-0055;oui
CLI-00579;Boréal Industries SAS;PRO;TPE;44568772908506;15 quai des Docks;62100;Calais;62193;62;Hauts-de-France;50.9687;1.8545;contact@borealindustri.fr;+33423391217;2025-11-02;2025-11-26;ACTIF;98;330664;COM-0010;oui
CLI-01945;M. Jean Robin;PART;Particulier;;79 quai des Docks;47000;Agen;47001;47;Nouvelle-Aquitaine;44.1713;0.6171;jean.robin@courriel-demo.fr;02.82.63.61.89;2024-07-28;2024-12-14;ACTIF;;254;COM-0043;oui
CLI-02241;Énergie Bâtiment SASU;PRO;Collectivité;24991989715670;25 avenue du Général Leclerc;01000;Bourg-en-Bresse;01053;01;Auvergne-Rhône-Alpes;46.1639;5.2707;contact@energiebatimen.fr;01 02 92 34 40;2026-07-28;2026-08-11;ACTIF;1;356661;COM-0008;oui
CLI-00224;Mme Delphine Perrin;PART;Particulier;;1 impasse des Lilas;79000;Niort;79191;79;Nouvelle-Aquitaine;46.293;-0.4648;delphine.perrin@courriel-demo.fr;+33285190722;2024-09-09;2026-08-25;ACTIF;;944;COM-0054;oui
CLI-01242; Comptoir Matériaux SA;PRO;Grands comptes;17136132279464;153 rue Pasteur;34000;Montpellier;34172;34;Occitanie;43.5601;3.8713;contact@comptoirmateri.fr;06 54 12 04 91;2020-06-23;2025-09-24;PROSPECT;238;244618;COM-0052;oui
CLI-02223;Distribution Transports SA;PRO;Collectivité;25744478301989;2 chemin des Vignes;76000;Rouen;76540;76;Normandie;49.4225;1.1431;contact@distributiontr.fr;06.05.42.57.22;2015-11-03;2027-06-20;ACTIF;104;6856;COM-0013;oui
CLI-01635;Mme Isabelle Guérin;PART;Particulier;;169 rue Pasteur;87000;Limoges;87085;87;Nouvelle-Aquitaine;45.8532;1.2392;isabelle.guerin@courriel-demo.fr;+33299014676;2018-04-24;2026-05-20;ACTIF;;3357;COM-0048;oui
CLI-01900;Énergie Électricité SA;PRO;PME;50227729006401;107 rue Pasteur;08000;Charleville-Mézières;08105;08;Grand Est;49.7821;4.7568;contact@energieelectri.fr;03.75.13.69.85;2021-04-13;2024-10-26;ACTIF;10;302911;COM-0033;non
CLI-02362;Tramontane Maintenance EURL;PRO;PME;51974750807337;75 place du Marché;08000;charleville-mézières;08105;08;Grand Est;49.7561;4.7632;contact@tramontanemain.fr;+33132574717;2019-07-24;2021-05-16;ACTIF;93;183145;COM-0029;oui
CLI-01875;Mme Amandine André;PART;Particulier;;146 allée des Peupliers;01000;Bourg-en-Bresse;01053;01;Auvergne-Rhône-Alpes;46.2417;5.2214;amandine.andre@courriel-demo.fr;04.77.00.50.85;2021-02-09;2021-04-25;INACTIF;;2474;COM-0018;non
CLI-00361;Comptoir Agroalimentaire SAS;PRO;TPE;79842805869861;142 allée des Peupliers;92100;Boulogne-Billancourt;92012;92;Île-de-France;48.8061;2.2709;contact@comptoiragroal.fr;06.15.40.50.22;2025-06-17;2025-10-10;ACTIF;1;175818;COM-0036;oui
CLI-00860;Nord Ouest Électricité EURL;PRO;TPE;58852687467618;148 avenue du Général Leclerc;29200;Brest;29019;29;Bretagne;48.4392;-4.4682;contact@nordouestelect.fr;+33441499417;2018-11-23;2023-05-08;PROSPECT;35;283863;COM-0045;oui
CLI-02039;Solstice Maintenance SCOP;PRO;Grands comptes;14405755476471;86 avenue du Général Leclerc;83600;Fréjus;83061;83;Provence-Alpes-Côte d’Azur;43.4361;6.7685;contact@solsticemainte.fr;04.84.26.62.15;2024-02-12;2026-08-07;INACTIF;1;74800;COM-0019;oui
CLI-01832;Maritime Équipements EURL;PRO;Grands comptes;49010341454980;59 rue de la République;91000;Évry-Courcouronnes;91228;91;Île-de-France;48.5906;2.3956;contact@maritimeequipe.fr;03.38.25.35.53;2017-07-15;2022-06-09;RESILIE;118;152033;COM-0004;oui
CLI-00558;Nord Ouest Mobilier SARL;PRO;PME;36066918545505;46 avenue du Général Leclerc;78000;versailles;78646;78;Île-de-France;48.8207;2.1122;contact@nordouestmobil.fr;07 91 79 35 32;2021-10-04;2023-05-15;INACTIF;257;242746;COM-0051;non
CLI-02261;Belvédère Électricité SASU;PRO;TPE;12614384195565;156 avenue Jean Jaurès;30000;Nîmes;30189;30;Occitanie;43.8015;4.4081;contact@belvedereelect.fr;02.83.57.55.23;2023-07-10;2024-07-05;INACTIF;1;327105;COM-0006;oui
CLI-01783;Comptoir Distribution SAS;PRO;PME;34690357230998;92 quai des Docks;65000;Tarbes;65440;65;Occitanie;43.1942;0.0314;contact@comptoirdistri.fr;0312631954;2019-05-24;2022-02-03;ACTIF;55;381897;COM-0020;oui
CLI-01000;Distribution Distribution EURL;PRO;TPE;35663635815054;9 rue du Commerce;47000;Agen;47001;47;Nouvelle-Aquitaine;44.245;0.6434;contact@distributiondi.fr;02 60 44 62 65;2019-01-04;2022-10-10;ACTIF;25;357897;COM-0003;non
CLI-00377;Mme Camille Bernard;PART;Particulier;;97 rue de la République;79000;Niort;79191;79;Nouvelle-Aquitaine;46.3627;-0.4122;camille.bernard@courriel-demo.fr;+33576158871;2019-12-22;2023-12-28;ACTIF;;2010;COM-0032;oui
CLI-01024;Énergie Solutions SAS;PRO;Collectivité;09218717970507;125 chemin des Vignes;68100;MULHOUSE;68224;68;Grand Est;47.7987;7.3875;contact@energiesolutio.fr;05 21 57 70 29;2018-05-18;2019-11-07;INACTIF;5;126530;COM-0004;oui
CLI-00371;Cristal Agroalimentaire EURL;PRO;Collectivité;73894886486804;155 place du Marché;36000;Châteauroux;36044;36;Centre-Val de Loire;46.8254;1.6435;contact@cristalagroali.fr;06 65 36 06 93;2024-12-25;2025-04-20;INACTIF;40;210653;COM-0036;non
CLI-02090;Logistique Mobilier SASU;PRO;PME;67803776831751;69 avenue du Général Leclerc;18000;BOURGES;18033;18;Centre-Val de Loire;47.1235;2.4425;contact@logistiquemobi.fr;0410128918;2020-11-17;2020-11-17;RESILIE;109;176311;COM-0034;oui
CLI-01984;Boréal Papeterie SARL;PRO;TPE;07333478620238;107 rue de la République;18000;Bourges;18033;18;Centre-Val de Loire;47.1156;2.4226;contact@borealpapeteri.fr;0288298282;2023-12-28;2024-11-16;ACTIF;18;270266;COM-0010;oui
CLI-00385;Vertigo Négoce SCOP;PRO;TPE;63608884196550;8 rue Pasteur;25000;Besançon;25056;25;Bourgogne-Franche-Comté;47.2893;5.9764;contact@vertigonegoces.fr;0223116834;2019-06-27;2024-10-02;INACTIF;233;46231;COM-0055;oui
CLI-01737;Provence Équipements SA;PRO;Collectivité;22339061383927;131 rue du Commerce;73000;Chambéry;73065;73;Auvergne-Rhône-Alpes;45.5639;5.965;contact@provenceequipe.fr;0674090969;2020-01-06;2025-08-18;PROSPECT;1;257549;COM-0034;oui
CLI-02020;Cévennes Électricité SCOP;PRO;Collectivité;10842912595636;145 rue Pasteur;83000;Toulon;83137;83;Provence-Alpes-Côte d’Azur;43.1506;5.8986;contact@cevenneselectr.fr;0660918522;2017-06-08;2022-08-19;ACTIF;33;302841;COM-0036;oui
CLI-00256;Aurore Solutions SARL;PRO;Collectivité;71524234606859;104 rue Pasteur;89000;Auxerre;89024;89;Bourgogne-Franche-Comté;47.8109;3.5275;contact@auroresolution.fr;04.66.62.34.05;2018-02-04;2022-12-06;ACTIF;123;379461;COM-0033;oui
CLI-01981;Grand Large Distribution SASU;PRO;TPE;39857579650560;120 rue de l’Industrie;34500;Béziers;34032;34;Occitanie;43.3266;3.2143;contact@grandlargedist.fr;07.25.81.80.85;2019-12-24;2021-10-29;ACTIF;39;423722;COM-0051;oui
CLI-00466;Pyrénées Maintenance EURL;PRO;Collectivité;32324276790003;151 allée des Peupliers;77100;Meaux;77284;77;Île-de-France;48.9686;2.8393;contact at pyreneesmainte.fr;01.28.17.91.29;2025-07-08;2025-08-17;PROSPECT;1;178304;COM-0015;oui
CLI-01380;Provence Matériaux SAS;PRO;PME;36956447373767;62 quai des Docks;28000;Chartres;28085;28;Centre-Val de Loire;48.4044;1.4659;contact@provencemateri.fr;01 37 41 51 47;2016-01-11;2019-10-16;ACTIF;194;-13589;COM-0006;oui
CLI-01233;Ateliers Industries SARL;PRO;Grands comptes;81828925992946;69 rue de la République;95000;Cergy;95127;95;Île-de-France;48.9942;2.0105;contact@ateliersindust.fr;+33144745166;2018-05-06;2023-08-05;INACTIF;99;359689;COM-0031;oui
CLI-01403;Nord Ouest Solutions EURL;PRO;Collectivité;01662267289163;119 avenue du Général Leclerc;68000;Colmar;68066;68;Grand Est;48.0373;7.4058;contact@nordouestsolut.fr;0581270167;2025-03-26;2026-07-27;ACTIF;1;162595;COM-0030;oui
CLI-01708;Mme Nathalie Moreau;PART;Particulier;;111 rue des Acacias;28000;Chartres;28085;28;Centre-Val de Loire;48.4874;1.5361;nathalie.moreau@courriel-demo.fr;02 79 38 87 78;2021-10-20;2025-03-09;ACTIF;;3851;COM-0041;non
CLI-01890; M. Romain Bertrand;PART;Particulier;;135 rue de la République;44000;Nantes;44109;44;Pays de la Loire;47.2503;-1.5612;romain.bertrand@courriel-demo.fr;+33678988157;2018-09-25;2021-05-09;INACTIF;;3543;COM-0043;oui
CLI-01121;Vallée Conseil SASU;PRO;PME;52386967159096;77 rue des Acacias;35400;Saint-Malo;35288;35;Bretagne;48.6821;-2.0532;contact@valleeconseils.fr;+33763210491;2025-07-12;2025-07-26;PROSPECT;153;139484;COM-0045;oui
CLI-01353;M. Fabien Roussel;PART;Particulier;;115 rue Pasteur;29200;Brest;29019;29;Bretagne;48.3821;-4.4899;fabien.roussel@courriel-demo.fr;03 55 54 48 66;2022-10-16;2022-12-28;ACTIF;;3078;COM-0011;oui
CLI-01692;Vallée Maintenance SARL;PRO;Grands comptes;60060531466755;129 chemin des Vignes;13100;Aix-en-Provence;13001;13;Provence-Alpes-Côte d’Azur;43.5709;5.4704;contact@valleemaintena.fr;+33618414409;2016-12-09;2024-01-01;ACTIF;31;135529;COM-0057;non
CLI-00353;Escale Solutions SARL;PRO;Grands comptes;72052306866580;86 rue de la République;77100;Meaux;77284;77;Île-de-France;48.9296;2.8875;contact@escalesolution.fr;03 48 86 47 72;2021-01-27;2023-02-09;PROSPECT;1;101462;COM-0053;oui
CLI-02363;Alizé Agroalimentaire SA;PRO;Collectivité;06017065055111;12 rue de l’Industrie;72000;Le Mans;72181;72;Pays de la Loire;48.0544;0.1745;contact@alizeagroalime.fr;0294960798;2026-06-21;2026-09-09;ACTIF;175;408797;COM-0012;oui
CLI-00833;Services Emballages SARL;PRO;Collectivité;48765899129263;167 allée des Peupliers;69100;Villeurbanne;69266;69;Auvergne-Rhône-Alpes;45.8054;4.8592;contact@servicesemball.fr;0396858677;2025-04-21;2026-07-06;ACTIF;1;325972;COM-0010;oui
CLI-01495;Ateliers Solutions SASU;PRO;TPE;59850700510056;32 avenue du Général Leclerc;78000;Versailles;78646;78;Île-de-France;48.7801;2.0927;contact@atelierssoluti.fr;06 75 56 30 63;2021-03-28;2025-05-17;ACTIF;3;132883;COM-0060;oui
CLI-01514;Mme Camille Michel;PART;Particulier;;166 avenue de la Gare;64000;Pau;64445;64;Nouvelle-Aquitaine;43.3325;-0.3711;camille.michel@courriel-demo.fr;+33709690723;2026-05-10;2026-08-21;ACTIF;;2344;COM-0002;oui
CLI-00954;Tramontane Négoce SARL;PRO;Collectivité;38797377780884;10 rue de l’Industrie;49000;Angers;49007;49;Pays de la Loire;47.5155;-0.5952;contact@tramontanenego.fr;0203894546;2018-08-19;2024-05-08;ACTIF;1;162340;COM-0039;oui
CLI-02108;M. Nicolas François;PART;Particulier;;81 impasse des Lilas;86000;Poitiers;86194;86;Nouvelle-Aquitaine;46.6231;0.3495;nicolas.francois@courriel-demo.fr;+33286096353;2023-05-17;2025-06-21;ACTIF;;1314;COM-0034;oui
CLI-02156;Mme Sarah Michel;PART;Particulier;;145 rue des Acacias;57000;Metz;57463;57;Grand Est;49.0714;6.1832;sarah.michel@courriel-demo.fr;0135205125;2020-11-04;2022-05-14;PROSPECT;;1575;COM-0008;oui
CLI-00195;Sillon Solutions SA;PRO;Collectivité;86347966235400;9 impasse des Lilas;65000;Tarbes;65440;65;Occitanie;43.2434;0.0253;contact@sillonsolution.fr;0302267236;2025-07-25;2026-04-29;ACTIF;30;279168;COM-0010;oui
CLI-00967;Grand Large Équipements SASU;PRO;PME;36797182460298;35 allée des Peupliers;93100;Montreuil;93048;93;Île-de-France;48.8338;2.4464;contact@grandlargeequi.fr;0463883731;2023-03-19;2025-11-13;RESILIE;148;86621;COM-0025;oui
CLI-00294;M. Émile Nicolas  ;PART;Particulier;;12 boulevard Victor Hugo;84000;Avignon;84007;84;Provence-Alpes-Côte d’Azur;43.9383;4.8087;emile.nicolas@courriel-demo.fr;03 86 33 29 54;2022-04-30;2026-05-12;INACTIF;;3580;COM-0057;oui
CLI-01577;Vertigo Conseil SA;PRO;Grands comptes;24390490924339;9 avenue de la Gare;83000;Toulon;83137;83;Provence-Alpes-Côte d’Azur;43.1474;5.9131;contact@vertigoconseil.fr;0688535778;2016-11-25;2026-06-18;RESILIE;99;39672;COM-0006;oui
CLI-01861;Énergie Bâtiment EURL;PRO;Grands comptes;55859039839265;17 place du Marché;28000;Chartres;28085;28;Centre-Val de Loire;48.4794;1.4819;contact@energiebatimen.fr;05.88.37.70.51;2021-04-02;2022-02-09;ACTIF;89;113207;COM-0017;oui
CLI-01712;M. Antoine Rousseau;PART;Particulier;;112 rue du Commerce;06130;Grasse;06069;06;Provence-Alpes-Côte d’Azur;43.6397;6.9447;antoine.rousseau@courriel-demo.fr;+33219203324;2018-02-10;2021-10-14;ACTIF;;3878;COM-0017;non
CLI-00750;Grand Large Conseil SARL;PRO;TPE;57829259888370;58 rue des Acacias;25000;Besançon;25056;25;Bourgogne-Franche-Comté;47.2556;6.0684;contact@grandlargecons.fr;02.90.81.06.26;2016-02-21;2019-11-10;ACTIF;45;296994;COM-0010;oui
CLI-00293;Manufacture  Emballages EURL;PRO;Collectivité;67612343215488;166 chemin des Vignes;86000;Poitiers;86194;86;Nouvelle-Aquitaine;46.5772;0.3034;contact@manufactureemb.fr;02.10.28.01.34;2020-05-05;2020-05-07;A CONFIRMER;93;524138;COM-0059;oui
CLI-00542;Sillon Électricité EURL;PRO;PME;56538373510140;105 quai des Docks;71100;Chalon-sur-Saône;71076;71;Bourgogne-Franche-Comté;46.7599;4.8727;contact@sillonelectric.fr;+33355101526;2017-05-31;2023-01-01;INACTIF;50;198423;COM-0043;oui
CLI-01398;Solstice Maintenance SARL;PRO;Collectivité;21274014878549;127 chemin des Vignes;82000;Montauban;82121;82;Occitanie;43.9765;1.3906;contact@solsticemainte.fr;02.94.87.55.23;2020-04-12;2020-10-29;ACTIF;53;451716;COM-0008;non
CLI-02010;Logistique Bâtiment SASU;PRO;TPE;22285779514155;81 chemin des Vignes;73000;Chambéry;73065;73;Auvergne-Rhône-Alpes;45.5339;5.9509;contact;01 29 59 56 07;2016-09-08;2021-01-09;ACTIF;1;284346;COM-0048;oui
CLI-02055;Logistique Maintenance SCOP;PRO;Grands comptes;31798497972702;112 impasse des Lilas;47000;Agen;47001;47;Nouvelle-Aquitaine;44.1534;0.6457;contact@logistiquemain.fr;02.88.52.96.83;2022-11-29;2025-07-03;ACTIF;1;385853;COM-0043;oui
CLI-01774;Pyrénées Emballages SASU;PRO;Collectivité;91560100505419;146 chemin des Vignes;92100;Boulogne-Billancourt;92012;92;Île-de-France;48.817;2.2632;contact@pyreneesemball.fr;+33720581962;2016-04-27;2020-03-25;ACTIF;48;147889;COM-0007;oui
CLI-01584;Cévennes Mobilier SARL;PRO;Collectivité;34209022476397;77 avenue du Général Leclerc;85000;La Roche-sur-Yon;85191;85;Pays de la Loire;46.6285;-1.3886;contact@cevennesmobili.fr;0393760064;2025-02-05;2026-08-06;ACTIF;70;312070;COM-0008;oui
CLI-02263;Maritime Conseil SARL;PRO;TPE;00896465327281;79 route de Bordeaux;72000;Le Mans;72181;72;Pays de la Loire;47.9642;0.1901;contact@maritimeconsei.fr;+33657373253;2024-09-13;2026-06-25;ACTIF;94;355851;COM-0022;oui
CLI-00458;Mme Hélène Bonnet;PART;Particulier;;130 route de Bordeaux;68100;Mulhouse;68224;68;Grand Est;47.7521;7.3087;helene.bonnet@courriel-demo.fr;07.09.37.92.37;2021-02-22;2024-05-23;ACTIF;;2723;COM-0039;oui
CLI-00607;Énergie Industries SARL;PRO;Collectivité;59314696624765;160 route de Bordeaux;29000;Quimper;29232;29;Bretagne;47.9966;-4.0671;contact@energieindustr.fr;06 97 49 12 70;2023-03-06;2026-04-28;ACTIF;34;511697;COM-0038;non
CLI-00848;Mme Céline Martinez;PART;Particulier;;50 route de Bordeaux;73000;Chambéry;73065;73;Auvergne-Rhône-Alpes;45.5937;5.956;celine.martinez@courriel-demo.fr;+33407690487;2025-08-22;2025-12-28;ACTIF;;3098;COM-0007;oui
CLI-00172;M. Julien Blanc;PART;Particulier;;33 rue de l’Industrie;11000;Carcassonne;11069;11;Occitanie;43.2521;2.3137;julien.blanc@courriel-demo.fr;+33544693167;2017-10-21;2024-12-16;ACTIF;;1858;COM-0054;oui
CLI-00757;Services Transports SARL;PRO;PME;61187721425113;40 rue de la République;18000;Bourges;18033;18;Centre-Val de Loire;47.0477;2.38;contact@servicestransp.fr;+33466936611;2024-11-17;2025-05-19;PROSPECT;45;354574;COM-0045;oui
CLI-02159;Atlantique Maintenance SASU;PRO;Grands comptes;61310336860609;119 rue du Commerce;85000;La Roche-sur-Yon;85191;85;Pays de la Loire;46.6466;-1.4462;contact@atlantiquemain.fr;+33290384628;2026-03-22;2026-04-29;PROSPECT;172;322064;COM-0012;oui
CLI-00671;M. Olivier Lopez;PART;Particulier;;159 avenue Jean Jaurès;16000;Angoulême;16015;16;Nouvelle-Aquitaine;45.6633;0.1194;olivier.lopez@courriel-demo.fr;+33635899901;2018-09-27;2024-11-10;ACTIF;;3447;COM-0002;oui
CLI-00778;Distribution Maintenance SARL;PRO;Collectivité;68303102723942;94 rue des Acacias;44600;Saint-Nazaire;44184;44;Pays de la Loire;47.2341;-2.1788;contact@distributionma.fr;+33485915415;2023-09-02;2024-10-21;ACTIF;149;430669;COM-0023;oui
CLI-01542;Maritime Solutions EURL;PRO;PME;81999501538306;144 rue des Acacias;33000;Bordeaux;33063;33;Nouvelle-Aquitaine;44.8534;-0.5638;contact@maritimesoluti.fr;0681581804;2020-12-31;2023-12-06;ACTIF;1;-65996;COM-0035;oui
CLI-02120;Alizé Papeterie SASU;PRO;Collectivité;49963990594660;123 route de Bordeaux;06600;Antibes;06004;06;Provence-Alpes-Côte d’Azur;43.6214;7.1378;contact@alizepapeterie.fr;04 87 41 06 59;2017-07-15;2018-07-26;ACTIF;12;252026;COM-0014;oui
CLI-02003;Vertigo Équipements SAS;PRO;Grands comptes;26140993468902;176 boulevard Victor Hugo;78000;Versailles;78646;78;Île-de-France;48.7831;2.0965;contact@vertigoequipem.fr;03.55.79.08.39;2026-07-10;2026-08-17;ACTIF;77;89958;COM-0002;oui
CLI-02418;Sillon Équipements SCOP;PRO;TPE;03384373403660;72 rue du Commerce;75001;Paris;75056;75;Île-de-France;48.823;2.3943;contact@sillonequipeme.fr;0747850297;2018-06-15;2022-09-12;INACTIF;181;-50288;COM-0051;oui
CLI-02072;Horizon Négoce SASU;PRO;Collectivité;00252030128180;8 rue de la République;83000;Toulon;83137;83;Provence-Alpes-Côte d’Azur;43.1654;5.9383;contact@horizonnegoces.fr;02.18.18.44.15;2018-08-20;2022-10-14;ACTIF;180;307092;COM-0020;oui
CLI-00177;M. Nicolas Fournier;PART;Particulier;;111 place du Marché;75001;Paris;75056;75;Île-de-France;48.9024;2.3716;nicolas.fournier@courriel-demo.fr;+33553150258;2026-01-30;2026-07-09;ACTIF;;3903;COM-0002;non
CLI-00105;M. Thomas Dupont;PART;Particulier;;95 rue du Commerce;93200;saint-denis;93066;93;Île-de-France;48.9391;2.3823;thomas.dupont@courriel-demo.fr;0726091676;2021-05-19;2021-05-19;ACTIF;;3967;COM-0051;oui
CLI-00710;Horizon Bâtiment SAS;PRO;Collectivité;12155122961646;159 rue de l’Industrie;60000;Beauvais;60057;60;Hauts-de-France;49.4108;2.0392;contact@horizonbatimen.fr;04.83.90.96.70;2019-11-25;2022-03-25;ACTIF;169;277765;COM-0044;oui
CLI-01180;M. Jérôme Fournier;PART;Particulier;;87 rue du Commerce;83600;Fréjus;83061;83;Provence-Alpes-Côte d’Azur;43.4782;6.7598;jerome.fournier@courriel-demo.fr;01 72 98 88 17;2018-08-21;2018-12-03;ACTIF;;2144;COM-0024;oui
CLI-02056;Boréal Distribution SA;PRO;PME;45936258324597;154 route de Bordeaux;68000;Colmar;68066;68;Grand Est;48.0498;7.3346;contact@borealdistribu.fr;+33406526250;2021-11-25;2026-08-16;ACTIF;192;334945;COM-0038;oui
CLI-02424;Escale Papeterie SASU;PRO;Collectivité;27632144283788;100 rue Pasteur;91000;Évry-Courcouronnes;91228;91;Île-de-France;48.6408;2.4766;contact@escalepapeteri.fr;0382829556;2019-03-20;2021-01-10;ACTIF;54;92533;COM-0027;oui
CLI-02282;Mme Chloé Lefèvre;PART;Particulier;;97 impasse des Lilas;34200;Sète;34301;34;Occitanie;43.3862;3.7195;chloe.lefevre@courriel-demo.fr;05 09 99 77 73;2025-06-16;2026-03-14;ACTIF;;171;COM-0033;oui
CLI-01157;Maritime Industries SA;PRO;Grands comptes;77780109305181;113 avenue de la Gare;29000;Quimper;29232;29;Bretagne;47.953;-4.1325;contact@maritimeindust.fr;02 71 47 60 99;2019-07-01;2021-11-14;ACTIF;21;236935;COM-0037;oui
CLI-00827;Logistique  Agroalimentaire SAS;PRO;Grands comptes;27125748196668;78 rue Pasteur;65000;Tarbes;65440;65;Occitanie;43.2077;0.0243;contact@logistiqueagro.fr;03 26 94 90 99;2018-02-16;2018-09-28;ACTIF;1;-44238;COM-0013;oui
CLI-01494;Horizon Maintenance SASU;PRO;PME;73307876797752;35 rue du Commerce;31000;Toulouse;31555;31;Occitanie;43.6171;1.4295;contact@horizonmainten.fr;+33783904162;2020-08-07;2021-10-05;ACTIF;168;397444;COM-0050;oui
CLI-00237;Cristal Emballages SCOP;PRO;Collectivité;48724002807364;45 rue des Acacias;59140;Dunkerque;59183;59;Hauts-de-France;51.0104;2.3908;contact@cristalemballa.fr;02 74 40 68 65;2025-09-01;2026-09-06;INACTIF;1;175432;COM-0057;oui
CLI-02128;Tramontane Équipements SAS;PRO;TPE;82282495787970;112 avenue Jean Jaurès;62100;Calais;62193;62;Hauts-de-France;50.9334;1.8654;contact at tramontaneequi.fr;01.06.80.59.14;2024-04-04;2025-02-27;ACTIF;171;-41298;COM-0033;oui
CLI-00987;Nord Ouest Équipements SARL;PRO;TPE;79002337935420;11 quai des Docks;90000;Belfort;90010;90;Bourgogne-Franche-Comté;47.6257;6.8812;contact@nordouestequip.fr;0569702633;2023-12-09;2024-08-26;ACTIF;1;120525;COM-0021;oui
CLI-01595;Boréal Électricité SCOP;PRO;Collectivité;55195785249064;31 rue du Commerce;29200;Brest;29019;29;Bretagne;48.4072;-4.4607;contact@borealelectric.fr;+33787893757;2017-10-22;2018-01-24;ACTIF;94;-66083;COM-0026;non
CLI-00095;Ateliers Équipements SASU;PRO;Grands comptes;26470722210574;130 rue du Commerce;69100;Villeurbanne;69266;69;Auvergne-Rhône-Alpes;45.7547;4.8823;contact@ateliersequipe.fr;0704626198;2023-03-14;2024-12-08;ACTIF;197;-78349;COM-0042;oui
CLI-01051;Distribution Agroalimentaire SCOP;PRO;Collectivité;75579323217540;111 route de Bordeaux;53000;Laval;53130;53;Pays de la Loire;48.0569;-0.8018;contact@distributionag.fr;06.03.58.04.70;2017-12-08;2026-02-10;ACTIF;53;149171;COM-0051;oui
CLI-01924;Provence Transports SAS;PRO;PME;14427415975072;143 chemin des Vignes;57000;Metz;57463;57;Grand Est;49.1522;6.2092;contact@provencetransp.fr;04.35.84.62.04;2025-02-09;2025-09-24;INACTIF;128;166069;COM-0006;oui
CLI-00647;Mme Émilie Moreau;PART;Particulier;;173 avenue Jean Jaurès;59140;Dunkerque;59183;59;Hauts-de-France;51.0395;2.3698;emilie.moreau@courriel-demo.fr;+33461427448;2025-11-03;2026-03-23;RESILIE;;1804;COM-0029;non
CLI-00605;Provence Papeterie SCOP;PRO;Collectivité;24622394468477;69 boulevard Victor Hugo;73000;Chambéry;73065;73;Auvergne-Rhône-Alpes;45.5929;5.9214;contact@provencepapete.fr;05 29 64 73 02;2017-05-25;2024-07-21;PROSPECT;1;119013;COM-0028;oui
CLI-00450;Pyrénées Agroalimentaire SARL;PRO;Collectivité;74313343588190;129 avenue de la Gare;76600;Le Havre;76351;76;Normandie;49.5249;0.0616;contact@pyreneesagroal.fr;+33369747732;2015-12-23;2023-10-18;ACTIF;22;318331;COM-0006;non
CLI-02093;M. Sébastien Laurent;PART;Particulier;;179 avenue de la Gare;38000;Grenoble;38185;38;Auvergne-Rhône-Alpes;45.2392;5.6782;sebastien.laurent@courriel-demo.fr;01.09.34.03.75;2025-10-22;2026-06-06;ACTIF;;3182;COM-0060;oui
CLI-01401;M. Ludovic Richard;PART;Particulier;;31 rue de l’Industrie;44000;Nantes;44109;44;Pays de la Loire;47.2456;-1.5398;ludovic.richard@courriel-demo.fr;01 04 10 32 81;2020-01-10;2023-02-24;ACTIF;;2448;COM-0038;oui
CLI-00752;Aurore Conseil SAS;PRO;PME;;164 avenue Jean Jaurès;58000;Nevers;58194;58;Bourgogne-Franche-Comté;46.9602;3.1608;contact@auroreconseils.fr;02 68 22 25 60;2018-05-31;2022-10-03;INACTIF;1;459346;COM-0002;non
CLI-01394;Pyrénées Solutions SAS;PRO;Grands comptes;55586731222832;170 place du Marché;69100;Villeurbanne;69266;69;Auvergne-Rhône-Alpes;45.7554;4.9101;contact@pyreneessoluti.fr;04 20 33 85 73;2024-04-15;2025-05-24;PROSPECT;149;410216;COM-0042;non
CLI-00113;M. Hugo Morel;PART;Particulier;;2 rue du Commerce;86000;Poitiers;86194;86;Nouvelle-Aquitaine;46.563;0.314;hugo.morel;0671339434;2018-03-03;2026-03-24;ACTIF;;844;COM-0024;non
CLI-02122;Sillon Emballages EURL;PRO;Collectivité;25863815579188;117 quai des Docks;62100;Calais;62193;62;Hauts-de-France;50.903;1.8642;contact@sillonemballag.fr;05.93.99.99.37;2021-02-22;2025-08-04;INACTIF;7;499749;COM-0029;oui
CLI-00904;Vallée Matériaux SAS;PRO;TPE;;132 rue des Acacias;13300;Salon-de-Provence;13103;13;Provence-Alpes-Côte d’Azur;43.6268;5.1399;contact@valleemateriau.fr;01 94 13 63 24;2019-06-12;2024-10-27;RESILIE;31;178122;COM-0046;oui
CLI-01501;M. Grégory Dumont;PART;Particulier;;134 avenue Jean Jaurès;64000;Pau;64445;64;Nouvelle-Aquitaine;43.3091;-0.4167;gregory.dumont@courriel-demo.fr;01 31 16 08 08;2016-06-20;2018-06-25;ACTIF;;2554;COM-0057;oui
CLI-01551;Sillon Industries SARL;PRO;Grands comptes;49073949708981;165 avenue de la Gare;17000;La Rochelle;17300;17;Nouvelle-Aquitaine;46.1592;-1.1219;contact@sillonindustri.fr;07.29.55.15.16;2019-10-01;2022-08-02;RESILIE;89;229142;COM-0022;oui
CLI-00678;Provence Conseil SARL;PRO;TPE;99785288544983;6 avenue du Général Leclerc;22000;Versailles;78646;78;Île-de-France;48.8482;2.1577;contact@provenceconsei.fr;0749379850;2016-03-10;2023-06-17;ACTIF;39;310275;COM-0015;oui
CLI-00086;Prisme Papeterie SAS;PRO;TPE;18932487448269;109 avenue du Général Leclerc;79000;Niort;79191;79;Nouvelle-Aquitaine;46.3078;-0.481;contact@prismepapeteri.fr;02 79 14 05 51;2017-02-07;2018-07-26;ACTIF;186;347784;COM-0020;oui
CLI-00926;Mme Marie Rousseau;PART;Particulier;;49 rue des Acacias;93100;Montreuil;93048;93;Île-de-France;48.8204;2.4662;marie.rousseau@courriel-demo.fr;+33635134389;2016-11-19;2019-07-15;RESILIE;;489;COM-0017;oui
CLI-00557;Escale Solutions SASU;PRO;Collectivité;99245436892500;177 route de Bordeaux;29200;Brest;29019;29;Bretagne;48.3964;-4.4934;contact@escalesolution.fr;06.48.51.37.92;2022-03-12;2025-10-23;ACTIF;1;383553;COM-0035;oui
CLI-01957;Horizon Papeterie EURL;PRO;Grands comptes;05878364482499;34 rue de la République;79000;Niort;79191;79;Nouvelle-Aquitaine;46.3464;-0.4595;contact@horizonpapeter.fr;0747913935;2018-02-10;2021-05-28;RESILIE;46;458682;COM-0001;oui
CLI-00252;Services Emballages SCOP;PRO;PME;16307829890566;175 allée des Peupliers;20200;Bastia;2B033;2B;Corse;42.6855;9.4374;contact@servicesemball.fr;05.86.11.53.49;2025-04-15;2026-08-02;ACTIF;61;-13131;COM-0049;non
CLI-01397;Grand Large Papeterie EURL;PRO;PME;61118931521155;98 boulevard Victor Hugo;59000;Lille;59350;59;Hauts-de-France;50.6352;3.0689;contact@grandlargepape;03.73.13.39.47;2017-11-29;2020-09-08;ACTIF;1;399193;COM-0040;oui
CLI-00287;Comptoir Matériaux SCOP;PRO;PME;19792604987112;90 boulevard Victor Hugo;50100;Cherbourg-en-Cotentin;50129;50;Normandie;49.6634;-1.5876;contact@comptoirmateri.fr;02.97.81.98.02;2026-07-20;2026-07-24;ACTIF;59;5496;COM-0046;non
CLI-00341;Mme Manon Moreau;PART;Particulier;;174 avenue du Général Leclerc;47000;Agen;47001;47;Nouvelle-Aquitaine;44.1538;0.6587;manon.moreau@courriel-demo.fr;+33697217787;2016-11-01;2019-08-07;ACTIF;;2163;COM-0012;non
CLI-01283;Atlantique Bâtiment SARL;PRO;PME;95454489916239;99 rue Pasteur;60000;Beauvais;60057;60;Hauts-de-France;49.4136;2.0863;contact@atlantiquebati.fr;+33159426137;2024-11-10;2026-06-22;ACTIF;1;276181;COM-0012;oui
CLI-01565;Sillon Distribution SASU;PRO;Collectivité;64761458924566;179 place du Marché;42300;Roanne;42187;42;Auvergne-Rhône-Alpes;46.008;4.1026;contact@sillondistribu.fr;04 13 55 81 99;2016-12-27;2022-10-15;PROSPECT;223;-119178;COM-0017;oui
CLI-02142;Mme Virginie Moreau;PART;Particulier;;153 boulevard Victor Hugo;36000;Châteauroux;36044;36;Centre-Val de Loire;46.8378;1.6606;virginie.moreau@courriel-demo.fr;+33527323912;2023-12-12;2026-08-24;ACTIF;;631;COM-0060;non
CLI-00487;Services Transports SA;PRO;TPE;31760172657513;162 place du Marché;44000;Nantes;44109;44;Pays de la Loire;47.2004;-1.5126;contact@servicestransp.fr;0573301045;2020-10-21;2023-01-20;INACTIF;55;254422;COM-0031;non
CLI-01341;Ateliers Maintenance SARL;PRO;Grands comptes;52115416535730;108 boulevard Victor Hugo;24000;Périgueux;24322;24;Nouvelle-Aquitaine;45.2104;0.7164;contact@ateliersmainte.fr;05.96.72.18.86;2024-04-06;2026-03-27;ACTIF;113;153573;COM-0030;oui
CLI-00441;Mme  Karine Girard;PART;Particulier;;10 avenue du Général Leclerc;91000;Évry-Courcouronnes;91228;91;Île-de-France;48.5805;2.4229;karine.girard@courriel-demo.fr;05 46 75 19 93;2017-08-23;2022-12-13;PROSPECT;;234;COM-0046;non
CLI-01189;Mme Sylvie Clément;PART;Particulier;;171 boulevard Victor Hugo;13100;Aix-en-Provence;13001;13;Provence-Alpes-Côte d’Azur;43.504;5.4502;sylvie.clement@courriel-demo.fr;06.64.49.48.44;2026-04-08;2026-06-25;ACTIF;;3255;COM-0060;oui
CLI-01986;Cévennes Bâtiment SAS;PRO;PME;94589483868334;92 avenue du Général Leclerc;49000;Angers;49007;49;Pays de la Loire;47.4273;-0.5266;contact@cevennesbatime.fr;03 09 31 10 80;2022-10-31;2025-12-31;INACTIF;1;313859;COM-0048;oui
CLI-01022;Logistique Agroalimentaire SASU;PRO;Grands comptes;;100 route de Bordeaux;60000;Beauvais;60057;60;Hauts-de-France;49.412;2.1032;contact@logistiqueagro.fr;07.05.41.46.57;2016-11-14;2026-07-29;ACTIF;1;650000;COM-0016;oui
CLI-01265;Mme Nathalie Lambert;PART;Particulier;;135 avenue Jean Jaurès;91000;Évry-Courcouronnes;91228;91;Île-de-France;48.6711;2.4375;nathalie.lambert@courriel-demo.fr;04 52 17 50 60;2023-09-10;2024-09-18;ACTIF;;1494;COM-0050;oui
CLI-01586;Mme Élodie Chevalier;PART;Particulier;;42 avenue Jean Jaurès;34500;Béziers;34032;34;Occitanie;43.3483;3.262;elodie.chevalier@courriel-demo.fr;0189432951;2024-06-02;2025-04-30;ACTIF;;753;COM-0033;non
CLI-02129;Logistique Transports EURL;PRO;TPE;64395398449530;20 rue de l’Industrie;25000;Besançon;25056;25;Bourgogne-Franche-Comté;47.2578;6.0001;contact@logistiquetran.fr;0569932439;2024-09-16;2024-09-16;ACTIF;51;409829;COM-0004;oui
CLI-01138;M. Fabien Laurent;PART;Particulier;;106 avenue Jean Jaurès;93200;Saint-Denis;93066;93;Île-de-France;48.9781;2.3967;fabien.laurent@courriel-demo.fr;+33108976019;2017-08-22;2017-09-16;ACTIF;;2518;COM-0011;non
CLI-01782;Mme Céline Henry;PART;Particulier;;123 avenue du Général Leclerc;37000;Tours;37261;37;Centre-Val de Loire;47.3562;0.6875;celine.henry@courriel-demo.fr;07 01 38 36 97;2019-10-26;2020-12-04;ACTIF;;1129;COM-0057;oui
CLI-00261;M. Sébastien Martinez;PART;Particulier;;124 chemin des Vignes;24000;Périgueux;24322;24;Nouvelle-Aquitaine;45.1355;0.6805;sebastien.martinez@courriel-demo.fr;02 20 62 77 69;2025-05-22;2025-10-20;ACTIF;;405;COM-0037;oui
CLI-01975;Mme Isabelle Muller;PART;Particulier;;168 impasse des Lilas;65000;Tarbes;65440;65;Occitanie;43.2731;0.119;isabelle.muller@courriel-demo.fr;03.95.01.02.90;2025-01-25;2026-08-08;ACTIF;;2319;COM-0014;oui
CLI-00709;M. Romain Richard;PART;Particulier;;33 route de Bordeaux;06000;nice;06088;06;Provence-Alpes-Côte d’Azur;43.7134;7.2116;romain.richard@courriel-demo.fr;06.18.18.26.29;2018-05-31;2023-09-25;ACTIF;;2741;COM-0060;oui
CLI-01325;Alizé Mobilier SAS;PRO;PME;81554935973046;110 place du Marché;82000;Montauban;82121;82;Occitanie;44.0685;1.3015;contact@alizemobiliers.fr;+33666006378;2025-02-02;2026-03-18;ACTIF;240;176542;COM-0049;oui
CLI-01964;Sillon Transports SA;PRO;Collectivité;20077086131122;84 avenue du Général Leclerc;14000;Caen;14118;14;Normandie;49.1837;-0.3858;contact@sillontranspor.fr;01 82 91 82 99;2018-01-16;2022-04-27;RESILIE;239;321602;COM-0007;non
CLI-00871;Ateliers Équipements SA;PRO;PME;08194195374344;133 boulevard Victor Hugo;28000;Chartres;28085;28;Centre-Val de Loire;48.4622;1.49;contact@ateliersequipe.fr;03.72.08.72.08;2020-11-27;2024-12-01;ACTIF;76;203591;COM-0002;oui
CLI-00781;Alizé Bâtiment SAS;PRO;TPE;17683297379452;110 allée des Peupliers;08000;Charleville-Mézières;08105;08;Grand Est;49.8018;4.6806;contact@alizebatiments.fr;0751613562;2020-07-25;2026-07-06;PROSPECT;79;-131012;COM-0054;oui
CLI-00126;Manufacture Transports EURL;PRO;PME;41985712566948;25 allée des Peupliers;34500;BÉZIERS;34032;34;Occitanie;43.3331;3.2369;contact@manufacturetra.fr;07.80.46.75.18;2024-06-29;2025-01-30;ACTIF;149;325780;COM-0014;oui
CLI-02091;Cristal Mobilier SCOP;PRO;Collectivité;81326604057314;1 avenue du Général Leclerc;95000;Cergy;95127;95;Île-de-France;49.0377;2.0686;contact@cristalmobilie.fr;05 32 79 14 62;2015-11-27;2016-08-17;ACTIF;1;115015;COM-0019;oui
CLI-00274;Cristal Équipements SA;PRO;TPE;;27 boulevard Victor Hugo;42000;Saint-Étienne;42218;42;Auvergne-Rhône-Alpes;45.4252;4.3595;contact@cristalequipem.fr;07.24.06.66.96;2018-12-21;2023-06-10;ACTIF;66;323070;COM-0054;oui
CLI-02125;Vertigo Maintenance SCOP;PRO;Grands comptes;89085209543188;157 rue du Commerce;13300;Salon-de-Provence;13103;13;Provence-Alpes-Côte d’Azur;43.6719;5.107;contact@vertigomainten.fr;06.46.10.25.17;2017-02-20;2017-06-05;ACTIF;82;336197;COM-0008;oui
CLI-02038;Mme Karine Mathieu;PART;Particulier;;65 avenue du Général Leclerc;14000;Caen;14118;14;Normandie;49.2281;-0.371;karine.mathieu@courriel-demo.fr;01 82 41 46 24;2016-10-13;2017-05-21;ACTIF;;2588;COM-0050;oui
CLI-01330;Manufacture Bâtiment SASU;PRO;PME;NC;152 allée des Peupliers;06600;Antibes;06004;06;Provence-Alpes-Côte d’Azur;43.6069;7.1059;contact@manufacturebat.fr;02.07.70.74.82;2023-11-10;2024-05-12;PROSPECT;1;183194;COM-0036;oui
CLI-01612;Mme Isabelle Dubois;PART;Particulier;;136 rue des Acacias;95000;Cergy;95127;95;Île-de-France;49.0651;2.0539;isabelle.dubois@courriel-demo.fr;06.45.28.48.92;2017-04-25;2022-02-17;ACTIF;;3339;COM-0030;oui
CLI-02080;Mme Christine Leroy;PART;Particulier;;17 quai des Docks;20200;Bastia;2B033;2B;Corse;42.7161;9.4291;christine.leroy at courriel-demo.fr;01 02 97 39 03;2017-05-06;2017-07-13;ACTIF;;2365;COM-0058;oui
CLI-02161;Services Matériaux SCOP;PRO;Collectivité;43100007367418;136 rue de l’Industrie;06000;Nice;06088;06;Provence-Alpes-Côte d’Azur;43.6821;7.2949;contact@servicesmateri.fr;01.47.58.47.16;2026-08-04;2026-09-04;ACTIF;50;117347;COM-0059;oui
CLI-01113;Escale Matériaux SA;PRO;TPE;87089329679890;129 rue de l’Industrie;64100;Bayonne;64102;64;Nouvelle-Aquitaine;43.5381;-1.5292;contact@escalemateriau.fr;0650270249;2026-07-03;2026-08-24;RESILIE;157;342292;COM-0032;oui
CLI-00009;Services Agroalimentaire SAS;PRO;Collectivité;10548377335765;117 rue des Acacias;80000;Amiens;80021;80;Hauts-de-France;49.928;2.2826;contact@servicesagroal.fr;0323018825;2025-12-13;2026-09-08;RESILIE;26;223231;COM-0059;oui
CLI-02343;Ateliers Papeterie SASU;PRO;Collectivité;37087599311635;50 rue Pasteur;94000;Créteil;94028;94;Île-de-France;48.7507;2.432;contact@atelierspapete.fr;+33252564651;2023-04-08;2026-04-08;ACTIF;81;122414;COM-0045;oui
CLI-02064;Énergie Solutions SASU;PRO;Grands comptes;78244862877260;17 rue de l’Industrie;95100;Argenteuil;95018;95;Île-de-France;48.9245;2.2789;contact@energiesolutio.fr;04 16 72 32 35;2019-09-06;2026-05-23;PROSPECT;117;233819;COM-0043;oui
CLI-02377;Boréal Agroalimentaire SARL;PRO;Collectivité;;164 rue du Commerce;93100;Montreuil;93048;93;Île-de-France;48.883;2.4126;contact@borealagroalim.fr;+33742137111;2025-06-02;2026-08-18;ACTIF;24;80957;COM-0039;oui
CLI-01834;M. Benoît Martinez;PART;Particulier;;143 rue Pasteur;83000;Toulon;83137;83;Provence-Alpes-Côte d’Azur;43.1522;5.943;benoit.martinez@courriel-demo.fr;01.52.03.79.16;2019-02-14;2025-04-15;ACTIF;;762;COM-0031;oui
CLI-02322;Aurore Électricité SA;PRO;Collectivité;39664046688647;32 route de Bordeaux;87000;Limoges;87085;87;Nouvelle-Aquitaine;45.8419;1.2215;contact@auroreelectric.fr;01.49.34.56.68;2019-10-02;2023-03-26;ACTIF;1;328719;COM-0059;non
CLI-00424;Grand Large Mobilier SAS;PRO;Grands comptes;29752810326926;131 chemin des Vignes;26000;Valence;26362;26;Auvergne-Rhône-Alpes;44.8978;4.8852;contact@grandlargemobi.fr;06.94.86.55.27;2016-06-18;2023-10-15;ACTIF;109;373906;COM-0053;oui
CLI-01787;Solstice Distribution SAS;PRO;Collectivité;00415468403592;174 allée des Peupliers;25000;Besançon;25056;25;Bourgogne-Franche-Comté;47.227;5.9979;contact@solsticedistri.fr;02.91.20.80.94;2025-04-28;2025-05-02;INACTIF;154;346911;COM-0048;non
CLI-00379;Vallée Conseil SCOP;PRO;Grands comptes;06788997237107;65 quai des Docks;67000;Strasbourg;67482;67;Grand Est;48.5555;7.7427;contact@valleeconseils.fr;+33346884082;2021-02-02;2024-04-10;ACTIF;161;567;COM-0051;oui
CLI-00077;M. David Lefèvre;PART;Particulier;;170 allée des Peupliers;79000;Niort;79191;79;Nouvelle-Aquitaine;46.2829;-0.4335;david.lefevre@courriel-demo.fr;0258779151;2023-08-15;2024-12-27;PROSPECT;;3514;COM-0036;oui
CLI-00582;Comptoir Maintenance SASU;PRO;PME;11436329779408;133 avenue de la Gare;34000;Montpellier;34172;34;Occitanie;43.5702;3.8756;contact@comptoirmainte.fr;01 12 63 86 72;2016-05-17;2016-06-05;ACTIF;97;252290;COM-0014;oui
CLI-02222;Prisme Maintenance SARL;PRO;PME;96419695036711;98 place du Marché;83000;Toulon;83137;83;Provence-Alpes-Côte d’Azur;43.0712;5.9364;contact@prismemaintena.fr;0427240653;2017-06-23;2026-02-28;ACTIF;1;259159;COM-0049;oui
CLI-01624;Mme Hélène Roussel;PART;Particulier;;151 rue de la République;49300;Cholet;49099;49;Pays de la Loire;47.0468;-0.8306;helene.roussel@courriel-demo.fr;05.56.06.75.32;2019-04-27;2025-06-10;ACTIF;;1211;COM-0024;oui
CLI-00092;Mme Sophie Durand;PART;Particulier;;94 avenue de la Gare;26000;Valence;26362;26;Auvergne-Rhône-Alpes;44.8809;4.8768;sophie.durand@courriel-demo.fr;03.12.72.59.83;2016-06-01;2025-12-20;INACTIF;;3676;COM-0053;oui
;;;;;;;;;;;;;;;;;;;;;
CLI-01919;Ateliers Emballages SARL;PRO;PME;59888435690061;86 rue des Acacias;49000;Angers;49007;49;Pays de la Loire;47.4966;-0.5206;contact@ateliersemball.fr;06.17.95.87.75;2020-07-30;2024-02-02;PROSPECT;5;541294;COM-0050;oui
CLI-01215;Vertigo Conseil SAS;PRO;TPE;;89 boulevard Victor Hugo;56000;Vannes;56260;56;Bretagne;47.7085;-2.7822;contact@vertigoconseil.fr;05.17.90.23.48;2025-12-14;2026-02-12;ACTIF;60;107543;COM-0013;oui
CLI-01263;Prisme Bâtiment SAS;PRO;Grands comptes;93842524966188;8 avenue de la Gare;25000;Besançon;25056;25;Bourgogne-Franche-Comté;47.2428;6.043;contact@prismebatiment.fr;0187528039;2026-07-27;2026-08-11;ACTIF;1;342617;COM-0049;oui
CLI-02463;Sillon Bâtiment SASU;PRO;PME;61991824604434;46 impasse des Lilas;42000;Saint-Étienne;42218;42;Auvergne-Rhône-Alpes;45.4109;4.3976;contact@sillonbatiment.fr;+33736974035;2022-09-25;2024-11-06;ACTIF;75;216553;COM-0034;oui
CLI-01464;Nord Ouest Négoce EURL;PRO;TPE;;48 rue Pasteur;81000;albi;81004;81;Occitanie;43.9588;2.141;contact@nordouestnegoc.fr;05 14 40 26 38;2021-03-25;2024-01-22;ACTIF;106;-20761;COM-0034;non
CLI-02179;Alizé Maintenance SA;PRO;Grands comptes;20271565719891;85 rue Pasteur;17000;La Rochelle;17300;17;Nouvelle-Aquitaine;46.1609;-1.1908;contact@alizemaintenan.fr;06 99 71 01 75;2023-10-12;2025-12-20;PROSPECT;95;-33241;COM-0017;non
CLI-01293;Mme Manon Simon;PART;Particulier;;95 rue du Commerce;29200;Brest;29019;29;Bretagne;48.3596;-4.4766;manon.simon;07 19 82 36 53;2022-06-26;2023-11-16;INACTIF;;2971;COM-0018;oui
CLI-00547;Distribution Maintenance SCOP;PRO;Collectivité;68824332397328;18 avenue Jean Jaurès;16000;Angoulême;16015;16;Nouvelle-Aquitaine;45.6975;0.1636;contact@distributionma.fr;05 11 47 71 62;2016-04-24;2024-05-22;ACTIF;1;254841;COM-0051;oui
CLI-01208;Solstice Matériaux SAS;PRO;Collectivité;75090163679799;112 avenue de la Gare;27000;Évreux;27229;27;Normandie;49.0273;1.1756;contact@solsticemateri.fr;+33569350394;2018-11-30;2024-01-28;ACTIF;1;360220;COM-0051;oui
CLI-01147;Belvédère Solutions SAS;PRO;Grands comptes;;156 avenue de la Gare;68100;MULHOUSE;68224;68;Grand Est;47.7897;7.3495;contact@belvederesolut.fr;07 06 50 14 76;2023-11-05;2024-10-16;ACTIF;69;19922;COM-0036;oui
CLI-02037;M. Jean Gauthier;PART;Particulier;;88 chemin des Vignes;74000;Annecy;74010;74;Auvergne-Rhône-Alpes;45.9135;6.1711;jean.gauthier@courriel-demo.fr;07.36.92.16.17;2026-01-15;2026-05-13;INACTIF;;2228;COM-0043;oui
CLI-00999;Pyrénées Conseil SA;PRO;Grands comptes;49372663681450;38 impasse des Lilas;74000;Annecy;74010;74;Auvergne-Rhône-Alpes;45.9234;6.1444;contact@pyreneesconsei.fr;0677125019;2025-03-04;2025-12-24;ACTIF;134;156808;COM-0056;oui
CLI-01689;M. Jean Fournier;PART;Particulier;;84 rue de l’Industrie;59140;Dunkerque;59183;59;Hauts-de-France;51.065;2.399;jean.fournier@courriel-demo.fr;07 75 71 80 88;2026-04-20;2026-07-07;ACTIF;;2936;COM-0060;oui
CLI-00142;Mme Marie Guérin;PART;Particulier;;146 allée des Peupliers;69100;Villeurbanne;69266;69;Auvergne-Rhône-Alpes;45.7968;4.9282;marie.guerin@courriel-demo.fr;01 83 94 56 61;2025-03-21;2025-07-09;ACTIVE;;283;COM-0057;non
CLI-01698;Manufacture Maintenance SARL;PRO;Grands comptes;17876337711008;62 boulevard Victor Hugo;25000;BESANÇON;25056;25;Bourgogne-Franche-Comté;47.209;6.0258;contact@manufacturemai.fr;03.22.08.68.30;2018-04-03;2023-11-21;ACTIF;1;126087;COM-0050;oui
CLI-02152;Nord Ouest Bâtiment SARL;PRO;PME;78953583576392;83 impasse des Lilas;45000;Orléans;45234;45;Centre-Val de Loire;47.8793;1.8509;contact@nordouestbatim.fr;01 70 91 55 82;2018-10-27;2023-04-22;INACTIF;16;78031;COM-0014;oui
CLI-02436;Aurore Industries SCOP;PRO;PME;40269778715723;36 rue du Commerce;06600;Antibes;06004;06;Provence-Alpes-Côte d’Azur;43.615;7.1083;contact@auroreindustri.fr;0149511726;2021-12-03;2023-03-05;ACTIF;168;245160;COM-0059;non
CLI-01573;M. Julien Garcia;PART;Particulier;;117 quai des Docks;76600;Le Havre;76351;76;Normandie;49.4989;0.0936;julien.garcia@courriel-demo.fr;+33629138900;2024-02-02;2025-12-08;ACTIF;;1305;COM-0006;non
CLI-01980;Mme Laure Robin;PART;Particulier;;178 boulevard Victor Hugo;91000;Évry-Courcouronnes;91228;91;Île-de-France;48.6382;2.3993;laure.robin@courriel-demo.fr;05 77 53 64 34;2017-12-04;2021-03-06;ACTIF;;3429;COM-0038;oui
CLI-01481;Vallée Transports SARL;PRO;Grands comptes;17398948525219;122 avenue du Général Leclerc;65000;tarbes;65440;65;Occitanie;43.1871;0.1011;contact@valleetranspor.fr;+33412824569;2016-12-06;2023-05-19;ACTIF;65;221573;COM-0018;oui
CLI-01939;Escale Industries SCOP;PRO;TPE;40344740800052;89 boulevard Victor Hugo;21000;Dijon;21231;21;Bourgogne-Franche-Comté;47.3067;5.0564;contact;02.89.59.86.97;2018-03-19;2019-02-21;RESILIE;113;132737;COM-0005;oui
CLI-01651;Nord Ouest Équipements SAS;PRO;PME;-;58 route de Bordeaux;60000;Beauvais;60057;60;Hauts-de-France;49.387;2.0929;contact@nordouestequip.fr;07.78.72.03.86;2022-09-04;2024-02-01;INACTIF;51;330992;COM-0039;non
CLI-01987;Escale Matériaux SCOP;PRO;TPE;94853463327901;125 quai des Docks;56100;Lorient;56121;56;Bretagne;47.7453;-3.3421;contact@escalemateriau.fr;0527696465;2022-07-30;2023-03-14;ACTIF;7;-14382;COM-0032;non
CLI-00773;Grand Large Papeterie SAS;PRO;TPE;;47 place du Marché;75001;Paris;75056;75;Île-de-France;48.8499;2.3834;contact@grandlargepape.fr;0174888325;2024-05-11;2025-08-23;ACTIF;1;173998;COM-0039;oui
CLI-01521;Cévennes Papeterie SA;PRO;Collectivité;55166009236556;151 rue Pasteur;60000;Beauvais;60057;60;Hauts-de-France;49.4091;2.0755;contact@cevennespapete.fr;06.80.78.37.95;2021-11-23;2022-09-04;INACTIF;88;187665;COM-0051;oui
CLI-01288;Alizé Bâtiment SCOP;PRO;Grands comptes;00428686715909;54 quai des Docks;92000;Nanterre;92050;92;Île-de-France;48.8656;2.2046;contact@alizebatiments.fr;02 48 97 40 78;2024-03-20;2026-06-06;ACTIF;166;155958;COM-0059;oui
CLI-01375;Sillon Agroalimentaire SASU;PRO;Grands comptes;;36 route de Bordeaux;35000;Rennes;35238;35;Bretagne;48.149;-1.6756;contact@sillonagroalim.fr;0666663658;2018-09-14;2023-06-07;ACTIF;173;297605;COM-0020;non
CLI-00410;Services Mobilier EURL;PRO;PME;83363945683355;178 route de Bordeaux;64100;Bayonne;64102;64;Nouvelle-Aquitaine;43.4403;-1.5078;contact@servicesmobili.fr;0296757116;2018-06-27;2023-11-30;ACTIF;53;306725;COM-0020;oui
CLI-02079;Vertigo Conseil EURL;PRO;Grands comptes;;55 place du Marché;01000;Bourg-en-Bresse;01053;01;Auvergne-Rhône-Alpes;46.2248;5.2651;contact@vertigoconseil.fr;03 90 34 03 62;2026-03-30;2026-07-08;ACTIF;34;395246;COM-0048;oui
CLI-00997;Distribution Matériaux SARL;PRO;Grands comptes;48645042666703;124 allée des Peupliers;33000;Bordeaux;33063;33;Nouvelle-Aquitaine;44.8177;-0.5475;contact@distributionma.fr;02 56 75 46 41;2017-02-01;2022-02-14;ACTIF;79;360761;COM-0040;oui
CLI-00553;Cristal Négoce SASU;PRO;TPE;76117880521594;21 rue Pasteur;69001;Lyon;69123;69;Auvergne-Rhône-Alpes;45.7771;4.8112;contact@cristalnegoces.fr;01.00.18.12.12;2026-05-29;2026-07-02;ACTIF;82;304108;COM-0032;non
CLI-01410;Comptoir Maintenance SCOP;PRO;Collectivité;;156 boulevard Victor Hugo;78000;Versailles;78646;78;Île-de-France;48.7746;2.1153;contact@comptoirmainte.fr;01.77.07.38.01;2025-03-01;2026-08-10;ACTIF;99;204327;COM-0018;oui
CLI-01785;Mme Aurélie Moreau;PART;Particulier;;105 rue de l’Industrie;02100;Saint-Quentin;02691;02;Hauts-de-France;49.8178;3.2779;aurelie.moreau@courriel-demo.fr;+33389757509;2022-06-30;2026-02-05;ACTIF;;2298;COM-0057;oui
CLI-00899;Comptoir Solutions EURL;PRO;PME;83133113462852;150 route de Bordeaux;78000;Versailles;78646;78;Île-de-France;48.8254;2.152;contact@comptoirsoluti.fr;0348279978;2021-02-02;2024-12-25;ACTIF;1;-126920;COM-0014;non
CLI-01512;Cévennes Matériaux SA;PRO;TPE;60984855930834;78 rue de l’Industrie;66000;Perpignan;66136;66;Occitanie;42.72;2.9383;contact@cevennesmateri.fr;07 46 18 50 02;2017-10-24;2025-05-05;ACTIF;75;24586;COM-0031;non
CLI-02158;Solstice Mobilier SASU;PRO;TPE;48756312942234;48 rue de la République;27000;Évreux;27229;27;Normandie;48.9932;1.1842;contact@solsticemobili.fr;+33230808618;2021-06-24;2024-02-05;ACTIF;1;509558;COM-0050;oui
CLI-00513;Ateliers Emballages SASU;PRO;PME;60412838506104;118 rue des Acacias;73000;Chambéry;73065;73;Auvergne-Rhône-Alpes;45.5617;5.9181;contact@ateliersemball.fr;03.40.73.28.33;2022-05-15;2026-05-05;RESILIE;1;31365;COM-0044;non
CLI-00575;Cévennes Électricité SARL;PRO;Grands comptes;32120797485556;109 avenue du Général Leclerc;20000;Ajaccio;2A004;2A;Corse;41.922;8.7246;contact@cevenneselectr.fr;+33139490225;2023-04-07;2023-05-12;ACTIF;145;325002;COM-0007;non
CLI-01068;Aurore Négoce SCOP;PRO;TPE;;100 allée des Peupliers;13100;Aix-en-Provence;13001;13;Provence-Alpes-Côte d’Azur;43.5354;5.4998;contact@aurorenegocesc.fr;0145087297;2021-07-30;2025-01-09;ACTIF;1;212729;COM-0055;oui
CLI-02082;Services Industries SAS;PRO;TPE;56065213633653;82 allée des Peupliers;92130;Issy-les-Moulineaux;92040;92;Île-de-France;48.8232;2.2737;contact@servicesindust.fr;07 72 24 70 07;2025-03-25;2025-12-23;A CONFIRMER;192;311531;COM-0060;oui
CLI-00653;M. Jérôme Petit;PART;Particulier;;110 place du Marché;80000;Amiens;80021;80;Hauts-de-France;49.9266;2.3172;jerome.petit@courriel-demo.fr;07.20.84.62.22;2018-08-18;2020-04-11;PROSPECT;;1614;COM-0022;non
CLI-02198;Services Agroalimentaire SASU;PRO;Collectivité;60676737560695;169 chemin des Vignes;60000;Beauvais;60057;60;Hauts-de-France;49.4572;2.0948;contact@servicesagroal.fr;0276725160;2019-06-18;2021-08-25;ACTIF;296;216063;COM-0020;oui
CLI-01448;Comptoir Papeterie SASU;PRO;Collectivité;32142268043253;28 allée des Peupliers;68100;Mulhouse;68224;68;Grand Est;47.7961;7.3804;contact@comptoirpapete.fr;+33394543252;2021-08-09;2024-06-15;ACTIF;90;66310;COM-0037;oui
CLI-01273;Grand Large Transports EURL;PRO;TPE;16575586040772;9 avenue de la Gare;10000;Troyes;10387;10;Grand Est;48.3075;4.1123;contact@grandlargetran.fr;0531081250;2022-11-11;2026-02-10;ACTIF;93;91930;COM-0035;non
CLI-01653;M. Mathieu Henry;PART;Particulier;;158 avenue de la Gare;82000;Montauban;82121;82;Occitanie;44.0254;1.3194;mathieu.henry@courriel-demo.fr;+33275965793;2024-02-23;2025-01-20;ACTIF;;1457;COM-0044;oui
CLI-00335;Belvédère Agroalimentaire EURL;PRO;Grands comptes;77037906366776;119 impasse des Lilas;91000;Évry-Courcouronnes;91228;91;Île-de-France;48.6186;2.4898;contact@belvedereagroa.fr;+33549888325;2026-01-20;2026-01-20;ACTIF;45;123720;COM-0034;oui
CLI-02146;Nord Ouest Industries EURL;PRO;Collectivité;;75 rue de la République;10000;Troyes;10387;10;Grand Est;48.2972;4.0773;contact@nordouestindus.fr;02 10 22 53 98;2019-05-06;2020-05-30;actif;97;224334;COM-0021;oui
CLI-02213;Mme Céline Petit;PART;Particulier;;6 rue des Acacias;10000;Troyes;10387;10;Grand Est;48.3211;4.0925;celine.petit@courriel-demo.fr;+33665161236;2024-02-14;2024-02-28;ACTIF;;757;COM-0002;oui
CLI-00923;Atlantique Solutions SA;PRO;Grands comptes;54233878150639;153 rue des Acacias;44600;Saint-Nazaire;44184;44;Pays de la Loire;47.3219;-2.2206;contact@atlantiquesolu.fr;+33208428500;2023-06-25;2023-06-25;INACTIF;138;60087;COM-0043;oui
CLI-00066;Cristal Équipements SA;PRO;Grands comptes;07122363367218;11 boulevard Victor Hugo;47000;Agen;47001;47;Nouvelle-Aquitaine;44.2232;0.6033;contact@cristalequipem.fr;0561316413;2025-09-01;2025-12-23;ACTIF;101;440750;COM-0010;oui
CLI-00804;Alizé Maintenance SA;PRO;Grands comptes;21550381044952;108 rue Pasteur;06130;Grasse;06069;06;Provence-Alpes-Côte d’Azur;43.6164;6.9042;contact@alizemaintenan.fr;07 43 66 31 28;2019-11-24;2023-01-26;ACTIF;131;399858;COM-0045;oui
CLI-00940;Aurore Bâtiment SA;PRO;Grands comptes;58442709983593;27 avenue Jean Jaurès;16000;Angoulême;16015;16;Nouvelle-Aquitaine;45.6438;0.1928;contact@aurorebatiment.fr;+33597426924;2025-12-30;2026-08-10;ACTIF;1;84175;COM-0004;non
CLI-01954;Aurore Emballages SCOP;PRO;Collectivité;72640229974459;111 avenue Jean Jaurès;91000;ÉVRY-COURCOURONNES;91228;91;Île-de-France;48.6204;2.428;contact@auroreemballag.fr;0745129298;2023-01-19;2024-10-20;PROSPECT;57;264184;COM-0002;oui
CLI-01175;Ateliers Industries SA;PRO;Grands comptes;37699091383153;131 rue Pasteur;86000;Poitiers;86194;86;Nouvelle-Aquitaine;46.5531;0.3283;contact@ateliersindust.fr;+33684836064;2016-11-14;2018-03-20;INACTIF;95;379534;COM-0053;oui
CLI-02408;Grand Large Bâtiment SARL;PRO;TPE;34071474906633;139 chemin des Vignes;35400;Saint-Malo;35288;35;Bretagne;48.6926;-2.0184;contact@grandlargebati.fr;+33278493021;2022-05-14;2026-02-06;PROSPECT;1;77451;COM-0039;oui
CLI-02392;Mme Fanny Muller;PART;Particulier;;37 avenue de la Gare;13001;Marseille;13055;13;Provence-Alpes-Côte d’Azur;43.2741;5.341;fanny.muller@courriel-demo.fr;05.56.61.46.10;2018-10-16;2021-12-05;ACTIF;;769;COM-0041;non
CLI-00269;Manufacture Maintenance SAS;PRO;Grands comptes;45704817471778;9 allée des Peupliers;20200;Boulogne-Billancourt;92012;92;Île-de-France;48.8046;2.2751;contact@manufacturemai.fr;+33706446586;2021-07-11;2022-10-28;ACTIF;119;222215;COM-0024;non
CLI-02297;Logistique Bâtiment SCOP;PRO;Collectivité;93497095389442;159 avenue de la Gare;76600;Le Havre;76351;76;Normandie;49.5257;0.1489;contact@logistiquebati.fr;06.55.19.70.28;2020-07-18;2023-03-23;PROSPECT;119;144380;COM-0015;oui
CLI-00518;Énergie Distribution SA;PRO;Collectivité;85753313591364;130 place du Marché;66000;Perpignan;66136;66;Occitanie;42.6678;2.8715;contact@energiedistrib.fr;0369383079;2020-12-30;2026-06-05;PROSPECT;107;493295;COM-0023;oui
CLI-00552;Atlantique Équipements SA;PRO;PME;90218823740801;121 impasse des Lilas;21000;Dijon;21231;21;Bourgogne-Franche-Comté;47.2777;5.0463;contact@atlantiqueequi.fr;0579809087;2024-09-11;2025-07-26;PROSPECT;58;-38528;COM-0049;oui
CLI-01829;Cristal Négoce SASU;PRO;Grands comptes;88970273622849;32 rue de la République;42300;Roanne;42187;42;Auvergne-Rhône-Alpes;46.0885;4.0652;contact@cristalnegoces.fr;0302514879;2020-08-10;2022-01-03;ACTIF;7;215138;COM-0014;oui
CLI-01023;Alizé Agroalimentaire SARL;PRO;Grands comptes;89274138527733;163 rue Pasteur;13200;Arles;13004;13;Provence-Alpes-Côte d’Azur;43.6309;4.5985;contact@alizeagroalime.fr;0109151247;2022-09-30;2026-07-25;INACTIF;1;-9749;COM-0012;oui
CLI-00945;Horizon Conseil EURL;PRO;Grands comptes;43509640157579;160 rue Pasteur;16000;Angoulême;16015;16;Nouvelle-Aquitaine;45.6668;0.1864;contact;+33518544755;2019-08-10;2020-04-15;ACTIF;1;472490;COM-0009;oui
CLI-02252;Aurore Transports SARL;PRO;PME;51521861150495;100 chemin des Vignes;06130;Grasse;06069;06;Provence-Alpes-Côte d’Azur;43.7002;6.9529;contact@auroretranspor.fr;06 79 09 06 28;2018-12-30;2022-06-04;RESILIE;237;321707;COM-0043;oui
CLI-02372;Boréal Solutions SA;PRO;TPE;;94 rue du Commerce;42300;Roanne;42187;42;Auvergne-Rhône-Alpes;46.0818;4.0332;contact;04 67 09 25 73;2017-02-18;2024-02-29;RESILIE;43;127051;COM-0056;oui
CLI-02126;Mme Virginie Bernard;PART;Particulier;;130 rue des Acacias;79000;Niort;79191;79;Nouvelle-Aquitaine;46.3068;-0.4449;virginie.bernard@courriel-demo.fr;+33550316273;2019-07-12;2023-09-24;ACTIF;;2088;COM-0012;oui
CLI-02036;Vallée Mobilier SA;PRO;TPE;76377679359796;17 rue de la République;92000;Nanterre;92050;92;Île-de-France;48.8895;2.2107;contact@valleemobilier.fr;01.75.00.79.02;2024-01-01;2024-08-02;ACTIF;31;19009;COM-0056;non
CLI-00334;Mme Sandrine Roussel;PART;Particulier;;74 rue du Commerce;11100;Narbonne;11262;11;Occitanie;43.1626;3.0318;sandrine.roussel@courriel-demo.fr;04.56.95.89.50;2024-04-07;2026-06-23;ACTIF;;1438;COM-0051;oui
CLI-00081;Vallée Distribution SCOP;PRO;Collectivité;04377435628827;34 allée des Peupliers;26000;Valence;26362;26;Auvergne-Rhône-Alpes;44.932;4.8563;contact@valleedistribu.fr;+33682569504;2026-07-04;2026-09-08;ACTIF;84;-61510;COM-0046;oui
CLI-01310;Atlantique Industries SAS;PRO;TPE;56923246180009;148 route de Bordeaux;56100;Lorient;56121;56;Bretagne;47.7868;-3.3935;contact@atlantiqueindu.fr;03.50.43.66.39;2024-05-04;2026-06-04;INACTIF;1;485279;COM-0028;oui
CLI-02395;M. Fabien Rousseau;PART;Particulier;;52 rue Pasteur;71100;Chalon-sur-Saône;71076;71;Bourgogne-Franche-Comté;46.738;4.8234;fabien.rousseau@courriel-demo.fr;05.19.73.51.62;2026-07-25;2026-07-31;ACTIF;;2654;COM-0006;non
CLI-02370;Logistique Distribution SASU;PRO;Collectivité;76923822710862;126 avenue Jean Jaurès;34500;Béziers;34032;34;Occitanie;43.3097;3.2562;contact@logistiquedist.fr;+33622983457;2023-05-01;2025-03-02;ACTIF;56;579641;COM-0057;oui
CLI-00573;M. Philippe Mathieu;PART;Particulier;;150 rue des Acacias;85000;La Roche-sur-Yon;85191;85;Pays de la Loire;46.6764;-1.4094;philippe.mathieu@courriel-demo.fr;03.29.59.92.59;2024-12-14;2024-12-14;INACTIF;;2457;COM-0020;oui
CLI-02058;Solstice Équipements EURL;PRO;Grands comptes;96466668385950;20 impasse des Lilas;13300;Salon-de-Provence;13103;13;Provence-Alpes-Côte d’Azur;43.6082;5.0577;contact@solsticeequipe.fr;+33158923364;2023-02-21;2026-07-27;INACTIF;122;295505;COM-0058;oui
CLI-02144;Escale Maintenance SASU;PRO;Collectivité;98636407468339;24 quai des Docks;64000;Pau;64445;64;Nouvelle-Aquitaine;43.3096;-0.3225;contact@escalemaintena.fr;0437803739;2025-06-01;2025-11-24;ACTIF;1;452539;COM-0003;oui
CLI-00810;Aurore Industries SARL;PRO;Grands comptes;52212380938668;99 rue Pasteur;13300;Salon-de-Provence;13103;13;Provence-Alpes-Côte d’Azur;43.6824;5.0822;contact@auroreindustri.fr;+33475915289;2021-01-04;2022-09-23;ACTIF;1;285919;COM-0007;non
CLI-01292;Grand Large Emballages SAS;PRO;TPE;35300242008243;117 quai des Docks;20000;AJACCIO;2A004;2A;Corse;41.9483;8.7799;contact@grandlargeemba.fr;03 78 97 28 72;2018-04-09;2025-09-03;ACTIF;43;650000;COM-0021;oui
CLI-01413;M. Olivier André;PART;Particulier;;148 boulevard Victor Hugo;41000;Blois;41018;41;Centre-Val de Loire;47.6136;1.3433;olivier.andre@courriel-demo.fr;+33211439937;2020-04-27;2025-11-16;ACTIF;;1138;COM-0042;oui
CLI-00480;Belvédère Électricité EURL;PRO;Grands comptes;95713935749296;81 rue Pasteur;92100;Boulogne-Billancourt;92012;92;Île-de-France;48.8536;2.2623;contact@belvedereelect.fr;0791265721;2020-06-08;2024-12-28;ACTIF;135;115301;COM-0033;oui
CLI-01407;M. Michel Morin;PART;Particulier;;112 place du Marché;62100;Calais;62193;62;Hauts-de-France;50.9828;1.8137;michel.morin@courriel-demo.fr;04.78.41.30.88;2020-02-05;2021-08-11;ACTIF;;3167;COM-0033;oui
CLI-02004;M. Benoît Blanc;PART;Particulier;;29 chemin des Vignes;50100;Cherbourg-en-Cotentin;50129;50;Normandie;49.6855;-1.6241;benoit.blanc at courriel-demo.fr;0277148106;2022-06-24;2023-02-03;INACTIF;;225;COM-0006;oui
CLI-01730;Énergie Négoce EURL;PRO;TPE;;168 rue de l’Industrie;59100;Roubaix;59512;59;Hauts-de-France;50.6787;3.1765;contact@energienegocee.fr;02.35.25.79.58;2024-03-28;2024-03-28;ACTIF;1;641140;COM-0012;oui
CLI-02317;Ateliers Mobilier SCOP;PRO;TPE;34315712489121;35 allée des Peupliers;92100;boulogne-billancourt;92012;92;Île-de-France;48.8488;2.2155;contact@ateliersmobili.fr;03.41.94.81.79;2024-01-16;2026-01-28;PROSPECT;1;135796;COM-0012;oui
CLI-00753;Prisme Électricité SA;PRO;Collectivité;46590201418943;99 rue Pasteur;33000;Bordeaux;33063;33;Nouvelle-Aquitaine;44.8286;-0.5883;contact@prismeelectric.fr;03 40 89 03 54;2021-06-24;2024-07-15;PROSPECT;1;303177;COM-0045;oui
CLI-00357;Solstice Solutions SAS;PRO;TPE;06261460327705;37 chemin des Vignes;13200;Arles;13004;13;Provence-Alpes-Côte d’Azur;43.6952;4.5819;contact@solsticesoluti.fr;07.92.55.25.25;2026-01-31;2026-05-30;PROSPECT;85;350672;COM-0043;oui
CLI-01631;Cristal Mobilier SA;PRO;TPE;39852737584142;147 place du Marché;33700;MÉRIGNAC;33281;33;Nouvelle-Aquitaine;44.878;-0.6348;contact@cristalmobilie.fr;+33712303316;2022-02-07;2023-02-19;INACTIF;68;491843;COM-0059;oui
CLI-00099;Prisme Maintenance SAS;PRO;Grands comptes;87229066579082;135 avenue du Général Leclerc;59140;Dunkerque;59183;59;Hauts-de-France;51.0729;2.3718;contact@prismemaintena.fr;05 99 77 27 47;2023-02-11;2024-08-08;INACTIF;12;159546;COM-0036;oui
CLI-00566;Distribution Emballages SARL;PRO;Collectivité;48818164601174;44 rue de l’Industrie;41000;Blois;41018;41;Centre-Val de Loire;47.552;1.285;contact@distributionem.fr;+33629016765;2019-11-06;2021-07-15;ACTIF;75;-198806;COM-0014;oui
CLI-02486;Alizé Distribution SA;PRO;Collectivité;86855159275627;56 quai des Docks;18000;Bourges;18033;18;Centre-Val de Loire;47.0393;2.4216;contact@alizedistribut.fr;0108734985;2020-08-17;2026-02-24;ACTIF;295;298881;COM-0001;oui
CLI-00856;Énergie Industries SA;PRO;Collectivité;29605218961963;43 avenue Jean Jaurès;30000;Nîmes;30189;30;Occitanie;43.8503;4.3362;contact@energieindustr.fr;04.05.34.65.05;2024-11-26;2025-09-28;INACTIF;27;-44830;COM-0028;oui
CLI-02102;Manufacture Transports SARL;PRO;TPE;25505825192453;48 rue de l’Industrie;30000;Nîmes;30189;30;Occitanie;43.8028;4.3139;contact@manufacturetra.fr;0503869225;2017-07-23;2019-04-26;PROSPECT;123;105194;COM-0029;non
CLI-00867;Atlantique Transports EURL;PRO;TPE;92558115525045;97 rue de l’Industrie;34000;Montpellier;34172;34;Occitanie;43.6416;3.8349;contact@atlantiquetran.fr;03 73 01 39 81;2018-12-19;2019-04-03;INACTIF;88;-49369;COM-0043;oui
CLI-00239;Belvédère  Industries SCOP;PRO;TPE;40206380616004;32 chemin des Vignes;50100;Cherbourg-en-Cotentin;50129;50;Normandie;49.6876;-1.5878;contact@belvedereindus.fr;04 05 66 59 45;2025-10-25;2025-10-25;ACTIF;1;262289;COM-0011;non
CLI-00741;Mme Marion Roux;PART;Particulier;;30 avenue de la Gare;29200;Brest;29019;29;Bretagne;48.3463;-4.4838;marion.roux@courriel-demo.fr;04 29 40 24 23;2026-07-03;2026-08-23;ACTIF;;1488;COM-0007;oui
CLI-02470;Provence Matériaux SARL;PRO;Collectivité;37048943094885;35 quai des Docks;06130;Grasse;06069;06;Provence-Alpes-Côte d’Azur;43.6761;6.9358;contact@provencemateri.fr;04.79.58.63.44;2016-01-25;2023-12-07;ACTIF;1;68054;COM-0038;oui
CLI-01250;M. Damien Bertrand;PART;Particulier;;37 allée des Peupliers;60000;Beauvais;60057;60;Hauts-de-France;49.4435;2.1206;damien.bertrand@courriel-demo.fr;02.28.09.90.02;2016-12-28;2024-11-19;INACTIF;;3118;COM-0022;oui
CLI-01704;Vallée Matériaux SAS;PRO;TPE;36292782481676;91 place du Marché;34500;Béziers;34032;34;Occitanie;43.3544;3.189;contact@valleemateriau.fr;05 29 04 45 16;2023-01-08;2024-06-30;ACTIF;17;380288;COM-0005;oui
CLI-01042;Mme Aurélie Bertrand;PART;Particulier;;160 boulevard Victor Hugo;24000;Périgueux;24322;24;Nouvelle-Aquitaine;45.1759;0.6856;aurelie.bertrand@courriel-demo.fr;+33778803257;2023-01-08;2025-11-07;ACTIF;;2967;COM-0057;oui
CLI-01576;Services Solutions SA;PRO;Collectivité;87710938993595;157 avenue de la Gare;33000;Bordeaux;33063;33;Nouvelle-Aquitaine;44.7965;-0.5327;contact@servicessoluti.fr;+33458137255;2020-07-22;2025-08-09;PROSPECT;22;110001;COM-0034;non
CLI-02332;Mme Karine Perrin;PART;Particulier;;160 boulevard Victor Hugo;81000;Albi;81004;81;Occitanie;43.9063;2.1336;karine.perrin@courriel-demo.fr;0376934759;2021-01-29;2026-04-22;ACTIF;;1809;COM-0057;oui
CLI-00047;Mme Nathalie Girard;PART;Particulier;;164 avenue Jean Jaurès;63000;Clermont-Ferrand;63113;63;Auvergne-Rhône-Alpes;45.7935;3.0878;nathalie.girard@courriel-demo.fr;06 54 30 11 12;2017-04-13;2026-04-26;INACTIF;;1061;COM-0003;oui
CLI-02402;Comptoir Solutions SARL;PRO;Collectivité;;164 avenue Jean Jaurès;54000;Nancy;54395;54;Grand Est;48.6723;6.1519;contact@comptoirsoluti.fr;06 45 15 69 86;2017-08-09;2019-08-26;ACTIF;127;-63332;COM-0021;oui
CLI-00091;Horizon Bâtiment EURL;PRO;Grands comptes;86794020976246;34 rue Pasteur;71100;Chalon-sur-Saône;71076;71;Bourgogne-Franche-Comté;46.8029;4.8307;contact@horizonbatimen;0117646047;2021-07-08;2025-10-02;ACTIF;1;53874;COM-0029;oui
CLI-02203;Comptoir Agroalimentaire SARL;PRO;Collectivité;17966972663204;149 rue des Acacias;42000;Saint-Étienne;42218;42;Auvergne-Rhône-Alpes;45.482;4.3714;contact@comptoiragroal.fr;02 12 77 54 88;2022-06-27;2023-01-05;PROSPECT;87;465017;COM-0046;oui
CLI-01291;Cristal Négoce SAS;PRO;Grands comptes;69055897383260;127 rue Pasteur;58000;Nevers;58194;58;Bourgogne-Franche-Comté;46.9482;3.1857;contact@cristalnegoces.fr;02.87.47.56.64;2021-08-15;2023-04-11;ACTIF;77;119451;COM-0026;oui
CLI-01308;Distribution Emballages SAS;PRO;Collectivité;45851094159723;63 rue des Acacias;34500;Béziers;34032;34;Occitanie;43.3259;3.2434;contact@distributionem.fr;0579403802;2017-07-28;2020-08-14;ACTIF;1;148564;COM-0048;non
CLI-01351;Boréal Agroalimentaire EURL;PRO;Grands comptes;01529794866873;173 chemin des Vignes;24000;Périgueux;24322;24;Nouvelle-Aquitaine;45.1825;0.6872;contact@borealagroalim.fr;+33241549077;2024-01-22;2025-11-12;RESILIE;92;181705;COM-0011;oui
CLI-02394;Aurore Solutions SASU;PRO;PME;;153 route de Bordeaux;42000;Saint-Étienne;42218;42;Auvergne-Rhône-Alpes;45.4276;4.4141;contact@auroresolution.fr;05 49 87 43 35;2025-10-01;2026-07-05;ACTIF;1;132267;COM-0047;oui
CLI-00396;Vertigo Mobilier SCOP;PRO;Collectivité;;46 route de Bordeaux;42000;Saint-Étienne;42218;42;Auvergne-Rhône-Alpes;45.4068;4.4292;contact@vertigomobilie.fr;0188440622;2017-02-02;2022-05-01;PROSPECT;137;65694;COM-0058;oui
CLI-01201;Tramontane Transports SAS;PRO;Grands comptes;15454830416489;130 rue de l’Industrie;68100;Mulhouse;68224;68;Grand Est;47.7171;7.303;contact@tramontanetran.fr;0579835649;2022-12-16;2025-08-24;ACTIF;138;88970;COM-0003;oui
CLI-00355;Pyrénées  Négoce SCOP;PRO;TPE;;137 allée des Peupliers;95100;Argenteuil;95018;95;Île-de-France;48.9393;2.2659;contact@pyreneesnegoce.fr;0198720533;2020-02-24;2020-11-25;ACTIF;27;444919;COM-0045;oui
CLI-01668;Logistique Solutions SASU;PRO;PME;03626246849740;109 rue du Commerce;13300;Salon-de-Provence;13103;13;Provence-Alpes-Côte d’Azur;43.6205;5.0862;contact@logistiquesolu.fr;+33722209180;2016-11-24;2019-03-01;ACTIF;30;125735;COM-0022;oui
CLI-01181;Nord Ouest Transports EURL;PRO;TPE;12293266399971;85 allée des Peupliers;74000;Paris;75056;75;Île-de-France;48.8567;2.3438;contact@nordouesttrans.fr;+33694032202;2024-05-08;2025-11-11;ACTIF;1;233174;COM-0029;oui
CLI-00719;M. Romain Legrand;PART;Particulier;;83 rue des Acacias;94000;Créteil;94028;94;Île-de-France;48.7726;2.4664;romain.legrand@courriel-demo.fr;0133247745;2024-02-10;2024-02-10;ACTIF;;996;COM-0039;oui
CLI-01194;Boréal Bâtiment SAS;PRO;TPE;73397585695958;17 place du Marché;86000;Poitiers;86194;86;Nouvelle-Aquitaine;46.5761;0.3277;contact@borealbatiment.fr;02 00 00 20 23;2024-06-10;2026-04-13;ACTIF;85;-87951;COM-0015;oui
CLI-00275;Mme Julie Simon;PART;Particulier;;156 avenue Jean Jaurès;13100;Aix-en-Provence;13001;13;Provence-Alpes-Côte d’Azur;43.5718;5.4087;julie.simon@courriel-demo.fr;+33458036304;2021-11-01;2026-03-20;ACTIF;;275;COM-0052;oui
CLI-00085;Comptoir Emballages EURL;PRO;PME;05248409001446;34 allée des Peupliers;17000;La Rochelle;17300;17;Nouvelle-Aquitaine;46.1104;-1.17;contact@comptoiremball.fr;07 96 66 40 22;2020-08-19;2023-05-11;ACTIF;89;126384;COM-0044;oui
CLI-02240;M. Nicolas Bertrand;PART;Particulier;;46 route de Bordeaux;30000;Nîmes;30189;30;Occitanie;43.884;4.3602;nicolas.bertrand@courriel-demo.fr;03.90.39.38.62;2024-02-15;2025-06-30;ACTIF;;2193;COM-0004;oui
CLI-02309;Mme Julie Lambert;PART;Particulier;;160 chemin des Vignes;49000;Angers;49007;49;Pays de la Loire;47.5115;-0.5827;julie.lambert@courriel-demo.fr;+33383866432;2022-08-19;2026-02-16;ACTIF;;1793;COM-0059;oui
CLI-00428;Mme Karine Richard;PART;Particulier;;120 chemin des Vignes;76000;Rouen;76540;76;Normandie;49.4745;1.1461;karine.richard@courriel-demo.fr;0314133045;2024-11-18;2026-01-22;ACTIF;;789;COM-0009;oui
CLI-00847;Sillon Électricité SA;PRO;Grands comptes;71053860535538;111 rue des Acacias;76000;Rouen;76540;76;Normandie;49.4558;1.1453;contact@sillonelectric.fr;02.63.49.93.97;2022-05-25;2023-02-11;INACTIF;145;247727;COM-0022;oui
CLI-02380;Nord Ouest Industries SARL;PRO;Grands comptes;62232254275296;144 allée des Peupliers;73000;Chambéry;73065;73;Auvergne-Rhône-Alpes;45.5172;5.9042;contact@nordouestindus.fr;+33472627988;2024-07-10;2026-09-01;ACTIF;144;84852;COM-0052;oui
CLI-01539;Solstice Papeterie SCOP;PRO;Collectivité;31415751753411;44 avenue de la Gare;92000;Nanterre;92050;92;Île-de-France;48.8475;2.2479;contact@solsticepapete.fr;+33464571271;2020-03-01;2022-01-09;RESILIE;96;444095;COM-0036;non
CLI-01363;Services Maintenance SCOP;PRO;Collectivité;00251442361104;24 boulevard Victor Hugo;69100;Villeurbanne;69266;69;Auvergne-Rhône-Alpes;45.8107;4.9062;contact@servicesmainte.fr;04.68.21.74.94;2017-02-12;2021-01-11;ACTIF;191;147390;COM-0010;oui
CLI-00473;Escale  Agroalimentaire SA;PRO;TPE;65249540003509;75 boulevard Victor Hugo;28000;Chartres;28085;28;Centre-Val de Loire;48.4781;1.4488;contact@escaleagroalim.fr;0225173736;2024-12-30;2025-08-25;ACTIF;107;256142;COM-0012;oui
CLI-01983;Comptoir Négoce SASU;PRO;PME;47220746332590;67 chemin des Vignes;31000;Toulouse;31555;31;Occitanie;43.605;1.4197;contact@comptoirnegoce.fr;01 36 28 73 98;2016-08-15;2025-11-27;ACTIF;62;527091;COM-0057;non
CLI-01598;Ateliers Distribution SARL;PRO;Collectivité;06761938558242;141 avenue du Général Leclerc;29000;Quimper;29232;29;Bretagne;47.9956;-4.1031;contact@ateliersdistri.fr;03.89.02.21.07;2024-01-25;2025-09-02;PROSPECT;156;112203;COM-0019;oui
CLI-01239;Sillon Papeterie SASU;PRO;Grands comptes;85383425507704;25 route de Bordeaux;47000;Agen;47001;47;Nouvelle-Aquitaine;44.1849;0.6123;contact@sillonpapeteri.fr;0465497304;2020-09-22;2024-09-10;PROSPECT;32;32848;COM-0020;oui
CLI-00549;Mme Isabelle Faure;PART;Particulier;;110 avenue Jean Jaurès;30000;Nîmes;30189;30;Occitanie;43.8782;4.3343;isabelle.faure@courriel-demo.fr;05.55.41.60.25;2021-12-24;2026-09-02;RESILIE;;2846;COM-0007;oui
CLI-01110;Mme Émilie Bernard;PART;Particulier;;32 rue de la République;47000;Agen;47001;47;Nouvelle-Aquitaine;44.2337;0.5746;emilie.bernard@courriel-demo.fr;0390425267;2016-09-28;2022-01-22;ACTIF;;352;COM-0016;oui
CLI-00834;Provence Papeterie SASU;PRO;Grands comptes;70518679914531;55 impasse des Lilas;90000;Belfort;90010;90;Bourgogne-Franche-Comté;47.6494;6.8248;contact@provencepapete.fr;04.33.02.37.42;2025-11-04;2026-07-05;ACTIF;74;253316;COM-0030;oui
CLI-01642;Escale Solutions EURL;PRO;TPE;07558334906737;104 boulevard Victor Hugo;72000;Le Mans;72181;72;Pays de la Loire;48.0387;0.1625;contact@escalesolution.fr;03 78 03 74 33;2016-11-27;2020-03-04;ACTIF;1;285047;COM-0054;oui
CLI-01808;Logistique Maintenance SASU;PRO;TPE;47947372250183;24 boulevard Victor Hugo;28000;Chartres;28085;28;Centre-Val de Loire;48.4196;1.5049;contact@logistiquemain.fr;+33618331552;2020-11-26;2023-12-25;INACTIF;122;-87428;COM-0053;non
CLI-00977;Aurore Agroalimentaire SAS;PRO;Grands comptes;32350285927901;171 allée des Peupliers;73000;Chambéry;73065;73;Auvergne-Rhône-Alpes;45.5395;5.8786;contact@auroreagroalim.fr;03 78 09 66 04;2024-02-21;2026-02-27;ACTIF;91;145379;COM-0024;oui
CLI-01780;Atlantique Électricité SARL;PRO;Collectivité;27112095977279;128 rue de la République;50100;Cherbourg-en-Cotentin;50129;50;Normandie;49.6189;-1.5814;contact@atlantiqueelec.fr;01.95.33.47.60;2020-01-04;2025-04-07;ACTIF;214;-28993;COM-0031;oui
CLI-00482;Horizon Mobilier SARL;PRO;Grands comptes;21796036378754;70 place du Marché;76600;Le Havre;76351;76;Normandie;49.4636;0.1124;contact@horizonmobilie.fr;0383285807;2024-10-01;2025-07-14;ACTIF;64;406654;COM-0003;non
CLI-01282;Cristal Agroalimentaire SAS;PRO;Grands comptes;;168 impasse des Lilas;89000;Auxerre;89024;89;Bourgogne-Franche-Comté;47.8419;3.6041;contact@cristalagroali.fr;03.60.36.08.95;2024-01-15;2025-10-02;ACTIF;100;157785;COM-0045;oui
CLI-00010;Solstice Bâtiment SAS;PRO;PME;40595748837830;74 quai des Docks;27000;Évreux;27229;27;Normandie;49.0401;1.173;contact@solsticebatime.fr;04.75.38.05.46;2025-07-13;2026-01-02;ACTIF;36;498438;COM-0052;oui
CLI-01610;Sillon Conseil SASU;PRO;Collectivité;;44 boulevard Victor Hugo;95100;Argenteuil;95018;95;Île-de-France;48.9321;2.2003;contact@sillonconseils.fr;+33128516763;2020-05-10;2023-05-31;ACTIF;1;-80072;COM-0040;oui
CLI-00370;Mme Inès Rousseau;PART;Particulier;;75 place du Marché;64000;Pau;64445;64;Nouvelle-Aquitaine;43.2626;-0.4097;ines.rousseau@courriel-demo.fr;03 72 58 40 09;2016-11-24;2026-07-29;ACTIF;;3809;COM-0009;oui
CLI-00434;Aurore Industries SCOP;PRO;Grands comptes;60997797561658;8 chemin des Vignes;47000;Agen;47001;47;Nouvelle-Aquitaine;44.2149;0.5871;contact@auroreindustri.fr;+33606302048;2025-06-29;2026-02-26;ACTIF;1;178054;COM-0043;oui
CLI-02182;Mme Manon Lopez;PART;Particulier;;130 allée des Peupliers;91000;évry-courcouronnes;91228;91;Île-de-France;48.6242;2.4864;manon.lopez@courriel-demo.fr;+33590448864;2020-01-15;2020-07-19;ACTIF;;3837;COM-0011;oui
CLI-00890;Services  Papeterie EURL;PRO;PME;09050080757634;46 quai des Docks;95000;Cergy;95127;95;Île-de-France;49.0201;2.0617;contact@servicespapete.fr;02.26.47.16.95;2016-07-07;2022-11-30;ACTIF;77;209889;COM-0051;oui
CLI-00957;Pyrénées Maintenance SASU;PRO;PME;45191703860046;62 boulevard Victor Hugo;92100;boulogne-billancourt;92012;92;Île-de-France;48.8309;2.2688;contact@pyreneesmainte.fr;+33792340269;2024-02-14;2026-02-27;ACTIF;164;209654;COM-0019;oui
CLI-00919;Vertigo Papeterie EURL;PRO;Collectivité;61784997587205;140 avenue du Général Leclerc;29200;Brest;29019;29;Bretagne;48.3683;-4.4738;contact@vertigopapeter.fr;0526059908;2018-03-05;2023-12-25;ACTIF;1;209154;COM-0036;oui
CLI-00891;Alizé Papeterie SA;PRO;PME;72632690259128;119 boulevard Victor Hugo;06400;Cannes;06029;06;Provence-Alpes-Côte d’Azur;43.5171;7.0459;contact@alizepapeterie.fr;+33618829793;2024-12-07;2025-12-18;PROSPECT;13;135535;COM-0050;oui
CLI-00680;Horizon Équipements SASU;PRO;Collectivité;26645923315558;37 rue Pasteur;26000;Valence;26362;26;Auvergne-Rhône-Alpes;44.9368;4.9258;contact@horizonequipem.fr;02 75 45 53 66;2023-12-07;2023-12-07;INACTIF;33;156993;COM-0004;non
CLI-00411;Cévennes Négoce EURL;PRO;Collectivité;92693397645003;139 rue de la République;13300;Salon-de-Provence;13103;13;Provence-Alpes-Côte d’Azur;43.654;5.097;contact@cevennesnegoce.fr;+33397963438;2016-11-15;2025-12-11;ACTIF;241;33646;COM-0011;non
CLI-00990;Ateliers Transports SCOP;PRO;PME;25138267957744;53 allée des Peupliers;89000;Auxerre;89024;89;Bourgogne-Franche-Comté;47.7969;3.56;contact@atelierstransp.fr;+33347139684;2026-07-13;2026-09-06;ACTIF;138;88098;COM-0020;oui
CLI-02177;Manufacture Solutions SCOP;PRO;TPE;32297395928876;3 rue du Commerce;85000;La Roche-sur-Yon;85191;85;Pays de la Loire;46.7178;-1.3966;contact@manufacturesol.fr;06.23.65.72.89;2024-09-04;2025-06-10;ACTIF;171;164070;COM-0025;non
CLI-00485;Mme Aurélie Petit;PART;Particulier;;139 place du Marché;42300;ROANNE;42187;42;Auvergne-Rhône-Alpes;46.0647;4.1193;aurelie.petit@courriel-demo.fr;03.00.57.35.17;2025-10-05;2025-12-27;ACTIF;;391;COM-0053;non
CLI-01322;Solstice Solutions SA;PRO;Grands comptes;65227364389237;4 rue de l’Industrie;64100;Bayonne;64102;64;Nouvelle-Aquitaine;43.4626;-1.4499;contact@solsticesoluti.fr;01.58.93.51.58;2025-08-13;2025-08-23;PROSPECT;6;53116;COM-0025;oui
CLI-02094;Belvédère Emballages SAS;PRO;PME;01477209139178;76 avenue de la Gare;59000;Lille;59350;59;Hauts-de-France;50.6107;3.03;contact@belvedereembal.fr;+33380528869;2022-09-29;2025-03-13;ACTIF;1;188442;COM-0015;oui
CLI-00251;Horizon Papeterie SASU;PRO;Grands comptes;47831609861921;174 avenue de la Gare;78000;Versailles;78646;78;Île-de-France;48.767;2.177;contact@horizonpapeter.fr;04.77.21.45.89;2018-06-29;2026-12-28;ACTIF;36;-57801;COM-0024;non
CLI-00314;Mme Émilie Bonnet;PART;Particulier;;168 avenue Jean Jaurès;80000;Amiens;80021;80;Hauts-de-France;49.867;2.259;emilie.bonnet@courriel-demo.fr;07.25.51.81.62;2019-12-14;2023-11-19;ACTIF;;1155;COM-0038;oui
CLI-00056;Mme Sylvie Nicolas;PART;Particulier;;119 route de Bordeaux;22000;Saint-Brieuc;22278;22;Bretagne;48.5506;-2.721;sylvie.nicolas@courriel-demo.fr;+33565941904;2018-06-09;2022-11-29;ACTIF;;3812;COM-0008;oui
CLI-00096;M. Alain Morel;PART;Particulier;;15 avenue du Général Leclerc;95100;argenteuil;95018;95;Île-de-France;48.9894;2.2752;alain.morel@courriel-demo.fr;0531487080;2025-07-27;2026-06-08;ACTIF;;3307;COM-0038;oui
CLI-00938;M. Jean Morel;PART;Particulier;;5 rue Pasteur;34000;Montpellier;34172;34;Occitanie;43.616;3.8722;jean.morel@courriel-demo.fr;0470820376;2022-09-16;2025-10-09;INACTIF;;3036;COM-0037;oui
CLI-00148;Cristal Emballages EURL;PRO;TPE;14282897747881;124 chemin des Vignes;81000;Albi;81004;81;Occitanie;43.8853;2.1872;contact@cristalemballa.fr;0636000727;2018-04-21;2019-06-07;ACTIF;1;116525;COM-0048;non
CLI-00278;Sillon Équipements EURL;PRO;Collectivité;64335909149389;26 avenue de la Gare;20200;Bastia;2B033;2B;Corse;42.6605;9.48;contact@sillonequipeme.fr;+33190503223;2021-01-19;2025-06-25;PROSPECT;184;465103;COM-0044;oui
CLI-02218;M. Mathieu François;PART;Particulier;;25 avenue de la Gare;22000;Saint-Brieuc;22278;22;Bretagne;48.5226;-2.8111;mathieu.francois@courriel-demo.fr;+33243454826;2017-07-26;2021-02-08;ACTIF;;1400;COM-0056;non
CLI-01333;Mme Catherine Roussel;PART;Particulier;;64 rue des Acacias;41000;Blois;41018;41;Centre-Val de Loire;47.5829;1.3662;catherine.roussel@courriel-demo.fr;0734702074;2024-10-21;2026-07-28;ACTIF;;3240;COM-0047;non
CLI-01673; M. Alain Dupont;PART;Particulier;;48 boulevard Victor Hugo;74000;Annecy;74010;74;Auvergne-Rhône-Alpes;45.9197;6.1318;alain.dupont@courriel-demo.fr;0110896523;2024-08-30;2024-10-02;ACTIF;;3286;COM-0013;oui
CLI-00331;Cévennes Industries EURL;PRO;TPE;42463109283414;136 rue de la République;31000;toulouse;31555;31;Occitanie;43.6165;1.4498;contact@cevennesindust.fr;04.18.54.46.94;2016-07-12;2020-08-21;PROSPECT;177;223407;COM-0043;oui
CLI-01636;Provence Équipements SARL;PRO;TPE;93982518139051;42 boulevard Victor Hugo;92130;Issy-les-Moulineaux;92040;92;Île-de-France;48.8362;2.2627;contact@provenceequipe.fr;02.18.72.41.08;2024-02-14;2025-03-22;ACTIF;131;106122;COM-0049;oui
CLI-01807;Boréal Équipements SAS;PRO;Collectivité;;178 impasse des Lilas;91000;Évry-Courcouronnes;91228;91;Île-de-France;48.6425;2.4365;contact@borealequipeme.fr;0218819400;2015-10-16;2016-03-31;PROSPECT;24;276818;COM-0052;oui
CLI-01864;Ateliers Industries SA;PRO;PME;17806660725962;105 rue du Commerce;01000;Bourg-en-Bresse;01053;01;Auvergne-Rhône-Alpes;46.2093;5.2363;contact@ateliersindust.fr;+33169568287;2024-12-28;2025-11-06;ACTIF;1;253388;COM-0052;oui
CLI-00464;M. Pierre Martinez;PART;Particulier;;88 rue de la République;65000;Tarbes;65440;65;Occitanie;43.224;0.0226;pierre.martinez@courriel-demo.fr;06 18 89 64 91;2020-06-28;2021-06-01;ACTIF;;290;COM-0034;oui
CLI-01168;Cévennes Équipements SCOP;PRO;Collectivité;24788613558435;154 place du Marché;11000;Carcassonne;11069;11;Occitanie;43.2439;2.3654;contact@cevennesequipe.fr;+33567839245;2020-04-02;2025-02-08;ACTIF;1;115926;COM-0017;non
CLI-00490;Vertigo Emballages SARL;PRO;TPE;30135146336129;44 rue Pasteur;94000;Créteil;94028;94;Île-de-France;48.7427;2.4725;contact@vertigoemballa.fr;0306068482;2017-11-10;2022-05-12;ACTIF;1;344684;COM-0044;oui
CLI-00696;M. Laurent Lopez;PART;Particulier;;148 allée des Peupliers;67000;Strasbourg;67482;67;Grand Est;48.5826;7.7599;laurent.lopez@courriel-demo.fr;+33405597361;2024-11-17;2025-06-20;INACTIF;;2681;COM-0035;oui
CLI-01411;Solstice Électricité EURL;PRO;PME;20854649773113;139 route de Bordeaux;22000;Saint-Brieuc;22278;22;Bretagne;48.5296;-2.7891;contact@solsticeelectr.fr;02.51.18.64.90;2018-01-21;2022-05-04;ACTIF;108;-38730;COM-0043;oui
CLI-00812;Sillon Solutions SARL;PRO;PME;32586075469178;60 impasse des Lilas;44600;Saint-Nazaire;44184;44;Pays de la Loire;47.2751;-2.252;contact@sillonsolution.fr;05 89 43 52 14;2018-07-25;2022-05-16;ACTIF;1;85155;COM-0036;oui
CLI-01065;Tramontane Papeterie SAS;PRO;TPE;28284618246171;103 rue de la République;02100;Saint-Quentin;02691;02;Hauts-de-France;49.8005;3.3067;contact@tramontanepape.fr;0502263057;2020-07-15;2025-08-23;PROSPECT;12;-191731;COM-0020;oui
CLI-01390;Atlantique Bâtiment SASU;PRO;Collectivité;56573091015371;127 avenue du Général Leclerc;34000;Montpellier;34172;34;Occitanie;43.6237;3.854;contact@atlantiquebati.fr;01 04 56 98 22;2017-11-07;2022-09-19;INACTIF;19;389182;COM-0011;oui
CLI-02446;Alizé Équipements SA;PRO;Grands comptes;45759775827751;66 allée des Peupliers;17000;La Rochelle;17300;17;Nouvelle-Aquitaine;46.186;-1.1109;contact@alizeequipemen.fr;0288314244;2023-12-11;2025-08-11;ACTIF;96;57637;COM-0021;oui
CLI-01126;M. Philippe Lopez;PART;Particulier;;96 avenue Jean Jaurès;12000;Rodez;12202;12;Occitanie;44.3097;2.5376;philippe.lopez@courriel-demo.fr;0113511007;2020-08-31;2026-03-21;PROSPECT;;3909;COM-0040;non
CLI-00245;Tramontane Conseil SA;PRO;TPE;98881572507044;2 rue de l’Industrie;81000;Albi;81004;81;Occitanie;43.899;2.1231;contact@tramontanecons.fr;0132395198;2022-03-01;2024-02-29;ACTIF;146;115583;COM-0016;oui
CLI-01320;Tramontane Mobilier SASU;PRO;TPE;83758222435033;85 route de Bordeaux;13100;Aix-en-Provence;13001;13;Provence-Alpes-Côte d’Azur;43.5706;5.4371;contact@tramontanemobi.fr;06.97.66.68.61;2015-12-18;2019-07-23;PROSPECT;110;177242;COM-0007;oui
CLI-02375;Logistique Transports SARL;PRO;Grands comptes;76844615436404;125 avenue de la Gare;28000;Chartres;28085;28;Centre-Val de Loire;48.4114;1.4815;contact@logistiquetran.fr;0506235052;2020-03-07;2025-09-12;ACTIF;1;259184;COM-0040;oui
CLI-01094;Escale Maintenance SARL;PRO;TPE;27880691202058;37 rue Pasteur;95100;Argenteuil;95018;95;Île-de-France;48.9139;2.2171;contact@escalemaintena.fr;03 27 55 02 17;2025-09-03;2026-05-25;PROSPECT;39;202352;COM-0003;oui
CLI-02438;Logistique Mobilier EURL;PRO;Collectivité;66680323337682;171 allée des Peupliers;27000;Évreux;27229;27;Normandie;48.9918;1.1938;contact@logistiquemobi.fr;05 29 21 13 31;2026-06-29;2026-08-03;ACTIF;1;372329;COM-0058;non
CLI-00157;Distribution Équipements SARL;PRO;PME;68169893340627;177 rue de la République;26000;Valence;26362;26;Auvergne-Rhône-Alpes;44.9038;4.8609;contact@distributioneq.fr;04 18 65 02 89;2018-02-18;2022-02-27;ACTIF;186;276009;COM-0058;oui
CLI-00191;Maritime Mobilier SAS;PRO;Grands comptes;16724979436147;83 avenue Jean Jaurès;17000;La Rochelle;17300;17;Nouvelle-Aquitaine;46.1893;-1.1008;contact@maritimemobili.fr;07 02 60 87 01;2020-04-09;2021-02-17;RESILIE;153;276339;COM-0046;oui
CLI-02057;Distribution Mobilier SASU;PRO;PME;56736752067618;66 boulevard Victor Hugo;95000;CERGY;95127;95;Île-de-France;49.0063;2.0617;contact@distributionmo.fr;+33421104225;2015-10-23;2017-05-20;ACTIF;107;284706;COM-0001;non
CLI-00022;M. Vincent Michel;PART;Particulier;;29 impasse des Lilas;83000;Toulon;83137;83;Provence-Alpes-Côte d’Azur;43.089;5.9251;vincent.michel@courriel-demo.fr;01 18 79 83 84;2017-11-15;2021-04-24;ACTIF;;177;COM-0005;oui
CLI-00898;Comptoir Emballages EURL;PRO;Collectivité;87458251984412;108 rue de l’Industrie;31000;Toulouse;31555;31;Occitanie;43.5716;1.4263;contact@comptoiremball.fr;0258870111;2020-06-30;2026-01-27;ACTIF;40;96190;COM-0029;oui
CLI-00423;Services Équipements SA;PRO;PME;66501934063601;159 rue Pasteur;33700;Mérignac;33281;33;Nouvelle-Aquitaine;44.8898;-0.695;contact@servicesequipe.fr;05 53 93 45 84;2023-02-03;2026-09-06;RESILIE;4;54650;COM-0038;oui
CLI-02088;Comptoir Papeterie SAS;PRO;Collectivité;82730380853301;99 rue du Commerce;57000;Metz;57463;57;Grand Est;49.1328;6.228;contact@comptoirpapete.fr;06.97.87.48.09;2017-12-12;2026-05-30;ACTIF;196;8129;COM-0011;oui
CLI-01959;Nord Ouest Transports SARL;PRO;Grands comptes;48044743357108;22 allée des Peupliers;58000;Nevers;58194;58;Bourgogne-Franche-Comté;46.9405;3.191;contact@nordouesttrans.fr;0367754133;2022-10-16;2024-01-14;ACTIF;27;93208;COM-0047;non
CLI-01010;Services Papeterie EURL;PRO;TPE;53349219657657;121 avenue de la Gare;77100;Meaux;77284;77;Île-de-France;48.9454;2.8677;contact@servicespapete.fr;07 83 42 38 67;2016-12-14;2020-12-07;PROSPECT;33;330796;COM-0051;non
CLI-00403;Maritime Solutions SCOP;PRO;TPE;20728082757393;123 rue de l’Industrie;54000;Nancy;54395;54;Grand Est;48.7204;6.19;contact@maritimesoluti.fr;0324668880;2022-02-27;2024-10-20;ACTIF;109;204304;COM-0031;oui
CLI-00545;M. Philippe Girard;PART;Particulier;;72 chemin des Vignes;85000;La Roche-sur-Yon;85191;85;Pays de la Loire;46.6913;-1.4565;philippe.girard@courriel-demo.fr;0124236596;2025-01-17;2025-05-27;ACTIF;;163;COM-0037;oui
CLI-01801;M. Pierre Thomas;PART;Particulier;;121 rue Pasteur;34200;Sète;34301;34;Occitanie;43.3557;3.6843;pierre.thomas@courriel-demo.fr;0574276785;2023-10-16;2026-02-14;INACTIF;;1949;COM-0025;oui
CLI-01125;Escale Emballages SARL;PRO;Collectivité;75345867100793;27 rue de la République;94000;Créteil;94028;94;Île-de-France;48.824;2.4768;contact@escaleemballag.fr;+33209753155;2017-03-17;2019-12-18;INACTIF;21;-23948;COM-0006;oui
CLI-02259;M. David Perrin;PART;Particulier;;63 place du Marché;29200;Brest;29019;29;Bretagne;48.4026;-4.5308;david.perrin@courriel-demo.fr;07.71.45.26.60;2025-08-17;2025-11-05;ACTIF;;2271;COM-0037;oui
CLI-00944;Mme Sophie Laurent;PART;Particulier;;41 avenue du Général Leclerc;69100;Villeurbanne;69266;69;Auvergne-Rhône-Alpes;45.7457;4.8587;sophie.laurent@courriel-demo.fr;02 46 69 91 91;2021-04-27;2024-03-09;ACTIF;;2380;COM-0046;oui
CLI-00280;Mme Sylvie Michel;PART;Particulier;;2 boulevard Victor Hugo;93200;Saint-Denis;93066;93;Île-de-France;48.958;2.3725;sylvie.michel@courriel-demo.fr;+33318886902;2022-09-10;2022-09-10;PROSPECT;;352;COM-0026;oui
CLI-00885;Mme Virginie Gauthier;PART;Particulier;;72 allée des Peupliers;63000;Clermont-Ferrand;63113;63;Auvergne-Rhône-Alpes;45.7398;3.1146;virginie.gauthier@courriel-demo.fr;03 97 43 15 98;2016-11-29;2026-07-05;ACTIF;;1333;COM-0038;oui
CLI-00427;Énergie Conseil SASU;PRO;PME;97366445472101;87 place du Marché;82000;Montauban;82121;82;Occitanie;44.02;1.3735;contact@energieconseil.fr;0195972928;2021-09-26;2022-09-01;ACTIF;127;332033;COM-0047;non
CLI-01221;Ateliers Solutions SASU;PRO;Grands comptes;11623706619995;146 rue de l’Industrie;34200;Sète;34301;34;Occitanie;43.3567;3.6975;contact@atelierssoluti.fr;+33627588234;2022-11-28;2025-10-04;ACTIF;92;25154;COM-0018;oui
CLI-00527;Énergie Transports SASU;PRO;TPE;28989112245945;136 avenue de la Gare;93100;Montreuil;93048;93;Île-de-France;48.8578;2.4191;contact@energietranspo.fr;+33646849921;2026-05-26;2026-06-14;ACTIF;101;-250000;COM-0007;oui
CLI-01059;Services Papeterie SARL;PRO;Collectivité;18128790281976;101 avenue Jean Jaurès;64100;Bayonne;64102;64;Nouvelle-Aquitaine;43.5058;-1.5227;contact@servicespapete.fr;06 09 43 94 35;2023-05-05;2024-04-14;ACTIF;147;246956;COM-0049;non
CLI-02101;Provence Emballages SCOP;PRO;Grands comptes;63756401777571;118 route de Bordeaux;74000;Annecy;74010;74;Auvergne-Rhône-Alpes;45.8946;6.1414;contact@provenceemball.fr;02.03.30.78.34;2026-04-25;2026-08-07;ACTIF;1;217193;COM-0013;oui
CLI-02264;Escale Maintenance SARL;PRO;Grands comptes;09009638420068;138 rue de l’Industrie;13300;Salon-de-Provence;13103;13;Provence-Alpes-Côte d’Azur;43.6837;5.1307;contact@escalemaintena.fr;07.82.91.12.41;2019-08-10;2024-08-17;ACTIF;26;28808;COM-0049;non
CLI-02391;Provence Maintenance SARL;PRO;TPE;59601126767265;8 avenue Jean Jaurès;12000;Rodez;12202;12;Occitanie;44.382;2.5377;contact@provencemainte.fr;04 59 37 77 36;2024-05-05;2026-06-07;ACTIF;112;183656;COM-0014;oui
CLI-00686;Cristal Distribution SARL;PRO;Grands comptes;37489310785689;9 impasse des Lilas;50100;CHERBOURG-EN-COTENTIN;50129;50;Normandie;49.6093;-1.5872;contact@cristaldistrib.fr;03.89.55.00.82;2022-06-11;2023-09-17;ACTIF;156;-39636;COM-0039;oui
CLI-01591;Maritime Équipements SARL;PRO;Collectivité;42998918467085;121 rue de la République;86000;Poitiers;86194;86;Nouvelle-Aquitaine;46.5559;0.3856;contact@maritimeequipe.fr;+33406167193;2017-05-20;2021-07-14;INACTIF;53;110422;COM-0017;oui
CLI-00796;Alizé Transports SCOP;PRO;PME;67908136032580;75 rue Pasteur;14000;Caen;14118;14;Normandie;49.1385;-0.3326;contact@alizetransport.fr;07 87 06 51 51;2018-12-24;2023-01-21;PROSPECT;1;339351;COM-0001;oui
CLI-02183;Logistique Négoce SCOP;PRO;Grands comptes;20778364091977;68 boulevard Victor Hugo;69100;Villeurbanne;69266;69;Auvergne-Rhône-Alpes;45.7662;4.9234;contact@logistiquenego.fr;06.68.20.04.21;2021-10-05;2025-06-01;ACTIF;88;148557;COM-0046;oui
CLI-01823;Provence Transports SCOP;PRO;Collectivité;58247355992826;7 avenue Jean Jaurès;87000;Limoges;87085;87;Nouvelle-Aquitaine;45.8308;1.2527;contact@provencetransp.fr;0698059742;2024-06-19;2026-06-03;ACTIF;265;-41600;COM-0058;non
CLI-00639;Services Conseil SASU;PRO;Collectivité;59319868728105;117 rue de la République;57000;Metz;57463;57;Grand Est;49.1657;6.2053;contact@servicesconsei.fr;+33639451795;2025-12-02;2026-01-15;ACTIF;124;226971;COM-0050;oui
CLI-01166;Tramontane Distribution SA;PRO;Grands comptes;52097024570617;139 rue du Commerce;59140;Dunkerque;59183;59;Hauts-de-France;50.9919;2.355;contact@tramontanedist.fr;0333601875;2022-01-31;2023-05-13;ACTIF;1;62558;COM-0058;oui
CLI-02235;Comptoir Agroalimentaire EURL;PRO;Collectivité;13191371468028;147 quai des Docks;75001;Paris;75056;75;Île-de-France;48.8601;2.3665;contact@comptoiragroal.fr;+33716746624;2026-03-20;2026-06-20;PROSPECT;1;-139334;COM-0012;oui
CLI-02140;Solstice Bâtiment EURL;PRO;Grands comptes;38772353690318;92 quai des Docks;37000;Tours;37261;37;Centre-Val de Loire;47.4019;0.6581;contact@solsticebatime.fr;06 00 50 91 13;2026-03-06;2026-06-06;ACTIF;27;343606;COM-0036;oui
CLI-01149;M. Guillaume Dumont;PART;Particulier;;60 avenue Jean Jaurès;44000;Nantes;44109;44;Pays de la Loire;47.1871;-1.5401;guillaume.dumont@courriel-demo.fr;0165065139;2021-07-29;2021-09-07;ACTIF;;192;COM-0032;oui
CLI-01810;Distribution Transports SARL;PRO;TPE;53885060848096;143 chemin des Vignes;87000;Fréjus;83061;83;Provence-Alpes-Côte d’Azur;43.4018;6.6948;contact@distributiontr.fr;0454332177;2021-09-01;2025-02-27;ACTIF;1;270016;COM-0013;oui
CLI-02141;M. Julien Garnier  ;PART;Particulier;;51 avenue du Général Leclerc;56000;Vannes;56260;56;Bretagne;47.6284;-2.7301;julien.garnier@courriel-demo.fr;+33434129964;2018-11-03;2025-03-27;ACTIF;;1556;COM-0005;oui
CLI-00171;Belvédère Industries SA;PRO;PME;15106443856661;115 avenue du Général Leclerc;37000;Tours;37261;37;Centre-Val de Loire;47.3487;0.7201;contact@belvedereindus.fr;+33149121965;2026-05-14;2026-06-06;INACTIF;5;149013;COM-0014;non
CLI-00947;Mme Camille Dubois;PART;Particulier;;87 avenue de la Gare;24000;Périgueux;24322;24;Nouvelle-Aquitaine;45.1382;0.7252;camille.dubois@courriel-demo.fr;04.87.75.65.09;2019-12-05;2026-01-06;ACTIF;;1094;COM-0011;oui
CLI-01593;Belvédère Papeterie SCOP;PRO;PME;92304452019507;107 allée des Peupliers;02100;Saint-Quentin;02691;02;Hauts-de-France;49.8112;3.2815;contact@belvederepapet.fr;+33360690109;2021-08-08;2026-08-14;ACTIF;35;70542;COM-0043;oui
CLI-01574;Mme Isabelle Moreau;PART;Particulier;;119 route de Bordeaux;92100;Boulogne-Billancourt;92012;92;Île-de-France;48.8164;2.2344;isabelle.moreau@courriel-demo.fr;06.21.93.54.25;2019-12-06;2024-09-15;INACTIF;;2098;COM-0037;oui
CLI-00770;Sillon Négoce SA;PRO;TPE;11821172753841;163 avenue du Général Leclerc;26000;Valence;26362;26;Auvergne-Rhône-Alpes;44.9751;4.8723;contact@sillonnegocesa.fr;0459596078;2024-08-06;2024-08-06;ACTIF;1;65239;COM-0035;oui
CLI-01559;Mme Catherine Michel;PART;Particulier;;171 avenue du Général Leclerc;67000;Strasbourg;67482;67;Grand Est;48.5214;7.7912;catherine.michel@courriel-demo.fr;05 72 19 62 05;2023-01-06;2024-04-15;ACTIF;;1184;COM-0051;oui
CLI-00629;Boréal Négoce SA;PRO;Collectivité;98895976265446;138 avenue du Général Leclerc;44000;Nantes;44109;44;Pays de la Loire;47.1756;-1.5246;contact@borealnegocesa.fr;0553172055;2017-10-24;2024-02-21;ACTIF;40;179723;COM-0059;oui
CLI-01069;Vertigo Bâtiment SA;PRO;Collectivité;21700592780847;99 avenue du Général Leclerc;73000;Chambéry;73065;73;Auvergne-Rhône-Alpes;45.5839;5.9244;contact@vertigobatimen.fr;04 04 09 67 82;2018-09-08;2021-08-27;ACTIF;139;172466;COM-0025;oui
CLI-01788;Escale Maintenance EURL;PRO;TPE;38700903871014;109 chemin des Vignes;20200;Bastia;2B033;2B;Corse;42.7231;9.4593;contact@escalemaintena.fr;01 56 31 49 11;2023-09-15;2026-01-01;PROSPECT;1;205773;COM-0050;oui
CLI-00074;M. Nicolas Muller;PART;Particulier;;96 rue de l’Industrie;83600;Fréjus;83061;83;Provence-Alpes-Côte d’Azur;43.4149;6.77;nicolas.muller@courriel-demo.fr;01.10.77.62.51;2019-01-27;2022-03-05;ACTIF;;3201;COM-0011;non
CLI-00308;Provence Emballages EURL;PRO;Grands comptes;37804790895427;72 route de Bordeaux;49000;Angers;49007;49;Pays de la Loire;47.5171;-0.588;contact@provenceemball.fr;05.26.31.15.92;2018-06-04;2026-02-01;ACTIF;1;247585;COM-0056;oui
CLI-01687;Comptoir Négoce SARL;PRO;Collectivité;38981120360149;139 avenue Jean Jaurès;34000;Montpellier;34172;34;Occitanie;43.5979;3.8315;contact@comptoirnegoce.fr;05.77.39.27.65;2022-04-02;2024-11-10;PROSPECT;52;464426;COM-0047;oui
CLI-00270;Provence Solutions SARL  ;PRO;Grands comptes;88881108808889;13 route de Bordeaux;85000;La Roche-sur-Yon;85191;85;Pays de la Loire;46.6318;-1.3916;contact@provencesoluti.fr;03.01.28.69.13;2016-08-24;2021-11-29;ACTIF;1;435465;COM-0022;oui
CLI-02326;Mme Camille Faure;PART;Particulier;;5 place du Marché;35400;Saint-Malo;35288;35;Bretagne;48.6203;-2.0709;camille.faure@courriel-demo.fr;04 24 33 00 77;2022-04-25;2023-02-15;RESILIE;;2972;COM-0041;oui
CLI-02006;Ateliers Solutions SARL;PRO;Grands comptes;74835405363571;156 rue de la République;80000;Amiens;80021;80;Hauts-de-France;49.9289;2.2559;contact@atelierssoluti.fr;+33757943521;2018-04-11;2023-02-02;INACTIF;57;368707;COM-0048;non
CLI-00017;M. Pierre Perrin;PART;Particulier;;107 avenue Jean Jaurès;31000;Toulouse;31555;31;Occitanie;43.6248;1.4392;pierre.perrin@courriel-demo.fr;05.27.39.61.47;2016-06-27;2024-10-16;ACTIF;;3103;COM-0026;oui
