id_site;id_client;libelle;type_site;adresse;code_postal;ville;code_insee;region;latitude;longitude;surface_m2;date_ouverture;date_fermeture;actif
SIT-00001;CLI-00002;Siège Annecy;Siège;94 quai des Docks;74000;Annecy;74010;Auvergne-Rhône-Alpes;45.9177;6.135;1584;2020-01-20;;oui
SIT-00002;CLI-00003;Siège Roubaix;Siège;22 rue Pasteur;59100;Roubaix;59512;Hauts-de-France;50.7305;3.1881;777;2024-04-01;;oui
SIT-00003;CLI-00003;Point de vente La Rochelle;Point de vente;76 avenue Jean Jaurès;17000;La Rochelle;17300;Nouvelle-Aquitaine;46.1717;-1.102;1648;2020-01-22;;oui
SIT-00004;CLI-00004;Siège Bayonne;Siège;25 avenue Jean Jaurès;64100;Bayonne;64102;Nouvelle-Aquitaine;43.4985;-1.5237;1402;2022-08-23;;oui
SIT-00005;CLI-00006;Siège Niort;Siège;113 rue des Acacias;79000;Niort;79191;Nouvelle-Aquitaine;46.2862;-0.4653;1480;2025-02-27;;oui
SIT-00006;CLI-00006;Usine Le Havre;Usine;103 rue de la République;76600;Le Havre;76351;Normandie;49.5245;0.0904;1350;2022-08-02;;oui
SIT-00007;CLI-00007;Siège Tarbes;Siège;171 allée des Peupliers;65000;Tarbes;65440;Occitanie;43.2157;0.0898;178;2022-01-25;;oui
SIT-00008;CLI-00008;Siège Cergy;Siège;60 place du Marché;95000;Cergy;95127;Île-de-France;49.0761;2.076;1037;2024-08-31;;oui
SIT-00009;CLI-00009;Siège Amiens;Siège;117 rue des Acacias;80000;Amiens;80021;Hauts-de-France;49.928;2.2826;40;2025-03-15;;oui
SIT-00010;CLI-00010;Siège Évreux;Siège;74 quai des Docks;27000;Évreux;27229;Normandie;49.0401;1.173;1201;2022-03-28;;oui
SIT-00011;CLI-00010;Entrepôt Gap;Entrepôt;49 avenue du Général Leclerc;05000;Gap;05061;Provence-Alpes-Côte d’Azur;44.5943;6.1016;1700;2018-10-20;2023-08-18;non
SIT-00012;CLI-00010;Usine Le Mans;Usine;122 allée des Peupliers;72000;Le Mans;72181;Pays de la Loire;48.0147;0.1683;40;2024-06-29;;oui
SIT-00013;CLI-00011;Siège Grenoble;Siège;54 avenue Jean Jaurès;38000;Grenoble;38185;Auvergne-Rhône-Alpes;45.2396;5.7279;40;2023-05-19;;oui
SIT-00014;CLI-00014;Siège Calais;Siège;4 avenue du Général Leclerc;62100;Calais;62193;Hauts-de-France;50.9506;1.8183;1588;2018-01-09;;oui
SIT-00015;CLI-00015;Siège Arles;Siège;46 rue de l’Industrie;13200;Arles;13004;Provence-Alpes-Côte d’Azur;43.644;4.6252;1099;2023-01-23;;oui
SIT-00016;CLI-00015;Usine Cholet;Usine;4 rue des Acacias;49300;Cholet;49099;Pays de la Loire;47.0958;-0.8329;1805;2024-10-17;;oui
SIT-00017;CLI-00019;Siège Créteil;Siège;37 avenue Jean Jaurès;94000;Créteil;94028;Île-de-France;48.7587;2.4519;1197;2017-08-06;;oui
SIT-00018;CLI-00021;Siège Narbonne;Siège;25 avenue Jean Jaurès;11100;Narbonne;11262;Occitanie;43.1348;2.9856;40;2016-07-04;;oui
SIT-00019;CLI-00023;Siège Albi;Siège;151 rue Pasteur;81000;Albi;81004;Occitanie;43.8933;2.1879;533;2024-10-28;;oui
SIT-00020;CLI-00024;Siège Salon-de-Provence;Siège;90 place du Marché;13300;Salon-de-Provence;13103;Provence-Alpes-Côte d’Azur;43.6119;5.0948;40;2020-11-11;;oui
SIT-00021;CLI-00025;Siège cholet;Siège;91 rue de l’Industrie;49300;cholet;49099;Pays de la Loire;47.0383;-0.8689;1856;2020-08-28;2021-03-25;non
SIT-00022;CLI-00025;Usine Niort;Usine;78 chemin des Vignes;79000;Niort;79191;Nouvelle-Aquitaine;46.3005;-0.4223;1100;2026-05-30;;oui
SIT-00023;CLI-00025;Usine Montpellier;Usine;113 impasse des Lilas;34000;Montpellier;34172;Occitanie;43.5634;3.9007;797;2025-05-15;;oui
SIT-00024;CLI-00027;Siège Poitiers;Siège;88 quai des Docks;86000;Poitiers;86194;Nouvelle-Aquitaine;46.6195;0.3043;229;2022-12-17;;oui
SIT-00025;CLI-00028;Siège Paris;Siège;172 rue de l’Industrie;69001;Paris;75056;Île-de-France;48.8903;2.3621;98;2019-09-23;;oui
SIT-00026;CLI-00029;Siège Blois;Siège;161 rue des Acacias;41000;Blois;41018;Centre-Val de Loire;47.6302;1.3452;2681;2023-05-19;;oui
SIT-00027;CLI-00030;Siège Lille;Siège;19 rue du Commerce;59000;Lille;59350;Hauts-de-France;50.672;3.0263;796;2023-05-27;;oui
SIT-00028;CLI-00031;Siège Cholet;Siège;74 rue de l’Industrie;49300;Cholet;49099;Pays de la Loire;47.0823;-0.9023;1448;2024-12-10;;oui
SIT-00029;CLI-00031;Point de vente Tours;Point de vente;70 boulevard Victor Hugo;37000;Tours;37261;Centre-Val de Loire;47.3574;0.6835;957;2022-03-21;;oui
SIT-00030;CLI-00031;Usine Rouen;Usine;135 chemin des Vignes;76000;Rouen;76540;Normandie;49.4;1.0652;804;2020-11-28;;oui
SIT-00031;CLI-00032;Siège Gap;Siège;125 avenue de la Gare;05000;Gap;05061;Provence-Alpes-Côte d’Azur;44.5434;6.0983;2630;2020-01-13;;oui
SIT-00032;CLI-00032;Agence Annecy;Agence;68 boulevard Victor Hugo;74000;Annecy;74010;Auvergne-Rhône-Alpes;45.8748;6.1468;644;2022-06-22;;oui
SIT-00033;CLI-00032;Agence Grenoble;Agence;113 rue des Acacias;38000;Grenoble;38185;Auvergne-Rhône-Alpes;45.1763;5.7416;583;2020-09-20;;oui
SIT-00034;CLI-00033;Siège Saint-Brieuc;Siège;126 avenue du Général Leclerc;22000;Saint-Brieuc;22278;Bretagne;48.555;-2.7371;903;2024-02-22;;oui
SIT-00035;CLI-00035;Siège Bordeaux;Siège;143 avenue de la Gare;33000;Bordeaux;33063;Nouvelle-Aquitaine;44.8739;-0.5673;744;2021-04-04;;oui
SIT-00036;CLI-00036;Siège Issy-les-Moulineaux;Siège;124 avenue de la Gare;92130;Issy-les-Moulineaux;92040;Île-de-France;48.7794;2.2564;1825;2020-04-04;;oui
SIT-00037;CLI-00037;Siège Nice;Siège;173 boulevard Victor Hugo;06000;Nice;06088;Provence-Alpes-Côte d’Azur;43.7385;7.3012;835;2020-02-08;;oui
SIT-00038;CLI-00037;Entrepôt Orléans;Entrepôt;176 chemin des Vignes;45000;Orléans;45234;Centre-Val de Loire;47.8657;1.8994;1268;2023-09-25;;oui
SIT-00039;CLI-00039;Siège Évry-Courcouronnes;Siège;1 rue de l’Industrie;91000;Évry-Courcouronnes;91228;Île-de-France;48.6188;2.4262;1351;2022-02-08;;oui
SIT-00040;CLI-00040;Siège Limoges;Siège;52 quai des Docks;87000;Limoges;87085;Nouvelle-Aquitaine;45.8714;1.2232;521;2023-06-12;;oui
SIT-00041;CLI-00040;Entrepôt Meaux;Entrepôt;97 place du Marché;77100;Meaux;77284;Île-de-France;48.9864;2.8611;40;2021-12-02;2023-05-30;non
SIT-00042;CLI-00041;Siège Saint-Brieuc;Siège;3 avenue de la Gare;22000;Saint-Brieuc;22278;Bretagne;48.4888;-2.7805;1616;2023-07-23;;oui
SIT-00043;CLI-00042;Siège Saint-Malo;Siège;130 rue Pasteur;10000;Saint-Malo;35288;Bretagne;48.6666;-2.061;40;2025-01-02;;oui
SIT-00044;CLI-00042;Usine Bordeaux;Usine;114 chemin des Vignes;33000;Bordeaux;33063;Nouvelle-Aquitaine;44.8356;-0.5456;1165;2023-01-09;;oui
SIT-00045;CLI-00043;Siège Tours;Siège;107 chemin des Vignes;37000;Tours;37261;Centre-Val de Loire;47.4342;0.6894;40;2019-12-28;;oui
SIT-00046;CLI-00043;Point de vente Créteil;Point de vente;70 rue de la République;94000;Créteil;94028;Île-de-France;48.789;2.4149;1216;2022-12-02;;oui
SIT-00047;CLI-00043;Agence Caen;Agence;1 rue Pasteur;14000;Caen;14118;Normandie;49.1495;-0.4033;40;2020-12-06;;oui
SIT-00048;CLI-00044;Siège laval;Siège;51 rue de la République;53000;laval;53130;Pays de la Loire;48.105;-0.8027;1285;2017-07-13;;oui
SIT-00049;CLI-00045;Siège Nevers;Siège;78 allée des Peupliers;58000;Nevers;58194;Bourgogne-Franche-Comté;46.9492;3.1848;1090;2021-01-13;;oui
SIT-00050;CLI-00045;Point de vente Niort;Point de vente;152 rue de l’Industrie;79000;Niort;79191;Nouvelle-Aquitaine;46.3265;-0.5069;596;2020-12-24;;oui
SIT-00051;CLI-00045;Usine Cannes;Usine;8 rue de l’Industrie;06400;Cannes;06029;Provence-Alpes-Côte d’Azur;43.5095;7.0429;1187;2025-06-17;;oui
SIT-00052;CLI-00046;Siège Grasse;Siège;67 avenue de la Gare;06130;Grasse;06069;Provence-Alpes-Côte d’Azur;43.6852;6.9674;80;2017-10-12;;oui
SIT-00053;CLI-00046;Entrepôt Nantes;Entrepôt;94 quai des Docks;44000;Nantes;44109;Pays de la Loire;47.2416;-1.5928;40;2024-06-20;;oui
SIT-00054;CLI-00046;Agence Sète;Agence;16 rue du Commerce;34200;Sète;34301;Occitanie;43.3895;3.679;933;2018-09-15;2022-11-11;non
SIT-00055;CLI-00046;Agence Saint-Nazaire;Agence;30 rue Pasteur;44600;Saint-Nazaire;44184;Pays de la Loire;47.3004;-2.2477;1040;2021-07-01;;oui
SIT-00056;CLI-00051;Siège Caen;Siège;179 rue de l’Industrie;14000;Caen;14118;Normandie;49.2119;-0.3678;669;2022-06-17;;oui
SIT-00057;CLI-00051;Usine Amiens;Usine;16 impasse des Lilas;80000;Amiens;80021;Hauts-de-France;49.9275;2.2834;1590;2016-07-06;;oui
SIT-00058;CLI-00051;Usine Sète;Usine;38 chemin des Vignes;34200;Sète;34301;Occitanie;43.4151;3.7464;2588;2018-08-04;;oui
SIT-00059;CLI-00051;Point de vente Calais;Point de vente;132 chemin des Vignes;62100;Calais;62193;Hauts-de-France;50.9273;1.8764;1135;2021-10-27;;oui
SIT-00060;CLI-00052;Siège Roubaix;Siège;158 quai des Docks;59100;Roubaix;59512;Hauts-de-France;50.6401;3.1502;1109;2016-11-12;;oui
SIT-00061;CLI-00052;Point de vente Villeurbanne;Point de vente;93 rue de l’Industrie;69100;Villeurbanne;69266;Auvergne-Rhône-Alpes;45.8195;4.9074;409;2019-02-23;;oui
SIT-00062;CLI-00052;Agence Charleville-Mézières;Agence;104 rue du Commerce;08000;Charleville-Mézières;08105;Grand Est;49.7819;4.712;1062;2016-07-26;;oui
SIT-00063;CLI-00052;Agence Valence;Agence;61 avenue Jean Jaurès;26000;Valence;26362;Auvergne-Rhône-Alpes;44.9048;4.8728;2827;2023-07-27;;oui
SIT-00064;CLI-00053;Siège Brest;Siège;27 rue du Commerce;29200;Brest;29019;Bretagne;48.436;-4.4912;1068;2017-04-19;;oui
SIT-00065;CLI-00053;Entrepôt Belfort;Entrepôt;119 rue Pasteur;90000;Belfort;90010;Bourgogne-Franche-Comté;47.6531;6.8756;1746;2023-03-17;;oui
SIT-00066;CLI-00053;Point de vente Orléans;Point de vente;56 allée des Peupliers;45000;Orléans;45234;Centre-Val de Loire;47.9006;1.8642;1473;2025-01-10;;oui
SIT-00067;CLI-00054;Siège Grasse;Siège;131 avenue de la Gare;06130;Grasse;06069;Provence-Alpes-Côte d’Azur;43.7014;6.9325;875;2020-06-17;;oui
SIT-00068;CLI-00054;Usine Charleville-Mézières;Usine;2 rue du Commerce;08000;Charleville-Mézières;08105;Grand Est;49.7459;4.6784;978;2017-04-03;;oui
SIT-00069;CLI-00054;Usine Cergy;Usine;53 avenue du Général Leclerc;95000;Cergy;95127;Île-de-France;49.0256;2.0267;40;2018-09-11;;oui
SIT-00070;CLI-00054;Entrepôt Pau;Entrepôt;27 chemin des Vignes;64000;Pau;64445;Nouvelle-Aquitaine;43.2576;-0.352;930;2016-08-04;;oui
SIT-00071;CLI-00055;Siège Agen;Siège;68 rue Pasteur;47000;Agen;47001;Nouvelle-Aquitaine;44.2347;0.6592;750;2021-02-14;;oui
SIT-00072;CLI-00055;Point de vente Clermont-Ferrand;Point de vente;61 rue des Acacias;63000;Clermont-Ferrand;63113;Auvergne-Rhône-Alpes;45.7385;3.113;40;2023-06-16;;oui
SIT-00073;CLI-00055;Agence Nevers;Agence;79 quai des Docks;58000;Nevers;58194;Bourgogne-Franche-Comté;47.0112;3.1524;1093;2024-06-10;;oui
SIT-00074;CLI-00057;Siège Amiens;Siège;33 rue des Acacias;80000;Amiens;80021;Hauts-de-France;49.9078;2.3312;40;2023-01-05;;oui
SIT-00075;CLI-00063;Siège Toulon;Siège;72 rue des Acacias;83000;Toulon;83137;Provence-Alpes-Côte d’Azur;43.1679;5.9574;927;2024-05-05;;oui
SIT-00076;CLI-00063;Entrepôt Troyes;Entrepôt;51 route de Bordeaux;10000;Troyes;10387;Grand Est;48.3231;4.0672;40;2025-09-19;;oui
SIT-00077;CLI-00063;Agence Montreuil;Agence;154 route de Bordeaux;93100;Montreuil;93048;Île-de-France;48.8985;2.4379;1127;2019-06-07;;oui
SIT-00078;CLI-00065;Siège Cannes;Siège;136 rue des Acacias;06400;Cannes;06029;Provence-Alpes-Côte d’Azur;43.5462;7.007;2020;2017-11-08;;oui
SIT-00079;CLI-00066;Siège Agen;Siège;11 boulevard Victor Hugo;47000;Agen;47001;Nouvelle-Aquitaine;44.2232;0.6033;483;2021-10-20;;oui
SIT-00080;CLI-00066;Point de vente Gap;Point de vente;79 chemin des Vignes;05000;Gap;05061;Provence-Alpes-Côte d’Azur;44.5364;6.0976;812;2017-09-15;;oui
SIT-00081;CLI-00068;Siège Angoulême;Siège;177 rue de l’Industrie;16000;Angoulême;16015;Nouvelle-Aquitaine;45.6865;0.1593;173;2017-03-29;;oui
SIT-00082;CLI-00069;Siège Grasse;Siège;25 avenue du Général Leclerc;06130;Grasse;06069;Provence-Alpes-Côte d’Azur;43.6765;6.9392;1465;2017-07-20;;oui
SIT-00083;CLI-00070;Siège Saint-Malo;Siège;115 rue de l’Industrie;35400;Saint-Malo;35288;Bretagne;48.6993;-1.9893;1968;2017-11-13;;oui
SIT-00084;CLI-00071;Siège SÈTE;Siège;136 route de Bordeaux;34200;SÈTE;34301;Occitanie;43.4292;3.7359;777;2018-10-20;;oui
SIT-00085;CLI-00072;Siège Périgueux;Siège;26 allée des Peupliers;24000;Périgueux;24322;Nouvelle-Aquitaine;45.1505;0.7186;72;2016-12-29;;oui
SIT-00086;CLI-00076;Siège Paris;Siège;35 impasse des Lilas;75001;Paris;75056;Île-de-France;48.9096;2.3162;567;2025-12-24;;oui
SIT-00087;CLI-00079;Siège Quimper;Siège;4 chemin des Vignes;29000;Quimper;29232;Bretagne;47.9763;-4.1484;914;2018-03-10;;oui
SIT-00088;CLI-00079;Entrepôt Auxerre;Entrepôt;64 rue de la République;89000;Auxerre;89024;Bourgogne-Franche-Comté;47.7818;3.557;923;2018-12-17;;oui
SIT-00089;CLI-00080;Siège Beauvais;Siège;49 rue de la République;60000;Beauvais;60057;Hauts-de-France;49.4556;2.0758;40;2022-05-31;;oui
SIT-00090;CLI-00080;Agence Quimper;Agence;42 chemin des Vignes;29000;Quimper;29232;Bretagne;47.9607;-4.0868;40;2017-03-01;;oui
SIT-00091;CLI-00081;Siège Valence;Siège;34 allée des Peupliers;26000;Valence;26362;Auvergne-Rhône-Alpes;44.932;4.8563;241;2019-12-07;;oui
SIT-00092;CLI-00082;Siège Montpellier;Siège;154 route de Bordeaux;34000;Montpellier;34172;Occitanie;43.5796;3.8915;978;2018-09-08;;oui
SIT-00093;CLI-00082;Point de vente Saint-Denis;Point de vente;26 impasse des Lilas;93200;Saint-Denis;93066;Île-de-France;48.9042;2.3519;1753;2025-01-02;;oui
SIT-00094;CLI-00082;Agence Gap;Agence;73 place du Marché;05000;Gap;05061;Provence-Alpes-Côte d’Azur;44.5807;6.1044;588;2020-06-16;;oui
SIT-00095;CLI-00082;Agence Grenoble;Agence;87 rue Pasteur;38000;Grenoble;38185;Auvergne-Rhône-Alpes;45.1518;5.7084;2108;2024-09-09;;oui
SIT-00096;CLI-00083;Siège Fréjus;Siège;132 boulevard Victor Hugo;83600;Fréjus;83061;Provence-Alpes-Côte d’Azur;43.4102;6.742;1004;2023-07-12;;oui
SIT-00097;CLI-00085;Siège La Rochelle;Siège;34 allée des Peupliers;17000;La Rochelle;17300;Nouvelle-Aquitaine;46.1104;-1.17;323;2018-01-30;;oui
SIT-00098;CLI-00086;Siège Niort;Siège;109 avenue du Général Leclerc;79000;Niort;79191;Nouvelle-Aquitaine;46.3078;-0.481;537;2025-01-14;;oui
SIT-00099;CLI-00086;Point de vente Arles;Point de vente;114 place du Marché;13200;Arles;13004;Provence-Alpes-Côte d’Azur;43.6893;4.6753;1560;2021-07-04;;oui
SIT-00100;CLI-00086;Entrepôt Boulogne-Billancourt;Entrepôt;48 place du Marché;92100;Boulogne-Billancourt;92012;Île-de-France;48.7995;2.2235;1266;2023-04-09;;oui
SIT-00101;CLI-00086;Point de vente Colmar;Point de vente;144 avenue Jean Jaurès;68000;Colmar;68066;Grand Est;48.0793;7.347;1539;2022-04-14;;oui
SIT-00102;CLI-00089;Siège amiens;Siège;33 rue de la République;80000;amiens;80021;Hauts-de-France;49.8461;2.2516;108;2023-06-20;;oui
SIT-00103;CLI-00091;Siège Chalon-sur-Saône;Siège;34 rue Pasteur;71100;Chalon-sur-Saône;71076;Bourgogne-Franche-Comté;46.8029;4.8307;2220;2025-11-14;;oui
SIT-00104;CLI-00094;Siège Cergy;Siège;16 rue du Commerce;95000;Cergy;95127;Île-de-France;49.0294;2.0585;555;2021-01-27;;oui
SIT-00105;CLI-00094;Point de vente Fréjus;Point de vente;179 rue Pasteur;83600;Fréjus;83061;Provence-Alpes-Côte d’Azur;43.435;6.7673;741;2017-11-20;;oui
SIT-00106;CLI-00094;Usine Niort;Usine;42 rue Pasteur;79000;Niort;79191;Nouvelle-Aquitaine;46.3171;-0.4803;1180;2021-01-28;;oui
SIT-00107;CLI-00095;Siège Villeurbanne;Siège;130 rue du Commerce;69100;Villeurbanne;69266;Auvergne-Rhône-Alpes;45.7547;4.8823;554;2019-12-24;2022-11-22;non
SIT-00108;CLI-00095;Usine Tours;Usine;129 boulevard Victor Hugo;37000;Tours;37261;Centre-Val de Loire;47.3664;0.663;40;2018-12-16;;oui
SIT-00109;CLI-00095;Usine Salon-de-Provence;Usine;28 rue Pasteur;13300;Salon-de-Provence;13103;Provence-Alpes-Côte d’Azur;43.6585;5.1343;1430;2025-03-06;;oui
SIT-00110;CLI-00097;Siège Nanterre;Siège;165 allée des Peupliers;92000;Nanterre;92050;Île-de-France;48.8679;2.2444;777;2022-04-10;;oui
SIT-00111;CLI-00098;Siège Dijon;Siège;151 avenue de la Gare;21000;Dijon;21231;Bourgogne-Franche-Comté;47.3442;5.0643;365;2017-10-22;;oui
SIT-00112;CLI-00098;Usine Montpellier;Usine;153 avenue de la Gare;34000;Montpellier;34172;Occitanie;43.5884;3.8859;764;2023-09-12;;oui
SIT-00113;CLI-00099;Siège Dunkerque;Siège;135 avenue du Général Leclerc;59140;Dunkerque;59183;Hauts-de-France;51.0729;2.3718;139;2020-12-26;2023-10-14;non
SIT-00114;CLI-00101;Siège Brest;Siège;176 avenue Jean Jaurès;29200;Brest;29019;Bretagne;48.3787;-4.4879;1098;2022-10-26;;oui
SIT-00115;CLI-00102;Siège Le Havre;Siège;4 rue du Commerce;76600;Le Havre;76351;Normandie;49.5356;0.0869;40;2021-05-26;;oui
SIT-00116;CLI-00103;Siège Rouen;Siège;48 quai des Docks;76000;Rouen;76540;Normandie;49.4361;1.141;510;2020-10-24;;oui
SIT-00117;CLI-00103;Entrepôt Niort;Entrepôt;14 avenue de la Gare;79000;Niort;79191;Nouvelle-Aquitaine;46.277;-0.4135;465;2023-01-12;;oui
SIT-00118;CLI-00103;Usine Pau;Usine;105 avenue de la Gare;64000;Pau;64445;Nouvelle-Aquitaine;43.3402;-0.3859;1138;2019-07-07;;oui
SIT-00119;CLI-00104;Siège Saint-Denis;Siège;20 rue de l’Industrie;93200;Saint-Denis;93066;Île-de-France;48.8904;2.378;901;2019-05-25;2023-11-06;non
SIT-00120;CLI-00107;Siège Lille;Siège;135 chemin des Vignes;59000;Lille;59350;Hauts-de-France;50.6779;3.1001;40;2017-09-13;;oui
SIT-00121;CLI-00108;Siège Aix-en-Provence;Siège;113 rue du Commerce;13100;Aix-en-Provence;13001;Provence-Alpes-Côte d’Azur;43.5711;5.4887;1015;2018-07-31;;oui
SIT-00122;CLI-00108;Usine Dunkerque;Usine;4 rue de la République;59140;Dunkerque;59183;Hauts-de-France;51.049;2.3638;1356;2023-01-16;;oui
SIT-00123;CLI-00108;Point de vente Roanne;Point de vente;59 impasse des Lilas;42300;Roanne;42187;Auvergne-Rhône-Alpes;46.0067;4.0899;1611;2017-08-13;;oui
SIT-00124;CLI-00108;Agence La Rochelle;Agence;141 rue de la République;17000;La Rochelle;17300;Nouvelle-Aquitaine;46.1107;-1.1193;986;2019-01-28;;oui
SIT-00125;CLI-00109;Siège Saint-Nazaire;Siège;91 quai des Docks;44600;Saint-Nazaire;44184;Pays de la Loire;47.246;-2.1882;1203;2020-12-13;;oui
SIT-00126;CLI-00109;Point de vente Le Havre;Point de vente;139 rue des Acacias;76600;Le Havre;76351;Normandie;49.4418;0.1232;694;2020-04-08;2024-10-10;non
SIT-00127;CLI-00110;Siège La Roche-sur-Yon;Siège;147 rue de l’Industrie;85000;La Roche-sur-Yon;85191;Pays de la Loire;46.6273;-1.4613;823;2021-08-05;;oui
SIT-00128;CLI-00111;Siège Mérignac;Siège;83 boulevard Victor Hugo;33700;Mérignac;33281;Nouvelle-Aquitaine;44.8394;-0.6777;532;2018-02-05;;oui
SIT-00129;CLI-00111;Usine Avignon;Usine;91 rue Pasteur;84000;Avignon;84007;Provence-Alpes-Côte d’Azur;43.9382;4.7975;1417;2020-02-07;;oui
SIT-00130;CLI-00111;Usine Narbonne;Usine;165 rue Pasteur;11100;Narbonne;11262;Occitanie;43.134;3.0317;3149;2025-04-24;;oui
SIT-00131;CLI-00112;Siège Cannes;Siège;27 avenue Jean Jaurès;06400;Cannes;06029;Provence-Alpes-Côte d’Azur;43.5601;7.0569;677;2020-01-04;;oui
SIT-00132;CLI-00112;Agence Roubaix;Agence;98 rue Pasteur;59100;Roubaix;59512;Hauts-de-France;50.6742;3.1466;2105;2025-10-01;;oui
SIT-00133;CLI-00112;Point de vente Béziers;Point de vente;1 quai des Docks;34500;Béziers;34032;Occitanie;43.3175;3.185;450;2021-11-08;;oui
SIT-00134;CLI-00112;Entrepôt Gap;Entrepôt;2 rue de l’Industrie;05000;Gap;05061;Provence-Alpes-Côte d’Azur;44.5573;6.0749;1721;2020-03-06;2025-05-03;non
SIT-00135;CLI-00114;Siège Orléans;Siège;83 rue du Commerce;45000;Orléans;45234;Centre-Val de Loire;47.8642;1.8971;673;2021-09-03;;oui
SIT-00136;CLI-00115;Siège Avignon;Siège;171 impasse des Lilas;84000;Avignon;84007;Provence-Alpes-Côte d’Azur;43.9217;4.7792;1429;2023-08-26;;oui
SIT-00137;CLI-00115;Agence Le Havre;Agence;74 chemin des Vignes;76600;Le Havre;76351;Normandie;49.4554;0.1218;1261;2023-11-02;;oui
SIT-00138;CLI-00118;Siège Meaux;Siège;68 avenue du Général Leclerc;77100;Meaux;77284;Île-de-France;48.9683;2.9231;2021;2017-10-21;;oui
SIT-00139;CLI-00119;Siège Rennes;Siège;165 place du Marché;35000;Rennes;35238;Bretagne;48.1082;-1.6737;40;2025-03-18;;oui
SIT-00140;CLI-00120;Siège Aix-en-Provence;Siège;118 rue de la République;13100;Aix-en-Provence;13001;Provence-Alpes-Côte d’Azur;43.5115;5.4643;86;2021-03-15;;oui
SIT-00141;CLI-00121;Siège belfort;Siège;107 avenue de la Gare;90000;belfort;90010;Bourgogne-Franche-Comté;47.6252;6.8715;136;2023-02-25;;oui
SIT-00142;CLI-00121;Point de vente Boulogne-Billancourt;Point de vente;133 impasse des Lilas;92100;Boulogne-Billancourt;92012;Île-de-France;48.8395;2.2262;197;2019-03-15;;oui
SIT-00143;CLI-00122;Siège Perpignan;Siège;127 place du Marché;66000;Perpignan;66136;Occitanie;42.6849;2.8777;1699;2018-07-08;;oui
SIT-00144;CLI-00122;Agence La Rochelle;Agence;162 route de Bordeaux;17000;La Rochelle;17300;Nouvelle-Aquitaine;46.1504;-1.101;701;2023-05-17;;oui
SIT-00145;CLI-00122;Entrepôt Meaux;Entrepôt;149 rue du Commerce;77100;Meaux;77284;Île-de-France;48.9841;2.8957;1036;2019-03-11;;oui
SIT-00146;CLI-00123;Siège Nevers;Siège;146 chemin des Vignes;58000;Nevers;58194;Bourgogne-Franche-Comté;46.9793;3.206;129;2019-07-06;2022-01-04;non
SIT-00147;CLI-00123;Agence Valence;Agence;45 impasse des Lilas;26000;Valence;26362;Auvergne-Rhône-Alpes;44.9662;4.9239;1650;2024-02-07;;oui
SIT-00148;CLI-00124;Siège Boulogne-Billancourt;Siège;30 rue de la République;92100;Boulogne-Billancourt;92012;Île-de-France;48.8409;2.255;40;2018-09-30;;oui
SIT-00149;CLI-00124;Entrepôt Bordeaux;Entrepôt;179 rue Pasteur;33000;Bordeaux;33063;Nouvelle-Aquitaine;44.8089;-0.5619;400;2019-04-25;2020-04-18;non
SIT-00150;CLI-00124;Entrepôt Pau;Entrepôt;79 avenue du Général Leclerc;64000;Pau;64445;Nouvelle-Aquitaine;43.3345;-0.3921;1256;2021-02-10;;oui
SIT-00151;CLI-00125;Siège Saint-Étienne;Siège;134 rue Pasteur;42000;Saint-Étienne;42218;Auvergne-Rhône-Alpes;45.4596;4.3655;1515;2020-07-24;;oui
SIT-00152;CLI-00126;Siège BÉZIERS;Siège;25 allée des Peupliers;34500;BÉZIERS;34032;Occitanie;43.3331;3.2369;40;2022-05-19;;oui
SIT-00153;CLI-00127;Siège Carcassonne;Siège;8 allée des Peupliers;11000;Carcassonne;11069;Occitanie;43.172;2.3105;40;2017-08-07;;oui
SIT-00154;CLI-00128;Siège Cannes;Siège;125 avenue du Général Leclerc;06400;Cannes;06029;Provence-Alpes-Côte d’Azur;43.5687;7.0484;1437;2024-07-14;;oui
SIT-00155;CLI-00129;Siège Agen;Siège;146 route de Bordeaux;47000;Agen;47001;Nouvelle-Aquitaine;44.1581;0.6231;1622;2026-04-12;;oui
SIT-00156;CLI-00129;Point de vente Cholet;Point de vente;62 impasse des Lilas;49300;Cholet;49099;Pays de la Loire;47.0167;-0.9281;190;2021-04-16;;oui
SIT-00157;CLI-00129;Usine Dijon;Usine;55 allée des Peupliers;21000;Dijon;21231;Bourgogne-Franche-Comté;47.3449;4.9987;1324;2025-09-05;;oui
SIT-00158;CLI-00129;Agence Bordeaux;Agence;31 route de Bordeaux;33000;Bordeaux;33063;Nouvelle-Aquitaine;44.8142;-0.5972;2446;2020-07-17;;oui
SIT-00159;CLI-00130;Siège Roubaix;Siège;145 chemin des Vignes;59100;Roubaix;59512;Hauts-de-France;50.6933;3.1644;2094;2020-10-24;;oui
SIT-00160;CLI-00130;Entrepôt Metz;Entrepôt;39 chemin des Vignes;57000;Metz;57463;Grand Est;49.1475;6.1872;604;2020-03-12;;oui
SIT-00161;CLI-00131;Siège Versailles;Siège;85 rue de l’Industrie;78000;Versailles;78646;Île-de-France;48.829;2.1602;142;2017-04-20;;oui
SIT-00162;CLI-00132;Siège Villeurbanne;Siège;164 avenue Jean Jaurès;69100;Villeurbanne;69266;Auvergne-Rhône-Alpes;45.7973;4.8854;483;2022-06-14;;oui
SIT-00163;CLI-00133;Siège Chambéry;Siège;25 avenue du Général Leclerc;73000;Chambéry;73065;Auvergne-Rhône-Alpes;45.5529;5.9274;1260;2024-04-02;;oui
SIT-00164;CLI-00134;Siège Tarbes;Siège;84 chemin des Vignes;65000;Tarbes;65440;Occitanie;43.2271;0.0739;1542;2024-09-26;;oui
SIT-00165;CLI-00135;Siège Angoulême;Siège;113 place du Marché;16000;Angoulême;16015;Nouvelle-Aquitaine;45.6226;0.1932;1005;2017-06-11;;oui
SIT-00166;CLI-00135;Usine Nîmes;Usine;151 rue Pasteur;30000;Nîmes;30189;Occitanie;43.8519;4.334;501;2019-02-26;;oui
SIT-00167;CLI-00135;Entrepôt Valence;Entrepôt;85 route de Bordeaux;26000;Valence;26362;Auvergne-Rhône-Alpes;44.9462;4.8494;1218;2023-01-15;;oui
SIT-00168;CLI-00135;Agence Grenoble;Agence;65 place du Marché;38000;Grenoble;38185;Auvergne-Rhône-Alpes;45.1765;5.6718;2794;2022-05-14;;oui
SIT-00169;CLI-00137;Siège Carcassonne;Siège;11 rue des Acacias;11000;Carcassonne;11069;Occitanie;43.2434;2.3568;478;2018-10-19;;oui
SIT-00170;CLI-00138;Siège Roanne;Siège;106 rue de l’Industrie;42300;Roanne;42187;Auvergne-Rhône-Alpes;46.0546;4.0565;40;2025-07-07;;oui
SIT-00171;CLI-00138;Agence Valence;Agence;19 allée des Peupliers;26000;Valence;26362;Auvergne-Rhône-Alpes;44.8971;4.8505;799;2020-02-13;;oui
SIT-00172;CLI-00139;Siège Bourg-en-Bresse;Siège;56 boulevard Victor Hugo;01000;Bourg-en-Bresse;01053;Auvergne-Rhône-Alpes;46.2057;5.2376;40;2021-10-01;;oui
SIT-00173;CLI-00140;Siège Arles;Siège;126 quai des Docks;13200;Arles;13004;Provence-Alpes-Côte d’Azur;43.6541;4.5989;856;2020-01-18;;oui
SIT-00174;CLI-00141;Siège Bordeaux;Siège;99 impasse des Lilas;33000;Bordeaux;33063;Nouvelle-Aquitaine;44.8262;-0.5998;1412;2021-08-03;;oui
SIT-00175;CLI-00143;Siège Lyon;Siège;52 avenue de la Gare;69001;Lyon;69123;Auvergne-Rhône-Alpes;45.7521;4.8625;1629;2018-01-20;;oui
SIT-00176;CLI-00143;Point de vente Rodez;Point de vente;20 avenue du Général Leclerc;12000;Rodez;12202;Occitanie;44.3675;2.5204;1247;2021-09-13;;oui
SIT-00177;CLI-00144;Siège Troyes;Siège;19 rue Pasteur;10000;Troyes;10387;Grand Est;48.2827;4.0634;40;2024-09-24;;oui
SIT-00178;CLI-00144;Usine Nîmes;Usine;96 avenue de la Gare;30000;Nîmes;30189;Occitanie;43.8333;4.3966;1191;2022-04-12;;oui
SIT-00179;CLI-00144;Point de vente Périgueux;Point de vente;169 place du Marché;24000;Périgueux;24322;Nouvelle-Aquitaine;45.2051;0.7004;418;2020-04-19;;oui
SIT-00180;CLI-00144;Agence Montpellier;Agence;147 rue du Commerce;34000;Montpellier;34172;Occitanie;43.6306;3.8369;634;2019-06-16;;oui
SIT-00181;CLI-00145;Siège Nancy;Siège;65 route de Bordeaux;54000;Nancy;54395;Grand Est;48.7198;6.1492;1788;2022-11-03;;oui
SIT-00182;CLI-00145;Usine Saint-Malo;Usine;134 place du Marché;35400;Saint-Malo;35288;Bretagne;48.6151;-2.0182;1467;2017-04-26;;oui
SIT-00183;CLI-00145;Point de vente Auxerre;Point de vente;118 chemin des Vignes;89000;Auxerre;89024;Bourgogne-Franche-Comté;47.8486;3.5243;1770;2022-11-06;;oui
SIT-00184;CLI-00146;Siège Blois;Siège;4 impasse des Lilas;41000;Blois;41018;Centre-Val de Loire;47.5763;1.3677;1936;2018-01-29;;oui
SIT-00185;CLI-00146;Agence Saint-Malo;Agence;170 rue Pasteur;35400;Saint-Malo;35288;Bretagne;48.6784;-2.0451;482;2022-02-16;;oui
SIT-00186;CLI-00147;Siège Saint-Nazaire;Siège;140 boulevard Victor Hugo;44600;Saint-Nazaire;44184;Pays de la Loire;47.2555;-2.1759;1622;2019-08-05;;oui
SIT-00187;CLI-00148;Siège Albi;Siège;124 chemin des Vignes;81000;Albi;81004;Occitanie;43.8853;2.1872;824;2016-10-28;;oui
SIT-00188;CLI-00148;Point de vente Villeurbanne;Point de vente;85 avenue Jean Jaurès;69100;Villeurbanne;69266;Auvergne-Rhône-Alpes;45.7576;4.8456;908;2024-07-21;;oui
SIT-00189;CLI-00148;Usine Nevers;Usine;78 rue des Acacias;58000;Nevers;58194;Bourgogne-Franche-Comté;46.9943;3.1744;536;2021-11-28;;oui
SIT-00190;CLI-00149;Siège Saint-Quentin;Siège;23 avenue du Général Leclerc;02100;Saint-Quentin;02691;Hauts-de-France;49.8163;3.2671;1494;2022-02-27;2022-10-09;non
SIT-00191;CLI-00151;Siège Carcassonne;Siège;166 avenue Jean Jaurès;11000;Carcassonne;11069;Occitanie;43.22;2.3396;1388;2024-05-23;;oui
SIT-00192;CLI-00152;Siège Grenoble;Siège;81 avenue Jean Jaurès;38000;Grenoble;38185;Auvergne-Rhône-Alpes;45.2262;5.733;40;2022-08-08;;oui
SIT-00193;CLI-00153;Siège Châteauroux;Siège;158 rue de la République;36000;Châteauroux;36044;Centre-Val de Loire;46.7732;1.7398;503;2021-04-02;;oui
SIT-00194;CLI-00154;Siège Gap;Siège;4 avenue du Général Leclerc;05000;Gap;05061;Provence-Alpes-Côte d’Azur;44.6095;6.0849;518;2026-05-24;;oui
SIT-00195;CLI-00155;Siège Saint-Brieuc;Siège;121 avenue du Général Leclerc;22000;Saint-Brieuc;22278;Bretagne;48.5189;-2.751;526;2017-02-16;;oui
SIT-00196;CLI-00156;Siège Toulon;Siège;98 avenue Jean Jaurès;83000;Toulon;83137;Provence-Alpes-Côte d’Azur;43.0714;5.9234;40;2024-12-19;;oui
SIT-00197;CLI-00157;Siège Valence;Siège;177 rue de la République;26000;Valence;26362;Auvergne-Rhône-Alpes;44.9038;4.8609;40;2021-04-06;;oui
SIT-00198;CLI-00158;Siège Saint-Quentin;Siège;95 chemin des Vignes;02100;Saint-Quentin;02691;Hauts-de-France;49.844;3.2945;620;2020-10-18;;oui
SIT-00199;CLI-00160;Siège Villeurbanne;Siège;27 avenue de la Gare;69100;Villeurbanne;69266;Auvergne-Rhône-Alpes;45.8086;4.9175;1644;2019-12-13;;oui
SIT-00200;CLI-00161;Siège Salon-de-Provence;Siège;77 avenue du Général Leclerc;13300;Salon-de-Provence;13103;Provence-Alpes-Côte d’Azur;43.6577;5.1174;1720;2022-09-15;;oui
SIT-00201;CLI-00161;Entrepôt Aix-en-Provence;Entrepôt;90 avenue de la Gare;13100;Aix-en-Provence;13001;Provence-Alpes-Côte d’Azur;43.5409;5.4315;40;2017-07-02;;oui
SIT-00202;CLI-00162;Siège Mulhouse;Siège;45 route de Bordeaux;24000;Mulhouse;68224;Grand Est;47.7634;7.3359;1033;2025-09-06;;oui
SIT-00203;CLI-00162;Point de vente Bastia;Point de vente;91 quai des Docks;20200;Bastia;2B033;Corse;42.7228;9.4189;1448;2020-08-12;;oui
SIT-00204;CLI-00163;Siège Perpignan;Siège;112 place du Marché;66000;Perpignan;66136;Occitanie;42.6597;2.9442;561;2018-10-15;;oui
SIT-00205;CLI-00164;Siège Cannes;Siège;159 avenue de la Gare;06400;Cannes;06029;Provence-Alpes-Côte d’Azur;43.5327;7.0132;766;2023-05-18;;oui
SIT-00206;CLI-00164;Usine Perpignan;Usine;11 boulevard Victor Hugo;66000;Perpignan;66136;Occitanie;42.7166;2.94;82;2026-04-04;;oui
SIT-00207;CLI-00165;Siège Cherbourg-en-Cotentin;Siège;64 avenue du Général Leclerc;50100;Cherbourg-en-Cotentin;50129;Normandie;49.6123;-1.5982;76;2016-06-04;;oui
SIT-00208;CLI-00166;Siège Boulogne-Billancourt;Siège;48 rue de l’Industrie;92100;Boulogne-Billancourt;92012;Île-de-France;48.8405;2.1983;741;2021-04-09;;oui
SIT-00209;CLI-00166;Usine Albi;Usine;80 rue Pasteur;81000;Albi;81004;Occitanie;43.9148;2.1201;2522;2022-01-25;;oui
SIT-00210;CLI-00167;Siège Tours;Siège;67 route de Bordeaux;37000;Tours;37261;Centre-Val de Loire;47.3402;0.6745;40;2018-02-20;;oui
SIT-00211;CLI-00167;Point de vente Fréjus;Point de vente;114 rue de la République;83600;Fréjus;83061;Provence-Alpes-Côte d’Azur;43.4537;6.7282;1762;2019-01-24;;oui
SIT-00212;CLI-00167;Entrepôt Le Mans;Entrepôt;38 route de Bordeaux;72000;Le Mans;72181;Pays de la Loire;48.0343;0.2371;629;2021-03-13;;oui
SIT-00213;CLI-00167;Usine Versailles;Usine;80 impasse des Lilas;78000;Versailles;78646;Île-de-France;48.8017;2.0898;40;2020-11-21;2025-08-12;non
SIT-00214;CLI-00168;Siège Béziers;Siège;46 rue de l’Industrie;34500;Béziers;34032;Occitanie;43.3433;3.2495;678;2021-11-13;2025-04-25;non
SIT-00215;CLI-00169;Siège CRÉTEIL;Siège;74 impasse des Lilas;94000;CRÉTEIL;94028;Île-de-France;48.7815;2.4972;40;2017-09-28;;oui
SIT-00216;CLI-00169;Point de vente Narbonne;Point de vente;104 rue de la République;11100;Narbonne;11262;Occitanie;43.1949;2.9534;824;2025-11-10;;oui
SIT-00217;CLI-00170;Siège Chartres;Siège;58 quai des Docks;28000;Chartres;28085;Centre-Val de Loire;48.4748;1.5205;40;2020-02-17;;oui
SIT-00218;CLI-00171;Siège Tours;Siège;115 avenue du Général Leclerc;37000;Tours;37261;Centre-Val de Loire;47.3487;0.7201;669;2016-08-19;;oui
SIT-00219;CLI-00173;Siège Orléans;Siège;45 avenue du Général Leclerc;45000;Orléans;45234;Centre-Val de Loire;47.908;1.8522;213;2017-08-13;;oui
SIT-00220;CLI-00175;Siège Chartres;Siège;41 place du Marché;28000;Chartres;28085;Centre-Val de Loire;48.4425;1.5193;1447;2026-05-31;;oui
SIT-00221;CLI-00176;Siège Angoulême;Siège;75 avenue du Général Leclerc;16000;Angoulême;16015;Nouvelle-Aquitaine;45.6653;0.1139;2042;2016-05-06;;oui
SIT-00222;CLI-00176;Point de vente Cherbourg-en-Cotentin;Point de vente;26 rue du Commerce;50100;Cherbourg-en-Cotentin;50129;Normandie;49.6642;-1.6387;902;2026-03-29;;oui
SIT-00223;CLI-00176;Entrepôt Colmar;Entrepôt;42 avenue Jean Jaurès;68000;Colmar;68066;Grand Est;48.0676;7.3479;883;2023-01-04;2022-06-26;non
SIT-00224;CLI-00178;Siège Narbonne;Siège;15 boulevard Victor Hugo;11100;Narbonne;11262;Occitanie;43.2038;2.9579;1038;2016-08-08;;oui
SIT-00225;CLI-00179;Siège Roanne;Siège;158 rue des Acacias;42300;Roanne;42187;Auvergne-Rhône-Alpes;46.0244;4.1136;1098;2025-04-08;;oui
SIT-00226;CLI-00180;Siège Cherbourg-en-Cotentin;Siège;162 route de Bordeaux;50100;Cherbourg-en-Cotentin;50129;Normandie;49.5906;-1.6192;1191;2016-05-24;;oui
SIT-00227;CLI-00181;Siège Caen;Siège;82 avenue Jean Jaurès;14000;Caen;14118;Normandie;49.1553;-0.3585;434;2018-03-20;;oui
SIT-00228;CLI-00181;Agence Argenteuil;Agence;11 quai des Docks;95100;Argenteuil;95018;Île-de-France;48.9504;2.2656;1233;2023-01-16;;oui
SIT-00229;CLI-00181;Usine Toulon;Usine;120 boulevard Victor Hugo;83000;Toulon;83137;Provence-Alpes-Côte d’Azur;43.1537;5.9527;1300;2024-08-26;;oui
SIT-00230;CLI-00182;Siège Montpellier;Siège;7 avenue du Général Leclerc;34000;Montpellier;34172;Occitanie;43.5895;3.9167;908;2018-03-21;;oui
SIT-00231;CLI-00182;Agence Créteil;Agence;16 avenue du Général Leclerc;94000;Créteil;94028;Île-de-France;48.7503;2.4128;1297;2021-12-06;;oui
SIT-00232;CLI-00183;Siège MARSEILLE;Siège;135 boulevard Victor Hugo;13001;MARSEILLE;13055;Provence-Alpes-Côte d’Azur;43.322;5.3689;1235;2021-07-13;;oui
SIT-00233;CLI-00183;Entrepôt Angers;Entrepôt;79 allée des Peupliers;49000;Angers;49007;Pays de la Loire;47.4324;-0.5833;1258;2017-12-09;;oui
SIT-00234;CLI-00184;Siège Cannes;Siège;6 avenue de la Gare;72000;Cannes;06029;Provence-Alpes-Côte d’Azur;43.5697;7.0656;988;2018-11-07;;oui
SIT-00235;CLI-00185;Siège Cannes;Siège;33 place du Marché;06400;Cannes;06029;Provence-Alpes-Côte d’Azur;43.5008;7.0251;2698;2017-02-16;;oui
SIT-00236;CLI-00187;Siège Blois;Siège;64 route de Bordeaux;41000;Blois;41018;Centre-Val de Loire;47.5574;1.3251;1021;2020-05-02;;oui
SIT-00237;CLI-00188;Siège Nanterre;Siège;69 route de Bordeaux;92000;Nanterre;92050;Île-de-France;48.8783;2.1867;543;2017-10-14;;oui
SIT-00238;CLI-00188;Agence Rodez;Agence;170 allée des Peupliers;12000;Rodez;12202;Occitanie;44.3114;2.6184;1972;2018-07-18;;oui
SIT-00239;CLI-00188;Point de vente Évry-Courcouronnes;Point de vente;33 place du Marché;91000;Évry-Courcouronnes;91228;Île-de-France;48.596;2.4121;1465;2018-09-04;;oui
SIT-00240;CLI-00188;Usine Gap;Usine;48 place du Marché;05000;Gap;05061;Provence-Alpes-Côte d’Azur;44.5654;6.0722;168;2022-10-23;;oui
SIT-00241;CLI-00189;Siège Roubaix;Siège;178 rue de l’Industrie;59100;Roubaix;59512;Hauts-de-France;50.6811;3.1234;1322;2022-06-27;;oui
SIT-00242;CLI-00190;Siège Strasbourg;Siège;66 place du Marché;67000;Strasbourg;67482;Grand Est;48.6038;7.7276;2273;2023-03-22;;oui
SIT-00243;CLI-00191;Siège La Rochelle;Siège;83 avenue Jean Jaurès;17000;La Rochelle;17300;Nouvelle-Aquitaine;46.1893;-1.1008;1198;2017-12-18;;oui
SIT-00244;CLI-00191;Point de vente Nancy;Point de vente;42 rue de la République;54000;Nancy;54395;Grand Est;48.6904;6.2042;1056;2024-05-09;;oui
SIT-00245;CLI-00191;Usine Bayonne;Usine;121 rue Pasteur;64100;Bayonne;64102;Nouvelle-Aquitaine;43.4583;-1.4585;343;2023-04-10;;oui
SIT-00246;CLI-00193;Siège Sète;Siège;180 route de Bordeaux;34200;Sète;34301;Occitanie;43.43;3.6509;1637;2016-07-11;;oui
SIT-00247;CLI-00193;Agence Quimper;Agence;90 boulevard Victor Hugo;29000;Quimper;29232;Bretagne;47.965;-4.1203;1066;2025-01-27;;oui
SIT-00248;CLI-00193;Usine Marseille;Usine;113 avenue de la Gare;13001;Marseille;13055;Provence-Alpes-Côte d’Azur;43.3009;5.3676;1487;2017-03-30;;oui
SIT-00249;CLI-00195;Siège Tarbes;Siège;9 impasse des Lilas;65000;Tarbes;65440;Occitanie;43.2434;0.0253;860;2018-05-29;;oui
SIT-00250;CLI-00195;Usine Évreux;Usine;141 impasse des Lilas;27000;Évreux;27229;Normandie;49.0299;1.1721;1733;2019-06-13;;oui
SIT-00251;CLI-00196;Siège Cergy;Siège;109 impasse des Lilas;95000;Cergy;95127;Île-de-France;49.0448;2.0755;252;2020-03-21;;oui
SIT-00252;CLI-00196;Agence Châteauroux;Agence;30 allée des Peupliers;36000;Châteauroux;36044;Centre-Val de Loire;46.7749;1.7338;1165;2020-03-16;;oui
SIT-00253;CLI-00196;Entrepôt Villeurbanne;Entrepôt;118 rue de l’Industrie;69100;Villeurbanne;69266;Auvergne-Rhône-Alpes;45.7226;4.8452;40;2025-03-03;;oui
SIT-00254;CLI-00197;Siège Cannes;Siège;105 boulevard Victor Hugo;44600;Cannes;06029;Provence-Alpes-Côte d’Azur;43.5378;6.9941;883;2018-01-18;;oui
SIT-00255;CLI-00197;Point de vente Saint-Malo;Point de vente;131 rue de la République;35400;Saint-Malo;35288;Bretagne;48.6032;-2.0743;1735;2020-12-29;;oui
SIT-00256;CLI-00198;Siège Perpignan;Siège;136 allée des Peupliers;66000;Perpignan;66136;Occitanie;42.6905;2.8741;1108;2021-05-09;;oui
SIT-00257;CLI-00200;Siège Versailles;Siège;20 rue de l’Industrie;78000;Versailles;78646;Île-de-France;48.7908;2.1324;349;2026-04-27;;oui
SIT-00258;CLI-00200;Usine Le Mans;Usine;114 avenue de la Gare;72000;Le Mans;72181;Pays de la Loire;47.993;0.1559;661;2018-11-13;;oui
SIT-00259;CLI-00200;Entrepôt Besançon;Entrepôt;116 rue de l’Industrie;25000;Besançon;25056;Bourgogne-Franche-Comté;47.2659;5.988;1489;2017-06-30;;oui
SIT-00260;CLI-00200;Agence Carcassonne;Agence;98 avenue de la Gare;11000;Carcassonne;11069;Occitanie;43.2439;2.3785;60;2024-02-18;;oui
SIT-00261;CLI-00202;Siège Bourg-en-Bresse;Siège;159 route de Bordeaux;01000;Bourg-en-Bresse;01053;Auvergne-Rhône-Alpes;46.2315;5.2441;349;2018-08-03;;oui
SIT-00262;CLI-00203;Siège Chambéry;Siège;128 avenue de la Gare;73000;Chambéry;73065;Auvergne-Rhône-Alpes;45.5205;5.9531;773;2023-09-15;;oui
SIT-00263;CLI-00204;Siège Nevers;Siège;57 avenue Jean Jaurès;58000;Nevers;58194;Bourgogne-Franche-Comté;46.9408;3.1728;564;2019-12-15;;oui
SIT-00264;CLI-00207;Siège AIX-EN-PROVENCE;Siège;38 rue des Acacias;13100;AIX-EN-PROVENCE;13001;Provence-Alpes-Côte d’Azur;43.5454;5.498;759;2017-12-13;;oui
SIT-00265;CLI-00208;Siège Cholet;Siège;113 route de Bordeaux;49300;Cholet;49099;Pays de la Loire;47.0491;-0.8986;1252;2021-08-11;;oui
SIT-00266;CLI-00208;Agence Agen;Agence;83 rue du Commerce;47000;Agen;47001;Nouvelle-Aquitaine;44.1748;0.5832;1844;2018-10-19;;oui
SIT-00267;CLI-00209;Siège Roubaix;Siège;164 impasse des Lilas;59100;Roubaix;59512;Hauts-de-France;50.6778;3.1954;467;2017-11-23;;oui
SIT-00268;CLI-00210;Siège Poitiers;Siège;50 rue de la République;86000;Poitiers;86194;Nouvelle-Aquitaine;46.5539;0.3676;40;2024-12-20;;oui
SIT-00269;CLI-00211;Siège Évry-Courcouronnes;Siège;110 rue des Acacias;91000;Évry-Courcouronnes;91228;Île-de-France;48.5953;2.4206;1377;2018-09-28;;oui
SIT-00270;CLI-00211;Agence Angoulême;Agence;33 place du Marché;16000;Angoulême;16015;Nouvelle-Aquitaine;45.6165;0.1188;40;2021-05-21;;oui
SIT-00271;CLI-00211;Point de vente Angers;Point de vente;30 impasse des Lilas;49000;Angers;49007;Pays de la Loire;47.4641;-0.5431;2208;2024-12-11;2027-11-18;non
SIT-00272;CLI-00211;Usine Nevers;Usine;40 boulevard Victor Hugo;58000;Nevers;58194;Bourgogne-Franche-Comté;47.0111;3.1232;699;2020-06-18;;oui
SIT-00273;CLI-00213;Siège Annecy;Siège;23 rue Pasteur;74000;Annecy;74010;Auvergne-Rhône-Alpes;45.9024;6.1655;1435;2020-07-20;;oui
SIT-00274;CLI-00214;Siège Annecy;Siège;46 boulevard Victor Hugo;74000;Annecy;74010;Auvergne-Rhône-Alpes;45.8553;6.0821;768;2019-03-16;;oui
SIT-00275;CLI-00215;Siège Aix-en-Provence;Siège;116 rue de la République;13100;Aix-en-Provence;13001;Provence-Alpes-Côte d’Azur;43.529;5.4017;1137;2017-01-13;;oui
SIT-00276;CLI-00215;Agence Montpellier;Agence;130 boulevard Victor Hugo;34000;Montpellier;34172;Occitanie;43.5979;3.9287;1576;2018-05-23;;oui
SIT-00277;CLI-00215;Entrepôt Cherbourg-en-Cotentin;Entrepôt;9 rue du Commerce;50100;Cherbourg-en-Cotentin;50129;Normandie;49.6417;-1.6027;776;2026-04-26;;oui
SIT-00278;CLI-00216;Siège Narbonne;Siège;140 rue des Acacias;11100;Narbonne;11262;Occitanie;43.1572;3.0455;442;2017-11-23;;oui
SIT-00279;CLI-00217;Siège Bastia;Siège;102 rue des Acacias;20200;Bastia;2B033;Corse;42.6691;9.4306;602;2026-05-09;;oui
SIT-00280;CLI-00217;Usine Nîmes;Usine;86 allée des Peupliers;30000;Nîmes;30189;Occitanie;43.8268;4.3661;676;2021-06-30;;oui
SIT-00281;CLI-00217;Point de vente Lorient;Point de vente;124 rue de l’Industrie;56100;Lorient;56121;Bretagne;47.705;-3.3687;40;2023-07-12;;oui
SIT-00282;CLI-00218;Siège Aix-en-Provence;Siège;114 place du Marché;13100;Aix-en-Provence;13001;Provence-Alpes-Côte d’Azur;43.5715;5.4581;40;2021-12-24;;oui
SIT-00283;CLI-00218;Point de vente Montauban;Point de vente;152 allée des Peupliers;82000;Montauban;82121;Occitanie;43.9892;1.3076;40;2017-02-25;;oui
SIT-00284;CLI-00218;Point de vente Reims;Point de vente;111 rue du Commerce;51100;Reims;51454;Grand Est;49.2548;4.0702;998;2022-08-18;;oui
SIT-00285;CLI-00219;Siège Colmar;Siège;99 impasse des Lilas;68000;Colmar;68066;Grand Est;48.0344;7.4032;762;2019-03-12;;oui
SIT-00286;CLI-00219;Point de vente Tours;Point de vente;73 place du Marché;37000;Tours;37261;Centre-Val de Loire;47.3965;0.7143;190;2018-02-28;2019-12-21;non
SIT-00287;CLI-00220;Siège Cannes;Siège;101 rue des Acacias;06400;Cannes;06029;Provence-Alpes-Côte d’Azur;43.5886;7.0165;997;2017-01-30;;oui
SIT-00288;CLI-00221;Siège Le Mans;Siège;19 place du Marché;72000;Le Mans;72181;Pays de la Loire;48.058;0.1881;173;2021-11-26;;oui
SIT-00289;CLI-00222;Siège AVIGNON;Siège;176 rue Pasteur;84000;AVIGNON;84007;Provence-Alpes-Côte d’Azur;43.908;4.8242;1160;2025-02-12;2027-01-06;non
SIT-00290;CLI-00223;Siège Poitiers;Siège;133 impasse des Lilas;86000;Poitiers;86194;Nouvelle-Aquitaine;46.6283;0.322;1023;2019-06-13;;oui
SIT-00291;CLI-00223;Agence Troyes;Agence;155 route de Bordeaux;10000;Troyes;10387;Grand Est;48.3302;4.0335;2538;2016-06-16;;oui
SIT-00292;CLI-00225;Siège Mérignac;Siège;80 boulevard Victor Hugo;33700;Mérignac;33281;Nouvelle-Aquitaine;44.8169;-0.6283;1101;2025-04-27;;oui
SIT-00293;CLI-00226;Siège Valence;Siège;178 avenue du Général Leclerc;26000;Valence;26362;Auvergne-Rhône-Alpes;44.8937;4.9271;354;2017-05-06;;oui
SIT-00294;CLI-00230;Siège Sète;Siège;140 boulevard Victor Hugo;34200;Sète;34301;Occitanie;43.365;3.7374;1611;2022-07-22;;oui
SIT-00295;CLI-00231;Siège Pau;Siège;87 avenue du Général Leclerc;64000;Pau;64445;Nouvelle-Aquitaine;43.3196;-0.3519;484;2025-05-22;;oui
SIT-00296;CLI-00232;Siège Poitiers;Siège;54 boulevard Victor Hugo;86000;Poitiers;86194;Nouvelle-Aquitaine;46.537;0.3201;1553;2025-08-23;;oui
SIT-00297;CLI-00234;Siège Évreux;Siège;52 route de Bordeaux;27000;Évreux;27229;Normandie;48.9901;1.1981;233;2024-08-19;;oui
SIT-00298;CLI-00236;Siège Cholet;Siège;26 rue Pasteur;49300;Cholet;49099;Pays de la Loire;47.0547;-0.8989;496;2023-11-15;;oui
SIT-00299;CLI-00237;Siège Dunkerque;Siège;45 rue des Acacias;59140;Dunkerque;59183;Hauts-de-France;51.0104;2.3908;40;2021-07-20;2025-01-18;non
SIT-00300;CLI-00238;Siège Antibes;Siège;151 quai des Docks;06600;Antibes;06004;Provence-Alpes-Côte d’Azur;43.5639;7.0839;40;2024-11-18;;oui
SIT-00301;CLI-00238;Entrepôt Limoges;Entrepôt;44 impasse des Lilas;87000;Limoges;87085;Nouvelle-Aquitaine;45.7807;1.2876;629;2023-02-08;;oui
SIT-00302;CLI-00239;Siège Cherbourg-en-Cotentin;Siège;32 chemin des Vignes;50100;Cherbourg-en-Cotentin;50129;Normandie;49.6876;-1.5878;1291;2017-08-29;;oui
SIT-00303;CLI-00240;Siège Carcassonne;Siège;162 rue des Acacias;11000;Carcassonne;11069;Occitanie;43.2491;2.3476;113;2019-12-20;;oui
SIT-00304;CLI-00243;Siège TOURS;Siège;160 place du Marché;37000;TOURS;37261;Centre-Val de Loire;47.402;0.699;40;2026-05-14;;oui
SIT-00305;CLI-00243;Agence Perpignan;Agence;128 boulevard Victor Hugo;66000;Perpignan;66136;Occitanie;42.6999;2.902;677;2023-08-01;;oui
SIT-00306;CLI-00243;Usine Nevers;Usine;121 rue du Commerce;58000;Nevers;58194;Bourgogne-Franche-Comté;47.0322;3.1507;198;2023-10-30;;oui
SIT-00307;CLI-00243;Usine Cholet;Usine;3 allée des Peupliers;49300;Cholet;49099;Pays de la Loire;47.0247;-0.8478;1038;2023-07-04;2028-08-19;non
SIT-00308;CLI-00245;Siège Albi;Siège;2 rue de l’Industrie;81000;Albi;81004;Occitanie;43.899;2.1231;1770;2025-11-12;;oui
SIT-00309;CLI-00245;Agence Quimper;Agence;104 allée des Peupliers;29000;Quimper;29232;Bretagne;47.9688;-4.0747;2513;2024-01-24;;oui
SIT-00310;CLI-00246;Siège Châteauroux;Siège;103 route de Bordeaux;36000;Châteauroux;36044;Centre-Val de Loire;46.817;1.6646;622;2019-04-12;;oui
SIT-00311;CLI-00247;Siège Clermont-Ferrand;Siège;159 rue du Commerce;63000;Clermont-Ferrand;63113;Auvergne-Rhône-Alpes;45.8243;3.108;1307;2021-10-02;;oui
SIT-00312;CLI-00248;Siège Nanterre;Siège;15 route de Bordeaux;92000;Nanterre;92050;Île-de-France;48.9158;2.2445;725;2016-08-08;;oui
SIT-00313;CLI-00248;Usine Versailles;Usine;44 rue de l’Industrie;78000;Versailles;78646;Île-de-France;48.7704;2.1294;746;2025-08-31;;oui
SIT-00314;CLI-00249;Siège Montpellier;Siège;127 rue de l’Industrie;34000;Montpellier;34172;Occitanie;43.6138;3.8947;2247;2019-12-21;;oui
SIT-00315;CLI-00250;Siège Narbonne;Siège;174 boulevard Victor Hugo;11100;Narbonne;11262;Occitanie;43.1623;3.0386;612;2017-08-22;;oui
SIT-00316;CLI-00250;Usine Angoulême;Usine;79 impasse des Lilas;16000;Angoulême;16015;Nouvelle-Aquitaine;45.6604;0.1766;269;2023-10-10;2026-02-28;non
SIT-00317;CLI-00251;Siège Versailles;Siège;174 avenue de la Gare;78000;Versailles;78646;Île-de-France;48.767;2.177;2050;2023-11-12;;oui
SIT-00318;CLI-00252;Siège Bastia;Siège;175 allée des Peupliers;20200;Bastia;2B033;Corse;42.6855;9.4374;40;2017-07-25;;oui
SIT-00319;CLI-00255;Siège Chambéry;Siège;36 impasse des Lilas;73000;Chambéry;73065;Auvergne-Rhône-Alpes;45.5352;5.8916;651;2019-03-21;;oui
SIT-00320;CLI-00256;Siège Auxerre;Siège;104 rue Pasteur;89000;Auxerre;89024;Bourgogne-Franche-Comté;47.8109;3.5275;346;2024-10-26;2026-12-03;non
SIT-00321;CLI-00257;Siège Dunkerque;Siège;159 rue du Commerce;59140;Dunkerque;59183;Hauts-de-France;51.0227;2.3862;898;2023-05-15;;oui
SIT-00322;CLI-00262;Siège Colmar;Siège;125 allée des Peupliers;68000;Colmar;68066;Grand Est;48.0847;7.3694;1154;2025-04-06;;oui
SIT-00323;CLI-00264;Siège Lorient;Siège;150 boulevard Victor Hugo;56100;Lorient;56121;Bretagne;47.7507;-3.3269;834;2018-04-25;;oui
SIT-00324;CLI-00265;Siège angoulême;Siège;116 route de Bordeaux;16000;angoulême;16015;Nouvelle-Aquitaine;45.648;0.1968;473;2019-01-15;;oui
SIT-00325;CLI-00265;Usine Fréjus;Usine;5 avenue de la Gare;83600;Fréjus;83061;Provence-Alpes-Côte d’Azur;43.404;6.7649;2284;2021-02-10;;oui
SIT-00326;CLI-00265;Usine Saint-Étienne;Usine;174 rue des Acacias;42000;Saint-Étienne;42218;Auvergne-Rhône-Alpes;45.4786;4.3593;1730;2018-04-16;;oui
SIT-00327;CLI-00266;Siège Caen;Siège;91 avenue du Général Leclerc;14000;Caen;14118;Normandie;49.1652;-0.3265;1565;2019-11-10;;oui
SIT-00328;CLI-00266;Agence Strasbourg;Agence;11 allée des Peupliers;67000;Strasbourg;67482;Grand Est;48.5945;7.7032;40;2018-03-25;;oui
SIT-00329;CLI-00269;Siège Boulogne-Billancourt;Siège;9 allée des Peupliers;20200;Boulogne-Billancourt;92012;Île-de-France;48.8046;2.2751;1552;2017-07-24;;oui
SIT-00330;CLI-00270;Siège La Roche-sur-Yon;Siège;13 route de Bordeaux;85000;La Roche-sur-Yon;85191;Pays de la Loire;46.6318;-1.3916;197;2022-09-06;;oui
SIT-00331;CLI-00270;Point de vente Mulhouse;Point de vente;139 chemin des Vignes;68100;Mulhouse;68224;Grand Est;47.7951;7.2941;40;2018-04-18;2023-04-17;non
SIT-00332;CLI-00270;Agence Caen;Agence;175 allée des Peupliers;14000;Caen;14118;Normandie;49.1313;-0.3935;1244;2020-01-25;;oui
SIT-00333;CLI-00271;Siège Bayonne;Siège;107 rue Pasteur;35400;Bayonne;64102;Nouvelle-Aquitaine;43.5142;-1.5003;1490;2019-06-16;;oui
SIT-00334;CLI-00272;Siège Aix-en-Provence;Siège;111 avenue du Général Leclerc;13100;Aix-en-Provence;13001;Provence-Alpes-Côte d’Azur;43.4826;5.4937;2014;2022-07-05;2027-09-28;non
SIT-00335;CLI-00272;Usine Le Havre;Usine;10 route de Bordeaux;76600;Le Havre;76351;Normandie;49.5109;0.1043;1008;2020-04-04;2022-06-13;non
SIT-00336;CLI-00273;Siège Cholet;Siège;69 rue du Commerce;49300;Cholet;49099;Pays de la Loire;47.0141;-0.9046;407;2021-06-26;;oui
SIT-00337;CLI-00273;Point de vente Salon-de-Provence;Point de vente;131 allée des Peupliers;13300;Salon-de-Provence;13103;Provence-Alpes-Côte d’Azur;43.6447;5.0522;581;2019-01-02;;oui
SIT-00338;CLI-00274;Siège Saint-Étienne;Siège;27 boulevard Victor Hugo;42000;Saint-Étienne;42218;Auvergne-Rhône-Alpes;45.4252;4.3595;1486;2022-03-27;;oui
SIT-00339;CLI-00274;Entrepôt Bastia;Entrepôt;168 impasse des Lilas;20200;Bastia;2B033;Corse;42.7175;9.4168;1387;2023-08-12;;oui
SIT-00340;CLI-00276;Siège Reims;Siège;173 rue de la République;51100;Reims;51454;Grand Est;49.2723;4.0654;1146;2022-11-08;;oui
SIT-00341;CLI-00277;Siège Nantes;Siège;38 rue de la République;44000;Nantes;44109;Pays de la Loire;47.2029;-1.5031;261;2022-11-30;;oui
SIT-00342;CLI-00277;Entrepôt Salon-de-Provence;Entrepôt;9 route de Bordeaux;13300;Salon-de-Provence;13103;Provence-Alpes-Côte d’Azur;43.6424;5.0644;560;2024-04-23;2028-01-25;non
SIT-00343;CLI-00278;Siège Bastia;Siège;26 avenue de la Gare;20200;Bastia;2B033;Corse;42.6605;9.48;2255;2018-10-10;;oui
SIT-00344;CLI-00278;Point de vente Fréjus;Point de vente;36 place du Marché;83600;Fréjus;83061;Provence-Alpes-Côte d’Azur;43.4429;6.7554;1341;2024-09-11;;oui
SIT-00345;CLI-00279;Siège Chalon-sur-Saône;Siège;17 place du Marché;71100;Chalon-sur-Saône;71076;Bourgogne-Franche-Comté;46.8054;4.8254;475;2026-02-27;;oui
SIT-00346;CLI-00282;Siège Nancy;Siège;154 route de Bordeaux;54000;Nancy;54395;Grand Est;48.6557;6.1812;1238;2017-11-30;;oui
SIT-00347;CLI-00282;Point de vente Nîmes;Point de vente;141 route de Bordeaux;30000;Nîmes;30189;Occitanie;43.8872;4.3514;1528;2021-07-19;;oui
SIT-00348;CLI-00282;Point de vente Évreux;Point de vente;129 avenue du Général Leclerc;27000;Évreux;27229;Normandie;49.0485;1.1724;235;2019-10-25;;oui
SIT-00349;CLI-00282;Usine Limoges;Usine;71 quai des Docks;87000;Limoges;87085;Nouvelle-Aquitaine;45.8577;1.278;40;2026-02-10;;oui
SIT-00350;CLI-00285;Siège Nanterre;Siège;137 avenue de la Gare;92000;Nanterre;92050;Île-de-France;48.8497;2.2033;727;2020-12-22;;oui
SIT-00351;CLI-00286;Siège Clermont-Ferrand;Siège;57 route de Bordeaux;63000;Clermont-Ferrand;63113;Auvergne-Rhône-Alpes;45.7829;3.0936;849;2021-07-02;;oui
SIT-00352;CLI-00286;Agence Béziers;Agence;99 impasse des Lilas;34500;Béziers;34032;Occitanie;43.3509;3.2695;1628;2021-06-19;;oui
SIT-00353;CLI-00286;Agence Bayonne;Agence;114 chemin des Vignes;64100;Bayonne;64102;Nouvelle-Aquitaine;43.4875;-1.4912;1127;2019-04-20;;oui
SIT-00354;CLI-00286;Entrepôt Saint-Quentin;Entrepôt;176 quai des Docks;02100;Saint-Quentin;02691;Hauts-de-France;49.8036;3.2873;540;2016-11-28;;oui
SIT-00355;CLI-00287;Siège Cherbourg-en-Cotentin;Siège;90 boulevard Victor Hugo;50100;Cherbourg-en-Cotentin;50129;Normandie;49.6634;-1.5876;1411;2020-07-15;;oui
SIT-00356;CLI-00288;Siège CrÉTeil;Siège;36 impasse des Lilas;94000;CrÉTeil;94028;Île-de-France;48.8367;2.4582;2349;2019-10-27;;oui
SIT-00357;CLI-00288;Agence Paris;Agence;116 avenue du Général Leclerc;75001;Paris;75056;Île-de-France;48.8996;2.3634;414;2025-02-23;;oui
SIT-00358;CLI-00290;Siège Valence;Siège;21 impasse des Lilas;26000;Valence;26362;Auvergne-Rhône-Alpes;44.9178;4.9046;828;2016-11-24;;oui
SIT-00359;CLI-00293;Siège Poitiers;Siège;166 chemin des Vignes;86000;Poitiers;86194;Nouvelle-Aquitaine;46.5772;0.3034;667;2020-10-25;;oui
SIT-00360;CLI-00296;Siège Brest;Siège;12 rue des Acacias;29200;Brest;29019;Bretagne;48.4123;-4.5174;710;2023-11-14;;oui
SIT-00361;CLI-00298;Siège Rennes;Siège;64 rue de la République;35000;Rennes;35238;Bretagne;48.075;-1.6375;200;2025-05-17;;oui
SIT-00362;CLI-00298;Entrepôt Saint-Quentin;Entrepôt;171 route de Bordeaux;02100;Saint-Quentin;02691;Hauts-de-France;49.8852;3.3263;1667;2025-12-30;;oui
SIT-00363;CLI-00298;Point de vente Saint-Étienne;Point de vente;119 place du Marché;42000;Saint-Étienne;42218;Auvergne-Rhône-Alpes;45.3924;4.3955;1234;2016-08-29;;oui
SIT-00364;CLI-00299;Siège Dunkerque;Siège;137 avenue Jean Jaurès;59140;Dunkerque;59183;Hauts-de-France;50.9805;2.4102;1431;2023-12-06;;oui
SIT-00365;CLI-00300;Siège Boulogne-Billancourt;Siège;70 avenue du Général Leclerc;92100;Boulogne-Billancourt;92012;Île-de-France;48.8225;2.1997;156;2026-04-23;;oui
SIT-00366;CLI-00302;Siège Beauvais;Siège;94 rue des Acacias;60000;Beauvais;60057;Hauts-de-France;49.4419;2.1225;1752;2023-11-07;;oui
SIT-00367;CLI-00303;Siège Fréjus;Siège;63 avenue Jean Jaurès;83600;Fréjus;83061;Provence-Alpes-Côte d’Azur;43.436;6.7811;40;2023-10-20;;oui
SIT-00368;CLI-00304;Siège Annecy;Siège;34 route de Bordeaux;74000;Annecy;74010;Auvergne-Rhône-Alpes;45.9481;6.0819;810;2023-11-09;;oui
SIT-00369;CLI-00304;Agence Albi;Agence;70 rue Pasteur;81000;Albi;81004;Occitanie;;;1178;2019-08-13;;oui
SIT-00370;CLI-00305;Siège Rodez;Siège;119 rue de l’Industrie;12000;Rodez;12202;Occitanie;44.3831;2.6187;2234;2020-08-07;;oui
SIT-00371;CLI-00306;Siège Nîmes;Siège;134 rue des Acacias;30000;Nîmes;30189;Occitanie;43.8377;4.4013;1160;2021-05-13;;oui
SIT-00372;CLI-00306;Point de vente Clermont-Ferrand;Point de vente;70 allée des Peupliers;63000;Clermont-Ferrand;63113;Auvergne-Rhône-Alpes;45.7369;3.0395;2165;2019-04-20;;oui
SIT-00373;CLI-00306;Usine Annecy;Usine;171 impasse des Lilas;74000;Annecy;74010;Auvergne-Rhône-Alpes;45.9199;6.1182;1183;2019-06-06;;oui
SIT-00374;CLI-00306;Point de vente Albi;Point de vente;76 rue des Acacias;81000;Albi;81004;Occitanie;43.9496;2.1575;408;2017-02-08;;oui
SIT-00375;CLI-00307;Siège Mulhouse;Siège;77 avenue Jean Jaurès;68100;Mulhouse;68224;Grand Est;47.7529;7.3407;261;2021-04-24;;oui
SIT-00376;CLI-00307;Entrepôt Blois;Entrepôt;129 chemin des Vignes;41000;Blois;41018;Centre-Val de Loire;47.578;1.3752;1063;2021-03-15;;oui
SIT-00377;CLI-00308;Siège Angers;Siège;72 route de Bordeaux;49000;Angers;49007;Pays de la Loire;47.5171;-0.588;2060;2018-08-18;;oui
SIT-00378;CLI-00308;Agence Vannes;Agence;90 rue des Acacias;56000;Vannes;56260;Bretagne;47.6117;-2.8056;2186;2023-10-09;;oui
SIT-00379;CLI-00311;Siège Valence;Siège;72 avenue Jean Jaurès;26000;Valence;26362;Auvergne-Rhône-Alpes;44.9588;4.9295;618;2023-03-28;;oui
SIT-00380;CLI-00315;Siège Limoges;Siège;104 allée des Peupliers;87000;Limoges;87085;Nouvelle-Aquitaine;45.8589;1.2611;1447;2024-10-07;;oui
SIT-00381;CLI-00316;Siège Angers;Siège;75 rue des Acacias;49000;Angers;49007;Pays de la Loire;47.4612;-0.5493;1051;2022-05-03;2025-11-17;non
SIT-00382;CLI-00316;Entrepôt Évreux;Entrepôt;9 rue du Commerce;27000;Évreux;27229;Normandie;49.0265;1.1376;1837;2025-03-18;;oui
SIT-00383;CLI-00317;Siège Cholet;Siège;59 route de Bordeaux;49300;Cholet;49099;Pays de la Loire;47.0688;-0.9122;1041;2016-07-30;;oui
SIT-00384;CLI-00318;Siège Créteil;Siège;104 rue de l’Industrie;94000;Créteil;94028;Île-de-France;48.8287;2.4422;46;2024-12-15;;oui
SIT-00385;CLI-00319;Siège Colmar;Siège;98 rue du Commerce;68000;Colmar;68066;Grand Est;48.0526;7.3909;1145;2017-08-29;;oui
SIT-00386;CLI-00319;Usine Le Havre;Usine;163 chemin des Vignes;76600;Le Havre;76351;Normandie;49.4819;0.1299;1191;2024-01-27;;oui
SIT-00387;CLI-00319;Entrepôt Chartres;Entrepôt;124 chemin des Vignes;28000;Chartres;28085;Centre-Val de Loire;48.4797;1.4794;198;2024-01-23;2028-01-26;non
SIT-00388;CLI-00321;Siège Nancy;Siège;177 quai des Docks;54000;Nancy;54395;Grand Est;48.6467;6.215;380;2025-11-05;;oui
SIT-00389;CLI-00322;Siège Gap;Siège;114 rue de l’Industrie;05000;Gap;05061;Provence-Alpes-Côte d’Azur;44.5749;6.047;1664;2022-10-22;;oui
SIT-00390;CLI-00324;Siège Perpignan;Siège;25 rue du Commerce;49300;Perpignan;66136;Occitanie;42.6827;2.9396;1236;2023-04-21;;oui
SIT-00391;CLI-00327;Siège MEAUX;Siège;145 allée des Peupliers;77100;MEAUX;77284;Île-de-France;48.9283;2.8596;743;2022-02-12;;oui
SIT-00392;CLI-00329;Siège Bastia;Siège;86 route de Bordeaux;20200;Bastia;2B033;Corse;42.6695;9.4376;573;2023-05-15;;oui
SIT-00393;CLI-00330;Siège Évry-Courcouronnes;Siège;167 place du Marché;91000;Évry-Courcouronnes;91228;Île-de-France;48.633;2.4894;1254;2025-08-18;;oui
SIT-00394;CLI-00331;Siège toulouse;Siège;136 rue de la République;31000;toulouse;31555;Occitanie;43.6165;1.4498;522;2020-06-13;;oui
SIT-00395;CLI-00332;Siège Fréjus;Siège;42 boulevard Victor Hugo;83600;Fréjus;83061;Provence-Alpes-Côte d’Azur;43.4018;6.7232;1355;2023-06-02;;oui
SIT-00396;CLI-00332;Point de vente Bastia;Point de vente;116 rue Pasteur;20200;Bastia;2B033;Corse;42.6837;9.4134;743;2019-02-20;;oui
SIT-00397;CLI-00332;Agence Agen;Agence;38 boulevard Victor Hugo;47000;Agen;47001;Nouvelle-Aquitaine;44.2137;0.6213;949;2023-02-04;;oui
SIT-00398;CLI-00332;Point de vente Lille;Point de vente;145 boulevard Victor Hugo;59000;Lille;59350;Hauts-de-France;50.6097;3.0942;657;2021-07-04;2022-04-13;non
SIT-00399;CLI-00333;Siège Saint-Étienne;Siège;42 rue de l’Industrie;42000;Saint-Étienne;42218;Auvergne-Rhône-Alpes;45.4059;4.3409;178;2023-09-22;;oui
SIT-00400;CLI-00335;Siège Évry-Courcouronnes;Siège;119 impasse des Lilas;91000;Évry-Courcouronnes;91228;Île-de-France;48.6186;2.4898;644;2024-12-27;;oui
SIT-00401;CLI-00335;Agence Bayonne;Agence;25 rue Pasteur;64100;Bayonne;64102;Nouvelle-Aquitaine;43.4711;-1.518;2987;2016-06-24;;oui
SIT-00402;CLI-00336;Siège Carcassonne;Siège;116 rue de la République;11000;Carcassonne;11069;Occitanie;43.1951;2.3648;1106;2020-12-20;;oui
SIT-00403;CLI-00339;Siège Gap;Siège;176 route de Bordeaux;05000;Gap;05061;Provence-Alpes-Côte d’Azur;44.5688;6.1198;2614;2019-05-03;;oui
SIT-00404;CLI-00339;Point de vente Grasse;Point de vente;180 avenue du Général Leclerc;06130;Grasse;06069;Provence-Alpes-Côte d’Azur;43.6861;6.941;906;2023-07-21;;oui
SIT-00405;CLI-00339;Point de vente Cannes;Point de vente;147 impasse des Lilas;06400;Cannes;06029;Provence-Alpes-Côte d’Azur;43.5866;6.9791;561;2017-05-06;;oui
SIT-00406;CLI-00340;Siège Villeurbanne;Siège;71 rue de l’Industrie;69100;Villeurbanne;69266;Auvergne-Rhône-Alpes;45.8039;4.8836;2466;2025-11-28;;oui
SIT-00407;CLI-00340;Entrepôt Troyes;Entrepôt;33 avenue Jean Jaurès;10000;Troyes;10387;Grand Est;48.3449;4.08;917;2020-12-08;;oui
SIT-00408;CLI-00340;Entrepôt Caen;Entrepôt;89 rue du Commerce;14000;Caen;14118;Normandie;49.1445;-0.3521;2078;2025-02-01;2024-07-26;non
SIT-00409;CLI-00340;Point de vente Tours;Point de vente;60 allée des Peupliers;37000;Tours;37261;Centre-Val de Loire;47.4351;0.6414;667;2022-05-18;;oui
SIT-00410;CLI-00342;Siège La Roche-sur-Yon;Siège;32 boulevard Victor Hugo;85000;La Roche-sur-Yon;85191;Pays de la Loire;46.6945;-1.3855;460;2026-03-13;;oui
SIT-00411;CLI-00342;Agence Bayonne;Agence;152 rue du Commerce;64100;Bayonne;64102;Nouvelle-Aquitaine;43.5241;-1.4372;1748;2020-01-10;;oui
SIT-00412;CLI-00342;Agence Toulon;Agence;151 avenue de la Gare;83000;Toulon;83137;Provence-Alpes-Côte d’Azur;43.0961;5.9592;686;2021-06-04;;oui
SIT-00413;CLI-00342;Agence Agen;Agence;150 rue du Commerce;47000;Agen;47001;Nouvelle-Aquitaine;44.191;0.5806;583;2023-05-30;;oui
SIT-00414;CLI-00344;Siège Pau;Siège;50 chemin des Vignes;64000;Pau;64445;Nouvelle-Aquitaine;43.2551;-0.3517;1304;2025-03-25;;oui
SIT-00415;CLI-00344;Usine Châteauroux;Usine;155 route de Bordeaux;36000;Châteauroux;36044;Centre-Val de Loire;46.8483;1.6931;960;2022-08-20;;oui
SIT-00416;CLI-00346;Siège Pau;Siège;97 chemin des Vignes;64000;Pau;64445;Nouvelle-Aquitaine;43.2566;-0.4184;353;2018-04-11;;oui
SIT-00417;CLI-00346;Usine Montpellier;Usine;78 rue Pasteur;34000;Montpellier;34172;Occitanie;43.6232;3.8472;40;2019-07-14;;oui
SIT-00418;CLI-00348;Siège Narbonne;Siège;65 boulevard Victor Hugo;11100;Narbonne;11262;Occitanie;43.2149;3.022;1903;2024-05-07;;oui
SIT-00419;CLI-00349;Siège Le Havre;Siège;36 chemin des Vignes;76600;Le Havre;76351;Normandie;49.4648;0.1244;2275;2017-11-09;;oui
SIT-00420;CLI-00349;Point de vente Perpignan;Point de vente;23 chemin des Vignes;66000;Perpignan;66136;Occitanie;42.7195;2.9027;1798;2019-10-02;;oui
SIT-00421;CLI-00350;Siège Béziers;Siège;42 rue de l’Industrie;34500;Béziers;34032;Occitanie;43.3703;3.201;326;2022-02-08;;oui
SIT-00422;CLI-00350;Agence Lorient;Agence;109 avenue du Général Leclerc;56100;Lorient;56121;Bretagne;47.7118;-3.3387;555;2024-07-16;;oui
SIT-00423;CLI-00350;Entrepôt Nice;Entrepôt;12 place du Marché;06000;Nice;06088;Provence-Alpes-Côte d’Azur;43.7056;7.2986;2043;2024-05-28;;oui
SIT-00424;CLI-00350;Entrepôt Cherbourg-en-Cotentin;Entrepôt;33 avenue du Général Leclerc;50100;Cherbourg-en-Cotentin;50129;Normandie;49.6313;-1.5876;1231;2021-11-13;;oui
SIT-00425;CLI-00351;Siège Limoges;Siège;114 allée des Peupliers;87000;Limoges;87085;Nouvelle-Aquitaine;45.8714;1.2532;419;2019-09-01;;oui
SIT-00426;CLI-00353;Siège Meaux;Siège;86 rue de la République;77100;Meaux;77284;Île-de-France;48.9296;2.8875;1261;2022-05-12;;oui
SIT-00427;CLI-00353;Point de vente Mulhouse;Point de vente;110 place du Marché;68100;Mulhouse;68224;Grand Est;47.7105;7.3363;40;2025-05-19;;oui
SIT-00428;CLI-00353;Entrepôt La Roche-sur-Yon;Entrepôt;157 rue du Commerce;85000;La Roche-sur-Yon;85191;Pays de la Loire;46.7011;-1.3831;1689;2017-06-22;;oui
SIT-00429;CLI-00353;Usine Cergy;Usine;21 allée des Peupliers;95000;Cergy;95127;Île-de-France;49.0384;2.0514;993;2016-12-31;2018-07-09;non
SIT-00430;CLI-00355;Siège Argenteuil;Siège;137 allée des Peupliers;95100;Argenteuil;95018;Île-de-France;48.9393;2.2659;2397;2024-09-25;2027-11-29;non
SIT-00431;CLI-00356;Siège Clermont-Ferrand;Siège;134 avenue du Général Leclerc;63000;Clermont-Ferrand;63113;Auvergne-Rhône-Alpes;45.7373;3.0467;1472;2022-05-01;2025-04-26;non
SIT-00432;CLI-00356;Entrepôt La Roche-sur-Yon;Entrepôt;162 rue du Commerce;85000;La Roche-sur-Yon;85191;Pays de la Loire;46.6562;-1.4464;1042;2024-10-15;;oui
SIT-00433;CLI-00356;Usine Angoulême;Usine;168 rue de la République;16000;Angoulême;16015;Nouvelle-Aquitaine;45.6805;0.1958;832;2025-05-01;;oui
SIT-00434;CLI-00356;Entrepôt Villeurbanne;Entrepôt;85 rue de la République;69100;Villeurbanne;69266;Auvergne-Rhône-Alpes;45.8123;4.917;2184;2018-04-25;;oui
SIT-00435;CLI-00357;Siège Arles;Siège;37 chemin des Vignes;13200;Arles;13004;Provence-Alpes-Côte d’Azur;43.6952;4.5819;40;2019-07-13;;oui
SIT-00436;CLI-00360;Siège Charleville-Mézières;Siège;137 place du Marché;08000;Charleville-Mézières;08105;Grand Est;49.7668;4.7321;196;2017-07-12;;oui
SIT-00437;CLI-00360;Agence Toulon;Agence;113 impasse des Lilas;83000;Toulon;83137;Provence-Alpes-Côte d’Azur;43.1208;5.9221;359;2017-12-22;;oui
SIT-00438;CLI-00360;Agence Nevers;Agence;97 avenue Jean Jaurès;58000;Nevers;58194;Bourgogne-Franche-Comté;47.0036;3.1965;318;2024-04-07;;oui
SIT-00439;CLI-00361;Siège Boulogne-Billancourt;Siège;142 allée des Peupliers;92100;Boulogne-Billancourt;92012;Île-de-France;48.8061;2.2709;78;2024-07-05;;oui
SIT-00440;CLI-00361;Point de vente Dijon;Point de vente;52 allée des Peupliers;21000;Dijon;21231;Bourgogne-Franche-Comté;47.3107;5.0087;345;2020-03-23;;oui
SIT-00441;CLI-00361;Agence Aix-en-Provence;Agence;98 rue Pasteur;13100;Aix-en-Provence;13001;Provence-Alpes-Côte d’Azur;43.4883;5.4587;868;2021-03-28;;oui
SIT-00442;CLI-00362;Siège Créteil;Siège;42 avenue du Général Leclerc;94000;Créteil;94028;Île-de-France;48.7908;2.4569;1808;2019-09-20;;oui
SIT-00443;CLI-00364;Siège Brest;Siège;104 place du Marché;29200;Brest;29019;Bretagne;48.3478;-4.4678;455;2026-03-27;;oui
SIT-00444;CLI-00366;Siège Périgueux;Siège;144 quai des Docks;24000;Périgueux;24322;Nouvelle-Aquitaine;45.2175;0.7362;1941;2025-02-12;;oui
SIT-00445;CLI-00366;Entrepôt Marseille;Entrepôt;148 avenue Jean Jaurès;13001;Marseille;13055;Provence-Alpes-Côte d’Azur;43.3007;5.3409;40;2017-11-11;;oui
SIT-00446;CLI-00367;Siège Rouen;Siège;178 rue du Commerce;76000;Rouen;76540;Normandie;49.4648;1.0817;1460;2022-05-27;;oui
SIT-00447;CLI-00368;Siège Pau;Siège;111 impasse des Lilas;64000;Pau;64445;Nouvelle-Aquitaine;43.3057;-0.3591;736;2018-05-08;2020-07-14;non
SIT-00448;CLI-00371;Siège Châteauroux;Siège;155 place du Marché;36000;Châteauroux;36044;Centre-Val de Loire;46.8254;1.6435;504;2021-03-15;;oui
SIT-00449;CLI-00371;Point de vente Périgueux;Point de vente;178 route de Bordeaux;24000;Périgueux;24322;Nouvelle-Aquitaine;45.1865;0.7548;1381;2019-01-24;;oui
SIT-00450;CLI-00372;Siège Périgueux;Siège;173 boulevard Victor Hugo;24000;Périgueux;24322;Nouvelle-Aquitaine;45.1728;0.7451;1163;2022-01-30;;oui
SIT-00451;CLI-00372;Entrepôt Châteauroux;Entrepôt;76 rue des Acacias;36000;Châteauroux;36044;Centre-Val de Loire;46.7762;1.6457;346;2024-04-18;;oui
SIT-00452;CLI-00372;Agence Limoges;Agence;48 impasse des Lilas;87000;Limoges;87085;Nouvelle-Aquitaine;45.813;1.2982;40;2025-08-12;;oui
SIT-00453;CLI-00372;Entrepôt Charleville-Mézières;Entrepôt;27 rue Pasteur;08000;Charleville-Mézières;08105;Grand Est;49.7871;4.7059;846;2018-07-14;;oui
SIT-00454;CLI-00373;Siège Villeurbanne;Siège;138 avenue de la Gare;69100;Villeurbanne;69266;Auvergne-Rhône-Alpes;45.7565;4.8634;1183;2020-04-12;;oui
SIT-00455;CLI-00374;Siège Clermont-Ferrand;Siège;153 rue du Commerce;63000;Clermont-Ferrand;63113;Auvergne-Rhône-Alpes;45.7895;3.0941;963;2016-06-04;;oui
SIT-00456;CLI-00374;Entrepôt Bourg-en-Bresse;Entrepôt;31 rue de l’Industrie;01000;Bourg-en-Bresse;01053;Auvergne-Rhône-Alpes;46.1751;5.2311;40;2017-12-26;;oui
SIT-00457;CLI-00375;Siège Tours;Siège;7 place du Marché;37000;Tours;37261;Centre-Val de Loire;47.3527;0.6507;1284;2020-05-26;2025-07-12;non
SIT-00458;CLI-00376;Siège Nîmes;Siège;7 quai des Docks;30000;Nîmes;30189;Occitanie;43.8457;4.3907;456;2025-07-31;;oui
SIT-00459;CLI-00378;Siège Nanterre;Siège;160 route de Bordeaux;92000;Nanterre;92050;Île-de-France;48.8473;2.2285;1411;2018-04-14;;oui
SIT-00460;CLI-00378;Entrepôt Montpellier;Entrepôt;64 rue Pasteur;34000;Montpellier;34172;Occitanie;43.6343;3.8981;40;2021-02-23;;oui
SIT-00461;CLI-00378;Usine Strasbourg;Usine;51 avenue Jean Jaurès;67000;Strasbourg;67482;Grand Est;48.5275;7.7295;921;2026-04-14;;oui
SIT-00462;CLI-00378;Entrepôt Niort;Entrepôt;10 chemin des Vignes;79000;Niort;79191;Nouvelle-Aquitaine;46.2894;-0.4393;1097;2020-12-14;;oui
SIT-00463;CLI-00379;Siège Strasbourg;Siège;65 quai des Docks;67000;Strasbourg;67482;Grand Est;48.5555;7.7427;359;2019-08-07;;oui
SIT-00464;CLI-00380;Siège Angoulême;Siège;134 avenue Jean Jaurès;16000;Angoulême;16015;Nouvelle-Aquitaine;45.6373;0.1657;1659;2020-05-09;;oui
SIT-00465;CLI-00380;Point de vente Blois;Point de vente;55 rue du Commerce;41000;Blois;41018;Centre-Val de Loire;;;1911;2020-08-30;;oui
SIT-00466;CLI-00381;Siège Dunkerque;Siège;139 place du Marché;59140;Dunkerque;59183;Hauts-de-France;51.042;2.4164;452;2019-06-25;;oui
SIT-00467;CLI-00381;Agence Cholet;Agence;98 rue des Acacias;49300;Cholet;49099;Pays de la Loire;47.011;-0.8889;1656;2020-02-28;;oui
SIT-00468;CLI-00383;Siège Cergy;Siège;98 rue du Commerce;95000;Cergy;95127;Île-de-France;49.071;2.104;1757;2018-04-27;;oui
SIT-00469;CLI-00383;Agence Saint-Denis;Agence;133 route de Bordeaux;93200;Saint-Denis;93066;Île-de-France;48.9386;2.37;2375;2018-11-04;;oui
SIT-00470;CLI-00385;Siège Besançon;Siège;8 rue Pasteur;25000;Besançon;25056;Bourgogne-Franche-Comté;47.2893;5.9764;204;2020-07-03;;oui
SIT-00471;CLI-00386;Siège Orléans;Siège;22 avenue Jean Jaurès;45000;Orléans;45234;Centre-Val de Loire;47.8648;1.9327;947;2021-12-22;2025-04-25;non
SIT-00472;CLI-00386;Point de vente Beauvais;Point de vente;15 route de Bordeaux;60000;Beauvais;60057;Hauts-de-France;49.4145;2.0816;1379;2026-02-18;;oui
SIT-00473;CLI-00387;Siège Calais;Siège;128 avenue du Général Leclerc;62100;Calais;62193;Hauts-de-France;50.9773;1.848;520;2018-07-12;;oui
SIT-00474;CLI-00389;Siège Salon-de-Provence;Siège;171 boulevard Victor Hugo;13300;Salon-de-Provence;13103;Provence-Alpes-Côte d’Azur;43.6408;5.0847;40;2022-06-05;2023-02-24;non
SIT-00475;CLI-00390;Siège Grenoble;Siège;166 rue des Acacias;38000;Grenoble;38185;Auvergne-Rhône-Alpes;45.1697;5.717;40;2023-08-23;;oui
SIT-00476;CLI-00390;Agence Nanterre;Agence;60 route de Bordeaux;92000;Nanterre;92050;Île-de-France;48.9275;2.1791;40;2020-12-27;;oui
SIT-00477;CLI-00390;Agence Nice;Agence;6 rue du Commerce;06000;Nice;06088;Provence-Alpes-Côte d’Azur;43.6879;7.2154;845;2026-01-20;;oui
SIT-00478;CLI-00391;Siège Colmar;Siège;22 avenue Jean Jaurès;68000;Colmar;68066;Grand Est;48.0446;7.3613;40;2021-11-23;;oui
SIT-00479;CLI-00392;Siège Nevers;Siège;56 rue de l’Industrie;58000;Nevers;58194;Bourgogne-Franche-Comté;47.0305;3.1817;1957;2018-07-01;;oui
SIT-00480;CLI-00396;Siège Saint-Étienne;Siège;46 route de Bordeaux;42000;Saint-Étienne;42218;Auvergne-Rhône-Alpes;45.4068;4.4292;1655;2019-09-08;;oui
SIT-00481;CLI-00397;Siège Aix-en-Provence;Siège;35 allée des Peupliers;13100;Aix-en-Provence;13001;Provence-Alpes-Côte d’Azur;43.485;5.4277;1830;2024-03-09;;oui
SIT-00482;CLI-00397;Usine Évry-Courcouronnes;Usine;40 boulevard Victor Hugo;91000;Évry-Courcouronnes;91228;Île-de-France;48.6611;2.4748;598;2022-12-07;;oui
SIT-00483;CLI-00397;Usine Lyon;Usine;169 place du Marché;69001;Lyon;69123;Auvergne-Rhône-Alpes;45.7334;4.8217;2164;2018-07-22;;oui
SIT-00484;CLI-00397;Point de vente Bordeaux;Point de vente;50 avenue de la Gare;33000;Bordeaux;33063;Nouvelle-Aquitaine;44.8587;-0.6096;1774;2019-04-30;;oui
SIT-00485;CLI-00398;Siège Évreux;Siège;139 quai des Docks;27000;Évreux;27229;Normandie;49.0632;1.1103;1100;2021-05-22;2025-05-15;non
SIT-00486;CLI-00400;Siège Le Mans;Siège;25 place du Marché;72000;Le Mans;72181;Pays de la Loire;48.0233;0.2323;1722;2020-08-06;;oui
SIT-00487;CLI-00401;Siège Angoulême;Siège;68 avenue du Général Leclerc;16000;Angoulême;16015;Nouvelle-Aquitaine;45.621;0.2002;2035;2025-02-11;;oui
SIT-00488;CLI-00401;Entrepôt Saint-Étienne;Entrepôt;21 rue Pasteur;42000;Saint-Étienne;42218;Auvergne-Rhône-Alpes;45.3966;4.396;142;2025-03-19;;oui
SIT-00489;CLI-00402;Siège Bayonne;Siège;4 boulevard Victor Hugo;64100;Bayonne;64102;Nouvelle-Aquitaine;43.5145;-1.4304;1425;2019-03-11;;oui
SIT-00490;CLI-00402;Point de vente Valence;Point de vente;51 allée des Peupliers;26000;Valence;26362;Auvergne-Rhône-Alpes;44.9414;4.8517;1442;2019-07-26;;oui
SIT-00491;CLI-00402;Entrepôt Saint-Brieuc;Entrepôt;119 place du Marché;22000;Saint-Brieuc;22278;Bretagne;48.5257;-2.7489;1365;2018-12-12;;oui
SIT-00492;CLI-00403;Siège Nancy;Siège;123 rue de l’Industrie;54000;Nancy;54395;Grand Est;48.7204;6.19;153;2024-07-04;;oui
SIT-00493;CLI-00407;Siège Bourg-en-Bresse;Siège;103 rue du Commerce;01000;Bourg-en-Bresse;01053;Auvergne-Rhône-Alpes;46.2413;5.1902;70;2020-07-03;;oui
SIT-00494;CLI-00407;Agence Angoulême;Agence;71 route de Bordeaux;16000;Angoulême;16015;Nouvelle-Aquitaine;45.6576;0.2037;488;2024-03-31;;oui
SIT-00495;CLI-00407;Point de vente Créteil;Point de vente;112 boulevard Victor Hugo;94000;Créteil;94028;Île-de-France;48.7414;2.4213;1017;2023-05-02;;oui
SIT-00496;CLI-00408;Siège Chartres;Siège;9 place du Marché;28000;Chartres;28085;Centre-Val de Loire;48.4472;1.4982;1142;2021-11-18;;oui
SIT-00497;CLI-00408;Usine Narbonne;Usine;8 route de Bordeaux;11100;Narbonne;11262;Occitanie;43.1588;3.0127;861;2021-06-24;;oui
SIT-00498;CLI-00409;Siège Bayonne;Siège;121 avenue du Général Leclerc;64100;Bayonne;64102;Nouvelle-Aquitaine;43.4446;-1.506;379;2025-03-21;;oui
SIT-00499;CLI-00410;Siège Bayonne;Siège;178 route de Bordeaux;64100;Bayonne;64102;Nouvelle-Aquitaine;43.4403;-1.5078;1767;2017-08-01;;oui
SIT-00500;CLI-00410;Agence Saint-Brieuc;Agence;42 rue des Acacias;22000;Saint-Brieuc;22278;Bretagne;48.5203;-2.7784;1559;2023-11-04;;oui
SIT-00501;CLI-00411;Siège Salon-de-Provence;Siège;139 rue de la République;13300;Salon-de-Provence;13103;Provence-Alpes-Côte d’Azur;43.654;5.097;1104;2022-05-13;;oui
SIT-00502;CLI-00413;Siège Le Mans;Siège;106 impasse des Lilas;72000;Le Mans;72181;Pays de la Loire;48.0324;0.2425;2252;2023-01-21;;oui
SIT-00503;CLI-00415;Siège Bourg-en-Bresse;Siège;126 rue de l’Industrie;01000;Bourg-en-Bresse;01053;Auvergne-Rhône-Alpes;46.2186;5.2544;541;2017-01-04;;oui
SIT-00504;CLI-00416;Siège Quimper;Siège;173 rue de l’Industrie;29000;Quimper;29232;Bretagne;48.0355;-4.1103;1951;2025-05-21;;oui
SIT-00505;CLI-00417;Siège Toulon;Siège;103 impasse des Lilas;83000;Toulon;83137;Provence-Alpes-Côte d’Azur;43.1083;5.9167;2031;2021-09-06;;oui
SIT-00506;CLI-00418;Siège Caen;Siège;173 chemin des Vignes;14000;Caen;14118;Normandie;49.2103;-0.4034;1431;2018-01-02;2017-10-28;non
SIT-00507;CLI-00419;Siège Metz;Siège;13 boulevard Victor Hugo;57000;Metz;57463;Grand Est;49.1229;6.1482;345;2024-08-16;;oui
SIT-00508;CLI-00419;Point de vente Saint-Étienne;Point de vente;57 rue du Commerce;42000;Saint-Étienne;42218;Auvergne-Rhône-Alpes;45.4283;4.3704;778;2018-07-16;;oui
SIT-00509;CLI-00420;Siège Rodez;Siège;157 rue du Commerce;12000;Rodez;12202;Occitanie;44.3745;2.5449;964;2023-03-25;;oui
SIT-00510;CLI-00420;Point de vente Rennes;Point de vente;162 rue des Acacias;35000;Rennes;35238;Bretagne;48.1565;-1.6631;40;2023-09-25;;oui
SIT-00511;CLI-00422;Siège Mérignac;Siège;133 rue du Commerce;33700;Mérignac;33281;Nouvelle-Aquitaine;44.8376;-0.642;557;2021-10-10;;oui
SIT-00512;CLI-00423;Siège Mérignac;Siège;159 rue Pasteur;33700;Mérignac;33281;Nouvelle-Aquitaine;44.8898;-0.695;1224;2020-08-15;;oui
SIT-00513;CLI-00424;Siège Valence;Siège;131 chemin des Vignes;26000;Valence;26362;Auvergne-Rhône-Alpes;44.8978;4.8852;1306;2017-10-12;2022-10-20;non
SIT-00514;CLI-00424;Entrepôt Beauvais;Entrepôt;178 avenue du Général Leclerc;60000;Beauvais;60057;Hauts-de-France;49.4665;2.0408;2007;2018-10-22;;oui
SIT-00515;CLI-00425;Siège Cholet;Siège;89 avenue Jean Jaurès;49300;Cholet;49099;Pays de la Loire;47.0245;-0.8447;609;2025-05-12;;oui
SIT-00516;CLI-00425;Entrepôt Dunkerque;Entrepôt;163 rue de la République;59140;Dunkerque;59183;Hauts-de-France;51.0197;2.3935;272;2026-04-01;;oui
SIT-00517;CLI-00427;Siège Montauban;Siège;87 place du Marché;82000;Montauban;82121;Occitanie;44.02;1.3735;755;2021-09-14;;oui
SIT-00518;CLI-00429;Siège Bastia;Siège;109 chemin des Vignes;28000;Bastia;2B033;Corse;42.7188;9.4432;40;2017-11-18;;oui
SIT-00519;CLI-00429;Entrepôt Nevers;Entrepôt;154 chemin des Vignes;58000;Nevers;58194;Bourgogne-Franche-Comté;46.9452;3.1812;315;2022-08-17;;oui
SIT-00520;CLI-00429;Entrepôt Avignon;Entrepôt;29 rue de l’Industrie;84000;Avignon;84007;Provence-Alpes-Côte d’Azur;43.9432;4.8321;1133;2019-05-03;;oui
SIT-00521;CLI-00433;Siège Bayonne;Siège;142 rue de la République;64100;Bayonne;64102;Nouvelle-Aquitaine;43.5054;-1.455;1402;2017-06-18;;oui
SIT-00522;CLI-00434;Siège Agen;Siège;8 chemin des Vignes;47000;Agen;47001;Nouvelle-Aquitaine;44.2149;0.5871;1028;2022-09-29;;oui
SIT-00523;CLI-00434;Point de vente Brest;Point de vente;179 rue des Acacias;29200;Brest;29019;Bretagne;48.3665;-4.5253;1843;2021-09-18;2020-11-22;non
SIT-00524;CLI-00434;Usine Fréjus;Usine;41 avenue de la Gare;83600;Fréjus;83061;Provence-Alpes-Côte d’Azur;43.4548;6.7018;1585;2020-04-08;;oui
SIT-00525;CLI-00434;Point de vente Dijon;Point de vente;25 chemin des Vignes;21000;Dijon;21231;Bourgogne-Franche-Comté;47.3569;5.0673;862;2025-09-10;2026-05-28;non
SIT-00526;CLI-00436;Siège Quimper;Siège;66 avenue Jean Jaurès;29000;Quimper;29232;Bretagne;47.9821;-4.1023;1942;2017-01-16;;oui
SIT-00527;CLI-00438;Siège Toulouse;Siège;4 boulevard Victor Hugo;31000;Toulouse;31555;Occitanie;43.5836;1.438;1941;2018-01-20;2022-06-13;non
SIT-00528;CLI-00439;Siège Toulouse;Siège;74 allée des Peupliers;31000;Toulouse;31555;Occitanie;43.573;1.4107;1329;2023-11-15;;oui
SIT-00529;CLI-00439;Entrepôt Besançon;Entrepôt;73 boulevard Victor Hugo;25000;Besançon;25056;Bourgogne-Franche-Comté;47.2497;6.0664;40;2020-06-19;;oui
SIT-00530;CLI-00443;Siège Rodez;Siège;117 rue du Commerce;12000;Rodez;12202;Occitanie;44.3003;2.5533;896;2022-01-01;;oui
SIT-00531;CLI-00443;Usine Nanterre;Usine;66 boulevard Victor Hugo;92000;Nanterre;92050;Île-de-France;48.8799;2.2084;40;2021-07-10;;oui
SIT-00532;CLI-00444;Siège Chambéry;Siège;180 impasse des Lilas;73000;Chambéry;73065;Auvergne-Rhône-Alpes;45.5185;5.9503;1484;2018-06-02;;oui
SIT-00533;CLI-00444;Agence Chambéry;Agence;62 rue de la République;73000;Chambéry;73065;Auvergne-Rhône-Alpes;45.5356;5.8778;624;2018-06-12;;oui
SIT-00534;CLI-00444;Agence Dijon;Agence;154 impasse des Lilas;21000;Dijon;21231;Bourgogne-Franche-Comté;47.3699;5.0019;747;2019-12-12;;oui
SIT-00535;CLI-00444;Agence Dunkerque;Agence;44 avenue du Général Leclerc;59140;Dunkerque;59183;Hauts-de-France;51.0421;2.3899;40;2025-04-26;2026-08-14;non
SIT-00536;CLI-00445;Siège BOURG-EN-BRESSE;Siège;122 avenue Jean Jaurès;01000;BOURG-EN-BRESSE;01053;Auvergne-Rhône-Alpes;46.1644;5.2508;526;2021-09-29;;oui
SIT-00537;CLI-00446;Siège Béziers;Siège;105 chemin des Vignes;34500;Béziers;34032;Occitanie;43.337;3.2;1300;2022-06-29;;oui
SIT-00538;CLI-00447;Siège Avignon;Siège;155 boulevard Victor Hugo;84000;Avignon;84007;Provence-Alpes-Côte d’Azur;43.905;4.7764;1253;2022-06-05;;oui
SIT-00539;CLI-00447;Entrepôt Poitiers;Entrepôt;72 route de Bordeaux;86000;Poitiers;86194;Nouvelle-Aquitaine;46.5905;0.3794;686;2024-06-08;;oui
SIT-00540;CLI-00447;Usine Périgueux;Usine;99 avenue du Général Leclerc;24000;Périgueux;24322;Nouvelle-Aquitaine;;;172;2020-11-29;;oui
SIT-00541;CLI-00447;Agence Arles;Agence;63 allée des Peupliers;13200;Arles;13004;Provence-Alpes-Côte d’Azur;43.7091;4.6761;1089;2019-08-06;;oui
SIT-00542;CLI-00448;Siège Calais;Siège;70 rue de l’Industrie;62100;Calais;62193;Hauts-de-France;50.9122;1.9046;1836;2016-07-31;;oui
SIT-00543;CLI-00449;Siège LE MANS;Siège;109 chemin des Vignes;72000;LE MANS;72181;Pays de la Loire;48.0026;0.1802;2527;2021-07-04;;oui
SIT-00544;CLI-00450;Siège Le Havre;Siège;129 avenue de la Gare;76600;Le Havre;76351;Normandie;49.5249;0.0616;427;2020-01-05;;oui
SIT-00545;CLI-00450;Usine Strasbourg;Usine;27 avenue du Général Leclerc;67000;Strasbourg;67482;Grand Est;48.5419;7.7246;1209;2017-10-15;;oui
SIT-00546;CLI-00451;Siège Tours;Siège;58 rue des Acacias;37000;Tours;37261;Centre-Val de Loire;47.3839;0.7056;736;2026-01-25;;oui
SIT-00547;CLI-00452;Siège Évreux;Siège;77 chemin des Vignes;27000;Évreux;27229;Normandie;49.0485;1.128;298;2024-05-28;;oui
SIT-00548;CLI-00452;Agence Mulhouse;Agence;63 quai des Docks;68100;Mulhouse;68224;Grand Est;47.789;7.295;1594;2025-11-28;;oui
SIT-00549;CLI-00453;Siège Sète;Siège;97 avenue Jean Jaurès;34200;Sète;34301;Occitanie;43.3695;3.7186;858;2026-02-08;;oui
SIT-00550;CLI-00454;Siège Limoges;Siège;166 boulevard Victor Hugo;87000;Limoges;87085;Nouvelle-Aquitaine;45.8554;1.2602;1295;2019-12-27;;oui
SIT-00551;CLI-00454;Point de vente Châteauroux;Point de vente;179 avenue de la Gare;36000;Châteauroux;36044;Centre-Val de Loire;46.7867;1.6701;1129;2022-10-06;;oui
SIT-00552;CLI-00454;Entrepôt Chalon-sur-Saône;Entrepôt;65 rue Pasteur;71100;Chalon-sur-Saône;71076;Bourgogne-Franche-Comté;46.7667;4.8431;1248;2017-11-19;;oui
SIT-00553;CLI-00456;Siège Carcassonne;Siège;78 rue de la République;11000;Carcassonne;11069;Occitanie;43.2259;2.3055;545;2021-06-20;;oui
SIT-00554;CLI-00456;Usine Boulogne-Billancourt;Usine;37 avenue Jean Jaurès;92100;Boulogne-Billancourt;92012;Île-de-France;48.8887;2.2369;709;2023-02-07;;oui
SIT-00555;CLI-00456;Point de vente Montreuil;Point de vente;89 rue de la République;93100;Montreuil;93048;Île-de-France;48.832;2.4048;1481;2024-02-04;;oui
SIT-00556;CLI-00457;Siège Marseille;Siège;141 route de Bordeaux;06400;Marseille;13055;Provence-Alpes-Côte d’Azur;43.2547;5.3925;292;2023-04-28;;oui
SIT-00557;CLI-00459;Siège Meaux;Siège;35 rue de la République;77100;Meaux;77284;Île-de-France;48.9416;2.862;972;2020-10-07;;oui
SIT-00558;CLI-00460;Siège Cholet;Siège;134 rue des Acacias;49300;Cholet;49099;Pays de la Loire;47.0729;-0.8965;891;2023-09-03;2028-12-31;non
SIT-00559;CLI-00460;Agence Argenteuil;Agence;33 rue du Commerce;95100;Argenteuil;95018;Île-de-France;48.9032;2.2964;1218;2020-01-09;2025-01-19;non
SIT-00560;CLI-00460;Point de vente Grenoble;Point de vente;18 boulevard Victor Hugo;38000;Grenoble;38185;Auvergne-Rhône-Alpes;45.1643;5.6796;2254;2018-03-07;;oui
SIT-00561;CLI-00460;Point de vente Bordeaux;Point de vente;7 route de Bordeaux;33000;Bordeaux;33063;Nouvelle-Aquitaine;44.8527;-0.6203;2231;2025-07-14;;oui
SIT-00562;CLI-00462;Siège Saint-Malo;Siège;107 rue des Acacias;35400;Saint-Malo;35288;Bretagne;48.6649;-1.9934;88;2018-02-16;;oui
SIT-00563;CLI-00465;Siège Auxerre;Siège;66 boulevard Victor Hugo;89000;Auxerre;89024;Bourgogne-Franche-Comté;47.7909;3.5483;40;2020-11-13;2020-06-08;non
SIT-00564;CLI-00466;Siège Meaux;Siège;151 allée des Peupliers;77100;Meaux;77284;Île-de-France;48.9686;2.8393;826;2020-11-27;;oui
SIT-00565;CLI-00467;Siège Béziers;Siège;48 avenue Jean Jaurès;34500;Béziers;34032;Occitanie;43.3712;3.1812;1969;2022-02-23;;oui
SIT-00566;CLI-00467;Point de vente Villeurbanne;Point de vente;14 rue de l’Industrie;69100;Villeurbanne;69266;Auvergne-Rhône-Alpes;45.7363;4.9238;621;2020-07-13;;oui
SIT-00567;CLI-00467;Agence Blois;Agence;88 quai des Docks;41000;Blois;41018;Centre-Val de Loire;47.5513;1.3479;76;2024-09-17;;oui
SIT-00568;CLI-00468;Siège Saint-Denis;Siège;28 place du Marché;93200;Saint-Denis;93066;Île-de-France;48.9144;2.3237;432;2026-04-29;;oui
SIT-00569;CLI-00470;Siège Saint-Malo;Siège;166 rue des Acacias;53000;Saint-Malo;35288;Bretagne;48.6945;-2.0422;40;2019-04-27;;oui
SIT-00570;CLI-00470;Point de vente Charleville-Mézières;Point de vente;59 rue de la République;08000;Charleville-Mézières;08105;Grand Est;49.7368;4.7417;1657;2024-12-16;;oui
SIT-00571;CLI-00471;Siège Tours;Siège;112 place du Marché;37000;Tours;37261;Centre-Val de Loire;47.4041;0.7241;1008;2019-10-24;;oui
SIT-00572;CLI-00471;Point de vente Versailles;Point de vente;149 allée des Peupliers;78000;Versailles;78646;Île-de-France;48.8057;2.1143;1768;2017-07-11;;oui
SIT-00573;CLI-00473;Siège Chartres;Siège;75 boulevard Victor Hugo;28000;Chartres;28085;Centre-Val de Loire;48.4781;1.4488;1410;2020-04-08;;oui
SIT-00574;CLI-00473;Agence Cannes;Agence;69 chemin des Vignes;06400;Cannes;06029;Provence-Alpes-Côte d’Azur;43.5265;7.0106;400;2025-01-09;;oui
SIT-00575;CLI-00474;Siège Caen;Siège;72 route de Bordeaux;14000;Caen;14118;Normandie;49.2099;-0.3884;714;2023-01-01;;oui
SIT-00576;CLI-00475;Siège Limoges;Siège;53 rue des Acacias;87000;Limoges;87085;Nouvelle-Aquitaine;45.7994;1.2331;1161;2020-01-18;;oui
SIT-00577;CLI-00476;Siège Versailles;Siège;18 place du Marché;78000;Versailles;78646;Île-de-France;48.7561;2.1473;796;2024-06-23;;oui
SIT-00578;CLI-00478;Siège Saint-Quentin;Siège;52 boulevard Victor Hugo;02100;Saint-Quentin;02691;Hauts-de-France;49.8644;3.3058;3047;2019-03-25;2023-12-24;non
SIT-00579;CLI-00479;Siège Dijon;Siège;53 avenue de la Gare;21000;Dijon;21231;Bourgogne-Franche-Comté;47.3313;5.0228;40;2019-07-24;2022-04-19;non
SIT-00580;CLI-00479;Point de vente Tours;Point de vente;175 boulevard Victor Hugo;37000;Tours;37261;Centre-Val de Loire;47.3809;0.7012;40;2025-01-25;2024-08-21;non
SIT-00581;CLI-00480;Siège Boulogne-Billancourt;Siège;81 rue Pasteur;92100;Boulogne-Billancourt;92012;Île-de-France;48.8536;2.2623;1019;2018-07-24;;oui
SIT-00582;CLI-00480;Usine Rodez;Usine;149 rue Pasteur;12000;Rodez;12202;Occitanie;44.3265;2.5318;2332;2018-07-04;;oui
SIT-00583;CLI-00481;Siège Nîmes;Siège;116 rue Pasteur;30000;Nîmes;30189;Occitanie;43.8175;4.334;1383;2022-11-28;2028-02-04;non
SIT-00584;CLI-00482;Siège Le Havre;Siège;70 place du Marché;76600;Le Havre;76351;Normandie;49.4636;0.1124;658;2021-08-27;;oui
SIT-00585;CLI-00482;Usine Bourg-en-Bresse;Usine;116 boulevard Victor Hugo;01000;Bourg-en-Bresse;01053;Auvergne-Rhône-Alpes;46.1671;5.2591;1531;2024-04-07;2028-01-06;non
SIT-00586;CLI-00482;Agence Saint-Nazaire;Agence;91 allée des Peupliers;44600;Saint-Nazaire;44184;Pays de la Loire;47.2431;-2.1834;628;2017-04-06;;oui
SIT-00587;CLI-00484;Siège Nevers;Siège;152 rue des Acacias;58000;Nevers;58194;Bourgogne-Franche-Comté;47.0305;3.1855;1011;2019-03-22;;oui
SIT-00588;CLI-00484;Usine Gap;Usine;128 allée des Peupliers;05000;Gap;05061;Provence-Alpes-Côte d’Azur;44.5961;6.1072;40;2016-05-04;;oui
SIT-00589;CLI-00484;Agence Cherbourg-en-Cotentin;Agence;41 rue de l’Industrie;50100;Cherbourg-en-Cotentin;50129;Normandie;49.6221;-1.631;518;2023-11-04;;oui
SIT-00590;CLI-00486;Siège Niort;Siège;19 rue Pasteur;79000;Niort;79191;Nouvelle-Aquitaine;46.2921;-0.4522;1650;2018-08-25;;oui
SIT-00591;CLI-00487;Siège Nantes;Siège;162 place du Marché;44000;Nantes;44109;Pays de la Loire;47.2004;-1.5126;1261;2017-12-24;;oui
SIT-00592;CLI-00487;Usine Poitiers;Usine;158 avenue du Général Leclerc;86000;Poitiers;86194;Nouvelle-Aquitaine;46.6157;0.3632;146;2017-05-01;;oui
SIT-00593;CLI-00487;Agence Bourg-en-Bresse;Agence;75 avenue du Général Leclerc;01000;Bourg-en-Bresse;01053;Auvergne-Rhône-Alpes;46.1904;5.1941;442;2020-08-20;;oui
SIT-00594;CLI-00489;Siège Arles;Siège;98 rue de l’Industrie;13200;Arles;13004;Provence-Alpes-Côte d’Azur;43.636;4.5891;40;2017-10-26;;oui
SIT-00595;CLI-00489;Usine Vannes;Usine;89 route de Bordeaux;56000;Vannes;56260;Bretagne;47.6323;-2.7818;2398;2017-07-15;;oui
SIT-00596;CLI-00490;Siège Créteil;Siège;44 rue Pasteur;94000;Créteil;94028;Île-de-France;48.7427;2.4725;40;2025-08-13;2027-04-07;non
SIT-00597;CLI-00491;Siège Blois;Siège;121 rue du Commerce;41000;Blois;41018;Centre-Val de Loire;47.6345;1.2831;532;2016-08-03;;oui
SIT-00598;CLI-00492;Siège Bayonne;Siège;110 avenue de la Gare;64100;Bayonne;64102;Nouvelle-Aquitaine;43.5358;-1.4427;675;2018-03-08;;oui
SIT-00599;CLI-00493;Siège Limoges;Siège;134 avenue Jean Jaurès;87000;Limoges;87085;Nouvelle-Aquitaine;45.797;1.2295;527;2023-02-08;;oui
SIT-00600;CLI-00493;Entrepôt Le Mans;Entrepôt;89 rue Pasteur;72000;Le Mans;72181;Pays de la Loire;48.0564;0.1828;124;2019-03-19;;oui
SIT-00601;CLI-00493;Agence Lille;Agence;10 avenue du Général Leclerc;59000;Lille;59350;Hauts-de-France;50.6033;3.0612;834;2023-12-01;;oui
SIT-00602;CLI-00493;Entrepôt Cannes;Entrepôt;123 rue de la République;06400;Cannes;06029;Provence-Alpes-Côte d’Azur;43.5032;7.0615;40;2016-08-05;;oui
SIT-00603;CLI-00494;Siège mérignac;Siège;57 avenue de la Gare;33700;mérignac;33281;Nouvelle-Aquitaine;44.8118;-0.6377;40;2018-09-15;;oui
SIT-00604;CLI-00494;Point de vente Bourges;Point de vente;53 quai des Docks;18000;Bourges;18033;Centre-Val de Loire;47.0828;2.3533;165;2019-06-24;;oui
SIT-00605;CLI-00494;Agence Laval;Agence;132 rue de l’Industrie;53000;Laval;53130;Pays de la Loire;48.0225;-0.7743;1549;2017-06-21;;oui
SIT-00606;CLI-00494;Agence Besançon;Agence;121 avenue Jean Jaurès;25000;Besançon;25056;Bourgogne-Franche-Comté;47.2407;6.0179;1906;2018-11-29;;oui
SIT-00607;CLI-00496;Siège Saint-Nazaire;Siège;176 rue de l’Industrie;44600;Saint-Nazaire;44184;Pays de la Loire;47.3162;-2.2092;1892;2017-02-12;;oui
SIT-00608;CLI-00496;Entrepôt Avignon;Entrepôt;134 boulevard Victor Hugo;84000;Avignon;84007;Provence-Alpes-Côte d’Azur;43.9743;4.8202;1439;2020-03-09;;oui
SIT-00609;CLI-00497;Siège Boulogne-Billancourt;Siège;18 rue du Commerce;92100;Boulogne-Billancourt;92012;Île-de-France;48.8584;2.2165;906;2019-10-21;;oui
SIT-00610;CLI-00500;Siège Montreuil;Siège;18 avenue Jean Jaurès;93100;Montreuil;93048;Île-de-France;48.8197;2.4104;635;2024-08-29;2028-05-24;non
SIT-00611;CLI-00500;Agence Sète;Agence;50 quai des Docks;34200;Sète;34301;Occitanie;43.4451;3.7291;2241;2016-09-10;;oui
SIT-00612;CLI-00500;Usine Orléans;Usine;175 allée des Peupliers;45000;Orléans;45234;Centre-Val de Loire;47.9198;1.9497;1269;2017-01-30;;oui
SIT-00613;CLI-00500;Agence Cholet;Agence;177 impasse des Lilas;49300;Cholet;49099;Pays de la Loire;47.0747;-0.8648;821;2022-08-14;2023-10-14;non
SIT-00614;CLI-00502;Siège Angers;Siège;18 chemin des Vignes;49000;Angers;49007;Pays de la Loire;47.449;-0.5376;978;2016-10-07;;oui
SIT-00615;CLI-00503;Siège Tarbes;Siège;125 quai des Docks;65000;Tarbes;65440;Occitanie;43.2082;0.1031;1627;2018-01-22;;oui
SIT-00616;CLI-00504;Siège Aix-en-Provence;Siège;119 rue de la République;13100;Aix-en-Provence;13001;Provence-Alpes-Côte d’Azur;43.5236;5.4967;1792;2023-10-24;;oui
SIT-00617;CLI-00504;Entrepôt Bourg-en-Bresse;Entrepôt;59 chemin des Vignes;01000;Bourg-en-Bresse;01053;Auvergne-Rhône-Alpes;46.2017;5.2409;494;2022-02-13;;oui
SIT-00618;CLI-00505;Siège tours;Siège;153 place du Marché;37000;tours;37261;Centre-Val de Loire;47.3867;0.6818;858;2025-09-23;;oui
SIT-00619;CLI-00505;Entrepôt Argenteuil;Entrepôt;111 route de Bordeaux;95100;Argenteuil;95018;Île-de-France;48.9008;2.2426;1255;2019-07-07;;oui
SIT-00620;CLI-00506;Siège Dijon;Siège;44 impasse des Lilas;21000;Dijon;21231;Bourgogne-Franche-Comté;47.3188;5.0455;1522;2024-09-14;;oui
SIT-00621;CLI-00506;Point de vente Nanterre;Point de vente;87 rue Pasteur;92000;Nanterre;92050;Île-de-France;48.8519;2.1614;938;2026-02-22;;oui
SIT-00622;CLI-00506;Point de vente Cergy;Point de vente;90 allée des Peupliers;95000;Cergy;95127;Île-de-France;49.0585;2.095;330;2017-04-20;2019-10-23;non
SIT-00623;CLI-00507;Siège Saint-Denis;Siège;143 avenue du Général Leclerc;93200;Saint-Denis;93066;Île-de-France;48.9797;2.3913;1795;2020-10-31;;oui
SIT-00624;CLI-00508;Siège Troyes;Siège;34 rue Pasteur;18000;Troyes;10387;Grand Est;48.2943;4.1215;641;2017-12-21;;oui
SIT-00625;CLI-00508;Usine Rennes;Usine;86 avenue Jean Jaurès;35000;Rennes;35238;Bretagne;48.1286;-1.6327;40;2017-12-26;;oui
SIT-00626;CLI-00509;Siège Chambéry;Siège;13 allée des Peupliers;73000;Chambéry;73065;Auvergne-Rhône-Alpes;45.5658;5.9132;971;2018-07-21;;oui
SIT-00627;CLI-00511;Siège Reims;Siège;160 rue de la République;51100;Reims;51454;Grand Est;49.2308;4.0359;2650;2022-07-06;;oui
SIT-00628;CLI-00512;Siège Perpignan;Siège;180 allée des Peupliers;66000;Perpignan;66136;Occitanie;42.7198;2.855;40;2024-01-08;2028-05-08;non
SIT-00629;CLI-00513;Siège Chambéry;Siège;118 rue des Acacias;73000;Chambéry;73065;Auvergne-Rhône-Alpes;45.5617;5.9181;1846;2024-12-19;;oui
SIT-00630;CLI-00514;Siège Le Havre;Siège;33 rue de la République;76600;Le Havre;76351;Normandie;49.5134;0.117;40;2025-09-08;;oui
SIT-00631;CLI-00514;Entrepôt Tours;Entrepôt;100 rue du Commerce;37000;Tours;37261;Centre-Val de Loire;47.3912;0.6992;40;2021-10-02;;oui
SIT-00632;CLI-00515;Siège Salon-de-Provence;Siège;122 rue Pasteur;13300;Salon-de-Provence;13103;Provence-Alpes-Côte d’Azur;43.6572;5.1244;1518;2017-04-04;;oui
SIT-00633;CLI-00515;Usine La Roche-sur-Yon;Usine;21 rue de l’Industrie;85000;La Roche-sur-Yon;85191;Pays de la Loire;46.6742;-1.3914;892;2022-05-05;;oui
SIT-00634;CLI-00516;Siège Saint-Nazaire;Siège;114 avenue de la Gare;44600;Saint-Nazaire;44184;Pays de la Loire;47.27;-2.2043;40;2025-08-30;;oui
SIT-00635;CLI-00517;Siège Vannes;Siège;64 rue des Acacias;56000;Vannes;56260;Bretagne;47.7032;-2.7624;40;2025-09-12;;oui
SIT-00636;CLI-00517;Point de vente Gap;Point de vente;42 rue de l’Industrie;05000;Gap;05061;Provence-Alpes-Côte d’Azur;44.6066;6.0636;232;2026-03-22;;oui
SIT-00637;CLI-00518;Siège Perpignan;Siège;130 place du Marché;66000;Perpignan;66136;Occitanie;42.6678;2.8715;1769;2017-06-01;;oui
SIT-00638;CLI-00519;Siège Bourges;Siège;49 place du Marché;18000;Bourges;18033;Centre-Val de Loire;47.127;2.3524;40;2018-08-07;;oui
SIT-00639;CLI-00521;Siège Montpellier;Siège;130 impasse des Lilas;34000;Montpellier;34172;Occitanie;43.6096;3.8444;438;2026-03-06;;oui
SIT-00640;CLI-00526;Siège Caen;Siège;154 chemin des Vignes;14000;Caen;14118;Normandie;49.1807;-0.393;40;2023-09-02;;oui
SIT-00641;CLI-00527;Siège Montreuil;Siège;136 avenue de la Gare;93100;Montreuil;93048;Île-de-France;48.8578;2.4191;1084;2018-06-15;;oui
SIT-00642;CLI-00528;Siège Angoulême;Siège;143 boulevard Victor Hugo;16000;Angoulême;16015;Nouvelle-Aquitaine;45.6272;0.1352;374;2021-03-17;;oui
SIT-00643;CLI-00528;Agence Chalon-sur-Saône;Agence;18 avenue du Général Leclerc;71100;Chalon-sur-Saône;71076;Bourgogne-Franche-Comté;46.7847;4.8729;1128;2022-01-30;;oui
SIT-00644;CLI-00529;Siège Reims;Siège;115 rue de l’Industrie;51100;Reims;51454;Grand Est;49.2151;4.0028;1642;2025-08-29;;oui
SIT-00645;CLI-00529;Point de vente Pau;Point de vente;102 rue du Commerce;64000;Pau;64445;Nouvelle-Aquitaine;43.2795;-0.3655;2782;2022-09-13;;oui
SIT-00646;CLI-00529;Usine Rennes;Usine;7 boulevard Victor Hugo;35000;Rennes;35238;Bretagne;48.1292;-1.7062;2033;2023-12-25;;oui
SIT-00647;CLI-00530;Siège Ajaccio;Siège;11 route de Bordeaux;20000;Ajaccio;2A004;Corse;41.9527;8.7469;690;2020-06-10;;oui
SIT-00648;CLI-00531;Siège Villeurbanne;Siège;15 rue des Acacias;69100;Villeurbanne;69266;Auvergne-Rhône-Alpes;45.726;4.8962;951;2020-02-29;;oui
SIT-00649;CLI-00531;Entrepôt Dunkerque;Entrepôt;76 chemin des Vignes;59140;Dunkerque;59183;Hauts-de-France;50.985;2.419;76;2022-11-02;;oui
SIT-00650;CLI-00533;Siège Nîmes;Siège;108 route de Bordeaux;30000;Nîmes;30189;Occitanie;43.8141;4.3423;1144;2020-08-26;;oui
SIT-00651;CLI-00534;Siège Bordeaux;Siège;51 impasse des Lilas;33000;Bordeaux;33063;Nouvelle-Aquitaine;44.8075;-0.5493;192;2022-11-27;;oui
SIT-00652;CLI-00534;Entrepôt Marseille;Entrepôt;37 rue Pasteur;13001;Marseille;13055;Provence-Alpes-Côte d’Azur;43.2725;5.3597;40;2018-02-17;;oui
SIT-00653;CLI-00536;Siège Angoulême;Siège;95 rue de la République;16000;Angoulême;16015;Nouvelle-Aquitaine;45.6118;0.1316;2826;2023-03-17;;oui
SIT-00654;CLI-00536;Usine Troyes;Usine;116 boulevard Victor Hugo;10000;Troyes;10387;Grand Est;48.3045;4.0647;1846;2019-05-19;2020-01-18;non
SIT-00655;CLI-00536;Agence Reims;Agence;69 rue de la République;51100;Reims;51454;Grand Est;49.2352;4.0665;40;2025-04-07;2028-04-26;non
SIT-00656;CLI-00537;Siège Amiens;Siège;108 rue des Acacias;80000;Amiens;80021;Hauts-de-France;49.8752;2.319;1467;2024-02-23;2028-08-27;non
SIT-00657;CLI-00539;Siège Troyes;Siège;76 quai des Docks;10000;Troyes;10387;Grand Est;48.2686;4.0432;868;2021-08-31;;oui
SIT-00658;CLI-00539;Entrepôt Amiens;Entrepôt;166 place du Marché;80000;Amiens;80021;Hauts-de-France;49.8496;2.3408;90;2019-06-23;2023-07-30;non
SIT-00659;CLI-00541;Siège Salon-de-Provence;Siège;97 avenue de la Gare;13300;Salon-de-Provence;13103;Provence-Alpes-Côte d’Azur;43.6517;5.0685;267;2016-05-28;;oui
SIT-00660;CLI-00542;Siège Chalon-sur-Saône;Siège;105 quai des Docks;71100;Chalon-sur-Saône;71076;Bourgogne-Franche-Comté;46.7599;4.8727;796;2017-12-02;;oui
SIT-00661;CLI-00543;Siège Montauban;Siège;47 avenue Jean Jaurès;82000;Montauban;82121;Occitanie;44.0544;1.3139;40;2019-05-09;;oui
SIT-00662;CLI-00544;Siège Besançon;Siège;159 rue de la République;25000;Besançon;25056;Bourgogne-Franche-Comté;47.2167;6.0233;1560;2021-01-12;;oui
SIT-00663;CLI-00544;Agence Gap;Agence;33 rue du Commerce;05000;Gap;05061;Provence-Alpes-Côte d’Azur;44.5882;6.0647;1156;2021-07-29;;oui
SIT-00664;CLI-00546;Siège Gap;Siège;55 allée des Peupliers;05000;Gap;05061;Provence-Alpes-Côte d’Azur;44.6052;6.0934;1361;2022-09-30;;oui
SIT-00665;CLI-00546;Entrepôt Angers;Entrepôt;79 avenue de la Gare;49000;Angers;49007;Pays de la Loire;47.5109;-0.5752;884;2024-10-29;;oui
SIT-00666;CLI-00547;Siège Angoulême;Siège;18 avenue Jean Jaurès;16000;Angoulême;16015;Nouvelle-Aquitaine;45.6975;0.1636;635;2018-07-27;;oui
SIT-00667;CLI-00548;Siège Chalon-sur-Saône;Siège;175 boulevard Victor Hugo;71100;Chalon-sur-Saône;71076;Bourgogne-Franche-Comté;46.7489;4.8877;912;2018-06-21;;oui
SIT-00668;CLI-00550;Siège Orléans;Siège;27 rue du Commerce;45000;Orléans;45234;Centre-Val de Loire;47.9114;1.8696;40;2022-12-31;;oui
SIT-00669;CLI-00551;Siège Saint-Malo;Siège;24 rue des Acacias;35400;Saint-Malo;35288;Bretagne;48.667;-2.0294;112;2016-12-28;;oui
SIT-00670;CLI-00551;Entrepôt Cergy;Entrepôt;10 place du Marché;95000;Cergy;95127;Île-de-France;49.0335;2.0981;2549;2023-03-05;;oui
SIT-00671;CLI-00551;Entrepôt Mérignac;Entrepôt;17 avenue Jean Jaurès;33700;Mérignac;33281;Nouvelle-Aquitaine;44.8527;-0.6664;3184;2026-04-23;;oui
SIT-00672;CLI-00552;Siège Dijon;Siège;121 impasse des Lilas;21000;Dijon;21231;Bourgogne-Franche-Comté;47.2777;5.0463;1247;2019-12-20;;oui
SIT-00673;CLI-00553;Siège Lyon;Siège;21 rue Pasteur;69001;Lyon;69123;Auvergne-Rhône-Alpes;45.7771;4.8112;665;2018-06-18;;oui
SIT-00674;CLI-00553;Entrepôt Blois;Entrepôt;139 boulevard Victor Hugo;41000;Blois;41018;Centre-Val de Loire;47.5955;1.3581;1125;2019-01-04;;oui
SIT-00675;CLI-00553;Point de vente Albi;Point de vente;168 quai des Docks;81000;Albi;81004;Occitanie;43.9759;2.102;1974;2018-03-15;;oui
SIT-00676;CLI-00553;Entrepôt Annecy;Entrepôt;3 rue Pasteur;74000;Annecy;74010;Auvergne-Rhône-Alpes;45.9124;6.1724;2293;2021-04-24;;oui
SIT-00677;CLI-00554;Siège Montauban;Siège;99 place du Marché;82000;Montauban;82121;Occitanie;44.0581;1.3451;40;2021-01-31;;oui
SIT-00678;CLI-00555;Siège Albi;Siège;36 place du Marché;81000;Albi;81004;Occitanie;43.961;2.1841;2315;2019-05-31;;oui
SIT-00679;CLI-00555;Entrepôt Metz;Entrepôt;137 rue Pasteur;57000;Metz;57463;Grand Est;49.1307;6.1723;383;2026-04-22;;oui
SIT-00680;CLI-00555;Usine Avignon;Usine;93 avenue de la Gare;84000;Avignon;84007;Provence-Alpes-Côte d’Azur;43.9296;4.8243;631;2020-03-21;;oui
SIT-00681;CLI-00556;Siège Narbonne;Siège;42 route de Bordeaux;11100;Narbonne;11262;Occitanie;43.144;3.0479;2341;2020-03-17;;oui
SIT-00682;CLI-00557;Siège Brest;Siège;177 route de Bordeaux;29200;Brest;29019;Bretagne;48.3964;-4.4934;610;2018-03-15;;oui
SIT-00683;CLI-00558;Siège versailles;Siège;46 avenue du Général Leclerc;78000;versailles;78646;Île-de-France;48.8207;2.1122;2265;2017-10-12;2021-08-12;non
SIT-00684;CLI-00558;Usine Sète;Usine;161 avenue Jean Jaurès;34200;Sète;34301;Occitanie;43.3765;3.7245;883;2020-11-12;;oui
SIT-00685;CLI-00559;Siège Clermont-Ferrand;Siège;46 chemin des Vignes;63000;Clermont-Ferrand;63113;Auvergne-Rhône-Alpes;45.7615;3.0751;824;2018-03-24;2019-08-17;non
SIT-00686;CLI-00559;Entrepôt Boulogne-Billancourt;Entrepôt;144 route de Bordeaux;92100;Boulogne-Billancourt;92012;Île-de-France;48.7975;2.2312;642;2017-05-22;;oui
SIT-00687;CLI-00560;Siège Pau;Siège;142 rue Pasteur;64000;Pau;64445;Nouvelle-Aquitaine;43.3386;-0.408;2063;2018-08-26;;oui
SIT-00688;CLI-00561;Siège Orléans;Siège;167 allée des Peupliers;45000;Orléans;45234;Centre-Val de Loire;47.8586;1.9081;2210;2016-12-16;;oui
SIT-00689;CLI-00561;Entrepôt Montauban;Entrepôt;158 place du Marché;82000;Montauban;82121;Occitanie;44.0182;1.3609;1864;2020-01-29;2022-03-10;non
SIT-00690;CLI-00562;Siège Mérignac;Siège;34 rue de l’Industrie;33700;Mérignac;33281;Nouvelle-Aquitaine;44.831;-0.6077;607;2017-02-17;;oui
SIT-00691;CLI-00563;Siège Angoulême;Siège;130 boulevard Victor Hugo;16000;Angoulême;16015;Nouvelle-Aquitaine;45.6334;0.1251;40;2023-02-07;;oui
SIT-00692;CLI-00564;Siège Tarbes;Siège;109 rue Pasteur;65000;Tarbes;65440;Occitanie;43.1873;0.0563;692;2023-12-30;;oui
SIT-00693;CLI-00564;Entrepôt Argenteuil;Entrepôt;89 rue du Commerce;95100;Argenteuil;95018;Île-de-France;48.9462;2.289;1299;2026-03-15;;oui
SIT-00694;CLI-00566;Siège Blois;Siège;44 rue de l’Industrie;41000;Blois;41018;Centre-Val de Loire;47.552;1.285;1040;2023-11-22;;oui
SIT-00695;CLI-00566;Entrepôt Laval;Entrepôt;56 chemin des Vignes;53000;Laval;53130;Pays de la Loire;48.12;-0.8045;832;2016-08-31;;oui
SIT-00696;CLI-00566;Point de vente Nîmes;Point de vente;50 place du Marché;30000;Nîmes;30189;Occitanie;43.8859;4.3438;1066;2016-07-02;;oui
SIT-00697;CLI-00566;Agence Versailles;Agence;1 chemin des Vignes;78000;Versailles;78646;Île-de-France;48.8107;2.1228;1454;2021-01-15;;oui
SIT-00698;CLI-00567;Siège Villeurbanne;Siège;151 rue de l’Industrie;69100;Villeurbanne;69266;Auvergne-Rhône-Alpes;45.8026;4.9227;2068;2022-04-28;2027-07-05;non
SIT-00699;CLI-00567;Agence Grenoble;Agence;168 rue de la République;38000;Grenoble;38185;Auvergne-Rhône-Alpes;45.2195;5.7161;40;2018-11-01;;oui
SIT-00700;CLI-00567;Usine Albi;Usine;130 chemin des Vignes;81000;Albi;81004;Occitanie;43.9578;2.1173;1932;2017-09-19;2020-05-10;non
SIT-00701;CLI-00567;Point de vente Dijon;Point de vente;100 impasse des Lilas;21000;Dijon;21231;Bourgogne-Franche-Comté;47.3038;5.0683;1096;2021-01-31;;oui
SIT-00702;CLI-00568;Siège Agen;Siège;73 avenue du Général Leclerc;47000;Agen;47001;Nouvelle-Aquitaine;44.185;0.5923;1438;2024-04-02;;oui
SIT-00703;CLI-00570;Siège Tarbes;Siège;144 rue de la République;65000;Tarbes;65440;Occitanie;43.1923;0.0533;812;2020-11-19;;oui
SIT-00704;CLI-00570;Usine Saint-Malo;Usine;122 rue des Acacias;35400;Saint-Malo;35288;Bretagne;48.6602;-2.0494;40;2025-06-25;;oui
SIT-00705;CLI-00571;Siège Quimper;Siège;159 place du Marché;29000;Quimper;29232;Bretagne;48.0342;-4.1096;1181;2026-02-27;;oui
SIT-00706;CLI-00571;Usine La Rochelle;Usine;69 avenue Jean Jaurès;17000;La Rochelle;17300;Nouvelle-Aquitaine;46.1728;-1.1779;1218;2022-03-20;;oui
SIT-00707;CLI-00571;Usine Nice;Usine;17 impasse des Lilas;06000;Nice;06088;Provence-Alpes-Côte d’Azur;43.6849;7.2196;892;2016-12-26;;oui
SIT-00708;CLI-00572;Siège évreux;Siège;6 rue de l’Industrie;27000;évreux;27229;Normandie;49.0535;1.1533;631;2017-08-03;;oui
SIT-00709;CLI-00575;Siège Ajaccio;Siège;109 avenue du Général Leclerc;20000;Ajaccio;2A004;Corse;41.922;8.7246;1621;2020-09-07;;oui
SIT-00710;CLI-00576;Siège Narbonne;Siège;117 avenue de la Gare;11100;Narbonne;11262;Occitanie;43.1346;2.9595;218;2018-10-31;;oui
SIT-00711;CLI-00578;Siège Bastia;Siège;146 rue de l’Industrie;20200;Bastia;2B033;Corse;42.662;9.4773;1344;2025-02-18;;oui
SIT-00712;CLI-00578;Usine Agen;Usine;128 allée des Peupliers;47000;Agen;47001;Nouvelle-Aquitaine;44.2109;0.5752;540;2018-11-30;2020-12-08;non
SIT-00713;CLI-00579;Siège Calais;Siège;15 quai des Docks;62100;Calais;62193;Hauts-de-France;50.9687;1.8545;889;2021-08-29;;oui
SIT-00714;CLI-00581;Siège Avignon;Siège;148 avenue de la Gare;84000;Avignon;84007;Provence-Alpes-Côte d’Azur;43.9524;4.8172;40;2019-09-18;;oui
SIT-00715;CLI-00582;Siège Montpellier;Siège;133 avenue de la Gare;34000;Montpellier;34172;Occitanie;43.5702;3.8756;766;2025-10-17;;oui
SIT-00716;CLI-00583;Siège PERPIGNAN;Siège;98 avenue Jean Jaurès;66000;PERPIGNAN;66136;Occitanie;42.6904;2.8957;1457;2020-01-10;;oui
SIT-00717;CLI-00584;Siège Cannes;Siège;131 boulevard Victor Hugo;06400;Cannes;06029;Provence-Alpes-Côte d’Azur;43.533;6.994;485;2016-04-25;;oui
SIT-00718;CLI-00586;Siège Évreux;Siège;93 rue Pasteur;27000;Évreux;27229;Normandie;49.0316;1.1254;225;2019-01-15;;oui
SIT-00719;CLI-00589;Siège Angers;Siège;131 rue de l’Industrie;49000;Angers;49007;Pays de la Loire;47.4746;-0.5746;243;2016-08-08;;oui
SIT-00720;CLI-00589;Entrepôt Angers;Entrepôt;87 rue des Acacias;49000;Angers;49007;Pays de la Loire;47.4805;-0.5764;1937;2023-12-05;;oui
SIT-00721;CLI-00590;Siège Lorient;Siège;27 rue de l’Industrie;56100;Lorient;56121;Bretagne;47.7531;-3.3831;1011;2025-01-27;;oui
SIT-00722;CLI-00591;Siège Le Mans;Siège;99 chemin des Vignes;72000;Le Mans;72181;Pays de la Loire;47.9964;0.2137;40;2024-08-01;;oui
SIT-00723;CLI-00591;Agence Lorient;Agence;137 route de Bordeaux;56100;Lorient;56121;Bretagne;47.745;-3.3606;1018;2023-07-22;;oui
SIT-00724;CLI-00592;Siège Perpignan;Siège;174 rue Pasteur;66000;Perpignan;66136;Occitanie;42.7251;2.8638;605;2016-11-25;;oui
SIT-00725;CLI-00592;Entrepôt Nantes;Entrepôt;180 allée des Peupliers;44000;Nantes;44109;Pays de la Loire;47.2016;-1.5975;1994;2020-10-22;;oui
SIT-00726;CLI-00593;Siège Périgueux;Siège;170 rue des Acacias;24000;Périgueux;24322;Nouvelle-Aquitaine;45.2165;0.7052;1609;2016-06-18;;oui
SIT-00727;CLI-00593;Point de vente Mulhouse;Point de vente;20 rue de la République;68100;Mulhouse;68224;Grand Est;47.7795;7.3001;40;2018-05-23;;oui
SIT-00728;CLI-00594;Siège Grasse;Siège;167 boulevard Victor Hugo;06130;Grasse;06069;Provence-Alpes-Côte d’Azur;43.6738;6.9573;78;2023-10-21;;oui
SIT-00729;CLI-00595;Siège Cannes;Siège;147 route de Bordeaux;06400;Cannes;06029;Provence-Alpes-Côte d’Azur;43.5931;6.9924;750;2024-12-11;;oui
SIT-00730;CLI-00595;Agence Bordeaux;Agence;135 rue des Acacias;33000;Bordeaux;33063;Nouvelle-Aquitaine;44.81;-0.5611;437;2025-07-27;;oui
SIT-00731;CLI-00596;Siège Roanne;Siège;114 avenue de la Gare;42300;Roanne;42187;Auvergne-Rhône-Alpes;46.0022;4.0743;882;2020-12-25;2024-05-17;non
SIT-00732;CLI-00600;Siège Annecy;Siège;177 rue des Acacias;74000;Annecy;74010;Auvergne-Rhône-Alpes;45.8631;6.1778;1352;2019-07-15;;oui
SIT-00733;CLI-00600;Entrepôt La Roche-sur-Yon;Entrepôt;73 place du Marché;85000;La Roche-sur-Yon;85191;Pays de la Loire;46.6213;-1.4055;680;2023-03-23;;oui
SIT-00734;CLI-00600;Usine Saint-Brieuc;Usine;76 boulevard Victor Hugo;22000;Saint-Brieuc;22278;Bretagne;48.5017;-2.7256;1230;2024-03-22;;oui
SIT-00735;CLI-00601;Siège Cherbourg-en-Cotentin;Siège;147 avenue Jean Jaurès;50100;Cherbourg-en-Cotentin;50129;Normandie;49.5914;-1.6015;1736;2025-11-26;;oui
SIT-00736;CLI-00602;Siège Pau;Siège;96 place du Marché;64000;Pau;64445;Nouvelle-Aquitaine;43.257;-0.3266;40;2022-08-13;;oui
SIT-00737;CLI-00604;Siège Nancy;Siège;42 avenue de la Gare;54000;Nancy;54395;Grand Est;48.6691;6.1862;1109;2016-09-27;;oui
SIT-00738;CLI-00605;Siège Chambéry;Siège;69 boulevard Victor Hugo;73000;Chambéry;73065;Auvergne-Rhône-Alpes;45.5929;5.9214;1749;2018-11-26;;oui
SIT-00739;CLI-00605;Point de vente Roanne;Point de vente;16 chemin des Vignes;42300;Roanne;42187;Auvergne-Rhône-Alpes;46.0237;4.068;1037;2016-07-30;;oui
SIT-00740;CLI-00606;Siège Tours;Siège;5 avenue du Général Leclerc;37000;Tours;37261;Centre-Val de Loire;47.3652;0.7129;545;2025-05-13;;oui
SIT-00741;CLI-00607;Siège Quimper;Siège;160 route de Bordeaux;29000;Quimper;29232;Bretagne;47.9966;-4.0671;1149;2018-03-01;;oui
SIT-00742;CLI-00611;Siège Gap;Siège;158 rue Pasteur;05000;Gap;05061;Provence-Alpes-Côte d’Azur;44.5576;6.0735;820;2023-10-20;;oui
SIT-00743;CLI-00611;Entrepôt Toulouse;Entrepôt;129 place du Marché;31000;Toulouse;31555;Occitanie;43.6462;1.406;1339;2016-09-30;;oui
SIT-00744;CLI-00613;Siège Aix-en-Provence;Siège;40 rue de la République;13100;Aix-en-Provence;13001;Provence-Alpes-Côte d’Azur;43.5127;5.4775;1478;2022-10-07;;oui
SIT-00745;CLI-00614;Siège Bastia;Siège;73 boulevard Victor Hugo;20200;Bastia;2B033;Corse;42.7346;9.4166;1070;2018-10-08;;oui
SIT-00746;CLI-00615;Siège Arles;Siège;15 avenue du Général Leclerc;13200;Arles;13004;Provence-Alpes-Côte d’Azur;43.7219;4.6767;405;2017-07-25;;oui
SIT-00747;CLI-00616;Siège Bayonne;Siège;82 rue Pasteur;64100;Bayonne;64102;Nouvelle-Aquitaine;43.51;-1.4532;1118;2018-11-14;;oui
SIT-00748;CLI-00616;Agence Saint-Malo;Agence;93 rue du Commerce;35400;Saint-Malo;35288;Bretagne;48.61;-2.0357;40;2024-05-07;;oui
SIT-00749;CLI-00617;Siège Ajaccio;Siège;169 chemin des Vignes;20000;Ajaccio;2A004;Corse;41.9335;8.7633;1042;2016-12-12;;oui
SIT-00750;CLI-00618;Siège Cherbourg-en-Cotentin;Siège;116 rue de la République;50100;Cherbourg-en-Cotentin;50129;Normandie;49.6888;-1.6694;1834;2024-11-16;;oui
SIT-00751;CLI-00618;Point de vente Niort;Point de vente;3 allée des Peupliers;79000;Niort;79191;Nouvelle-Aquitaine;46.3643;-0.4444;40;2023-04-26;;oui
SIT-00752;CLI-00619;Siège La Rochelle;Siège;139 rue de l’Industrie;17000;La Rochelle;17300;Nouvelle-Aquitaine;46.2015;-1.1132;891;2021-12-26;;oui
SIT-00753;CLI-00619;Entrepôt Dijon;Entrepôt;153 impasse des Lilas;21000;Dijon;21231;Bourgogne-Franche-Comté;47.3552;5.0239;325;2018-03-21;;oui
SIT-00754;CLI-00620;Siège Carcassonne;Siège;134 avenue Jean Jaurès;11000;Carcassonne;11069;Occitanie;43.19;2.3337;2323;2024-08-25;;oui
SIT-00755;CLI-00620;Usine Vannes;Usine;48 rue des Acacias;56000;Vannes;56260;Bretagne;47.6707;-2.7255;40;2019-05-03;;oui
SIT-00756;CLI-00624;Siège AJACCIO;Siège;175 quai des Docks;20000;AJACCIO;2A004;Corse;41.9568;8.7061;1276;2022-09-17;;oui
SIT-00757;CLI-00625;Siège Le Mans;Siège;79 route de Bordeaux;72000;Le Mans;72181;Pays de la Loire;47.9963;0.2265;383;2025-09-29;;oui
SIT-00758;CLI-00625;Entrepôt Nantes;Entrepôt;177 rue des Acacias;44000;Nantes;44109;Pays de la Loire;47.2313;-1.5689;366;2025-06-30;;oui
SIT-00759;CLI-00625;Point de vente Saint-Étienne;Point de vente;84 rue des Acacias;42000;Saint-Étienne;42218;Auvergne-Rhône-Alpes;45.4288;4.3755;1273;2026-04-24;;oui
SIT-00760;CLI-00625;Entrepôt Pau;Entrepôt;179 rue de la République;64000;Pau;64445;Nouvelle-Aquitaine;43.3258;-0.3988;40;2022-11-25;;oui
SIT-00761;CLI-00626;Siège Valence;Siège;17 boulevard Victor Hugo;26000;Valence;26362;Auvergne-Rhône-Alpes;44.9615;4.8762;1378;2024-06-01;;oui
SIT-00762;CLI-00626;Point de vente Lorient;Point de vente;48 rue de l’Industrie;56100;Lorient;56121;Bretagne;47.7498;-3.4078;905;2022-01-30;2026-12-26;non
SIT-00763;CLI-00626;Agence La Rochelle;Agence;51 place du Marché;17000;La Rochelle;17300;Nouvelle-Aquitaine;46.1396;-1.1709;646;2017-06-10;;oui
SIT-00764;CLI-00626;Entrepôt Angoulême;Entrepôt;25 place du Marché;16000;Angoulême;16015;Nouvelle-Aquitaine;45.6527;0.149;1735;2026-04-26;;oui
SIT-00765;CLI-00628;Siège Tarbes;Siège;138 rue de l’Industrie;65000;Tarbes;65440;Occitanie;43.2172;0.0223;1053;2020-04-29;;oui
SIT-00766;CLI-00629;Siège Nantes;Siège;138 avenue du Général Leclerc;44000;Nantes;44109;Pays de la Loire;47.1756;-1.5246;1605;2019-01-17;;oui
SIT-00767;CLI-00629;Agence Grasse;Agence;125 rue Pasteur;06130;Grasse;06069;Provence-Alpes-Côte d’Azur;43.6182;6.9321;460;2025-11-30;;oui
SIT-00768;CLI-00630;Siège La Roche-sur-Yon;Siège;49 rue de la République;74000;La Roche-sur-Yon;85191;Pays de la Loire;;;1691;2025-01-05;;oui
SIT-00769;CLI-00630;Usine Pau;Usine;174 avenue Jean Jaurès;64000;Pau;64445;Nouvelle-Aquitaine;43.3109;-0.4036;307;2019-04-11;2020-08-06;non
SIT-00770;CLI-00632;Siège Meaux;Siège;56 rue du Commerce;77100;Meaux;77284;Île-de-France;48.9956;2.8548;290;2025-05-11;;oui
SIT-00771;CLI-00632;Entrepôt Tarbes;Entrepôt;108 quai des Docks;65000;Tarbes;65440;Occitanie;43.2577;0.0894;724;2021-03-17;;oui
SIT-00772;CLI-00633;Siège Saint-Nazaire;Siège;14 rue des Acacias;44600;Saint-Nazaire;44184;Pays de la Loire;47.2978;-2.2245;681;2017-03-15;;oui
SIT-00773;CLI-00633;Point de vente Poitiers;Point de vente;124 chemin des Vignes;86000;Poitiers;86194;Nouvelle-Aquitaine;46.5959;0.3847;1673;2016-05-14;;oui
SIT-00774;CLI-00634;Siège Valence;Siège;60 allée des Peupliers;26000;Valence;26362;Auvergne-Rhône-Alpes;44.9351;4.8947;3157;2017-07-08;;oui
SIT-00775;CLI-00634;Point de vente Colmar;Point de vente;116 boulevard Victor Hugo;68000;Colmar;68066;Grand Est;48.092;7.3251;439;2025-08-17;;oui
SIT-00776;CLI-00634;Point de vente Toulon;Point de vente;57 allée des Peupliers;83000;Toulon;83137;Provence-Alpes-Côte d’Azur;43.1512;5.9278;2313;2022-08-02;;oui
SIT-00777;CLI-00635;Siège Montpellier;Siège;175 rue de l’Industrie;34000;Montpellier;34172;Occitanie;43.568;3.8435;1059;2023-09-24;;oui
SIT-00778;CLI-00635;Usine Aix-en-Provence;Usine;34 chemin des Vignes;13100;Aix-en-Provence;13001;Provence-Alpes-Côte d’Azur;43.5285;5.4565;40;2025-06-07;;oui
SIT-00779;CLI-00637;Siège Reims;Siège;107 allée des Peupliers;51100;Reims;51454;Grand Est;49.2644;4.0473;2057;2016-10-29;;oui
SIT-00780;CLI-00637;Entrepôt La Rochelle;Entrepôt;154 rue Pasteur;17000;La Rochelle;17300;Nouvelle-Aquitaine;46.1464;-1.1286;945;2023-01-10;;oui
SIT-00781;CLI-00638;Siège Agen;Siège;20 avenue Jean Jaurès;47000;Agen;47001;Nouvelle-Aquitaine;44.2445;0.6315;1594;2018-01-04;;oui
SIT-00782;CLI-00638;Agence Niort;Agence;172 boulevard Victor Hugo;79000;Niort;79191;Nouvelle-Aquitaine;46.3227;-0.4407;1228;2020-01-16;;oui
SIT-00783;CLI-00639;Siège Metz;Siège;117 rue de la République;57000;Metz;57463;Grand Est;49.1657;6.2053;3201;2024-12-10;;oui
SIT-00784;CLI-00639;Point de vente Brest;Point de vente;164 boulevard Victor Hugo;29200;Brest;29019;Bretagne;48.3588;-4.4624;465;2024-10-22;;oui
SIT-00785;CLI-00640;Siège Avignon;Siège;44 boulevard Victor Hugo;84000;Avignon;84007;Provence-Alpes-Côte d’Azur;43.9013;4.8013;2217;2021-12-18;;oui
SIT-00786;CLI-00640;Agence Nancy;Agence;85 avenue Jean Jaurès;54000;Nancy;54395;Grand Est;48.7164;6.2137;96;2019-12-15;;oui
SIT-00787;CLI-00642;Siège Montauban;Siège;27 avenue Jean Jaurès;82000;Montauban;82121;Occitanie;44.0091;1.3335;656;2023-01-29;;oui
SIT-00788;CLI-00645;Siège Marseille;Siège;118 allée des Peupliers;13001;Marseille;13055;Provence-Alpes-Côte d’Azur;43.2653;5.3611;1576;2021-06-18;;oui
SIT-00789;CLI-00645;Agence Villeurbanne;Agence;67 chemin des Vignes;69100;Villeurbanne;69266;Auvergne-Rhône-Alpes;45.7769;4.9298;1679;2019-04-12;;oui
SIT-00790;CLI-00649;Siège Vannes;Siège;32 route de Bordeaux;56000;Vannes;56260;Bretagne;47.6873;-2.804;1466;2021-08-03;;oui
SIT-00791;CLI-00649;Point de vente Montreuil;Point de vente;144 allée des Peupliers;93100;Montreuil;93048;Île-de-France;48.8432;2.4543;1641;2019-08-14;;oui
SIT-00792;CLI-00649;Usine Argenteuil;Usine;138 avenue du Général Leclerc;95100;Argenteuil;95018;Île-de-France;48.9369;2.2172;1644;2020-05-28;;oui
SIT-00793;CLI-00649;Agence Sète;Agence;48 allée des Peupliers;34200;Sète;34301;Occitanie;43.416;3.6791;1632;2017-10-27;;oui
SIT-00794;CLI-00650;Siège Toulon;Siège;164 rue de l’Industrie;83000;Toulon;83137;Provence-Alpes-Côte d’Azur;43.1467;5.9762;702;2021-01-05;2019-12-31;non
SIT-00795;CLI-00652;Siège Chalon-sur-Saône;Siège;127 quai des Docks;71100;Chalon-sur-Saône;71076;Bourgogne-Franche-Comté;46.781;4.8225;368;2023-07-14;;oui
SIT-00796;CLI-00652;Entrepôt Niort;Entrepôt;33 avenue de la Gare;79000;Niort;79191;Nouvelle-Aquitaine;46.2716;-0.4221;970;2016-10-26;;oui
SIT-00797;CLI-00652;Agence Dunkerque;Agence;5 avenue de la Gare;59140;Dunkerque;59183;Hauts-de-France;51.077;2.391;851;2017-06-10;;oui
SIT-00798;CLI-00652;Entrepôt Chambéry;Entrepôt;27 rue de la République;73000;Chambéry;73065;Auvergne-Rhône-Alpes;45.5569;5.9292;40;2026-04-10;2028-11-28;non
SIT-00799;CLI-00654;Siège Colmar;Siège;137 rue du Commerce;68000;Colmar;68066;Grand Est;48.0499;7.4087;1442;2019-06-18;;oui
SIT-00800;CLI-00654;Usine Poitiers;Usine;26 rue de la République;86000;Poitiers;86194;Nouvelle-Aquitaine;46.5351;0.3355;987;2020-06-14;;oui
SIT-00801;CLI-00654;Usine Meaux;Usine;124 avenue Jean Jaurès;77100;Meaux;77284;Île-de-France;48.9239;2.8429;851;2025-01-08;;oui
SIT-00802;CLI-00655;Siège Narbonne;Siège;133 boulevard Victor Hugo;11100;Narbonne;11262;Occitanie;43.1309;3.0124;423;2020-08-22;;oui
SIT-00803;CLI-00655;Point de vente Metz;Point de vente;147 rue des Acacias;57000;Metz;57463;Grand Est;49.1529;6.146;686;2023-04-03;;oui
SIT-00804;CLI-00655;Point de vente Montreuil;Point de vente;51 allée des Peupliers;93100;Montreuil;93048;Île-de-France;48.9001;2.3932;40;2020-04-29;;oui
SIT-00805;CLI-00655;Agence Salon-de-Provence;Agence;74 quai des Docks;13300;Salon-de-Provence;13103;Provence-Alpes-Côte d’Azur;43.6886;5.0847;551;2017-02-01;;oui
SIT-00806;CLI-00657;Siège Blois;Siège;21 boulevard Victor Hugo;41000;Blois;41018;Centre-Val de Loire;47.5648;1.3585;1645;2024-02-05;;oui
SIT-00807;CLI-00657;Agence Grasse;Agence;173 rue des Acacias;06130;Grasse;06069;Provence-Alpes-Côte d’Azur;43.6744;6.9043;919;2018-09-20;;oui
SIT-00808;CLI-00657;Point de vente Salon-de-Provence;Point de vente;90 rue Pasteur;13300;Salon-de-Provence;13103;Provence-Alpes-Côte d’Azur;43.6408;5.0763;796;2019-02-19;;oui
SIT-00809;CLI-00658;Siège Roanne;Siège;180 avenue de la Gare;42300;Roanne;42187;Auvergne-Rhône-Alpes;46.0452;4.0488;998;2020-01-12;;oui
SIT-00810;CLI-00658;Entrepôt Rennes;Entrepôt;66 avenue du Général Leclerc;35000;Rennes;35238;Bretagne;48.0987;-1.7024;1398;2018-08-21;;oui
SIT-00811;CLI-00659;Siège Périgueux;Siège;107 rue des Acacias;24000;Périgueux;24322;Nouvelle-Aquitaine;45.148;0.7019;2705;2017-04-21;;oui
SIT-00812;CLI-00659;Agence Lille;Agence;6 quai des Docks;59000;Lille;59350;Hauts-de-France;50.6484;3.0546;371;2023-05-30;;oui
SIT-00813;CLI-00660;Siège Avignon;Siège;71 rue des Acacias;84000;Avignon;84007;Provence-Alpes-Côte d’Azur;43.954;4.845;1522;2020-02-21;;oui
SIT-00814;CLI-00661;Siège BESANÇON;Siège;105 rue du Commerce;25000;BESANÇON;25056;Bourgogne-Franche-Comté;47.2272;6.0581;846;2020-10-01;;oui
SIT-00815;CLI-00661;Point de vente Montreuil;Point de vente;134 rue de l’Industrie;93100;Montreuil;93048;Île-de-France;48.8827;2.4244;40;2024-03-07;;oui
SIT-00816;CLI-00661;Entrepôt Évry-Courcouronnes;Entrepôt;44 place du Marché;91000;Évry-Courcouronnes;91228;Île-de-France;48.583;2.4796;1498;2023-05-13;;oui
SIT-00817;CLI-00662;Siège Charleville-Mézières;Siège;133 avenue Jean Jaurès;08000;Charleville-Mézières;08105;Grand Est;49.8007;4.7341;40;2021-02-03;;oui
SIT-00818;CLI-00664;Siège Troyes;Siège;146 rue Pasteur;10000;Troyes;10387;Grand Est;48.3043;4.042;40;2022-06-29;;oui
SIT-00819;CLI-00666;Siège Versailles;Siège;169 avenue du Général Leclerc;78000;Versailles;78646;Île-de-France;48.7998;2.1756;1090;2026-06-02;;oui
SIT-00820;CLI-00666;Agence Roanne;Agence;21 route de Bordeaux;42300;Roanne;42187;Auvergne-Rhône-Alpes;46.0039;4.0529;267;2023-05-21;2024-02-29;non
SIT-00821;CLI-00666;Agence Poitiers;Agence;124 allée des Peupliers;86000;Poitiers;86194;Nouvelle-Aquitaine;46.5603;0.3328;1151;2017-08-30;;oui
SIT-00822;CLI-00670;Siège valence;Siège;25 quai des Docks;26000;valence;26362;Auvergne-Rhône-Alpes;44.9586;4.8964;1033;2023-02-19;;oui
SIT-00823;CLI-00670;Usine Nantes;Usine;27 quai des Docks;44000;Nantes;44109;Pays de la Loire;47.1802;-1.5198;570;2023-01-29;;oui
SIT-00824;CLI-00670;Entrepôt Sète;Entrepôt;160 avenue Jean Jaurès;34200;Sète;34301;Occitanie;43.3715;3.7043;775;2016-07-14;;oui
SIT-00825;CLI-00672;Siège Albi;Siège;180 avenue Jean Jaurès;81000;Albi;81004;Occitanie;43.9478;2.1907;982;2017-11-27;;oui
SIT-00826;CLI-00675;Siège Orléans;Siège;144 rue Pasteur;45000;Orléans;45234;Centre-Val de Loire;47.8703;1.8961;764;2025-06-21;;oui
SIT-00827;CLI-00675;Entrepôt Saint-Nazaire;Entrepôt;23 quai des Docks;44600;Saint-Nazaire;44184;Pays de la Loire;47.2714;-2.173;226;2019-05-28;;oui
SIT-00828;CLI-00675;Entrepôt Toulon;Entrepôt;89 quai des Docks;83000;Toulon;83137;Provence-Alpes-Côte d’Azur;43.1327;5.9027;497;2017-01-09;;oui
SIT-00829;CLI-00675;Entrepôt Dijon;Entrepôt;127 rue Pasteur;21000;Dijon;21231;Bourgogne-Franche-Comté;47.3329;5.0442;1046;2017-08-22;;oui
SIT-00830;CLI-00678;Siège Versailles;Siège;6 avenue du Général Leclerc;22000;Versailles;78646;Île-de-France;48.8482;2.1577;1504;2021-02-14;;oui
SIT-00831;CLI-00679;Siège Boulogne-Billancourt;Siège;112 chemin des Vignes;92100;Boulogne-Billancourt;92012;Île-de-France;48.7999;2.2262;1212;2018-06-17;;oui
SIT-00832;CLI-00679;Point de vente Quimper;Point de vente;119 rue de la République;29000;Quimper;29232;Bretagne;48.0269;-4.1205;975;2019-06-06;;oui
SIT-00833;CLI-00680;Siège Valence;Siège;37 rue Pasteur;26000;Valence;26362;Auvergne-Rhône-Alpes;44.9368;4.9258;443;2018-10-07;;oui
SIT-00834;CLI-00681;Siège Cholet;Siège;13 avenue de la Gare;49300;Cholet;49099;Pays de la Loire;47.0944;-0.8598;1406;2022-02-24;;oui
SIT-00835;CLI-00682;Siège Marseille;Siège;156 allée des Peupliers;13001;Marseille;13055;Provence-Alpes-Côte d’Azur;43.308;5.4091;229;2022-03-08;;oui
SIT-00836;CLI-00683;Siège Évry-Courcouronnes;Siège;153 rue Pasteur;91000;Évry-Courcouronnes;91228;Île-de-France;48.594;2.3929;1383;2021-10-27;;oui
SIT-00837;CLI-00684;Siège Cannes;Siège;26 rue Pasteur;06400;Cannes;06029;Provence-Alpes-Côte d’Azur;43.534;7.0659;60;2018-05-31;;oui
SIT-00838;CLI-00684;Point de vente Charleville-Mézières;Point de vente;86 avenue Jean Jaurès;08000;Charleville-Mézières;08105;Grand Est;49.7826;4.6754;506;2022-06-19;;oui
SIT-00839;CLI-00684;Entrepôt Saint-Malo;Entrepôt;39 rue du Commerce;35400;Saint-Malo;35288;Bretagne;48.6472;-2.0086;1008;2018-05-06;;oui
SIT-00840;CLI-00684;Point de vente Chalon-sur-Saône;Point de vente;57 impasse des Lilas;71100;Chalon-sur-Saône;71076;Bourgogne-Franche-Comté;46.804;4.891;373;2018-01-03;;oui
SIT-00841;CLI-00685;Siège Beauvais;Siège;45 rue de la République;60000;Beauvais;60057;Hauts-de-France;49.4272;2.0304;966;2021-07-31;;oui
SIT-00842;CLI-00685;Entrepôt Avignon;Entrepôt;108 rue du Commerce;84000;Avignon;84007;Provence-Alpes-Côte d’Azur;43.9691;4.7884;1416;2019-08-03;;oui
SIT-00843;CLI-00686;Siège CHERBOURG-EN-COTENTIN;Siège;9 impasse des Lilas;50100;CHERBOURG-EN-COTENTIN;50129;Normandie;49.6093;-1.5872;1586;2017-10-27;;oui
SIT-00844;CLI-00686;Usine Clermont-Ferrand;Usine;38 impasse des Lilas;63000;Clermont-Ferrand;63113;Auvergne-Rhône-Alpes;45.7845;3.1046;355;2026-03-16;;oui
SIT-00845;CLI-00687;Siège Chartres;Siège;169 rue Pasteur;28000;Chartres;28085;Centre-Val de Loire;48.4001;1.4981;1615;2020-01-30;;oui
SIT-00846;CLI-00688;Siège Nîmes;Siège;71 rue de l’Industrie;30000;Nîmes;30189;Occitanie;43.822;4.3354;2157;2023-07-12;;oui
SIT-00847;CLI-00688;Point de vente Marseille;Point de vente;17 avenue de la Gare;13001;Marseille;13055;Provence-Alpes-Côte d’Azur;43.2549;5.3439;663;2016-11-19;;oui
SIT-00848;CLI-00689;Siège Caen;Siège;41 allée des Peupliers;14000;Caen;14118;Normandie;49.1619;-0.342;40;2019-09-23;;oui
SIT-00849;CLI-00689;Entrepôt Strasbourg;Entrepôt;38 avenue Jean Jaurès;67000;Strasbourg;67482;Grand Est;48.5299;7.7183;864;2024-02-16;;oui
SIT-00850;CLI-00690;Siège Saint-ÉTienne;Siège;157 rue de la République;42000;Saint-ÉTienne;42218;Auvergne-Rhône-Alpes;45.4143;4.4257;1314;2020-07-16;;oui
SIT-00851;CLI-00691;Siège Bayonne;Siège;162 rue Pasteur;64100;Bayonne;64102;Nouvelle-Aquitaine;43.5198;-1.4509;1201;2023-04-10;;oui
SIT-00852;CLI-00691;Agence Poitiers;Agence;91 boulevard Victor Hugo;86000;Poitiers;86194;Nouvelle-Aquitaine;46.5309;0.3568;92;2022-07-11;;oui
SIT-00853;CLI-00691;Agence Nancy;Agence;17 avenue de la Gare;54000;Nancy;54395;Grand Est;48.7149;6.1485;1521;2020-12-27;;oui
SIT-00854;CLI-00692;Siège Nanterre;Siège;10 rue de l’Industrie;92000;Nanterre;92050;Île-de-France;48.9358;2.2337;350;2017-04-27;;oui
SIT-00855;CLI-00692;Point de vente Nantes;Point de vente;35 rue du Commerce;44000;Nantes;44109;Pays de la Loire;47.1856;-1.5176;857;2025-05-20;;oui
SIT-00856;CLI-00695;Siège Poitiers;Siège;63 boulevard Victor Hugo;86000;Poitiers;86194;Nouvelle-Aquitaine;46.5415;0.3692;631;2024-05-14;;oui
SIT-00857;CLI-00697;Siège Toulon;Siège;103 rue de la République;83000;Toulon;83137;Provence-Alpes-Côte d’Azur;43.1041;5.9642;2210;2025-03-20;2029-05-04;non
SIT-00858;CLI-00697;Point de vente Saint-Denis;Point de vente;152 avenue du Général Leclerc;93200;Saint-Denis;93066;Île-de-France;48.9063;2.3426;593;2019-03-25;;oui
SIT-00859;CLI-00698;Siège Tarbes;Siège;105 avenue du Général Leclerc;65000;Tarbes;65440;Occitanie;43.2034;0.0493;960;2016-11-07;;oui
SIT-00860;CLI-00698;Point de vente Calais;Point de vente;149 place du Marché;62100;Calais;62193;Hauts-de-France;50.9691;1.9025;218;2021-08-21;;oui
SIT-00861;CLI-00699;Siège Sète;Siège;121 chemin des Vignes;34200;Sète;34301;Occitanie;43.4456;3.7331;1204;2020-09-21;;oui
SIT-00862;CLI-00699;Entrepôt Béziers;Entrepôt;19 rue Pasteur;34500;Béziers;34032;Occitanie;43.302;3.1756;966;2025-02-10;;oui
SIT-00863;CLI-00699;Point de vente Boulogne-Billancourt;Point de vente;57 rue des Acacias;92100;Boulogne-Billancourt;92012;Île-de-France;48.8425;2.2223;1259;2023-10-08;;oui
SIT-00864;CLI-00700;Siège Arles;Siège;178 chemin des Vignes;13200;Arles;13004;Provence-Alpes-Côte d’Azur;43.7148;4.6265;782;2025-11-06;;oui
SIT-00865;CLI-00700;Entrepôt Rouen;Entrepôt;155 rue de la République;76000;Rouen;76540;Normandie;49.4682;1.0685;492;2017-02-08;;oui
SIT-00866;CLI-00701;Siège La Rochelle;Siège;120 rue Pasteur;17000;La Rochelle;17300;Nouvelle-Aquitaine;46.1549;-1.1118;40;2023-06-04;;oui
SIT-00867;CLI-00702;Siège ChÂTeauroux;Siège;87 avenue du Général Leclerc;36000;ChÂTeauroux;36044;Centre-Val de Loire;46.8222;1.6889;1567;2023-09-13;;oui
SIT-00868;CLI-00703;Siège Auxerre;Siège;80 rue de l’Industrie;89000;Auxerre;89024;Bourgogne-Franche-Comté;47.76;3.5421;581;2020-07-25;;oui
SIT-00869;CLI-00704;Siège Évry-Courcouronnes;Siège;57 boulevard Victor Hugo;91000;Évry-Courcouronnes;91228;Île-de-France;48.6399;2.4852;318;2021-06-20;;oui
SIT-00870;CLI-00704;Usine Valence;Usine;74 avenue Jean Jaurès;26000;Valence;26362;Auvergne-Rhône-Alpes;44.9694;4.8768;102;2022-12-04;;oui
SIT-00871;CLI-00705;Siège Niort;Siège;10 rue Pasteur;79000;Niort;79191;Nouvelle-Aquitaine;46.2966;-0.4857;978;2023-08-10;;oui
SIT-00872;CLI-00705;Usine Laval;Usine;170 rue du Commerce;53000;Laval;53130;Pays de la Loire;48.0526;-0.7605;1316;2025-11-19;;oui
SIT-00873;CLI-00705;Point de vente Angoulême;Point de vente;97 avenue du Général Leclerc;16000;Angoulême;16015;Nouvelle-Aquitaine;45.6879;0.1669;479;2026-03-14;;oui
SIT-00874;CLI-00705;Agence La Rochelle;Agence;14 rue du Commerce;17000;La Rochelle;17300;Nouvelle-Aquitaine;46.1269;-1.161;857;2023-04-09;;oui
SIT-00875;CLI-00706;Siège Bourges;Siège;123 place du Marché;18000;Bourges;18033;Centre-Val de Loire;47.0462;2.4402;1151;2019-09-11;;oui
SIT-00876;CLI-00706;Agence Nevers;Agence;103 impasse des Lilas;58000;Nevers;58194;Bourgogne-Franche-Comté;46.946;3.1482;40;2022-08-17;;oui
SIT-00877;CLI-00706;Entrepôt Créteil;Entrepôt;74 rue du Commerce;94000;Créteil;94028;Île-de-France;48.8223;2.4142;531;2022-05-03;;oui
SIT-00878;CLI-00707;Siège Lorient;Siège;127 impasse des Lilas;56100;Lorient;56121;Bretagne;47.7538;-3.3648;1448;2019-09-02;;oui
SIT-00879;CLI-00707;Entrepôt Belfort;Entrepôt;136 quai des Docks;90000;Belfort;90010;Bourgogne-Franche-Comté;47.6148;6.9078;586;2017-04-05;;oui
SIT-00880;CLI-00710;Siège Beauvais;Siège;159 rue de l’Industrie;60000;Beauvais;60057;Hauts-de-France;49.4108;2.0392;665;2020-06-08;;oui
SIT-00881;CLI-00710;Agence Le Havre;Agence;129 boulevard Victor Hugo;76600;Le Havre;76351;Normandie;;;40;2024-01-03;;oui
SIT-00882;CLI-00711;Siège Nanterre;Siège;5 route de Bordeaux;92000;Nanterre;92050;Île-de-France;48.853;2.2082;40;2024-10-16;;oui
SIT-00883;CLI-00712;Siège Quimper;Siège;110 rue de la République;29000;Quimper;29232;Bretagne;48.0158;-4.1347;510;2016-08-21;;oui
SIT-00884;CLI-00712;Usine Poitiers;Usine;72 route de Bordeaux;86000;Poitiers;86194;Nouvelle-Aquitaine;46.5492;0.2989;430;2016-05-12;;oui
SIT-00885;CLI-00713;Siège Saint-Denis;Siège;100 avenue du Général Leclerc;93200;Saint-Denis;93066;Île-de-France;48.9269;2.3793;596;2025-09-28;;oui
SIT-00886;CLI-00713;Entrepôt Quimper;Entrepôt;167 chemin des Vignes;29000;Quimper;29232;Bretagne;48.0314;-4.0751;42;2020-07-27;;oui
SIT-00887;CLI-00715;Siège Lyon;Siège;27 rue de l’Industrie;69001;Lyon;69123;Auvergne-Rhône-Alpes;45.7487;4.8401;734;2019-10-18;;oui
SIT-00888;CLI-00715;Point de vente Béziers;Point de vente;112 avenue Jean Jaurès;34500;Béziers;34032;Occitanie;43.3237;3.2124;398;2023-05-04;;oui
SIT-00889;CLI-00716;Siège AGEN;Siège;68 quai des Docks;47000;AGEN;47001;Nouvelle-Aquitaine;44.1751;0.5735;928;2019-11-03;2023-08-24;non
SIT-00890;CLI-00717;Siège La Roche-sur-Yon;Siège;12 route de Bordeaux;85000;La Roche-sur-Yon;85191;Pays de la Loire;46.6692;-1.4319;1200;2018-07-09;;oui
SIT-00891;CLI-00717;Entrepôt Niort;Entrepôt;71 rue des Acacias;79000;Niort;79191;Nouvelle-Aquitaine;46.3093;-0.4704;2370;2026-04-25;;oui
SIT-00892;CLI-00718;Siège Mulhouse;Siège;56 rue des Acacias;68100;Mulhouse;68224;Grand Est;47.7637;7.3277;2093;2025-04-18;;oui
SIT-00893;CLI-00721;Siège Strasbourg;Siège;133 rue des Acacias;67000;Strasbourg;67482;Grand Est;48.5755;7.7668;708;2019-05-29;;oui
SIT-00894;CLI-00721;Agence Grenoble;Agence;131 rue des Acacias;38000;Grenoble;38185;Auvergne-Rhône-Alpes;45.2277;5.7635;1364;2022-09-09;;oui
SIT-00895;CLI-00721;Usine Nanterre;Usine;10 avenue de la Gare;92000;Nanterre;92050;Île-de-France;48.8757;2.1796;927;2025-07-10;;oui
SIT-00896;CLI-00722;Siège Tarbes;Siège;122 allée des Peupliers;65000;Tarbes;65440;Occitanie;43.206;0.0475;395;2023-12-26;2027-04-07;non
SIT-00897;CLI-00723;Siège Cherbourg-en-Cotentin;Siège;130 avenue de la Gare;50100;Cherbourg-en-Cotentin;50129;Normandie;49.6841;-1.592;40;2020-12-16;;oui
SIT-00898;CLI-00724;Siège Troyes;Siège;2 boulevard Victor Hugo;10000;Troyes;10387;Grand Est;48.3102;4.0564;1183;2021-01-18;;oui
SIT-00899;CLI-00724;Usine Niort;Usine;134 place du Marché;79000;Niort;79191;Nouvelle-Aquitaine;46.3398;-0.4898;853;2020-10-10;;oui
SIT-00900;CLI-00724;Usine Agen;Usine;136 place du Marché;47000;Agen;47001;Nouvelle-Aquitaine;44.2083;0.5864;1024;2019-03-30;;oui
SIT-00901;CLI-00725;Siège La Roche-sur-Yon;Siège;25 route de Bordeaux;85000;La Roche-sur-Yon;85191;Pays de la Loire;46.6874;-1.4512;1677;2023-09-06;2025-12-10;non
SIT-00902;CLI-00726;Siège Bourg-en-Bresse;Siège;24 route de Bordeaux;01000;Bourg-en-Bresse;01053;Auvergne-Rhône-Alpes;46.2327;5.2129;2490;2021-04-13;;oui
SIT-00903;CLI-00727;Siège Créteil;Siège;163 rue de l’Industrie;94000;Créteil;94028;Île-de-France;48.7642;2.5067;2082;2017-03-02;;oui
SIT-00904;CLI-00728;Siège Poitiers;Siège;34 rue du Commerce;86000;Poitiers;86194;Nouvelle-Aquitaine;46.6133;0.3875;1069;2017-10-30;;oui
SIT-00905;CLI-00728;Entrepôt Paris;Entrepôt;95 allée des Peupliers;75001;Paris;75056;Île-de-France;48.9044;2.3496;1343;2019-04-12;;oui
SIT-00906;CLI-00729;Siège chambéry;Siège;140 avenue de la Gare;73000;chambéry;73065;Auvergne-Rhône-Alpes;45.5453;5.9028;40;2019-06-23;;oui
SIT-00907;CLI-00730;Siège Meaux;Siège;41 allée des Peupliers;77100;Meaux;77284;Île-de-France;49.0046;2.8533;208;2017-06-29;;oui
SIT-00908;CLI-00731;Siège Chambéry;Siège;67 avenue de la Gare;73000;Chambéry;73065;Auvergne-Rhône-Alpes;45.5292;5.8931;906;2018-01-18;;oui
SIT-00909;CLI-00731;Entrepôt Paris;Entrepôt;9 place du Marché;75001;Paris;75056;Île-de-France;48.8843;2.3356;45;2024-10-07;;oui
SIT-00910;CLI-00733;Siège Rennes;Siège;27 rue Pasteur;35000;Rennes;35238;Bretagne;48.1263;-1.7125;1795;2020-07-31;;oui
SIT-00911;CLI-00733;Entrepôt Salon-de-Provence;Entrepôt;71 impasse des Lilas;13300;Salon-de-Provence;13103;Provence-Alpes-Côte d’Azur;43.6205;5.1438;1152;2025-08-19;;oui
SIT-00912;CLI-00733;Entrepôt Brest;Entrepôt;56 rue du Commerce;29200;Brest;29019;Bretagne;48.4233;-4.5112;519;2025-11-15;;oui
SIT-00913;CLI-00733;Point de vente Besançon;Point de vente;129 quai des Docks;25000;Besançon;25056;Bourgogne-Franche-Comté;47.2597;5.9727;520;2025-07-12;;oui
SIT-00914;CLI-00738;Siège Montpellier;Siège;179 rue Pasteur;34000;Montpellier;34172;Occitanie;43.6263;3.9187;417;2022-06-24;;oui
SIT-00915;CLI-00738;Usine Cergy;Usine;6 rue des Acacias;95000;Cergy;95127;Île-de-France;48.997;2.0332;40;2018-04-07;;oui
SIT-00916;CLI-00740;Siège Quimper;Siège;56 boulevard Victor Hugo;29000;Quimper;29232;Bretagne;48.0051;-4.0927;40;2022-12-13;;oui
SIT-00917;CLI-00743;Siège Chambéry;Siège;157 route de Bordeaux;73000;Chambéry;73065;Auvergne-Rhône-Alpes;45.5598;5.9165;1182;2024-05-28;;oui
SIT-00918;CLI-00744;Siège Strasbourg;Siège;90 avenue Jean Jaurès;67000;Strasbourg;67482;Grand Est;48.5225;7.7994;1684;2023-07-24;;oui
SIT-00919;CLI-00744;Usine Créteil;Usine;124 boulevard Victor Hugo;94000;Créteil;94028;Île-de-France;48.8165;2.4899;1073;2024-01-05;;oui
SIT-00920;CLI-00747;Siège Saint-Brieuc;Siège;140 quai des Docks;22000;Saint-Brieuc;22278;Bretagne;48.5294;-2.7708;2323;2022-11-09;;oui
SIT-00921;CLI-00747;Point de vente Meaux;Point de vente;151 place du Marché;77100;Meaux;77284;Île-de-France;48.9187;2.887;854;2018-09-01;;oui
SIT-00922;CLI-00748;Siège La Rochelle;Siège;95 rue de la République;17000;La Rochelle;17300;Nouvelle-Aquitaine;46.1791;-1.1818;1218;2024-10-21;;oui
SIT-00923;CLI-00750;Siège Besançon;Siège;58 rue des Acacias;25000;Besançon;25056;Bourgogne-Franche-Comté;47.2556;6.0684;1797;2021-05-01;2022-04-20;non
SIT-00924;CLI-00751;Siège Laval;Siège;114 rue Pasteur;53000;Laval;53130;Pays de la Loire;;;40;2025-07-12;;oui
SIT-00925;CLI-00752;Siège Nevers;Siège;164 avenue Jean Jaurès;58000;Nevers;58194;Bourgogne-Franche-Comté;46.9602;3.1608;323;2017-10-14;2019-02-03;non
SIT-00926;CLI-00753;Siège Bordeaux;Siège;99 rue Pasteur;33000;Bordeaux;33063;Nouvelle-Aquitaine;44.8286;-0.5883;40;2021-06-04;;oui
SIT-00927;CLI-00754;Siège Villeurbanne;Siège;93 impasse des Lilas;69100;Villeurbanne;69266;Auvergne-Rhône-Alpes;45.8085;4.891;40;2021-12-05;;oui
SIT-00928;CLI-00755;Siège Rouen;Siège;107 avenue du Général Leclerc;76000;Rouen;76540;Normandie;49.4196;1.106;2527;2022-07-01;;oui
SIT-00929;CLI-00756;Siège Metz;Siège;153 place du Marché;57000;Metz;57463;Grand Est;49.1237;6.1372;1731;2023-07-24;;oui
SIT-00930;CLI-00757;Siège Bourges;Siège;40 rue de la République;18000;Bourges;18033;Centre-Val de Loire;47.0477;2.38;40;2017-07-13;;oui
SIT-00931;CLI-00758;Siège Saint-Étienne;Siège;159 rue de l’Industrie;42000;Saint-Étienne;42218;Auvergne-Rhône-Alpes;45.446;4.4148;40;2018-09-17;;oui
SIT-00932;CLI-00759;Siège Angoulême;Siège;25 rue Pasteur;16000;Angoulême;16015;Nouvelle-Aquitaine;45.6288;0.1115;1755;2022-09-15;;oui
SIT-00933;CLI-00761;Siège Vannes;Siège;56 rue du Commerce;56000;Vannes;56260;Bretagne;47.6527;-2.7801;1525;2022-08-03;;oui
SIT-00934;CLI-00762;Siège Issy-les-Moulineaux;Siège;104 place du Marché;92130;Issy-les-Moulineaux;92040;Île-de-France;48.7874;2.2884;42;2026-02-16;;oui
SIT-00935;CLI-00763;Siège nice;Siège;172 boulevard Victor Hugo;06000;nice;06088;Provence-Alpes-Côte d’Azur;43.6822;7.2885;1542;2021-08-29;2024-01-02;non
SIT-00936;CLI-00763;Agence Brest;Agence;95 rue de la République;29200;Brest;29019;Bretagne;48.4122;-4.4594;2061;2018-07-30;;oui
SIT-00937;CLI-00765;Siège Nevers;Siège;170 quai des Docks;58000;Nevers;58194;Bourgogne-Franche-Comté;46.9881;3.132;1460;2018-02-03;;oui
SIT-00938;CLI-00767;Siège Évry-Courcouronnes;Siège;133 rue Pasteur;91000;Évry-Courcouronnes;91228;Île-de-France;48.6516;2.4083;451;2024-10-15;;oui
SIT-00939;CLI-00768;Siège Antibes;Siège;98 rue du Commerce;06600;Antibes;06004;Provence-Alpes-Côte d’Azur;43.5633;7.1631;1479;2016-08-26;;oui
SIT-00940;CLI-00768;Usine Tours;Usine;97 rue des Acacias;37000;Tours;37261;Centre-Val de Loire;47.4277;0.7308;340;2021-08-01;;oui
SIT-00941;CLI-00769;Siège Créteil;Siège;32 rue du Commerce;94000;Créteil;94028;Île-de-France;48.7408;2.5053;152;2017-07-20;2019-02-07;non
SIT-00942;CLI-00770;Siège Valence;Siège;163 avenue du Général Leclerc;26000;Valence;26362;Auvergne-Rhône-Alpes;44.9751;4.8723;1233;2016-09-06;;oui
SIT-00943;CLI-00770;Agence Roubaix;Agence;78 route de Bordeaux;59100;Roubaix;59512;Hauts-de-France;50.6649;3.1755;626;2025-05-20;;oui
SIT-00944;CLI-00772;Siège Colmar;Siège;150 chemin des Vignes;68000;Colmar;68066;Grand Est;48.0934;7.3999;1580;2018-01-03;;oui
SIT-00945;CLI-00772;Usine Villeurbanne;Usine;5 place du Marché;69100;Villeurbanne;69266;Auvergne-Rhône-Alpes;45.7226;4.863;1287;2017-09-15;;oui
SIT-00946;CLI-00773;Siège Paris;Siège;47 place du Marché;75001;Paris;75056;Île-de-France;48.8499;2.3834;40;2023-04-01;;oui
SIT-00947;CLI-00774;Siège Cholet;Siège;61 chemin des Vignes;49300;Cholet;49099;Pays de la Loire;47.0577;-0.902;1295;2026-03-22;;oui
SIT-00948;CLI-00775;Siège Annecy;Siège;129 impasse des Lilas;79000;Annecy;74010;Auvergne-Rhône-Alpes;45.8589;6.1721;690;2024-08-31;;oui
SIT-00949;CLI-00776;Siège LA ROCHELLE;Siège;19 rue des Acacias;17000;LA ROCHELLE;17300;Nouvelle-Aquitaine;46.1745;-1.127;735;2022-04-03;;oui
SIT-00950;CLI-00777;Siège La Rochelle;Siège;56 avenue du Général Leclerc;17000;La Rochelle;17300;Nouvelle-Aquitaine;46.1987;-1.1679;989;2024-04-27;;oui
SIT-00951;CLI-00778;Siège Saint-Nazaire;Siège;94 rue des Acacias;44600;Saint-Nazaire;44184;Pays de la Loire;47.2341;-2.1788;336;2020-06-03;;oui
SIT-00952;CLI-00778;Entrepôt Saint-Brieuc;Entrepôt;66 chemin des Vignes;22000;Saint-Brieuc;22278;Bretagne;48.4928;-2.7892;1731;2022-09-11;;oui
SIT-00953;CLI-00778;Usine Rennes;Usine;173 quai des Docks;35000;Rennes;35238;Bretagne;48.1272;-1.7019;511;2016-06-30;;oui
SIT-00954;CLI-00779;Siège Évreux;Siège;65 impasse des Lilas;27000;Évreux;27229;Normandie;49.0363;1.1119;130;2024-07-29;;oui
SIT-00955;CLI-00781;Siège Charleville-Mézières;Siège;110 allée des Peupliers;08000;Charleville-Mézières;08105;Grand Est;49.8018;4.6806;40;2016-11-05;2018-06-25;non
SIT-00956;CLI-00782;Siège Reims;Siège;41 rue du Commerce;51100;Reims;51454;Grand Est;49.2956;4.0196;1268;2021-11-02;;oui
SIT-00957;CLI-00782;Entrepôt Clermont-Ferrand;Entrepôt;163 impasse des Lilas;63000;Clermont-Ferrand;63113;Auvergne-Rhône-Alpes;45.8216;3.0749;652;2022-06-20;;oui
SIT-00958;CLI-00784;Siège Toulouse;Siège;142 boulevard Victor Hugo;31000;Toulouse;31555;Occitanie;43.6008;1.4704;859;2021-08-19;;oui
SIT-00959;CLI-00785;Siège Saint-Nazaire;Siège;156 allée des Peupliers;44600;Saint-Nazaire;44184;Pays de la Loire;47.2701;-2.1847;890;2023-08-27;2023-05-12;non
SIT-00960;CLI-00785;Agence Albi;Agence;167 rue de la République;81000;Albi;81004;Occitanie;43.9583;2.1695;1765;2021-07-22;;oui
SIT-00961;CLI-00785;Point de vente Annecy;Point de vente;77 avenue du Général Leclerc;74000;Annecy;74010;Auvergne-Rhône-Alpes;45.8575;6.1415;163;2025-11-07;;oui
SIT-00962;CLI-00785;Point de vente Roanne;Point de vente;106 rue de l’Industrie;42300;Roanne;42187;Auvergne-Rhône-Alpes;46.0597;4.0236;1119;2022-12-17;;oui
SIT-00963;CLI-00786;Siège Le Mans;Siège;32 rue des Acacias;72000;Le Mans;72181;Pays de la Loire;47.97;0.2497;263;2022-05-26;2027-03-12;non
SIT-00964;CLI-00786;Point de vente Nîmes;Point de vente;160 chemin des Vignes;30000;Nîmes;30189;Occitanie;43.7972;4.3341;40;2021-05-12;;oui
SIT-00965;CLI-00787;Siège Orléans;Siège;107 avenue du Général Leclerc;54000;Orléans;45234;Centre-Val de Loire;47.9005;1.8925;40;2017-10-15;;oui
SIT-00966;CLI-00787;Point de vente Nanterre;Point de vente;145 avenue Jean Jaurès;92000;Nanterre;92050;Île-de-France;48.847;2.2427;932;2021-07-22;;oui
SIT-00967;CLI-00788;Siège Rennes;Siège;70 rue de l’Industrie;35000;Rennes;35238;Bretagne;48.1333;-1.691;1717;2020-10-09;;oui
SIT-00968;CLI-00789;Siège Béziers;Siège;28 boulevard Victor Hugo;34500;Béziers;34032;Occitanie;43.2945;3.1705;2118;2022-03-14;;oui
SIT-00969;CLI-00789;Point de vente Lille;Point de vente;21 chemin des Vignes;59000;Lille;59350;Hauts-de-France;50.6016;3.0129;266;2019-10-10;;oui
SIT-00970;CLI-00790;Siège Saint-Denis;Siège;105 avenue Jean Jaurès;93200;Saint-Denis;93066;Île-de-France;48.9012;2.345;1332;2022-05-09;;oui
SIT-00971;CLI-00791;Siège Montpellier;Siège;129 quai des Docks;34000;Montpellier;34172;Occitanie;43.5762;3.8637;2051;2016-05-16;;oui
SIT-00972;CLI-00793;Siège Montpellier;Siège;18 rue de la République;34000;Montpellier;34172;Occitanie;43.611;3.9272;1432;2023-02-26;;oui
SIT-00973;CLI-00793;Agence Bordeaux;Agence;117 route de Bordeaux;33000;Bordeaux;33063;Nouvelle-Aquitaine;44.8213;-0.5559;40;2025-07-16;;oui
SIT-00974;CLI-00793;Point de vente Nancy;Point de vente;57 place du Marché;54000;Nancy;54395;Grand Est;48.6952;6.1386;40;2020-09-29;;oui
SIT-00975;CLI-00794;Siège Antibes;Siège;62 rue du Commerce;06600;Antibes;06004;Provence-Alpes-Côte d’Azur;43.5624;7.1216;978;2021-02-11;;oui
SIT-00976;CLI-00794;Usine Marseille;Usine;147 rue de l’Industrie;13001;Marseille;13055;Provence-Alpes-Côte d’Azur;43.3374;5.3484;1307;2023-02-27;;oui
SIT-00977;CLI-00795;Siège La Roche-sur-Yon;Siège;61 avenue du Général Leclerc;85000;La Roche-sur-Yon;85191;Pays de la Loire;46.6424;-1.4342;1547;2016-07-31;2019-11-10;non
SIT-00978;CLI-00795;Usine Vannes;Usine;91 rue Pasteur;56000;Vannes;56260;Bretagne;47.6589;-2.7709;544;2017-01-21;;oui
SIT-00979;CLI-00795;Agence Nancy;Agence;18 avenue Jean Jaurès;54000;Nancy;54395;Grand Est;48.6759;6.1955;40;2017-03-18;;oui
SIT-00980;CLI-00795;Usine Rodez;Usine;78 chemin des Vignes;12000;Rodez;12202;Occitanie;44.3966;2.6199;342;2016-12-31;;oui
SIT-00981;CLI-00796;Siège Caen;Siège;75 rue Pasteur;14000;Caen;14118;Normandie;49.1385;-0.3326;197;2020-02-29;;oui
SIT-00982;CLI-00799;Siège Blois;Siège;98 chemin des Vignes;41000;Blois;41018;Centre-Val de Loire;47.5461;1.3167;2547;2021-08-19;;oui
SIT-00983;CLI-00799;Point de vente Lyon;Point de vente;56 rue du Commerce;69001;Lyon;69123;Auvergne-Rhône-Alpes;45.7991;4.8436;40;2017-07-26;;oui
SIT-00984;CLI-00800;Siège Nîmes;Siège;69 rue de l’Industrie;30000;Nîmes;30189;Occitanie;43.831;4.3205;40;2017-07-06;;oui
SIT-00985;CLI-00801;Siège Laval;Siège;174 avenue Jean Jaurès;53000;Laval;53130;Pays de la Loire;48.0502;-0.7646;1019;2018-01-20;;oui
SIT-00986;CLI-00804;Siège Grasse;Siège;108 rue Pasteur;06130;Grasse;06069;Provence-Alpes-Côte d’Azur;43.6164;6.9042;40;2018-04-23;2021-06-18;non
SIT-00987;CLI-00804;Agence Bastia;Agence;148 allée des Peupliers;20200;Bastia;2B033;Corse;42.6996;9.4678;40;2023-07-31;;oui
SIT-00988;CLI-00805;Siège Troyes;Siège;5 avenue de la Gare;10000;Troyes;10387;Grand Est;48.2903;4.098;248;2017-01-24;2018-06-19;non
SIT-00989;CLI-00805;Usine La Rochelle;Usine;126 quai des Docks;17000;La Rochelle;17300;Nouvelle-Aquitaine;46.1856;-1.1379;1687;2019-06-01;;oui
SIT-00990;CLI-00806;Siège Bourges;Siège;54 chemin des Vignes;18000;Bourges;18033;Centre-Val de Loire;47.1249;2.4249;1975;2021-10-03;;oui
SIT-00991;CLI-00807;Siège Limoges;Siège;96 avenue de la Gare;87000;Limoges;87085;Nouvelle-Aquitaine;45.7882;1.2294;1987;2019-02-20;;oui
SIT-00992;CLI-00808;Siège Argenteuil;Siège;170 rue du Commerce;95100;Argenteuil;95018;Île-de-France;48.9815;2.2653;720;2026-05-11;;oui
SIT-00993;CLI-00810;Siège Salon-de-Provence;Siège;99 rue Pasteur;13300;Salon-de-Provence;13103;Provence-Alpes-Côte d’Azur;43.6824;5.0822;40;2023-02-15;;oui
SIT-00994;CLI-00810;Usine Narbonne;Usine;164 impasse des Lilas;11100;Narbonne;11262;Occitanie;43.1589;2.9748;809;2025-09-09;;oui
SIT-00995;CLI-00810;Usine Salon-de-Provence;Usine;173 chemin des Vignes;13300;Salon-de-Provence;13103;Provence-Alpes-Côte d’Azur;43.5946;5.1356;1507;2025-01-22;;oui
SIT-00996;CLI-00810;Agence Nancy;Agence;38 impasse des Lilas;54000;Nancy;54395;Grand Est;48.7112;6.1668;40;2021-05-17;;oui
SIT-00997;CLI-00811;Siège Roubaix;Siège;125 allée des Peupliers;59100;Roubaix;59512;Hauts-de-France;50.6806;3.1998;40;2016-12-25;;oui
SIT-00998;CLI-00812;Siège Saint-Nazaire;Siège;60 impasse des Lilas;44600;Saint-Nazaire;44184;Pays de la Loire;47.2751;-2.252;767;2019-04-09;;oui
SIT-00999;CLI-00812;Point de vente Fréjus;Point de vente;33 rue des Acacias;83600;Fréjus;83061;Provence-Alpes-Côte d’Azur;43.38;6.7665;741;2017-05-09;;oui
SIT-01000;CLI-00813;Siège La Rochelle;Siège;177 impasse des Lilas;17000;La Rochelle;17300;Nouvelle-Aquitaine;46.1159;-1.1055;1471;2018-04-20;;oui
SIT-01001;CLI-00814;Siège Cholet;Siège;156 chemin des Vignes;49300;Cholet;49099;Pays de la Loire;47.0999;-0.862;1330;2017-06-30;;oui
SIT-01002;CLI-00814;Usine Montauban;Usine;23 rue de la République;82000;Montauban;82121;Occitanie;43.9902;1.393;40;2021-01-11;;oui
SIT-01003;CLI-00815;Siège Sète;Siège;109 route de Bordeaux;34200;Sète;34301;Occitanie;43.4431;3.6838;1928;2017-10-26;;oui
SIT-01004;CLI-00817;Siège Saint-Denis;Siège;47 avenue de la Gare;93200;Saint-Denis;93066;Île-de-France;48.9149;2.3151;166;2020-08-23;;oui
SIT-01005;CLI-00820;Siège Nevers;Siège;127 boulevard Victor Hugo;58000;Nevers;58194;Bourgogne-Franche-Comté;46.9847;3.1348;679;2025-08-05;;oui
SIT-01006;CLI-00821;Siège Lille;Siège;177 chemin des Vignes;59000;Lille;59350;Hauts-de-France;50.6239;3.0825;403;2021-12-06;;oui
SIT-01007;CLI-00822;Siège Laval;Siège;94 boulevard Victor Hugo;53000;Laval;53130;Pays de la Loire;48.0977;-0.7267;1404;2025-10-01;;oui
SIT-01008;CLI-00823;Siège Saint-Malo;Siège;9 boulevard Victor Hugo;35400;Saint-Malo;35288;Bretagne;48.6266;-2.0791;812;2017-11-26;;oui
SIT-01009;CLI-00824;Siège marseille;Siège;172 impasse des Lilas;13001;marseille;13055;Provence-Alpes-Côte d’Azur;43.2606;5.3693;736;2017-10-02;;oui
SIT-01010;CLI-00824;Entrepôt Lyon;Entrepôt;108 rue de la République;69001;Lyon;69123;Auvergne-Rhône-Alpes;45.7569;4.8545;793;2019-10-27;;oui
SIT-01011;CLI-00825;Siège Bastia;Siège;26 rue Pasteur;20200;Bastia;2B033;Corse;42.6518;9.423;1710;2019-09-19;;oui
SIT-01012;CLI-00826;Siège Créteil;Siège;109 avenue du Général Leclerc;94000;Créteil;94028;Île-de-France;48.7424;2.4594;612;2023-05-22;;oui
SIT-01013;CLI-00826;Agence Amiens;Agence;30 avenue du Général Leclerc;80000;Amiens;80021;Hauts-de-France;49.8937;2.2672;833;2024-04-10;;oui
SIT-01014;CLI-00827;Siège Tarbes;Siège;78 rue Pasteur;65000;Tarbes;65440;Occitanie;43.2077;0.0243;1983;2017-10-19;;oui
SIT-01015;CLI-00828;Siège Béziers;Siège;83 rue de la République;34500;Béziers;34032;Occitanie;43.3036;3.2102;1012;2022-11-28;;oui
SIT-01016;CLI-00828;Agence Pau;Agence;158 avenue du Général Leclerc;64000;Pau;64445;Nouvelle-Aquitaine;43.331;-0.3902;720;2022-03-12;;oui
SIT-01017;CLI-00830;Siège Bastia;Siège;108 impasse des Lilas;20200;Bastia;2B033;Corse;42.7242;9.4921;619;2023-08-07;;oui
SIT-01018;CLI-00830;Point de vente Gap;Point de vente;130 impasse des Lilas;05000;Gap;05061;Provence-Alpes-Côte d’Azur;44.5552;6.113;836;2019-02-20;;oui
SIT-01019;CLI-00831;Siège Troyes;Siège;76 rue de l’Industrie;10000;Troyes;10387;Grand Est;48.3151;4.0457;415;2024-07-16;2028-05-02;non
SIT-01020;CLI-00831;Entrepôt Avignon;Entrepôt;37 avenue du Général Leclerc;84000;Avignon;84007;Provence-Alpes-Côte d’Azur;43.9253;4.8295;954;2022-07-02;;oui
SIT-01021;CLI-00832;Siège Chalon-sur-Saône;Siège;82 chemin des Vignes;71100;Chalon-sur-Saône;71076;Bourgogne-Franche-Comté;46.818;4.865;664;2020-06-02;;oui
SIT-01022;CLI-00832;Entrepôt Cherbourg-en-Cotentin;Entrepôt;154 rue Pasteur;50100;Cherbourg-en-Cotentin;50129;Normandie;49.6231;-1.5757;1918;2019-10-25;;oui
SIT-01023;CLI-00832;Point de vente Dijon;Point de vente;159 avenue du Général Leclerc;21000;Dijon;21231;Bourgogne-Franche-Comté;47.3194;5.0343;812;2020-12-18;2022-01-20;non
SIT-01024;CLI-00833;Siège Villeurbanne;Siège;167 allée des Peupliers;69100;Villeurbanne;69266;Auvergne-Rhône-Alpes;45.8054;4.8592;40;2022-06-02;;oui
SIT-01025;CLI-00833;Usine Fréjus;Usine;163 chemin des Vignes;83600;Fréjus;83061;Provence-Alpes-Côte d’Azur;43.4657;6.7054;1660;2025-12-23;;oui
SIT-01026;CLI-00833;Agence Saint-Étienne;Agence;42 rue de la République;42000;Saint-Étienne;42218;Auvergne-Rhône-Alpes;45.4008;4.3458;987;2017-09-18;;oui
SIT-01027;CLI-00834;Siège Belfort;Siège;55 impasse des Lilas;90000;Belfort;90010;Bourgogne-Franche-Comté;47.6494;6.8248;1346;2017-05-19;2018-03-31;non
SIT-01028;CLI-00835;Siège Colmar;Siège;154 quai des Docks;68000;Colmar;68066;Grand Est;48.0498;7.3326;395;2024-09-25;;oui
SIT-01029;CLI-00837;Siège Belfort;Siège;115 place du Marché;90000;Belfort;90010;Bourgogne-Franche-Comté;47.6085;6.8988;40;2023-07-27;;oui
SIT-01030;CLI-00838;Siège Chambéry;Siège;20 avenue Jean Jaurès;73000;Chambéry;73065;Auvergne-Rhône-Alpes;45.5287;5.8782;2166;2021-09-14;;oui
SIT-01031;CLI-00838;Agence Roanne;Agence;37 avenue Jean Jaurès;42300;Roanne;42187;Auvergne-Rhône-Alpes;46.0569;4.1121;1546;2018-04-17;;oui
SIT-01032;CLI-00838;Agence Roubaix;Agence;9 rue de l’Industrie;59100;Roubaix;59512;Hauts-de-France;50.7211;3.1769;597;2020-02-11;2025-06-27;non
SIT-01033;CLI-00839;Siège Montpellier;Siège;156 rue Pasteur;34000;Montpellier;34172;Occitanie;43.6545;3.8379;40;2022-01-16;;oui
SIT-01034;CLI-00839;Agence Saint-Brieuc;Agence;123 rue de l’Industrie;22000;Saint-Brieuc;22278;Bretagne;48.5396;-2.7364;677;2024-12-28;2027-07-09;non
SIT-01035;CLI-00839;Agence Orléans;Agence;42 rue Pasteur;45000;Orléans;45234;Centre-Val de Loire;47.9117;1.9413;40;2022-01-02;;oui
SIT-01036;CLI-00840;Siège Saint-Denis;Siège;137 rue du Commerce;93200;Saint-Denis;93066;Île-de-France;48.906;2.3267;1263;2022-03-22;;oui
SIT-01037;CLI-00840;Point de vente Limoges;Point de vente;156 impasse des Lilas;87000;Limoges;87085;Nouvelle-Aquitaine;45.8099;1.2615;1901;2021-07-15;;oui
SIT-01038;CLI-00840;Agence Cergy;Agence;47 rue de l’Industrie;95000;Cergy;95127;Île-de-France;49.0697;2.0793;1430;2016-10-13;;oui
SIT-01039;CLI-00841;Siège Besançon;Siège;175 rue des Acacias;25000;Besançon;25056;Bourgogne-Franche-Comté;47.2613;6.0409;2003;2016-04-28;;oui
SIT-01040;CLI-00841;Usine Dijon;Usine;162 boulevard Victor Hugo;21000;Dijon;21231;Bourgogne-Franche-Comté;47.3471;5.0896;469;2024-12-01;2027-11-19;non
SIT-01041;CLI-00842;Siège Charleville-Mézières;Siège;4 chemin des Vignes;08000;Charleville-Mézières;08105;Grand Est;49.7675;4.677;308;2018-11-18;;oui
SIT-01042;CLI-00844;Siège Issy-les-Moulineaux;Siège;18 avenue du Général Leclerc;92130;Issy-les-Moulineaux;92040;Île-de-France;48.8205;2.2301;2685;2017-05-19;;oui
SIT-01043;CLI-00845;Siège CrÉTeil;Siège;132 impasse des Lilas;94000;CrÉTeil;94028;Île-de-France;48.8305;2.4301;40;2025-12-15;2030-05-25;non
SIT-01044;CLI-00846;Siège Saint-Brieuc;Siège;31 rue des Acacias;22000;Saint-Brieuc;22278;Bretagne;48.4954;-2.7417;884;2017-04-01;;oui
SIT-01045;CLI-00847;Siège Rouen;Siège;111 rue des Acacias;76000;Rouen;76540;Normandie;49.4558;1.1453;442;2024-07-14;;oui
SIT-01046;CLI-00847;Entrepôt Dijon;Entrepôt;31 impasse des Lilas;21000;Dijon;21231;Bourgogne-Franche-Comté;47.2829;4.9909;466;2024-04-03;;oui
SIT-01047;CLI-00847;Agence Gap;Agence;81 rue des Acacias;05000;Gap;05061;Provence-Alpes-Côte d’Azur;44.5651;6.0858;40;2017-01-21;;oui
SIT-01048;CLI-00847;Point de vente Auxerre;Point de vente;69 rue de l’Industrie;89000;Auxerre;89024;Bourgogne-Franche-Comté;47.8418;3.6135;966;2018-05-04;;oui
SIT-01049;CLI-00849;Siège Clermont-Ferrand;Siège;61 avenue de la Gare;63000;Clermont-Ferrand;63113;Auvergne-Rhône-Alpes;45.7394;3.0764;928;2022-08-21;;oui
SIT-01050;CLI-00850;Siège Montauban;Siège;123 impasse des Lilas;82000;Montauban;82121;Occitanie;44.0105;1.3394;1304;2020-03-08;;oui
SIT-01051;CLI-00851;Siège Blois;Siège;139 rue de la République;41000;Blois;41018;Centre-Val de Loire;47.6163;1.3069;446;2021-06-25;;oui
SIT-01052;CLI-00852;Siège Salon-de-Provence;Siège;32 boulevard Victor Hugo;13300;Salon-de-Provence;13103;Provence-Alpes-Côte d’Azur;43.6415;5.0756;1441;2018-07-12;;oui
SIT-01053;CLI-00852;Point de vente Bastia;Point de vente;54 rue Pasteur;20200;Bastia;2B033;Corse;42.6798;9.4112;1900;2017-03-01;;oui
SIT-01054;CLI-00854;Siège Ajaccio;Siège;55 allée des Peupliers;20000;Ajaccio;2A004;Corse;41.9697;8.6921;40;2019-11-11;;oui
SIT-01055;CLI-00854;Agence Saint-Denis;Agence;41 avenue de la Gare;93200;Saint-Denis;93066;Île-de-France;48.9817;2.3456;1325;2023-01-03;;oui
SIT-01056;CLI-00854;Agence Roanne;Agence;64 rue du Commerce;42300;Roanne;42187;Auvergne-Rhône-Alpes;46.03;4.0984;1671;2023-12-03;;oui
SIT-01057;CLI-00854;Entrepôt Lyon;Entrepôt;49 rue de la République;69001;Lyon;69123;Auvergne-Rhône-Alpes;45.7412;4.8533;2320;2016-07-13;2021-03-08;non
SIT-01058;CLI-00856;Siège Nîmes;Siège;43 avenue Jean Jaurès;30000;Nîmes;30189;Occitanie;43.8503;4.3362;1498;2020-09-20;2025-09-03;non
SIT-01059;CLI-00857;Siège Fréjus;Siège;21 rue des Acacias;83600;Fréjus;83061;Provence-Alpes-Côte d’Azur;43.4136;6.7646;1091;2020-10-24;;oui
SIT-01060;CLI-00857;Entrepôt Chartres;Entrepôt;30 chemin des Vignes;28000;Chartres;28085;Centre-Val de Loire;48.4446;1.4451;484;2017-02-25;;oui
SIT-01061;CLI-00858;Siège Colmar;Siège;89 place du Marché;68000;Colmar;68066;Grand Est;48.0651;7.311;2442;2024-12-27;;oui
SIT-01062;CLI-00858;Agence Boulogne-Billancourt;Agence;72 boulevard Victor Hugo;92100;Boulogne-Billancourt;92012;Île-de-France;48.8046;2.2802;40;2017-12-06;;oui
SIT-01063;CLI-00859;Siège Nanterre;Siège;67 rue de la République;92000;Nanterre;92050;Île-de-France;48.9171;2.1682;619;2024-05-03;;oui
SIT-01064;CLI-00859;Entrepôt La Roche-sur-Yon;Entrepôt;151 place du Marché;85000;La Roche-sur-Yon;85191;Pays de la Loire;46.6726;-1.4151;673;2023-06-10;;oui
SIT-01065;CLI-00859;Agence Vannes;Agence;15 boulevard Victor Hugo;56000;Vannes;56260;Bretagne;47.6518;-2.7988;482;2025-12-14;;oui
SIT-01066;CLI-00860;Siège Brest;Siège;148 avenue du Général Leclerc;29200;Brest;29019;Bretagne;48.4392;-4.4682;40;2021-11-26;;oui
SIT-01067;CLI-00861;Siège Toulouse;Siège;45 route de Bordeaux;31000;Toulouse;31555;Occitanie;43.5722;1.4894;947;2016-07-29;;oui
SIT-01068;CLI-00862;Siège Nevers;Siège;119 rue Pasteur;58000;Nevers;58194;Bourgogne-Franche-Comté;46.9804;3.1434;40;2024-01-02;2025-01-19;non
SIT-01069;CLI-00863;Siège Évry-Courcouronnes;Siège;115 rue de la République;91000;Évry-Courcouronnes;91228;Île-de-France;48.642;2.4311;2065;2026-04-17;;oui
SIT-01070;CLI-00864;Siège Belfort;Siège;154 place du Marché;90000;Belfort;90010;Bourgogne-Franche-Comté;47.6048;6.8182;2160;2017-01-22;;oui
SIT-01071;CLI-00865;Siège Roanne;Siège;141 boulevard Victor Hugo;42300;Roanne;42187;Auvergne-Rhône-Alpes;46.012;4.0527;40;2019-06-02;;oui
SIT-01072;CLI-00866;Siège Fréjus;Siège;166 chemin des Vignes;83600;Fréjus;83061;Provence-Alpes-Côte d’Azur;43.4285;6.7217;650;2020-09-24;2023-12-09;non
SIT-01073;CLI-00866;Entrepôt Reims;Entrepôt;134 rue des Acacias;51100;Reims;51454;Grand Est;49.261;4.0534;1099;2025-05-25;;oui
SIT-01074;CLI-00867;Siège Montpellier;Siège;97 rue de l’Industrie;34000;Montpellier;34172;Occitanie;43.6416;3.8349;738;2023-06-10;;oui
SIT-01075;CLI-00870;Siège Laval;Siège;60 rue Pasteur;53000;Laval;53130;Pays de la Loire;48.0619;-0.7744;54;2019-11-18;;oui
SIT-01076;CLI-00871;Siège Chartres;Siège;133 boulevard Victor Hugo;28000;Chartres;28085;Centre-Val de Loire;48.4622;1.49;937;2021-08-02;;oui
SIT-01077;CLI-00871;Point de vente Lorient;Point de vente;110 allée des Peupliers;56100;Lorient;56121;Bretagne;47.7951;-3.3486;40;2023-02-28;;oui
SIT-01078;CLI-00872;Siège Lille;Siège;42 route de Bordeaux;59000;Lille;59350;Hauts-de-France;50.6575;3.0517;2300;2018-12-30;;oui
SIT-01079;CLI-00873;Siège Blois;Siège;6 boulevard Victor Hugo;41000;Blois;41018;Centre-Val de Loire;47.5722;1.3773;2273;2025-10-05;;oui
SIT-01080;CLI-00875;Siège Arles;Siège;26 rue de la République;13200;Arles;13004;Provence-Alpes-Côte d’Azur;43.7148;4.5874;1402;2024-09-22;;oui
SIT-01081;CLI-00875;Entrepôt Marseille;Entrepôt;13 rue de la République;13001;Marseille;13055;Provence-Alpes-Côte d’Azur;43.2678;5.3486;1136;2022-09-30;;oui
SIT-01082;CLI-00875;Point de vente Annecy;Point de vente;42 chemin des Vignes;74000;Annecy;74010;Auvergne-Rhône-Alpes;45.9073;6.1103;1640;2017-08-11;;oui
SIT-01083;CLI-00876;Siège Saint-Denis;Siège;112 chemin des Vignes;93200;Saint-Denis;93066;Île-de-France;48.9437;2.3916;292;2026-02-13;;oui
SIT-01084;CLI-00876;Agence Auxerre;Agence;18 avenue de la Gare;89000;Auxerre;89024;Bourgogne-Franche-Comté;47.8364;3.5404;619;2016-08-10;;oui
SIT-01085;CLI-00876;Agence Angers;Agence;138 rue de la République;49000;Angers;49007;Pays de la Loire;47.4669;-0.5712;603;2023-06-11;;oui
SIT-01086;CLI-00877;Siège le havre;Siège;84 chemin des Vignes;76600;le havre;76351;Normandie;49.4511;0.1312;2232;2019-06-16;;oui
SIT-01087;CLI-00878;Siège Nice;Siège;175 rue de la République;06000;Nice;06088;Provence-Alpes-Côte d’Azur;43.6658;7.2737;1137;2017-09-17;;oui
SIT-01088;CLI-00879;Siège Bourges;Siège;101 route de Bordeaux;18000;Bourges;18033;Centre-Val de Loire;47.0661;2.3758;953;2018-09-18;2022-05-18;non
SIT-01089;CLI-00879;Point de vente Reims;Point de vente;136 rue de l’Industrie;51100;Reims;51454;Grand Est;49.2879;4.044;1600;2024-10-23;;oui
SIT-01090;CLI-00879;Entrepôt Quimper;Entrepôt;77 rue Pasteur;29000;Quimper;29232;Bretagne;48.0458;-4.147;624;2025-05-02;;oui
SIT-01091;CLI-00880;Siège QUIMPER;Siège;155 avenue Jean Jaurès;29000;QUIMPER;29232;Bretagne;48.0004;-4.131;40;2022-11-24;;oui
SIT-01092;CLI-00881;Siège Saint-Denis;Siège;179 place du Marché;93200;Saint-Denis;93066;Île-de-France;48.962;2.314;240;2026-03-29;;oui
SIT-01093;CLI-00881;Point de vente Strasbourg;Point de vente;172 rue de l’Industrie;67000;Strasbourg;67482;Grand Est;48.6025;7.7721;256;2021-07-28;;oui
SIT-01094;CLI-00881;Entrepôt Strasbourg;Entrepôt;26 rue de l’Industrie;67000;Strasbourg;67482;Grand Est;48.617;7.7257;40;2017-01-03;;oui
SIT-01095;CLI-00881;Usine Bourges;Usine;85 chemin des Vignes;18000;Bourges;18033;Centre-Val de Loire;47.1111;2.4051;401;2020-10-05;;oui
SIT-01096;CLI-00882;Siège Arles;Siège;6 rue Pasteur;13200;Arles;13004;Provence-Alpes-Côte d’Azur;43.7161;4.6647;1806;2023-08-13;;oui
SIT-01097;CLI-00882;Point de vente Beauvais;Point de vente;70 route de Bordeaux;60000;Beauvais;60057;Hauts-de-France;49.4215;2.0984;40;2018-12-17;;oui
SIT-01098;CLI-00882;Agence Chartres;Agence;57 route de Bordeaux;28000;Chartres;28085;Centre-Val de Loire;48.485;1.4653;537;2017-05-01;;oui
SIT-01099;CLI-00884;Siège Colmar;Siège;118 allée des Peupliers;68000;Colmar;68066;Grand Est;48.0406;7.35;1007;2022-01-08;;oui
SIT-01100;CLI-00887;Siège Mérignac;Siège;53 place du Marché;33700;Mérignac;33281;Nouvelle-Aquitaine;44.8264;-0.6781;617;2018-01-16;;oui
SIT-01101;CLI-00888;Siège Nevers;Siège;179 avenue Jean Jaurès;58000;Nevers;58194;Bourgogne-Franche-Comté;46.9797;3.2088;2251;2020-01-28;;oui
SIT-01102;CLI-00888;Point de vente Angoulême;Point de vente;35 rue Pasteur;16000;Angoulême;16015;Nouvelle-Aquitaine;45.623;0.1151;812;2024-11-23;;oui
SIT-01103;CLI-00890;Siège Cergy;Siège;46 quai des Docks;95000;Cergy;95127;Île-de-France;49.0201;2.0617;473;2019-08-12;;oui
SIT-01104;CLI-00891;Siège Cannes;Siège;119 boulevard Victor Hugo;06400;Cannes;06029;Provence-Alpes-Côte d’Azur;43.5171;7.0459;816;2020-08-02;;oui
SIT-01105;CLI-00893;Siège Meaux;Siège;32 rue de la République;77100;Meaux;77284;Île-de-France;48.9349;2.9192;40;2020-12-05;;oui
SIT-01106;CLI-00895;Siège Rodez;Siège;103 avenue du Général Leclerc;12000;Rodez;12202;Occitanie;44.3116;2.5571;1230;2024-12-17;;oui
SIT-01107;CLI-00896;Siège Issy-les-Moulineaux;Siège;26 route de Bordeaux;92130;Issy-les-Moulineaux;92040;Île-de-France;48.7982;2.265;40;2025-08-26;;oui
SIT-01108;CLI-00898;Siège Toulouse;Siège;108 rue de l’Industrie;31000;Toulouse;31555;Occitanie;43.5716;1.4263;1473;2017-06-25;;oui
SIT-01109;CLI-00899;Siège Versailles;Siège;150 route de Bordeaux;78000;Versailles;78646;Île-de-France;48.8254;2.152;2073;2022-08-03;;oui
SIT-01110;CLI-00900;Siège Rennes;Siège;1 route de Bordeaux;35000;Rennes;35238;Bretagne;48.0931;-1.7239;640;2023-04-18;;oui
SIT-01111;CLI-00902;Siège Cergy;Siège;15 avenue de la Gare;95000;Cergy;95127;Île-de-France;48.9969;2.0824;319;2017-08-13;;oui
SIT-01112;CLI-00902;Entrepôt Lyon;Entrepôt;4 avenue Jean Jaurès;69001;Lyon;69123;Auvergne-Rhône-Alpes;45.7155;4.7981;1159;2018-05-15;;oui
SIT-01113;CLI-00904;Siège Salon-de-Provence;Siège;132 rue des Acacias;13300;Salon-de-Provence;13103;Provence-Alpes-Côte d’Azur;43.6268;5.1399;1562;2022-07-07;;oui
SIT-01114;CLI-00905;Siège Nîmes;Siège;131 boulevard Victor Hugo;30000;Nîmes;30189;Occitanie;43.8862;4.3538;2002;2025-03-11;;oui
SIT-01115;CLI-00907;Siège Perpignan;Siège;55 avenue du Général Leclerc;66000;Perpignan;66136;Occitanie;42.7124;2.9105;450;2017-03-12;;oui
SIT-01116;CLI-00907;Entrepôt Grenoble;Entrepôt;101 place du Marché;38000;Grenoble;38185;Auvergne-Rhône-Alpes;45.1918;5.7601;442;2026-04-19;;oui
SIT-01117;CLI-00907;Agence Chalon-sur-Saône;Agence;33 route de Bordeaux;71100;Chalon-sur-Saône;71076;Bourgogne-Franche-Comté;46.8052;4.8573;922;2024-10-11;;oui
SIT-01118;CLI-00908;Siège Vannes;Siège;55 avenue du Général Leclerc;56000;Vannes;56260;Bretagne;47.6974;-2.7334;1771;2021-07-06;;oui
SIT-01119;CLI-00908;Entrepôt Grasse;Entrepôt;4 rue de l’Industrie;06130;Grasse;06069;Provence-Alpes-Côte d’Azur;43.6647;6.901;1240;2020-06-27;;oui
SIT-01120;CLI-00908;Usine La Rochelle;Usine;124 rue Pasteur;17000;La Rochelle;17300;Nouvelle-Aquitaine;46.1753;-1.1283;924;2020-09-15;;oui
SIT-01121;CLI-00909;Siège Avignon;Siège;163 chemin des Vignes;84000;Avignon;84007;Provence-Alpes-Côte d’Azur;43.9062;4.7726;40;2025-10-29;;oui
SIT-01122;CLI-00912;Siège Ajaccio;Siège;21 avenue de la Gare;20000;Ajaccio;2A004;Corse;41.9266;8.7727;213;2024-03-01;2029-05-13;non
SIT-01123;CLI-00912;Entrepôt Avignon;Entrepôt;17 route de Bordeaux;84000;Avignon;84007;Provence-Alpes-Côte d’Azur;43.9602;4.8158;1496;2022-11-14;;oui
SIT-01124;CLI-00913;Siège Cergy;Siège;56 avenue Jean Jaurès;95000;Cergy;95127;Île-de-France;49.0289;2.0504;549;2017-09-06;2016-11-14;non
SIT-01125;CLI-00913;Usine Antibes;Usine;116 rue du Commerce;06600;Antibes;06004;Provence-Alpes-Côte d’Azur;43.5411;7.0906;1157;2025-03-08;;oui
SIT-01126;CLI-00915;Siège Perpignan;Siège;2 avenue de la Gare;66000;Perpignan;66136;Occitanie;42.6721;2.9309;2170;2025-10-07;;oui
SIT-01127;CLI-00915;Entrepôt Sète;Entrepôt;128 rue du Commerce;34200;Sète;34301;Occitanie;43.4286;3.7434;2085;2016-06-25;;oui
SIT-01128;CLI-00915;Point de vente Beauvais;Point de vente;165 rue de la République;60000;Beauvais;60057;Hauts-de-France;49.3991;2.0359;865;2021-12-27;;oui
SIT-01129;CLI-00916;Siège Bastia;Siège;126 avenue Jean Jaurès;20200;Bastia;2B033;Corse;42.6684;9.4208;399;2019-10-31;;oui
SIT-01130;CLI-00916;Usine Grasse;Usine;82 rue du Commerce;06130;Grasse;06069;Provence-Alpes-Côte d’Azur;43.616;6.8829;911;2018-04-04;;oui
SIT-01131;CLI-00916;Point de vente Nevers;Point de vente;176 boulevard Victor Hugo;58000;Nevers;58194;Bourgogne-Franche-Comté;46.9626;3.1365;448;2020-04-24;;oui
SIT-01132;CLI-00918;Siège Angoulême;Siège;56 avenue Jean Jaurès;16000;Angoulême;16015;Nouvelle-Aquitaine;45.6346;0.1274;1298;2024-06-13;;oui
SIT-01133;CLI-00919;Siège Brest;Siège;140 avenue du Général Leclerc;29200;Brest;29019;Bretagne;48.3683;-4.4738;40;2019-03-31;;oui
SIT-01134;CLI-00919;Entrepôt Orléans;Entrepôt;135 rue du Commerce;45000;Orléans;45234;Centre-Val de Loire;47.8688;1.8715;40;2017-12-06;;oui
SIT-01135;CLI-00919;Agence Grenoble;Agence;130 quai des Docks;38000;Grenoble;38185;Auvergne-Rhône-Alpes;45.1411;5.718;40;2023-07-21;;oui
SIT-01136;CLI-00919;Point de vente Troyes;Point de vente;30 rue de la République;10000;Troyes;10387;Grand Est;48.3185;4.0958;507;2018-11-18;;oui
SIT-01137;CLI-00920;Siège Saint-Malo;Siège;18 quai des Docks;35400;Saint-Malo;35288;Bretagne;48.6656;-2.0664;772;2024-12-20;;oui
SIT-01138;CLI-00921;Siège Angers;Siège;142 rue de l’Industrie;49000;Angers;49007;Pays de la Loire;47.421;-0.5616;923;2020-01-28;;oui
SIT-01139;CLI-00922;Siège Bastia;Siège;23 rue des Acacias;20200;Bastia;2B033;Corse;42.6519;9.4689;1014;2025-02-20;;oui
SIT-01140;CLI-00922;Entrepôt Paris;Entrepôt;162 rue Pasteur;75001;Paris;75056;Île-de-France;48.8816;2.3021;40;2018-04-29;;oui
SIT-01141;CLI-00922;Usine Ajaccio;Usine;1 boulevard Victor Hugo;20000;Ajaccio;2A004;Corse;41.9119;8.718;525;2026-02-08;;oui
SIT-01142;CLI-00923;Siège Saint-Nazaire;Siège;153 rue des Acacias;44600;Saint-Nazaire;44184;Pays de la Loire;47.3219;-2.2206;1607;2021-07-24;;oui
SIT-01143;CLI-00923;Point de vente Chambéry;Point de vente;47 avenue Jean Jaurès;73000;Chambéry;73065;Auvergne-Rhône-Alpes;45.553;5.8802;61;2016-06-04;;oui
SIT-01144;CLI-00923;Usine Belfort;Usine;23 rue du Commerce;90000;Belfort;90010;Bourgogne-Franche-Comté;47.6125;6.8634;413;2018-03-06;;oui
SIT-01145;CLI-00924;Siège Orléans;Siège;69 impasse des Lilas;45000;Orléans;45234;Centre-Val de Loire;47.8608;1.8819;1720;2018-07-24;;oui
SIT-01146;CLI-00924;Agence Vannes;Agence;44 chemin des Vignes;56000;Vannes;56260;Bretagne;47.6173;-2.7307;2291;2019-03-21;;oui
SIT-01147;CLI-00927;Siège Valence;Siège;1 allée des Peupliers;26000;Valence;26362;Auvergne-Rhône-Alpes;44.9463;4.8917;331;2018-08-30;;oui
SIT-01148;CLI-00928;Siège Saint-Nazaire;Siège;150 place du Marché;44600;Saint-Nazaire;44184;Pays de la Loire;47.2484;-2.2486;657;2018-08-19;;oui
SIT-01149;CLI-00931;Siège Chartres;Siège;152 rue de la République;28000;Chartres;28085;Centre-Val de Loire;48.4653;1.5117;2421;2017-11-11;2022-06-11;non
SIT-01150;CLI-00931;Agence Laval;Agence;141 place du Marché;53000;Laval;53130;Pays de la Loire;48.1091;-0.7952;1278;2016-08-22;;oui
SIT-01151;CLI-00933;Siège Cholet;Siège;180 rue Pasteur;49300;Cholet;49099;Pays de la Loire;47.0682;-0.891;61;2018-09-07;;oui
SIT-01152;CLI-00934;Siège Roubaix;Siège;18 quai des Docks;59100;Roubaix;59512;Hauts-de-France;50.6832;3.2095;1397;2024-04-09;;oui
SIT-01153;CLI-00935;Siège Bayonne;Siège;5 rue des Acacias;64100;Bayonne;64102;Nouvelle-Aquitaine;43.4768;-1.4603;1810;2020-01-24;;oui
SIT-01154;CLI-00936;Siège Évreux;Siège;134 boulevard Victor Hugo;27000;Évreux;27229;Normandie;49.0195;1.1187;777;2021-08-10;;oui
SIT-01155;CLI-00937;Siège Châteauroux;Siège;56 rue de la République;36000;Châteauroux;36044;Centre-Val de Loire;46.8213;1.6915;1659;2021-04-11;2025-04-23;non
SIT-01156;CLI-00937;Point de vente Rodez;Point de vente;179 rue de la République;12000;Rodez;12202;Occitanie;44.3926;2.6112;322;2022-09-14;;oui
SIT-01157;CLI-00939;Siège Gap;Siège;16 avenue du Général Leclerc;05000;Gap;05061;Provence-Alpes-Côte d’Azur;44.6073;6.1164;503;2020-05-30;2021-05-15;non
SIT-01158;CLI-00940;Siège Angoulême;Siège;27 avenue Jean Jaurès;16000;Angoulême;16015;Nouvelle-Aquitaine;45.6438;0.1928;1056;2016-09-11;;oui
SIT-01159;CLI-00940;Entrepôt Mérignac;Entrepôt;97 avenue de la Gare;33700;Mérignac;33281;Nouvelle-Aquitaine;44.8312;-0.636;348;2024-10-12;;oui
SIT-01160;CLI-00940;Agence Amiens;Agence;148 allée des Peupliers;80000;Amiens;80021;Hauts-de-France;49.9223;2.2739;821;2020-11-11;;oui
SIT-01161;CLI-00940;Entrepôt Charleville-Mézières;Entrepôt;106 rue de la République;08000;Charleville-Mézières;08105;Grand Est;49.7748;4.7161;1256;2016-12-12;;oui
SIT-01162;CLI-00943;Siège Bordeaux;Siège;121 avenue de la Gare;33000;Bordeaux;33063;Nouvelle-Aquitaine;44.8263;-0.5745;2235;2024-07-15;;oui
SIT-01163;CLI-00945;Siège Angoulême;Siège;160 rue Pasteur;16000;Angoulême;16015;Nouvelle-Aquitaine;45.6668;0.1864;745;2020-06-03;;oui
SIT-01164;CLI-00946;Siège Carcassonne;Siège;67 rue Pasteur;11000;Carcassonne;11069;Occitanie;43.217;2.3325;236;2017-08-20;;oui
SIT-01165;CLI-00946;Usine Salon-de-Provence;Usine;37 route de Bordeaux;13300;Salon-de-Provence;13103;Provence-Alpes-Côte d’Azur;43.6212;5.1402;863;2025-07-04;;oui
SIT-01166;CLI-00946;Entrepôt Laval;Entrepôt;29 boulevard Victor Hugo;53000;Laval;53130;Pays de la Loire;48.0663;-0.7531;245;2023-02-09;;oui
SIT-01167;CLI-00948;Siège Reims;Siège;157 rue Pasteur;51100;Reims;51454;Grand Est;49.2237;4.0499;2616;2022-12-16;;oui
SIT-01168;CLI-00948;Agence Évreux;Agence;180 chemin des Vignes;27000;Évreux;27229;Normandie;48.9981;1.1689;389;2017-01-05;;oui
SIT-01169;CLI-00948;Entrepôt Argenteuil;Entrepôt;118 rue des Acacias;95100;Argenteuil;95018;Île-de-France;48.936;2.2469;1946;2024-04-23;;oui
SIT-01170;CLI-00949;Siège Meaux;Siège;56 route de Bordeaux;77100;Meaux;77284;Île-de-France;48.9827;2.864;1125;2021-11-06;;oui
SIT-01171;CLI-00950;Siège Chambéry;Siège;58 chemin des Vignes;73000;Chambéry;73065;Auvergne-Rhône-Alpes;45.5782;5.9664;2200;2023-11-26;;oui
SIT-01172;CLI-00950;Point de vente Cholet;Point de vente;88 impasse des Lilas;49300;Cholet;49099;Pays de la Loire;47.0255;-0.8639;300;2026-03-26;;oui
SIT-01173;CLI-00950;Agence Angers;Agence;49 rue des Acacias;49000;Angers;49007;Pays de la Loire;47.5163;-0.5991;40;2020-08-19;;oui
SIT-01174;CLI-00950;Usine Grenoble;Usine;55 impasse des Lilas;38000;Grenoble;38185;Auvergne-Rhône-Alpes;45.1902;5.6965;1189;2025-05-02;;oui
SIT-01175;CLI-00951;Siège Ajaccio;Siège;55 avenue Jean Jaurès;20000;Ajaccio;2A004;Corse;41.9072;8.7291;1213;2022-06-28;;oui
SIT-01176;CLI-00951;Usine La Roche-sur-Yon;Usine;100 place du Marché;85000;La Roche-sur-Yon;85191;Pays de la Loire;46.626;-1.3807;1090;2020-03-27;;oui
SIT-01177;CLI-00954;Siège Angers;Siège;10 rue de l’Industrie;49000;Angers;49007;Pays de la Loire;47.5155;-0.5952;610;2020-03-30;;oui
SIT-01178;CLI-00954;Point de vente Lorient;Point de vente;76 allée des Peupliers;56100;Lorient;56121;Bretagne;47.7038;-3.4158;364;2020-04-28;;oui
SIT-01179;CLI-00955;Siège Boulogne-Billancourt;Siège;55 rue des Acacias;92100;Boulogne-Billancourt;92012;Île-de-France;48.836;2.2168;2180;2017-08-14;;oui
SIT-01180;CLI-00955;Usine Gap;Usine;60 rue Pasteur;05000;Gap;05061;Provence-Alpes-Côte d’Azur;44.5511;6.0777;1456;2018-09-23;;oui
SIT-01181;CLI-00955;Agence Montpellier;Agence;28 rue de l’Industrie;34000;Montpellier;34172;Occitanie;43.6354;3.9267;1320;2020-04-24;;oui
SIT-01182;CLI-00955;Entrepôt Montreuil;Entrepôt;10 chemin des Vignes;93100;Montreuil;93048;Île-de-France;48.8342;2.3957;674;2019-10-14;;oui
SIT-01183;CLI-00956;Siège Bayonne;Siège;5 chemin des Vignes;64100;Bayonne;64102;Nouvelle-Aquitaine;43.458;-1.4613;486;2016-06-15;;oui
SIT-01184;CLI-00957;Siège boulogne-billancourt;Siège;62 boulevard Victor Hugo;92100;boulogne-billancourt;92012;Île-de-France;48.8309;2.2688;1643;2022-07-29;;oui
SIT-01185;CLI-00957;Point de vente Annecy;Point de vente;148 place du Marché;74000;Annecy;74010;Auvergne-Rhône-Alpes;45.933;6.0803;941;2018-05-10;;oui
SIT-01186;CLI-00957;Entrepôt Carcassonne;Entrepôt;83 rue Pasteur;11000;Carcassonne;11069;Occitanie;43.2237;2.3769;1116;2019-09-23;;oui
SIT-01187;CLI-00958;Siège Bourges;Siège;84 rue de la République;18000;Bourges;18033;Centre-Val de Loire;47.075;2.4499;1610;2018-01-29;;oui
SIT-01188;CLI-00959;Siège Cergy;Siège;167 rue des Acacias;95000;Cergy;95127;Île-de-France;49.0058;2.1034;585;2020-10-12;;oui
SIT-01189;CLI-00960;Siège Boulogne-Billancourt;Siège;7 rue Pasteur;92100;Boulogne-Billancourt;92012;Île-de-France;48.8298;2.2348;751;2024-02-08;;oui
SIT-01190;CLI-00961;Siège Niort;Siège;152 impasse des Lilas;10000;Niort;79191;Nouvelle-Aquitaine;46.3422;-0.5064;40;2019-05-07;;oui
SIT-01191;CLI-00961;Point de vente Pau;Point de vente;67 boulevard Victor Hugo;64000;Pau;64445;Nouvelle-Aquitaine;43.268;-0.3211;132;2016-09-19;;oui
SIT-01192;CLI-00961;Agence Strasbourg;Agence;68 avenue de la Gare;67000;Strasbourg;67482;Grand Est;48.5654;7.7271;682;2023-09-23;;oui
SIT-01193;CLI-00961;Usine Vannes;Usine;24 rue Pasteur;56000;Vannes;56260;Bretagne;47.6532;-2.7927;2449;2017-10-24;;oui
SIT-01194;CLI-00963;Siège Saint-Brieuc;Siège;100 rue du Commerce;22000;Saint-Brieuc;22278;Bretagne;48.5516;-2.7489;1898;2017-04-01;;oui
SIT-01195;CLI-00964;Siège Bayonne;Siège;122 avenue Jean Jaurès;64100;Bayonne;64102;Nouvelle-Aquitaine;43.5152;-1.4821;1821;2021-08-02;;oui
SIT-01196;CLI-00964;Usine Toulon;Usine;21 avenue Jean Jaurès;83000;Toulon;83137;Provence-Alpes-Côte d’Azur;43.1561;5.9771;40;2020-11-16;;oui
SIT-01197;CLI-00964;Agence Poitiers;Agence;21 rue du Commerce;86000;Poitiers;86194;Nouvelle-Aquitaine;46.5733;0.2912;959;2025-09-12;;oui
SIT-01198;CLI-00965;Siège Reims;Siège;105 rue de l’Industrie;51100;Reims;51454;Grand Est;49.3021;4.0665;654;2025-12-05;;oui
SIT-01199;CLI-00966;Siège Béziers;Siège;69 avenue Jean Jaurès;34500;Béziers;34032;Occitanie;43.3834;3.2482;463;2021-07-20;;oui
SIT-01200;CLI-00967;Siège Montreuil;Siège;35 allée des Peupliers;93100;Montreuil;93048;Île-de-France;48.8338;2.4464;943;2016-10-22;2019-10-17;non
SIT-01201;CLI-00967;Entrepôt Marseille;Entrepôt;9 boulevard Victor Hugo;13001;Marseille;13055;Provence-Alpes-Côte d’Azur;43.2758;5.3938;2885;2018-12-14;;oui
SIT-01202;CLI-00968;Siège Nancy;Siège;68 avenue Jean Jaurès;54000;Nancy;54395;Grand Est;48.6566;6.1334;338;2017-08-13;;oui
SIT-01203;CLI-00968;Agence La Rochelle;Agence;132 rue de la République;17000;La Rochelle;17300;Nouvelle-Aquitaine;46.2093;-1.1761;2193;2018-04-15;2021-04-01;non
SIT-01204;CLI-00968;Agence Valence;Agence;74 impasse des Lilas;26000;Valence;26362;Auvergne-Rhône-Alpes;44.9242;4.9205;420;2020-06-02;;oui
SIT-01205;CLI-00969;Siège Ajaccio;Siège;13 quai des Docks;34500;Ajaccio;2A004;Corse;41.8858;8.7063;1261;2018-04-24;;oui
SIT-01206;CLI-00970;Siège Strasbourg;Siège;92 avenue du Général Leclerc;67000;Strasbourg;67482;Grand Est;48.5633;7.7428;40;2025-11-26;;oui
SIT-01207;CLI-00970;Agence Versailles;Agence;99 allée des Peupliers;78000;Versailles;78646;Île-de-France;48.7505;2.1226;1037;2021-12-30;;oui
SIT-01208;CLI-00970;Entrepôt Besançon;Entrepôt;132 rue des Acacias;25000;Besançon;25056;Bourgogne-Franche-Comté;47.222;6.0318;1188;2018-11-09;;oui
SIT-01209;CLI-00971;Siège Orléans;Siège;107 chemin des Vignes;45000;Orléans;45234;Centre-Val de Loire;47.9278;1.8868;659;2016-08-03;;oui
SIT-01210;CLI-00972;Siège Villeurbanne;Siège;142 avenue Jean Jaurès;69100;Villeurbanne;69266;Auvergne-Rhône-Alpes;45.7226;4.9026;484;2019-01-11;2021-10-25;non
SIT-01211;CLI-00972;Entrepôt Blois;Entrepôt;16 allée des Peupliers;41000;Blois;41018;Centre-Val de Loire;47.61;1.2923;1049;2016-10-09;2021-02-18;non
SIT-01212;CLI-00974;Siège Cholet;Siège;46 avenue du Général Leclerc;49300;Cholet;49099;Pays de la Loire;47.1003;-0.9125;1787;2018-03-08;;oui
SIT-01213;CLI-00974;Usine Colmar;Usine;97 rue de l’Industrie;68000;Colmar;68066;Grand Est;48.0433;7.362;40;2021-08-18;;oui
SIT-01214;CLI-00975;Siège Angers;Siège;156 route de Bordeaux;49000;Angers;49007;Pays de la Loire;47.4842;-0.5624;40;2025-01-02;2027-07-24;non
SIT-01215;CLI-00976;Siège Évry-Courcouronnes;Siège;28 allée des Peupliers;91000;Évry-Courcouronnes;91228;Île-de-France;48.6318;2.4395;325;2020-01-22;;oui
SIT-01216;CLI-00976;Agence Nevers;Agence;110 rue du Commerce;58000;Nevers;58194;Bourgogne-Franche-Comté;46.9701;3.1414;2297;2018-01-24;;oui
SIT-01217;CLI-00976;Agence Dijon;Agence;78 impasse des Lilas;21000;Dijon;21231;Bourgogne-Franche-Comté;47.2986;5.0296;840;2020-12-06;2023-05-05;non
SIT-01218;CLI-00976;Point de vente Versailles;Point de vente;157 boulevard Victor Hugo;78000;Versailles;78646;Île-de-France;48.7708;2.1243;838;2018-03-19;;oui
SIT-01219;CLI-00977;Siège Chambéry;Siège;171 allée des Peupliers;73000;Chambéry;73065;Auvergne-Rhône-Alpes;45.5395;5.8786;303;2019-10-31;;oui
SIT-01220;CLI-00979;Siège Cergy;Siège;133 rue des Acacias;95000;Cergy;95127;Île-de-France;48.9956;2.0688;896;2024-11-08;;oui
SIT-01221;CLI-00979;Agence Aix-en-Provence;Agence;79 place du Marché;13100;Aix-en-Provence;13001;Provence-Alpes-Côte d’Azur;43.5617;5.483;995;2024-07-02;;oui
SIT-01222;CLI-00981;Siège Saint-Denis;Siège;129 avenue du Général Leclerc;93200;Saint-Denis;93066;Île-de-France;48.9278;2.3783;543;2023-05-12;;oui
SIT-01223;CLI-00982;Siège Châteauroux;Siège;74 avenue du Général Leclerc;36000;Châteauroux;36044;Centre-Val de Loire;46.8514;1.6693;40;2020-02-06;;oui
SIT-01224;CLI-00984;Siège Angers;Siège;124 rue Pasteur;49000;Angers;49007;Pays de la Loire;47.4528;-0.557;1223;2016-07-17;;oui
SIT-01225;CLI-00984;Usine Lille;Usine;69 rue de la République;59000;Lille;59350;Hauts-de-France;50.6689;3.0326;40;2023-01-25;;oui
SIT-01226;CLI-00985;Siège Saint-Brieuc;Siège;45 rue de la République;22000;Saint-Brieuc;22278;Bretagne;48.5189;-2.7624;131;2023-03-21;;oui
SIT-01227;CLI-00985;Agence Rennes;Agence;10 allée des Peupliers;35000;Rennes;35238;Bretagne;48.0996;-1.7156;1434;2022-07-21;;oui
SIT-01228;CLI-00985;Entrepôt La Roche-sur-Yon;Entrepôt;144 place du Marché;85000;La Roche-sur-Yon;85191;Pays de la Loire;46.7085;-1.4285;2065;2020-10-23;;oui
SIT-01229;CLI-00985;Point de vente Auxerre;Point de vente;167 rue de la République;89000;Auxerre;89024;Bourgogne-Franche-Comté;47.8433;3.5424;157;2022-04-11;;oui
SIT-01230;CLI-00987;Siège Belfort;Siège;11 quai des Docks;90000;Belfort;90010;Bourgogne-Franche-Comté;47.6257;6.8812;1721;2019-01-16;;oui
SIT-01231;CLI-00988;Siège Tarbes;Siège;11 avenue Jean Jaurès;65000;Tarbes;65440;Occitanie;43.1878;0.0431;581;2019-05-11;;oui
SIT-01232;CLI-00989;Siège Lorient;Siège;27 rue de l’Industrie;56100;Lorient;56121;Bretagne;47.7655;-3.4173;1570;2016-07-11;;oui
SIT-01233;CLI-00989;Point de vente Vannes;Point de vente;176 rue du Commerce;56000;Vannes;56260;Bretagne;47.6695;-2.8093;1987;2016-05-25;;oui
SIT-01234;CLI-00989;Point de vente Bourges;Point de vente;20 quai des Docks;18000;Bourges;18033;Centre-Val de Loire;47.1197;2.4305;1656;2017-03-11;;oui
SIT-01235;CLI-00990;Siège Auxerre;Siège;53 allée des Peupliers;89000;Auxerre;89024;Bourgogne-Franche-Comté;47.7969;3.56;40;2022-08-01;;oui
SIT-01236;CLI-00991;Siège Bourges;Siège;49 avenue de la Gare;18000;Bourges;18033;Centre-Val de Loire;47.0433;2.4228;1828;2020-11-14;;oui
SIT-01237;CLI-00995;Siège Grasse;Siège;103 place du Marché;06130;Grasse;06069;Provence-Alpes-Côte d’Azur;43.6539;6.8836;2177;2017-02-18;;oui
SIT-01238;CLI-00997;Siège Bordeaux;Siège;124 allée des Peupliers;33000;Bordeaux;33063;Nouvelle-Aquitaine;44.8177;-0.5475;1424;2018-09-09;;oui
SIT-01239;CLI-00997;Agence Roubaix;Agence;176 chemin des Vignes;59100;Roubaix;59512;Hauts-de-France;50.7068;3.2097;1063;2020-07-24;;oui
SIT-01240;CLI-00998;Siège Calais;Siège;20 rue de la République;62100;Calais;62193;Hauts-de-France;50.9984;1.8221;2461;2025-05-16;;oui
SIT-01241;CLI-00998;Entrepôt Orléans;Entrepôt;37 rue de l’Industrie;45000;Orléans;45234;Centre-Val de Loire;47.8568;1.8692;1178;2018-07-14;;oui
SIT-01242;CLI-00998;Usine La Rochelle;Usine;78 rue du Commerce;17000;La Rochelle;17300;Nouvelle-Aquitaine;46.1375;-1.1551;1208;2020-05-08;;oui
SIT-01243;CLI-00998;Usine Saint-Malo;Usine;37 route de Bordeaux;35400;Saint-Malo;35288;Bretagne;48.6229;-2.0763;265;2019-11-07;;oui
SIT-01244;CLI-00999;Siège Annecy;Siège;38 impasse des Lilas;74000;Annecy;74010;Auvergne-Rhône-Alpes;45.9234;6.1444;151;2024-04-26;;oui
SIT-01245;CLI-01000;Siège Agen;Siège;9 rue du Commerce;47000;Agen;47001;Nouvelle-Aquitaine;44.245;0.6434;2604;2019-06-10;;oui
SIT-01246;CLI-01000;Usine Salon-de-Provence;Usine;15 rue des Acacias;13300;Salon-de-Provence;13103;Provence-Alpes-Côte d’Azur;43.6651;5.1212;321;2020-09-07;;oui
SIT-01247;CLI-01000;Entrepôt Arles;Entrepôt;9 avenue Jean Jaurès;13200;Arles;13004;Provence-Alpes-Côte d’Azur;43.656;4.5961;40;2024-06-18;;oui
SIT-01248;CLI-01002;Siège Arles;Siège;141 place du Marché;13200;Arles;13004;Provence-Alpes-Côte d’Azur;43.6425;4.5942;723;2017-03-25;;oui
SIT-01249;CLI-01003;Siège Châteauroux;Siège;164 quai des Docks;36000;Châteauroux;36044;Centre-Val de Loire;46.7652;1.6401;558;2023-10-06;;oui
SIT-01250;CLI-01003;Point de vente Paris;Point de vente;72 quai des Docks;75001;Paris;75056;Île-de-France;48.831;2.3459;825;2017-05-14;;oui
SIT-01251;CLI-01003;Usine Charleville-Mézières;Usine;119 rue des Acacias;08000;Charleville-Mézières;08105;Grand Est;49.7683;4.7601;40;2019-03-08;;oui
SIT-01252;CLI-01004;Siège Lorient;Siège;56 rue des Acacias;56100;Lorient;56121;Bretagne;47.7871;-3.3277;385;2023-11-17;;oui
SIT-01253;CLI-01004;Agence Vannes;Agence;179 impasse des Lilas;56000;Vannes;56260;Bretagne;47.6587;-2.7973;529;2023-06-13;;oui
SIT-01254;CLI-01004;Point de vente Grasse;Point de vente;125 avenue Jean Jaurès;06130;Grasse;06069;Provence-Alpes-Côte d’Azur;43.6372;6.9097;1316;2017-04-04;;oui
SIT-01255;CLI-01005;Siège Cherbourg-en-Cotentin;Siège;166 rue de la République;50100;Cherbourg-en-Cotentin;50129;Normandie;49.6288;-1.6613;1138;2018-06-01;;oui
SIT-01256;CLI-01006;Siège Toulon;Siège;131 avenue de la Gare;83000;Toulon;83137;Provence-Alpes-Côte d’Azur;43.1546;5.939;40;2020-08-28;;oui
SIT-01257;CLI-01006;Agence Saint-Nazaire;Agence;163 rue du Commerce;44600;Saint-Nazaire;44184;Pays de la Loire;47.2998;-2.1624;2362;2019-04-20;;oui
SIT-01258;CLI-01007;Siège Beauvais;Siège;130 boulevard Victor Hugo;60000;Beauvais;60057;Hauts-de-France;49.432;2.0303;1054;2025-03-30;2029-06-05;non
SIT-01259;CLI-01009;Siège Toulouse;Siège;151 allée des Peupliers;31000;Toulouse;31555;Occitanie;43.6403;1.4375;1227;2023-09-06;;oui
SIT-01260;CLI-01010;Siège Meaux;Siège;121 avenue de la Gare;77100;Meaux;77284;Île-de-France;48.9454;2.8677;2030;2022-05-13;;oui
SIT-01261;CLI-01010;Agence Marseille;Agence;16 rue de l’Industrie;13001;Marseille;13055;Provence-Alpes-Côte d’Azur;43.3044;5.3789;1050;2020-09-01;;oui
SIT-01262;CLI-01016;Siège Salon-de-Provence;Siège;25 route de Bordeaux;13300;Salon-de-Provence;13103;Provence-Alpes-Côte d’Azur;43.6091;5.1388;1683;2024-11-16;;oui
SIT-01263;CLI-01017;Siège Rodez;Siège;25 place du Marché;12000;Rodez;12202;Occitanie;44.3784;2.5769;478;2021-08-16;2025-09-25;non
SIT-01264;CLI-01017;Point de vente Vannes;Point de vente;167 impasse des Lilas;56000;Vannes;56260;Bretagne;47.6995;-2.761;127;2026-01-06;;oui
SIT-01265;CLI-01018;Siège Calais;Siège;41 rue de l’Industrie;62100;Calais;62193;Hauts-de-France;50.9571;1.8624;1618;2020-08-03;;oui
SIT-01266;CLI-01019;Siège Cherbourg-en-Cotentin;Siège;45 route de Bordeaux;50100;Cherbourg-en-Cotentin;50129;Normandie;49.635;-1.5904;1498;2021-02-02;;oui
SIT-01267;CLI-01020;Siège Chartres;Siège;10 chemin des Vignes;28000;Chartres;28085;Centre-Val de Loire;48.4286;1.4635;1248;2018-01-25;2022-08-15;non
SIT-01268;CLI-01020;Agence Issy-les-Moulineaux;Agence;9 impasse des Lilas;92130;Issy-les-Moulineaux;92040;Île-de-France;48.8133;2.2796;1471;2016-06-07;;oui
SIT-01269;CLI-01020;Point de vente Le Mans;Point de vente;78 rue du Commerce;72000;Le Mans;72181;Pays de la Loire;47.967;0.2445;1373;2019-01-13;;oui
SIT-01270;CLI-01022;Siège Beauvais;Siège;100 route de Bordeaux;60000;Beauvais;60057;Hauts-de-France;49.412;2.1032;912;2018-08-08;2022-04-04;non
SIT-01271;CLI-01023;Siège Arles;Siège;163 rue Pasteur;13200;Arles;13004;Provence-Alpes-Côte d’Azur;43.6309;4.5985;2125;2017-05-04;;oui
SIT-01272;CLI-01024;Siège MULHOUSE;Siège;125 chemin des Vignes;68100;MULHOUSE;68224;Grand Est;47.7987;7.3875;618;2016-09-08;;oui
SIT-01273;CLI-01027;Siège Troyes;Siège;83 place du Marché;10000;Troyes;10387;Grand Est;48.3428;4.1091;379;2019-05-14;;oui
SIT-01274;CLI-01028;Siège Angers;Siège;162 boulevard Victor Hugo;49000;Angers;49007;Pays de la Loire;47.4393;-0.5744;901;2018-03-27;;oui
SIT-01275;CLI-01028;Point de vente Belfort;Point de vente;18 rue Pasteur;90000;Belfort;90010;Bourgogne-Franche-Comté;47.6838;6.8919;515;2020-01-31;;oui
SIT-01276;CLI-01028;Agence Cholet;Agence;92 rue de la République;49300;Cholet;49099;Pays de la Loire;47.013;-0.857;1427;2025-04-20;;oui
SIT-01277;CLI-01029;Siège Bastia;Siège;38 allée des Peupliers;20200;Bastia;2B033;Corse;42.7412;9.4554;1177;2022-04-09;;oui
SIT-01278;CLI-01029;Usine Cholet;Usine;160 place du Marché;49300;Cholet;49099;Pays de la Loire;47.0361;-0.8572;1483;2019-07-28;;oui
SIT-01279;CLI-01029;Agence Roanne;Agence;164 rue Pasteur;42300;Roanne;42187;Auvergne-Rhône-Alpes;46.0648;4.0394;1490;2024-05-10;;oui
SIT-01280;CLI-01029;Entrepôt Laval;Entrepôt;157 avenue du Général Leclerc;53000;Laval;53130;Pays de la Loire;48.024;-0.7295;520;2017-07-06;;oui
SIT-01281;CLI-01030;Siège Le Havre;Siège;97 chemin des Vignes;76600;Le Havre;76351;Normandie;49.4955;0.0989;1540;2023-06-09;;oui
SIT-01282;CLI-01030;Entrepôt Villeurbanne;Entrepôt;148 rue de la République;69100;Villeurbanne;69266;Auvergne-Rhône-Alpes;45.7394;4.8994;1590;2016-11-28;;oui
SIT-01283;CLI-01031;Siège Tours;Siège;53 boulevard Victor Hugo;37000;Tours;37261;Centre-Val de Loire;47.4323;0.6607;420;2025-10-08;;oui
SIT-01284;CLI-01031;Usine Dijon;Usine;116 avenue Jean Jaurès;21000;Dijon;21231;Bourgogne-Franche-Comté;47.3431;5.0047;291;2022-06-12;;oui
SIT-01285;CLI-01033;Siège Toulon;Siège;126 rue de la République;83000;Toulon;83137;Provence-Alpes-Côte d’Azur;43.1013;5.9755;489;2020-12-04;;oui
SIT-01286;CLI-01035;Siège Saint-Nazaire;Siège;1 rue des Acacias;44600;Saint-Nazaire;44184;Pays de la Loire;47.3279;-2.1635;705;2019-01-24;2021-05-11;non
SIT-01287;CLI-01036;Siège Périgueux;Siège;150 rue du Commerce;24000;Périgueux;24322;Nouvelle-Aquitaine;45.1547;0.7518;1505;2023-08-18;;oui
SIT-01288;CLI-01037;Siège Montreuil;Siège;71 avenue Jean Jaurès;93100;Montreuil;93048;Île-de-France;48.9076;2.4331;763;2026-04-08;2028-02-26;non
SIT-01289;CLI-01039;Siège Antibes;Siège;51 impasse des Lilas;06600;Antibes;06004;Provence-Alpes-Côte d’Azur;43.5825;7.1617;1875;2016-08-13;;oui
SIT-01290;CLI-01039;Entrepôt Avignon;Entrepôt;166 rue de la République;84000;Avignon;84007;Provence-Alpes-Côte d’Azur;43.9598;4.7947;1250;2019-08-18;;oui
SIT-01291;CLI-01039;Agence Tarbes;Agence;10 allée des Peupliers;65000;Tarbes;65440;Occitanie;43.1847;0.0332;1454;2019-08-02;;oui
SIT-01292;CLI-01040;Siège Saint-Nazaire;Siège;175 rue du Commerce;44600;Saint-Nazaire;44184;Pays de la Loire;47.2526;-2.1621;1203;2018-06-06;;oui
SIT-01293;CLI-01043;Siège Saint-Malo;Siège;175 boulevard Victor Hugo;35400;Saint-Malo;35288;Bretagne;48.6484;-2.0639;40;2025-10-27;;oui
SIT-01294;CLI-01044;Siège Montreuil;Siège;12 impasse des Lilas;93100;Montreuil;93048;Île-de-France;48.8829;2.4363;769;2019-09-12;2021-07-05;non
SIT-01295;CLI-01045;Siège Saint-Denis;Siège;68 rue des Acacias;93200;Saint-Denis;93066;Île-de-France;48.9209;2.4018;1109;2021-05-19;;oui
SIT-01296;CLI-01045;Point de vente Albi;Point de vente;61 place du Marché;81000;Albi;81004;Occitanie;43.8961;2.1376;1822;2021-02-20;;oui
SIT-01297;CLI-01046;Siège Pau;Siège;84 allée des Peupliers;64000;Pau;64445;Nouvelle-Aquitaine;43.2969;-0.41;1402;2023-04-03;;oui
SIT-01298;CLI-01048;Siège Dunkerque;Siège;168 rue des Acacias;59140;Dunkerque;59183;Hauts-de-France;51.0244;2.4241;191;2022-11-28;;oui
SIT-01299;CLI-01048;Agence Blois;Agence;176 avenue du Général Leclerc;41000;Blois;41018;Centre-Val de Loire;47.5583;1.3194;599;2024-05-16;;oui
SIT-01300;CLI-01048;Usine Troyes;Usine;105 avenue du Général Leclerc;10000;Troyes;10387;Grand Est;48.315;4.0824;941;2018-04-29;;oui
SIT-01301;CLI-01049;Siège Carcassonne;Siège;62 avenue Jean Jaurès;11000;Carcassonne;11069;Occitanie;43.2295;2.3403;65;2026-02-11;;oui
SIT-01302;CLI-01049;Usine Bastia;Usine;110 boulevard Victor Hugo;20200;Bastia;2B033;Corse;42.7243;9.4897;585;2020-05-04;;oui
SIT-01303;CLI-01049;Entrepôt Mulhouse;Entrepôt;34 rue de l’Industrie;68100;Mulhouse;68224;Grand Est;47.7905;7.378;1360;2019-06-03;;oui
SIT-01304;CLI-01050;Siège Meaux;Siège;98 rue de l’Industrie;77100;Meaux;77284;Île-de-France;49.0095;2.9181;40;2018-08-02;;oui
SIT-01305;CLI-01051;Siège Laval;Siège;111 route de Bordeaux;53000;Laval;53130;Pays de la Loire;48.0569;-0.8018;748;2023-08-16;;oui
SIT-01306;CLI-01052;Siège Albi;Siège;53 rue des Acacias;81000;Albi;81004;Occitanie;43.9618;2.18;2325;2021-07-07;;oui
SIT-01307;CLI-01055;Siège Montpellier;Siège;68 rue de l’Industrie;34000;Montpellier;34172;Occitanie;43.6489;3.8818;696;2025-02-18;;oui
SIT-01308;CLI-01057;Siège Cholet;Siège;23 rue du Commerce;49300;Cholet;49099;Pays de la Loire;47.0949;-0.8939;1536;2017-09-22;;oui
SIT-01309;CLI-01058;Siège Perpignan;Siège;7 rue de l’Industrie;66000;Perpignan;66136;Occitanie;42.6685;2.9452;1888;2023-06-01;;oui
SIT-01310;CLI-01059;Siège Bayonne;Siège;101 avenue Jean Jaurès;64100;Bayonne;64102;Nouvelle-Aquitaine;43.5058;-1.5227;1829;2020-06-04;;oui
SIT-01311;CLI-01060;Siège Bourg-en-Bresse;Siège;135 rue de l’Industrie;01000;Bourg-en-Bresse;01053;Auvergne-Rhône-Alpes;46.2083;5.2582;887;2023-12-12;2028-11-26;non
SIT-01312;CLI-01061;Siège Grenoble;Siège;55 rue de la République;38000;Grenoble;38185;Auvergne-Rhône-Alpes;45.1752;5.6864;480;2023-01-01;;oui
SIT-01313;CLI-01063;Siège Agen;Siège;112 route de Bordeaux;47000;Agen;47001;Nouvelle-Aquitaine;44.1809;0.6544;901;2021-04-02;;oui
SIT-01314;CLI-01063;Entrepôt Grasse;Entrepôt;109 allée des Peupliers;06130;Grasse;06069;Provence-Alpes-Côte d’Azur;43.6185;6.9349;40;2018-08-14;;oui
SIT-01315;CLI-01063;Usine Bayonne;Usine;17 route de Bordeaux;64100;Bayonne;64102;Nouvelle-Aquitaine;43.4984;-1.4602;614;2023-11-19;;oui
SIT-01316;CLI-01063;Entrepôt Limoges;Entrepôt;169 allée des Peupliers;87000;Limoges;87085;Nouvelle-Aquitaine;45.7922;1.2252;1633;2023-04-25;;oui
SIT-01317;CLI-01064;Siège Meaux;Siège;42 allée des Peupliers;77100;Meaux;77284;Île-de-France;48.9364;2.8756;1332;2026-03-10;;oui
SIT-01318;CLI-01065;Siège Saint-Quentin;Siège;103 rue de la République;02100;Saint-Quentin;02691;Hauts-de-France;49.8005;3.3067;3093;2019-11-03;;oui
SIT-01319;CLI-01066;Siège Roanne;Siège;130 rue du Commerce;42300;Roanne;42187;Auvergne-Rhône-Alpes;46.0208;4.0946;1545;2021-10-17;;oui
SIT-01320;CLI-01066;Point de vente Grenoble;Point de vente;35 chemin des Vignes;38000;Grenoble;38185;Auvergne-Rhône-Alpes;45.2144;5.7036;409;2020-04-21;;oui
SIT-01321;CLI-01066;Usine Lille;Usine;27 rue Pasteur;59000;Lille;59350;Hauts-de-France;50.596;3.0913;1289;2018-10-18;;oui
SIT-01322;CLI-01067;Siège Issy-les-Moulineaux;Siège;121 allée des Peupliers;64000;Issy-les-Moulineaux;92040;Île-de-France;48.7709;2.246;40;2024-05-21;;oui
SIT-01323;CLI-01068;Siège Aix-en-Provence;Siège;100 allée des Peupliers;13100;Aix-en-Provence;13001;Provence-Alpes-Côte d’Azur;43.5354;5.4998;535;2019-07-21;;oui
SIT-01324;CLI-01068;Agence Cannes;Agence;170 rue des Acacias;06400;Cannes;06029;Provence-Alpes-Côte d’Azur;43.5472;7.0404;40;2023-10-16;;oui
SIT-01325;CLI-01069;Siège Chambéry;Siège;99 avenue du Général Leclerc;73000;Chambéry;73065;Auvergne-Rhône-Alpes;45.5839;5.9244;1022;2023-07-04;;oui
SIT-01326;CLI-01070;Siège Dunkerque;Siège;89 rue des Acacias;59140;Dunkerque;59183;Hauts-de-France;51.0483;2.3358;553;2022-10-19;;oui
SIT-01327;CLI-01071;Siège Chalon-sur-Saône;Siège;10 chemin des Vignes;71100;Chalon-sur-Saône;71076;Bourgogne-Franche-Comté;46.8282;4.8108;148;2024-09-19;;oui
SIT-01328;CLI-01072;Siège Annecy;Siège;15 impasse des Lilas;74000;Annecy;74010;Auvergne-Rhône-Alpes;45.8806;6.0847;1494;2025-07-16;2028-01-10;non
SIT-01329;CLI-01073;Siège Cholet;Siège;68 avenue Jean Jaurès;49300;Cholet;49099;Pays de la Loire;47.0151;-0.8433;40;2019-04-11;;oui
SIT-01330;CLI-01073;Usine Argenteuil;Usine;13 avenue Jean Jaurès;95100;Argenteuil;95018;Île-de-France;48.9217;2.2696;1176;2026-04-17;;oui
SIT-01331;CLI-01073;Entrepôt Villeurbanne;Entrepôt;76 quai des Docks;69100;Villeurbanne;69266;Auvergne-Rhône-Alpes;45.7353;4.9171;240;2021-01-18;;oui
SIT-01332;CLI-01074;Siège Avignon;Siège;159 rue du Commerce;84000;Avignon;84007;Provence-Alpes-Côte d’Azur;43.971;4.8557;609;2016-04-21;2020-11-26;non
SIT-01333;CLI-01074;Entrepôt Bayonne;Entrepôt;29 chemin des Vignes;64100;Bayonne;64102;Nouvelle-Aquitaine;43.4959;-1.5026;1990;2019-06-13;;oui
SIT-01334;CLI-01074;Entrepôt Versailles;Entrepôt;102 route de Bordeaux;78000;Versailles;78646;Île-de-France;48.8498;2.0841;327;2024-12-07;;oui
SIT-01335;CLI-01074;Point de vente Saint-Denis;Point de vente;35 quai des Docks;93200;Saint-Denis;93066;Île-de-France;48.89;2.4008;783;2019-07-24;;oui
SIT-01336;CLI-01075;Siège Cholet;Siège;180 boulevard Victor Hugo;49300;Cholet;49099;Pays de la Loire;47.0557;-0.8893;259;2025-05-08;;oui
SIT-01337;CLI-01076;Siège Albi;Siège;54 place du Marché;81000;Albi;81004;Occitanie;43.9693;2.1277;302;2016-04-30;;oui
SIT-01338;CLI-01079;Siège Antibes;Siège;85 chemin des Vignes;06600;Antibes;06004;Provence-Alpes-Côte d’Azur;43.5647;7.1543;2132;2018-03-31;;oui
SIT-01339;CLI-01079;Point de vente Vannes;Point de vente;49 rue Pasteur;56000;Vannes;56260;Bretagne;47.6845;-2.775;2000;2023-08-07;;oui
SIT-01340;CLI-01079;Entrepôt Pau;Entrepôt;149 place du Marché;64000;Pau;64445;Nouvelle-Aquitaine;43.3257;-0.3485;1680;2022-06-11;;oui
SIT-01341;CLI-01079;Point de vente Antibes;Point de vente;72 impasse des Lilas;06600;Antibes;06004;Provence-Alpes-Côte d’Azur;43.61;7.14;848;2022-02-05;;oui
SIT-01342;CLI-01080;Siège Angoulême;Siège;175 rue de la République;16000;Angoulême;16015;Nouvelle-Aquitaine;45.6998;0.1333;2334;2023-04-12;;oui
SIT-01343;CLI-01080;Point de vente Orléans;Point de vente;119 rue Pasteur;45000;Orléans;45234;Centre-Val de Loire;47.8976;1.9421;1564;2024-03-29;;oui
SIT-01344;CLI-01081;Siège Saint-Quentin;Siège;94 rue Pasteur;02100;Saint-Quentin;02691;Hauts-de-France;49.8312;3.3262;40;2022-02-24;;oui
SIT-01345;CLI-01081;Usine Périgueux;Usine;131 rue du Commerce;24000;Périgueux;24322;Nouvelle-Aquitaine;45.1795;0.761;928;2018-03-14;;oui
SIT-01346;CLI-01081;Agence Quimper;Agence;135 rue de l’Industrie;29000;Quimper;29232;Bretagne;48.045;-4.1493;317;2026-02-01;;oui
SIT-01347;CLI-01081;Usine Lyon;Usine;84 rue de la République;69001;Lyon;69123;Auvergne-Rhône-Alpes;45.7121;4.8478;1217;2024-12-13;;oui
SIT-01348;CLI-01083;Siège Montauban;Siège;148 rue Pasteur;82000;Montauban;82121;Occitanie;43.994;1.3996;1663;2022-10-23;;oui
SIT-01349;CLI-01084;Siège Issy-les-Moulineaux;Siège;76 rue Pasteur;92130;Issy-les-Moulineaux;92040;Île-de-France;48.8359;2.2682;659;2017-08-12;;oui
SIT-01350;CLI-01084;Point de vente Chartres;Point de vente;126 rue Pasteur;28000;Chartres;28085;Centre-Val de Loire;48.4033;1.4945;1599;2017-12-22;;oui
SIT-01351;CLI-01088;Siège Niort;Siège;9 place du Marché;79000;Niort;79191;Nouvelle-Aquitaine;46.2735;-0.4739;1281;2020-11-03;;oui
SIT-01352;CLI-01089;Siège Évry-Courcouronnes;Siège;33 avenue du Général Leclerc;91000;Évry-Courcouronnes;91228;Île-de-France;48.6692;2.4228;40;2024-01-25;;oui
SIT-01353;CLI-01089;Point de vente Orléans;Point de vente;63 rue des Acacias;45000;Orléans;45234;Centre-Val de Loire;47.915;1.9325;1495;2025-01-05;;oui
SIT-01354;CLI-01089;Point de vente Mulhouse;Point de vente;158 rue de l’Industrie;68100;Mulhouse;68224;Grand Est;47.7216;7.3328;1255;2019-11-16;2023-08-09;non
SIT-01355;CLI-01091;Siège Charleville-Mézières;Siège;97 route de Bordeaux;08000;Charleville-Mézières;08105;Grand Est;49.7911;4.7223;1267;2016-07-09;;oui
SIT-01356;CLI-01094;Siège Argenteuil;Siège;37 rue Pasteur;95100;Argenteuil;95018;Île-de-France;48.9139;2.2171;1499;2022-11-30;;oui
SIT-01357;CLI-01094;Point de vente Roanne;Point de vente;85 avenue du Général Leclerc;42300;Roanne;42187;Auvergne-Rhône-Alpes;46.033;4.066;1804;2018-01-04;;oui
SIT-01358;CLI-01094;Point de vente Meaux;Point de vente;99 rue Pasteur;77100;Meaux;77284;Île-de-France;48.989;2.919;40;2019-02-13;;oui
SIT-01359;CLI-01094;Point de vente Limoges;Point de vente;29 avenue Jean Jaurès;87000;Limoges;87085;Nouvelle-Aquitaine;45.8573;1.2744;2695;2018-01-21;;oui
SIT-01360;CLI-01095;Siège Dunkerque;Siège;114 boulevard Victor Hugo;59140;Dunkerque;59183;Hauts-de-France;51.0579;2.3628;580;2017-07-20;;oui
SIT-01361;CLI-01097;Siège Brest;Siège;60 avenue Jean Jaurès;29200;Brest;29019;Bretagne;48.3983;-4.4702;1028;2023-12-06;;oui
SIT-01362;CLI-01098;Siège Cholet;Siège;121 rue de la République;49300;Cholet;49099;Pays de la Loire;47.0414;-0.861;40;2026-05-09;;oui
SIT-01363;CLI-01098;Agence Montauban;Agence;92 rue des Acacias;82000;Montauban;82121;Occitanie;44.0326;1.393;40;2023-07-10;;oui
SIT-01364;CLI-01098;Point de vente Saint-Quentin;Point de vente;30 place du Marché;02100;Saint-Quentin;02691;Hauts-de-France;49.8213;3.2633;1159;2017-05-02;;oui
SIT-01365;CLI-01098;Agence Bourges;Agence;4 place du Marché;18000;Bourges;18033;Centre-Val de Loire;47.052;2.3787;1928;2021-05-26;;oui
SIT-01366;CLI-01099;Siège Cholet;Siège;135 allée des Peupliers;49300;Cholet;49099;Pays de la Loire;47.0542;-0.8932;1928;2021-04-21;2025-01-05;non
SIT-01367;CLI-01101;Siège Narbonne;Siège;43 avenue du Général Leclerc;11100;Narbonne;11262;Occitanie;43.214;3.0136;2112;2025-09-30;;oui
SIT-01368;CLI-01104;Siège ÉVREUX;Siège;67 avenue Jean Jaurès;27000;ÉVREUX;27229;Normandie;49.0515;1.197;575;2023-06-22;;oui
SIT-01369;CLI-01104;Point de vente Bayonne;Point de vente;119 quai des Docks;64100;Bayonne;64102;Nouvelle-Aquitaine;43.5169;-1.4865;782;2023-03-19;;oui
SIT-01370;CLI-01104;Point de vente Bourges;Point de vente;9 allée des Peupliers;18000;Bourges;18033;Centre-Val de Loire;47.0686;2.4045;1818;2025-02-28;;oui
SIT-01371;CLI-01105;Siège Bourges;Siège;161 place du Marché;18000;Bourges;18033;Centre-Val de Loire;47.0317;2.3725;282;2025-07-13;;oui
SIT-01372;CLI-01107;Siège Nevers;Siège;113 rue du Commerce;58000;Nevers;58194;Bourgogne-Franche-Comté;47.0064;3.1178;865;2020-03-02;;oui
SIT-01373;CLI-01108;Siège Nevers;Siège;105 rue du Commerce;58000;Nevers;58194;Bourgogne-Franche-Comté;47.0015;3.2086;1656;2020-01-12;;oui
SIT-01374;CLI-01109;Siège Nancy;Siège;28 chemin des Vignes;54000;Nancy;54395;Grand Est;48.7064;6.1727;839;2017-01-06;;oui
SIT-01375;CLI-01111;Siège Caen;Siège;20 avenue Jean Jaurès;14000;Caen;14118;Normandie;49.1931;-0.3652;1757;2025-12-20;;oui
SIT-01376;CLI-01112;Siège Troyes;Siège;167 rue de l’Industrie;10000;Troyes;10387;Grand Est;48.3278;4.0549;992;2021-11-10;;oui
SIT-01377;CLI-01112;Agence Narbonne;Agence;27 allée des Peupliers;11100;Narbonne;11262;Occitanie;43.2064;2.9593;750;2016-12-27;;oui
SIT-01378;CLI-01112;Usine Reims;Usine;84 rue de l’Industrie;51100;Reims;51454;Grand Est;49.2711;3.9934;789;2018-03-29;;oui
SIT-01379;CLI-01112;Point de vente Grenoble;Point de vente;170 place du Marché;38000;Grenoble;38185;Auvergne-Rhône-Alpes;45.1761;5.7603;851;2017-05-16;;oui
SIT-01380;CLI-01113;Siège Bayonne;Siège;129 rue de l’Industrie;64100;Bayonne;64102;Nouvelle-Aquitaine;43.5381;-1.5292;1713;2026-03-08;;oui
SIT-01381;CLI-01113;Point de vente Le Mans;Point de vente;110 avenue de la Gare;72000;Le Mans;72181;Pays de la Loire;48.004;0.1914;40;2020-08-21;;oui
SIT-01382;CLI-01114;Siège Roubaix;Siège;99 avenue du Général Leclerc;59100;Roubaix;59512;Hauts-de-France;50.7349;3.1585;40;2023-06-08;;oui
SIT-01383;CLI-01114;Entrepôt Bourg-en-Bresse;Entrepôt;24 impasse des Lilas;01000;Bourg-en-Bresse;01053;Auvergne-Rhône-Alpes;46.2185;5.2248;1302;2023-09-05;;oui
SIT-01384;CLI-01116;Siège Lorient;Siège;23 avenue de la Gare;71100;Lorient;56121;Bretagne;47.768;-3.4019;390;2017-05-19;;oui
SIT-01385;CLI-01116;Point de vente Rodez;Point de vente;13 quai des Docks;12000;Rodez;12202;Occitanie;44.3753;2.5742;129;2016-08-03;;oui
SIT-01386;CLI-01117;Siège Narbonne;Siège;139 boulevard Victor Hugo;11100;Narbonne;11262;Occitanie;43.1752;3.0028;2172;2023-04-24;;oui
SIT-01387;CLI-01118;Siège Paris;Siège;39 boulevard Victor Hugo;75001;Paris;75056;Île-de-France;48.8464;2.3811;2011;2023-05-14;2025-05-02;non
SIT-01388;CLI-01119;Siège Brest;Siège;121 boulevard Victor Hugo;29200;Brest;29019;Bretagne;48.3792;-4.4896;40;2022-10-20;;oui
SIT-01389;CLI-01119;Point de vente Quimper;Point de vente;159 rue Pasteur;29000;Quimper;29232;Bretagne;48.0202;-4.0564;2521;2021-04-30;;oui
SIT-01390;CLI-01120;Siège Besançon;Siège;176 avenue de la Gare;25000;Besançon;25056;Bourgogne-Franche-Comté;47.259;6.0169;1356;2017-09-03;;oui
SIT-01391;CLI-01120;Entrepôt Grasse;Entrepôt;3 avenue Jean Jaurès;06130;Grasse;06069;Provence-Alpes-Côte d’Azur;43.6595;6.9182;2016;2022-10-29;;oui
SIT-01392;CLI-01121;Siège Saint-Malo;Siège;77 rue des Acacias;35400;Saint-Malo;35288;Bretagne;48.6821;-2.0532;40;2016-05-19;;oui
SIT-01393;CLI-01121;Agence Caen;Agence;2 impasse des Lilas;14000;Caen;14118;Normandie;49.1613;-0.3644;40;2025-06-23;;oui
SIT-01394;CLI-01123;Siège Quimper;Siège;67 rue Pasteur;29000;Quimper;29232;Bretagne;47.9823;-4.1001;1848;2025-05-22;;oui
SIT-01395;CLI-01123;Entrepôt Nantes;Entrepôt;30 rue de la République;44000;Nantes;44109;Pays de la Loire;47.1925;-1.5162;1543;2024-07-19;;oui
SIT-01396;CLI-01125;Siège Créteil;Siège;27 rue de la République;94000;Créteil;94028;Île-de-France;48.824;2.4768;40;2023-12-02;;oui
SIT-01397;CLI-01127;Siège Tarbes;Siège;64 place du Marché;65000;Tarbes;65440;Occitanie;43.26;0.037;1016;2021-04-14;;oui
SIT-01398;CLI-01130;Siège Nantes;Siège;44 impasse des Lilas;44000;Nantes;44109;Pays de la Loire;47.2271;-1.5309;288;2016-05-30;;oui
SIT-01399;CLI-01131;Siège Besançon;Siège;166 impasse des Lilas;25000;Besançon;25056;Bourgogne-Franche-Comté;47.2509;5.9809;2024;2024-04-19;;oui
SIT-01400;CLI-01131;Entrepôt Boulogne-Billancourt;Entrepôt;24 rue de l’Industrie;92100;Boulogne-Billancourt;92012;Île-de-France;48.8364;2.2764;1844;2025-06-17;;oui
SIT-01401;CLI-01132;Siège Roubaix;Siège;157 avenue Jean Jaurès;59100;Roubaix;59512;Hauts-de-France;50.7344;3.198;999;2025-09-09;2026-04-01;non
SIT-01402;CLI-01132;Entrepôt Angers;Entrepôt;98 route de Bordeaux;49000;Angers;49007;Pays de la Loire;47.4318;-0.5592;2193;2025-10-22;;oui
SIT-01403;CLI-01133;Siège Saint-Nazaire;Siège;154 place du Marché;44600;Saint-Nazaire;44184;Pays de la Loire;47.3118;-2.2569;1283;2026-04-17;2030-04-04;non
SIT-01404;CLI-01133;Usine Tarbes;Usine;154 avenue Jean Jaurès;65000;Tarbes;65440;Occitanie;43.186;0.1105;40;2019-09-15;;oui
SIT-01405;CLI-01134;Siège Paris;Siège;165 quai des Docks;75001;Paris;75056;Île-de-France;48.8184;2.3955;1402;2026-04-14;;oui
SIT-01406;CLI-01134;Point de vente Agen;Point de vente;75 chemin des Vignes;47000;Agen;47001;Nouvelle-Aquitaine;44.1906;0.6512;912;2023-05-30;;oui
SIT-01407;CLI-01134;Agence Gap;Agence;32 rue Pasteur;05000;Gap;05061;Provence-Alpes-Côte d’Azur;44.5486;6.0319;396;2023-01-26;;oui
SIT-01408;CLI-01137;Siège VERSAILLES;Siège;46 rue Pasteur;78000;VERSAILLES;78646;Île-de-France;48.7894;2.1131;1420;2022-08-17;2026-07-15;non
SIT-01409;CLI-01139;Siège MONTAUBAN;Siège;147 place du Marché;82000;MONTAUBAN;82121;Occitanie;43.9849;1.3085;1226;2020-03-07;;oui
SIT-01410;CLI-01140;Siège Saint-Denis;Siège;173 place du Marché;93200;Saint-Denis;93066;Île-de-France;48.9319;2.3186;1120;2016-08-20;;oui
SIT-01411;CLI-01140;Entrepôt Arles;Entrepôt;29 avenue Jean Jaurès;13200;Arles;13004;Provence-Alpes-Côte d’Azur;43.7182;4.6183;40;2020-02-15;;oui
SIT-01412;CLI-01140;Point de vente Caen;Point de vente;53 avenue du Général Leclerc;14000;Caen;14118;Normandie;49.1899;-0.389;1843;2018-03-02;;oui
SIT-01413;CLI-01140;Entrepôt Montauban;Entrepôt;155 avenue Jean Jaurès;82000;Montauban;82121;Occitanie;44.0217;1.3293;40;2019-05-15;;oui
SIT-01414;CLI-01142;Siège Nevers;Siège;45 quai des Docks;58000;Nevers;58194;Bourgogne-Franche-Comté;47.014;3.1192;889;2018-08-16;;oui
SIT-01415;CLI-01142;Usine Nantes;Usine;69 rue du Commerce;44000;Nantes;44109;Pays de la Loire;47.238;-1.6;786;2022-06-30;;oui
SIT-01416;CLI-01142;Agence Salon-de-Provence;Agence;57 avenue du Général Leclerc;13300;Salon-de-Provence;13103;Provence-Alpes-Côte d’Azur;43.6054;5.0865;849;2023-05-14;;oui
SIT-01417;CLI-01143;Siège Cannes;Siège;40 avenue Jean Jaurès;06400;Cannes;06029;Provence-Alpes-Côte d’Azur;43.5422;6.9781;879;2017-06-17;;oui
SIT-01418;CLI-01144;Siège Calais;Siège;95 rue du Commerce;62100;Calais;62193;Hauts-de-France;50.9566;1.8221;40;2024-05-13;;oui
SIT-01419;CLI-01145;Siège Paris;Siège;55 chemin des Vignes;75001;Paris;75056;Île-de-France;48.8866;2.3749;1031;2021-10-01;;oui
SIT-01420;CLI-01145;Usine Cherbourg-en-Cotentin;Usine;173 rue de la République;50100;Cherbourg-en-Cotentin;50129;Normandie;49.6208;-1.5959;146;2026-03-10;;oui
SIT-01421;CLI-01145;Entrepôt Avignon;Entrepôt;132 rue de l’Industrie;84000;Avignon;84007;Provence-Alpes-Côte d’Azur;43.9498;4.8324;1493;2023-09-03;;oui
SIT-01422;CLI-01146;Siège Nancy;Siège;151 place du Marché;54000;Nancy;54395;Grand Est;48.7201;6.1424;1076;2018-08-09;;oui
SIT-01423;CLI-01147;Siège MULHOUSE;Siège;156 avenue de la Gare;68100;MULHOUSE;68224;Grand Est;47.7897;7.3495;369;2018-03-29;;oui
SIT-01424;CLI-01147;Entrepôt Saint-Étienne;Entrepôt;78 avenue du Général Leclerc;42000;Saint-Étienne;42218;Auvergne-Rhône-Alpes;45.3972;4.3972;2103;2025-12-02;;oui
SIT-01425;CLI-01151;Siège Montpellier;Siège;76 quai des Docks;34000;Montpellier;34172;Occitanie;43.6557;3.8678;255;2020-03-08;;oui
SIT-01426;CLI-01151;Entrepôt Vannes;Entrepôt;47 quai des Docks;56000;Vannes;56260;Bretagne;47.6293;-2.7165;1835;2024-09-19;;oui
SIT-01427;CLI-01151;Agence Meaux;Agence;164 rue des Acacias;77100;Meaux;77284;Île-de-France;49.0083;2.901;1382;2024-04-12;;oui
SIT-01428;CLI-01152;Siège lille;Siège;1 impasse des Lilas;59000;lille;59350;Hauts-de-France;50.644;3.0593;2492;2020-01-11;;oui
SIT-01429;CLI-01152;Point de vente Bordeaux;Point de vente;37 allée des Peupliers;33000;Bordeaux;33063;Nouvelle-Aquitaine;44.8161;-0.5894;509;2024-12-30;;oui
SIT-01430;CLI-01152;Point de vente Pau;Point de vente;169 chemin des Vignes;64000;Pau;64445;Nouvelle-Aquitaine;43.3029;-0.3875;1143;2016-11-08;;oui
SIT-01431;CLI-01153;Siège Pau;Siège;151 avenue Jean Jaurès;64000;Pau;64445;Nouvelle-Aquitaine;43.2535;-0.3771;2271;2018-09-18;;oui
SIT-01432;CLI-01153;Point de vente Évry-Courcouronnes;Point de vente;171 boulevard Victor Hugo;91000;Évry-Courcouronnes;91228;Île-de-France;48.5933;2.4148;688;2023-08-26;;oui
SIT-01433;CLI-01153;Point de vente Fréjus;Point de vente;14 route de Bordeaux;83600;Fréjus;83061;Provence-Alpes-Côte d’Azur;43.4704;6.7488;1873;2019-01-16;;oui
SIT-01434;CLI-01153;Agence Grasse;Agence;9 avenue Jean Jaurès;06130;Grasse;06069;Provence-Alpes-Côte d’Azur;43.671;6.9323;1380;2019-01-19;;oui
SIT-01435;CLI-01154;Siège Avignon;Siège;99 allée des Peupliers;84000;Avignon;84007;Provence-Alpes-Côte d’Azur;43.9046;4.8375;1075;2016-12-17;2018-08-24;non
SIT-01436;CLI-01155;Siège Nice;Siège;28 quai des Docks;06000;Nice;06088;Provence-Alpes-Côte d’Azur;43.684;7.2863;440;2021-04-19;2026-08-15;non
SIT-01437;CLI-01155;Usine Créteil;Usine;173 rue Pasteur;94000;Créteil;94028;Île-de-France;48.7556;2.4901;889;2018-04-20;;oui
SIT-01438;CLI-01156;Siège NARBONNE;Siège;156 route de Bordeaux;11100;NARBONNE;11262;Occitanie;43.1707;2.9759;809;2019-06-24;;oui
SIT-01439;CLI-01156;Agence Niort;Agence;178 rue Pasteur;79000;Niort;79191;Nouvelle-Aquitaine;46.3632;-0.4247;1064;2019-02-20;2020-12-05;non
SIT-01440;CLI-01157;Siège Quimper;Siège;113 avenue de la Gare;29000;Quimper;29232;Bretagne;47.953;-4.1325;693;2021-12-07;;oui
SIT-01441;CLI-01158;Siège Auxerre;Siège;48 rue des Acacias;89000;Auxerre;89024;Bourgogne-Franche-Comté;47.832;3.6087;234;2020-04-18;;oui
SIT-01442;CLI-01158;Entrepôt Tarbes;Entrepôt;34 boulevard Victor Hugo;65000;Tarbes;65440;Occitanie;43.2412;0.0409;885;2018-08-31;;oui
SIT-01443;CLI-01158;Usine Montreuil;Usine;136 route de Bordeaux;93100;Montreuil;93048;Île-de-France;48.8307;2.4044;1377;2016-11-24;;oui
SIT-01444;CLI-01158;Point de vente Montpellier;Point de vente;44 avenue de la Gare;34000;Montpellier;34172;Occitanie;43.5837;3.8901;927;2020-11-17;;oui
SIT-01445;CLI-01159;Siège Le Havre;Siège;74 avenue du Général Leclerc;76600;Le Havre;76351;Normandie;49.5025;0.1395;40;2023-08-08;;oui
SIT-01446;CLI-01159;Usine Bayonne;Usine;64 allée des Peupliers;64100;Bayonne;64102;Nouvelle-Aquitaine;43.5092;-1.4979;153;2021-06-03;;oui
SIT-01447;CLI-01159;Entrepôt Issy-les-Moulineaux;Entrepôt;60 chemin des Vignes;92130;Issy-les-Moulineaux;92040;Île-de-France;48.7748;2.2234;605;2022-05-06;;oui
SIT-01448;CLI-01160;Siège Reims;Siège;141 place du Marché;51100;Reims;51454;Grand Est;49.2123;4.0708;1612;2021-03-04;;oui
SIT-01449;CLI-01161;Siège Le Havre;Siège;112 route de Bordeaux;76600;Le Havre;76351;Normandie;49.5363;0.149;1213;2018-07-12;;oui
SIT-01450;CLI-01162;Siège Chalon-sur-Saône;Siège;112 allée des Peupliers;71100;Chalon-sur-Saône;71076;Bourgogne-Franche-Comté;46.7639;4.8199;820;2020-03-01;;oui
SIT-01451;CLI-01163;Siège Saint-Nazaire;Siège;133 rue de l’Industrie;44600;Saint-Nazaire;44184;Pays de la Loire;47.2479;-2.2098;1503;2019-07-07;;oui
SIT-01452;CLI-01164;Siège MÉRIGNAC;Siège;63 chemin des Vignes;33700;MÉRIGNAC;33281;Nouvelle-Aquitaine;44.8015;-0.6964;40;2024-09-03;;oui
SIT-01453;CLI-01165;Siège NIORT;Siège;152 route de Bordeaux;79000;NIORT;79191;Nouvelle-Aquitaine;46.3176;-0.5025;40;2018-11-08;;oui
SIT-01454;CLI-01165;Entrepôt Carcassonne;Entrepôt;179 impasse des Lilas;11000;Carcassonne;11069;Occitanie;43.2016;2.3125;1451;2021-04-15;;oui
SIT-01455;CLI-01166;Siège Dunkerque;Siège;139 rue du Commerce;59140;Dunkerque;59183;Hauts-de-France;50.9919;2.355;40;2022-05-28;;oui
SIT-01456;CLI-01167;Siège Poitiers;Siège;64 place du Marché;86000;Poitiers;86194;Nouvelle-Aquitaine;46.5882;0.3252;817;2023-05-11;;oui
SIT-01457;CLI-01167;Point de vente Beauvais;Point de vente;103 avenue du Général Leclerc;60000;Beauvais;60057;Hauts-de-France;49.4799;2.1227;40;2021-07-21;;oui
SIT-01458;CLI-01168;Siège Carcassonne;Siège;154 place du Marché;11000;Carcassonne;11069;Occitanie;43.2439;2.3654;1849;2024-02-12;2025-09-15;non
SIT-01459;CLI-01168;Agence Paris;Agence;47 boulevard Victor Hugo;75001;Paris;75056;Île-de-France;48.8738;2.3387;567;2019-12-19;;oui
SIT-01460;CLI-01168;Usine Montpellier;Usine;138 allée des Peupliers;34000;Montpellier;34172;Occitanie;43.6203;3.8551;218;2023-07-08;2025-04-13;non
SIT-01461;CLI-01169;Siège Le Mans;Siège;80 boulevard Victor Hugo;72000;Le Mans;72181;Pays de la Loire;48.0183;0.2034;951;2020-05-04;;oui
SIT-01462;CLI-01169;Agence Calais;Agence;118 chemin des Vignes;62100;Calais;62193;Hauts-de-France;50.9854;1.8122;179;2023-02-02;;oui
SIT-01463;CLI-01170;Siège Issy-les-Moulineaux;Siège;4 avenue de la Gare;92130;Issy-les-Moulineaux;92040;Île-de-France;48.7886;2.2751;40;2017-04-23;;oui
SIT-01464;CLI-01170;Point de vente Besançon;Point de vente;166 route de Bordeaux;25000;Besançon;25056;Bourgogne-Franche-Comté;47.2199;6.0673;821;2025-02-01;;oui
SIT-01465;CLI-01170;Agence Le Havre;Agence;7 quai des Docks;76600;Le Havre;76351;Normandie;49.5345;0.1052;2861;2021-02-14;;oui
SIT-01466;CLI-01170;Agence Saint-Nazaire;Agence;41 rue Pasteur;44600;Saint-Nazaire;44184;Pays de la Loire;47.3045;-2.2589;1168;2017-07-12;;oui
SIT-01467;CLI-01171;Siège La Roche-sur-Yon;Siège;78 rue des Acacias;85000;La Roche-sur-Yon;85191;Pays de la Loire;46.7047;-1.4452;40;2023-12-28;;oui
SIT-01468;CLI-01172;Siège Brest;Siège;105 impasse des Lilas;29200;Brest;29019;Bretagne;48.3591;-4.4506;40;2021-12-15;;oui
SIT-01469;CLI-01173;Siège Aix-en-Provence;Siège;62 rue Pasteur;13100;Aix-en-Provence;13001;Provence-Alpes-Côte d’Azur;43.4882;5.4298;865;2020-06-09;;oui
SIT-01470;CLI-01175;Siège Poitiers;Siège;131 rue Pasteur;86000;Poitiers;86194;Nouvelle-Aquitaine;46.5531;0.3283;1170;2018-09-26;2019-07-16;non
SIT-01471;CLI-01175;Entrepôt Grasse;Entrepôt;133 avenue de la Gare;06130;Grasse;06069;Provence-Alpes-Côte d’Azur;43.705;6.9631;754;2020-07-20;;oui
SIT-01472;CLI-01176;Siège Avignon;Siège;36 avenue de la Gare;84000;Avignon;84007;Provence-Alpes-Côte d’Azur;43.9352;4.7736;487;2022-01-03;2021-10-04;non
SIT-01473;CLI-01176;Agence Montpellier;Agence;41 avenue Jean Jaurès;34000;Montpellier;34172;Occitanie;43.5905;3.911;1673;2020-12-05;;oui
SIT-01474;CLI-01177;Siège Albi;Siège;43 quai des Docks;81000;Albi;81004;Occitanie;43.9274;2.1072;470;2023-12-09;;oui
SIT-01475;CLI-01178;Siège Annecy;Siège;63 avenue du Général Leclerc;74000;Annecy;74010;Auvergne-Rhône-Alpes;45.9088;6.132;42;2025-12-11;;oui
SIT-01476;CLI-01178;Point de vente Charleville-Mézières;Point de vente;104 rue du Commerce;08000;Charleville-Mézières;08105;Grand Est;49.7818;4.7398;886;2023-06-16;;oui
SIT-01477;CLI-01181;Siège Paris;Siège;85 allée des Peupliers;74000;Paris;75056;Île-de-France;48.8567;2.3438;172;2017-01-16;;oui
SIT-01478;CLI-01181;Usine Bourges;Usine;30 route de Bordeaux;18000;Bourges;18033;Centre-Val de Loire;47.0374;2.3725;280;2024-02-14;;oui
SIT-01479;CLI-01181;Point de vente Angoulême;Point de vente;14 allée des Peupliers;16000;Angoulême;16015;Nouvelle-Aquitaine;45.6285;0.1899;1561;2022-06-20;;oui
SIT-01480;CLI-01181;Agence Auxerre;Agence;70 chemin des Vignes;89000;Auxerre;89024;Bourgogne-Franche-Comté;47.7846;3.5512;903;2024-07-24;;oui
SIT-01481;CLI-01183;Siège Perpignan;Siège;108 place du Marché;66000;Perpignan;66136;Occitanie;42.7437;2.8536;2223;2017-04-23;;oui
SIT-01482;CLI-01184;Siège Caen;Siège;133 rue de la République;14000;Caen;14118;Normandie;49.2007;-0.3412;3052;2021-03-18;;oui
SIT-01483;CLI-01184;Point de vente Montpellier;Point de vente;156 avenue du Général Leclerc;34000;Montpellier;34172;Occitanie;43.5897;3.8487;1600;2021-01-15;;oui
SIT-01484;CLI-01185;Siège Arles;Siège;54 impasse des Lilas;13200;Arles;13004;Provence-Alpes-Côte d’Azur;43.6509;4.6171;626;2021-06-06;;oui
SIT-01485;CLI-01186;Siège Cherbourg-en-Cotentin;Siège;1 rue Pasteur;50100;Cherbourg-en-Cotentin;50129;Normandie;49.6128;-1.6457;210;2018-10-26;2021-04-28;non
SIT-01486;CLI-01186;Point de vente Saint-Malo;Point de vente;145 allée des Peupliers;35400;Saint-Malo;35288;Bretagne;48.6057;-2.0143;1274;2024-07-21;;oui
SIT-01487;CLI-01187;Siège Toulouse;Siège;119 rue des Acacias;31000;Toulouse;31555;Occitanie;43.6419;1.4734;760;2024-07-01;;oui
SIT-01488;CLI-01188;Siège Tarbes;Siège;144 rue Pasteur;65000;Tarbes;65440;Occitanie;43.2739;0.0916;210;2018-05-01;;oui
SIT-01489;CLI-01190;Siège Le Mans;Siège;152 avenue Jean Jaurès;72000;Le Mans;72181;Pays de la Loire;48.0298;0.2333;873;2018-10-04;2020-02-20;non
SIT-01490;CLI-01191;Siège Le Havre;Siège;96 allée des Peupliers;76600;Le Havre;76351;Normandie;49.467;0.1063;562;2021-10-27;;oui
SIT-01491;CLI-01192;Siège Rodez;Siège;92 impasse des Lilas;12000;Rodez;12202;Occitanie;44.3654;2.542;1246;2024-12-31;;oui
SIT-01492;CLI-01192;Point de vente Gap;Point de vente;112 impasse des Lilas;05000;Gap;05061;Provence-Alpes-Côte d’Azur;44.5222;6.1229;2657;2026-01-30;;oui
SIT-01493;CLI-01194;Siège Poitiers;Siège;17 place du Marché;86000;Poitiers;86194;Nouvelle-Aquitaine;46.5761;0.3277;40;2022-01-25;2023-05-30;non
SIT-01494;CLI-01195;Siège Poitiers;Siège;89 allée des Peupliers;86000;Poitiers;86194;Nouvelle-Aquitaine;46.5425;0.3512;2066;2020-02-20;;oui
SIT-01495;CLI-01195;Entrepôt Amiens;Entrepôt;8 rue des Acacias;80000;Amiens;80021;Hauts-de-France;49.9062;2.2963;1096;2018-07-06;2019-02-21;non
SIT-01496;CLI-01196;Siège La Rochelle;Siège;153 rue de l’Industrie;17000;La Rochelle;17300;Nouvelle-Aquitaine;46.1801;-1.1145;351;2022-06-21;;oui
SIT-01497;CLI-01199;Siège Issy-les-Moulineaux;Siège;165 quai des Docks;92130;Issy-les-Moulineaux;92040;Île-de-France;48.791;2.2385;1229;2021-04-09;;oui
SIT-01498;CLI-01201;Siège Mulhouse;Siège;130 rue de l’Industrie;68100;Mulhouse;68224;Grand Est;47.7171;7.303;298;2025-06-11;;oui
SIT-01499;CLI-01203;Siège Blois;Siège;46 chemin des Vignes;41000;Blois;41018;Centre-Val de Loire;47.5956;1.3795;949;2020-08-17;;oui
SIT-01500;CLI-01203;Agence Fréjus;Agence;88 rue de l’Industrie;83600;Fréjus;83061;Provence-Alpes-Côte d’Azur;43.4021;6.7763;1199;2017-10-21;;oui
SIT-01501;CLI-01204;Siège Dunkerque;Siège;131 rue de l’Industrie;59140;Dunkerque;59183;Hauts-de-France;51.0383;2.4106;40;2025-07-31;;oui
SIT-01502;CLI-01205;Siège Lille;Siège;65 rue de la République;59000;Lille;59350;Hauts-de-France;50.6763;3.0481;2110;2016-08-29;;oui
SIT-01503;CLI-01206;Siège Fréjus;Siège;173 rue du Commerce;83600;Fréjus;83061;Provence-Alpes-Côte d’Azur;43.4288;6.7693;1368;2016-04-20;;oui
SIT-01504;CLI-01207;Siège Angers;Siège;26 chemin des Vignes;49000;Angers;49007;Pays de la Loire;47.4928;-0.5311;2539;2021-10-24;;oui
SIT-01505;CLI-01208;Siège Évreux;Siège;112 avenue de la Gare;27000;Évreux;27229;Normandie;49.0273;1.1756;1536;2018-06-15;;oui
SIT-01506;CLI-01208;Agence Amiens;Agence;113 boulevard Victor Hugo;80000;Amiens;80021;Hauts-de-France;49.8671;2.3189;40;2025-05-29;;oui
SIT-01507;CLI-01208;Agence Tarbes;Agence;168 impasse des Lilas;65000;Tarbes;65440;Occitanie;43.2553;0.0777;824;2019-03-05;2022-11-13;non
SIT-01508;CLI-01210;Siège Salon-de-Provence;Siège;32 boulevard Victor Hugo;13300;Salon-de-Provence;13103;Provence-Alpes-Côte d’Azur;43.5921;5.1055;202;2020-07-07;;oui
SIT-01509;CLI-01211;Siège Lorient;Siège;175 rue du Commerce;56100;Lorient;56121;Bretagne;47.7028;-3.3495;527;2022-07-03;;oui
SIT-01510;CLI-01211;Point de vente Créteil;Point de vente;16 place du Marché;94000;Créteil;94028;Île-de-France;48.8222;2.4203;1031;2018-07-11;;oui
SIT-01511;CLI-01213;Siège Dijon;Siège;158 rue de la République;21000;Dijon;21231;Bourgogne-Franche-Comté;47.3105;5.0428;702;2023-07-04;;oui
SIT-01512;CLI-01215;Siège Vannes;Siège;89 boulevard Victor Hugo;56000;Vannes;56260;Bretagne;47.7085;-2.7822;2064;2019-06-28;;oui
SIT-01513;CLI-01215;Point de vente Besançon;Point de vente;158 avenue de la Gare;25000;Besançon;25056;Bourgogne-Franche-Comté;47.2742;6.0558;1174;2022-03-18;;oui
SIT-01514;CLI-01215;Point de vente Créteil;Point de vente;22 rue des Acacias;94000;Créteil;94028;Île-de-France;48.7499;2.4321;1481;2022-12-03;;oui
SIT-01515;CLI-01216;Siège Bayonne;Siège;171 route de Bordeaux;64100;Bayonne;64102;Nouvelle-Aquitaine;43.5021;-1.4382;519;2017-11-12;;oui
SIT-01516;CLI-01216;Agence Cholet;Agence;151 rue Pasteur;49300;Cholet;49099;Pays de la Loire;47.1033;-0.8312;524;2024-08-11;;oui
SIT-01517;CLI-01217;Siège Avignon;Siège;89 rue de la République;84000;Avignon;84007;Provence-Alpes-Côte d’Azur;43.9668;4.7853;739;2016-12-10;;oui
SIT-01518;CLI-01217;Agence Bourges;Agence;13 boulevard Victor Hugo;18000;Bourges;18033;Centre-Val de Loire;47.0374;2.4381;568;2024-07-19;;oui
SIT-01519;CLI-01217;Entrepôt Saint-Malo;Entrepôt;122 boulevard Victor Hugo;35400;Saint-Malo;35288;Bretagne;48.6231;-2.0758;40;2026-01-31;;oui
SIT-01520;CLI-01220;Siège Le Mans;Siège;148 chemin des Vignes;72000;Le Mans;72181;Pays de la Loire;48.007;0.2337;1567;2020-06-21;;oui
SIT-01521;CLI-01220;Usine Toulon;Usine;114 avenue Jean Jaurès;83000;Toulon;83137;Provence-Alpes-Côte d’Azur;43.1404;5.9008;1245;2025-11-24;;oui
SIT-01522;CLI-01221;Siège Sète;Siège;146 rue de l’Industrie;34200;Sète;34301;Occitanie;43.3567;3.6975;1456;2020-05-09;;oui
SIT-01523;CLI-01221;Point de vente Reims;Point de vente;101 rue de l’Industrie;51100;Reims;51454;Grand Est;49.3081;4.0668;593;2019-04-30;;oui
SIT-01524;CLI-01223;Siège Besançon;Siège;96 rue de l’Industrie;25000;Besançon;25056;Bourgogne-Franche-Comté;47.2028;6.0553;40;2024-04-26;;oui
SIT-01525;CLI-01224;Siège Vannes;Siège;62 route de Bordeaux;56000;Vannes;56260;Bretagne;47.6432;-2.737;1860;2023-12-06;;oui
SIT-01526;CLI-01225;Siège Gap;Siège;156 quai des Docks;05000;Gap;05061;Provence-Alpes-Côte d’Azur;44.5427;6.0988;949;2020-02-26;2023-12-05;non
SIT-01527;CLI-01225;Agence Saint-Malo;Agence;92 boulevard Victor Hugo;35400;Saint-Malo;35288;Bretagne;48.6836;-1.9995;1486;2021-06-17;;oui
SIT-01528;CLI-01225;Usine Dunkerque;Usine;178 place du Marché;59140;Dunkerque;59183;Hauts-de-France;51.0554;2.3547;971;2022-12-13;;oui
SIT-01529;CLI-01226;Siège Aix-en-Provence;Siège;91 place du Marché;13100;Aix-en-Provence;13001;Provence-Alpes-Côte d’Azur;43.5113;5.4998;1030;2023-10-09;;oui
SIT-01530;CLI-01226;Agence Metz;Agence;11 rue Pasteur;57000;Metz;57463;Grand Est;49.1679;6.1754;1020;2019-04-13;;oui
SIT-01531;CLI-01226;Point de vente Sète;Point de vente;137 rue des Acacias;34200;Sète;34301;Occitanie;43.3532;3.7239;1061;2019-09-11;;oui
SIT-01532;CLI-01226;Entrepôt Valence;Entrepôt;42 boulevard Victor Hugo;26000;Valence;26362;Auvergne-Rhône-Alpes;44.9421;4.8628;1233;2023-01-03;;oui
SIT-01533;CLI-01227;Siège Avignon;Siège;168 rue des Acacias;84000;Avignon;84007;Provence-Alpes-Côte d’Azur;43.9085;4.7819;441;2021-09-05;;oui
SIT-01534;CLI-01227;Usine Annecy;Usine;85 place du Marché;74000;Annecy;74010;Auvergne-Rhône-Alpes;45.9444;6.1041;1162;2019-05-11;;oui
SIT-01535;CLI-01229;Siège Bordeaux;Siège;74 avenue du Général Leclerc;33000;Bordeaux;33063;Nouvelle-Aquitaine;44.8877;-0.5585;1415;2024-04-07;;oui
SIT-01536;CLI-01230;Siège Cergy;Siège;15 rue de la République;95000;Cergy;95127;Île-de-France;49.0497;2.1031;1896;2017-11-25;;oui
SIT-01537;CLI-01231;Siège Limoges;Siège;44 rue de la République;87000;Limoges;87085;Nouvelle-Aquitaine;45.8787;1.2971;40;2017-06-07;;oui
SIT-01538;CLI-01231;Usine Poitiers;Usine;120 place du Marché;86000;Poitiers;86194;Nouvelle-Aquitaine;46.6238;0.3196;945;2018-07-03;;oui
SIT-01539;CLI-01231;Usine Clermont-Ferrand;Usine;30 route de Bordeaux;63000;Clermont-Ferrand;63113;Auvergne-Rhône-Alpes;45.8161;3.0829;1205;2019-11-21;;oui
SIT-01540;CLI-01233;Siège Cergy;Siège;69 rue de la République;95000;Cergy;95127;Île-de-France;48.9942;2.0105;2193;2021-07-11;;oui
SIT-01541;CLI-01236;Siège Villeurbanne;Siège;38 quai des Docks;69100;Villeurbanne;69266;Auvergne-Rhône-Alpes;45.7973;4.8678;2019;2017-05-23;;oui
SIT-01542;CLI-01236;Agence Troyes;Agence;59 rue de la République;10000;Troyes;10387;Grand Est;48.2836;4.0339;1385;2024-01-04;;oui
SIT-01543;CLI-01237;Siège Grasse;Siège;158 quai des Docks;06130;Grasse;06069;Provence-Alpes-Côte d’Azur;43.6109;6.8987;778;2026-05-06;;oui
SIT-01544;CLI-01238;Siège Blois;Siège;86 rue de la République;41000;Blois;41018;Centre-Val de Loire;47.5871;1.3127;1440;2025-12-21;;oui
SIT-01545;CLI-01239;Siège Agen;Siège;25 route de Bordeaux;47000;Agen;47001;Nouvelle-Aquitaine;44.1849;0.6123;1462;2016-08-17;;oui
SIT-01546;CLI-01239;Entrepôt Angoulême;Entrepôt;174 allée des Peupliers;16000;Angoulême;16015;Nouvelle-Aquitaine;45.6037;0.1553;2228;2020-09-13;;oui
SIT-01547;CLI-01240;Siège Auxerre;Siège;76 boulevard Victor Hugo;89000;Auxerre;89024;Bourgogne-Franche-Comté;47.7639;3.5749;1901;2022-10-02;;oui
SIT-01548;CLI-01240;Agence Blois;Agence;59 allée des Peupliers;41000;Blois;41018;Centre-Val de Loire;47.6366;1.3307;697;2017-07-09;;oui
SIT-01549;CLI-01240;Point de vente Metz;Point de vente;134 avenue du Général Leclerc;57000;Metz;57463;Grand Est;49.1351;6.2247;1640;2023-02-20;;oui
SIT-01550;CLI-01240;Agence Metz;Agence;168 allée des Peupliers;57000;Metz;57463;Grand Est;49.079;6.18;40;2022-11-02;;oui
SIT-01551;CLI-01241;Siège Fréjus;Siège;28 rue Pasteur;83600;Fréjus;83061;Provence-Alpes-Côte d’Azur;43.4779;6.7209;131;2019-03-17;;oui
SIT-01552;CLI-01242;Siège Montpellier;Siège;153 rue Pasteur;34000;Montpellier;34172;Occitanie;43.5601;3.8713;207;2017-11-29;;oui
SIT-01553;CLI-01242;Entrepôt Cergy;Entrepôt;16 rue de la République;95000;Cergy;95127;Île-de-France;49.0756;2.0709;40;2020-01-19;2022-07-12;non
SIT-01554;CLI-01242;Usine Créteil;Usine;42 rue des Acacias;94000;Créteil;94028;Île-de-France;48.84;2.4814;1381;2025-09-11;;oui
SIT-01555;CLI-01243;Siège ROUEN;Siège;126 route de Bordeaux;76000;ROUEN;76540;Normandie;49.4796;1.0871;1689;2025-10-04;;oui
SIT-01556;CLI-01243;Usine Bordeaux;Usine;32 avenue de la Gare;33000;Bordeaux;33063;Nouvelle-Aquitaine;44.8789;-0.5517;1770;2024-12-15;;oui
SIT-01557;CLI-01244;Siège Annecy;Siège;4 rue de l’Industrie;74000;Annecy;74010;Auvergne-Rhône-Alpes;45.8561;6.1228;521;2016-08-22;;oui
SIT-01558;CLI-01245;Siège Blois;Siège;106 quai des Docks;41000;Blois;41018;Centre-Val de Loire;47.5942;1.3382;110;2020-11-28;;oui
SIT-01559;CLI-01247;Siège Roanne;Siège;133 impasse des Lilas;42300;Roanne;42187;Auvergne-Rhône-Alpes;46.086;4.0203;753;2022-06-15;;oui
SIT-01560;CLI-01248;Siège Nancy;Siège;14 avenue de la Gare;54000;Nancy;54395;Grand Est;48.6813;6.2102;1451;2020-09-27;;oui
SIT-01561;CLI-01248;Entrepôt Saint-Denis;Entrepôt;176 rue des Acacias;93200;Saint-Denis;93066;Île-de-France;48.9231;2.3701;40;2020-02-16;;oui
SIT-01562;CLI-01248;Entrepôt Rouen;Entrepôt;16 chemin des Vignes;76000;Rouen;76540;Normandie;49.4828;1.07;492;2016-07-29;;oui
SIT-01563;CLI-01249;Siège Metz;Siège;128 rue Pasteur;57000;Metz;57463;Grand Est;49.1634;6.2141;558;2024-09-19;;oui
SIT-01564;CLI-01251;Siège châteauroux;Siège;122 route de Bordeaux;36000;châteauroux;36044;Centre-Val de Loire;46.8035;1.6586;1073;2018-05-19;;oui
SIT-01565;CLI-01252;Siège Laval;Siège;20 place du Marché;53000;Laval;53130;Pays de la Loire;48.0216;-0.7848;936;2023-12-23;;oui
SIT-01566;CLI-01253;Siège Vannes;Siège;74 boulevard Victor Hugo;56000;Vannes;56260;Bretagne;47.6747;-2.7513;2039;2019-01-15;;oui
SIT-01567;CLI-01253;Agence Rodez;Agence;58 avenue Jean Jaurès;12000;Rodez;12202;Occitanie;44.376;2.5719;1710;2023-11-22;;oui
SIT-01568;CLI-01255;Siège Rouen;Siège;158 rue Pasteur;76000;Rouen;76540;Normandie;49.397;1.1237;1345;2019-07-02;;oui
SIT-01569;CLI-01256;Siège Beauvais;Siège;87 boulevard Victor Hugo;60000;Beauvais;60057;Hauts-de-France;49.4665;2.091;2053;2022-12-18;;oui
SIT-01570;CLI-01256;Point de vente Montpellier;Point de vente;132 route de Bordeaux;34000;Montpellier;34172;Occitanie;43.6326;3.8817;1192;2024-08-30;;oui
SIT-01571;CLI-01256;Agence Cergy;Agence;151 avenue de la Gare;95000;Cergy;95127;Île-de-France;49.0895;2.0562;179;2026-01-17;;oui
SIT-01572;CLI-01257;Siège CAEN;Siège;19 quai des Docks;14000;CAEN;14118;Normandie;49.1667;-0.392;1116;2023-12-04;;oui
SIT-01573;CLI-01257;Point de vente Bourg-en-Bresse;Point de vente;19 rue de la République;01000;Bourg-en-Bresse;01053;Auvergne-Rhône-Alpes;46.2485;5.2495;40;2017-06-28;;oui
SIT-01574;CLI-01257;Agence Perpignan;Agence;23 boulevard Victor Hugo;66000;Perpignan;66136;Occitanie;42.6639;2.9138;1149;2018-07-23;;oui
SIT-01575;CLI-01258;Siège Blois;Siège;74 rue de la République;41000;Blois;41018;Centre-Val de Loire;47.5519;1.358;1645;2017-09-28;;oui
SIT-01576;CLI-01259;Siège Saint-Quentin;Siège;135 avenue du Général Leclerc;02100;Saint-Quentin;02691;Hauts-de-France;49.866;3.3198;1450;2025-11-30;;oui
SIT-01577;CLI-01259;Agence Montreuil;Agence;42 rue du Commerce;93100;Montreuil;93048;Île-de-France;48.8193;2.4288;152;2017-03-23;;oui
SIT-01578;CLI-01259;Usine Fréjus;Usine;89 rue des Acacias;83600;Fréjus;83061;Provence-Alpes-Côte d’Azur;43.4188;6.7219;366;2025-08-10;;oui
SIT-01579;CLI-01263;Siège Besançon;Siège;8 avenue de la Gare;25000;Besançon;25056;Bourgogne-Franche-Comté;47.2428;6.043;587;2023-06-22;;oui
SIT-01580;CLI-01266;Siège Évry-Courcouronnes;Siège;131 boulevard Victor Hugo;91000;Évry-Courcouronnes;91228;Île-de-France;48.6567;2.4509;1047;2020-04-28;;oui
SIT-01581;CLI-01267;Siège Grenoble;Siège;22 boulevard Victor Hugo;38000;Grenoble;38185;Auvergne-Rhône-Alpes;45.238;5.7503;1672;2023-11-21;2023-06-30;non
SIT-01582;CLI-01267;Agence Saint-Denis;Agence;20 rue du Commerce;93200;Saint-Denis;93066;Île-de-France;48.9605;2.3289;1350;2025-12-28;;oui
SIT-01583;CLI-01269;Siège Aix-en-Provence;Siège;163 rue Pasteur;13100;Aix-en-Provence;13001;Provence-Alpes-Côte d’Azur;43.4908;5.4392;783;2025-10-05;;oui
SIT-01584;CLI-01270;Siège Saint-Denis;Siège;63 rue Pasteur;93200;Saint-Denis;93066;Île-de-France;48.9253;2.3124;674;2025-07-31;;oui
SIT-01585;CLI-01273;Siège Troyes;Siège;9 avenue de la Gare;10000;Troyes;10387;Grand Est;48.3075;4.1123;40;2020-01-23;;oui
SIT-01586;CLI-01273;Usine Châteauroux;Usine;124 quai des Docks;36000;Châteauroux;36044;Centre-Val de Loire;46.787;1.6447;278;2021-09-07;;oui
SIT-01587;CLI-01274;Siège Nîmes;Siège;158 avenue de la Gare;30000;Nîmes;30189;Occitanie;43.8603;4.3406;880;2025-03-21;;oui
SIT-01588;CLI-01274;Entrepôt Roubaix;Entrepôt;95 rue des Acacias;59100;Roubaix;59512;Hauts-de-France;50.6401;3.1834;1419;2016-08-09;;oui
SIT-01589;CLI-01274;Point de vente Angers;Point de vente;1 allée des Peupliers;49000;Angers;49007;Pays de la Loire;47.4341;-0.5709;810;2021-01-04;;oui
SIT-01590;CLI-01274;Usine Toulon;Usine;131 chemin des Vignes;83000;Toulon;83137;Provence-Alpes-Côte d’Azur;43.0848;5.9017;2537;2018-12-05;;oui
SIT-01591;CLI-01275;Siège Colmar;Siège;147 rue de la République;68000;Colmar;68066;Grand Est;48.0474;7.3699;915;2021-11-11;;oui
SIT-01592;CLI-01276;Siège Roubaix;Siège;41 rue Pasteur;59100;Roubaix;59512;Hauts-de-France;50.7132;3.1515;40;2024-06-08;;oui
SIT-01593;CLI-01277;Siège Bourg-en-Bresse;Siège;36 quai des Docks;01000;Bourg-en-Bresse;01053;Auvergne-Rhône-Alpes;46.1654;5.2407;2057;2024-07-20;;oui
SIT-01594;CLI-01277;Point de vente Vannes;Point de vente;105 route de Bordeaux;56000;Vannes;56260;Bretagne;47.6499;-2.7593;1568;2024-09-24;;oui
SIT-01595;CLI-01277;Agence Strasbourg;Agence;3 rue de la République;67000;Strasbourg;67482;Grand Est;48.6136;7.7268;1164;2020-02-20;;oui
SIT-01596;CLI-01277;Entrepôt Metz;Entrepôt;136 avenue Jean Jaurès;57000;Metz;57463;Grand Est;;;885;2025-03-25;;oui
SIT-01597;CLI-01278;Siège Rennes;Siège;173 avenue du Général Leclerc;35000;Rennes;35238;Bretagne;48.1069;-1.6839;1096;2017-02-15;;oui
SIT-01598;CLI-01278;Agence Bastia;Agence;5 rue de l’Industrie;20200;Bastia;2B033;Corse;42.7156;9.49;1639;2026-05-11;;oui
SIT-01599;CLI-01278;Point de vente Orléans;Point de vente;107 avenue Jean Jaurès;45000;Orléans;45234;Centre-Val de Loire;47.9492;1.8874;741;2022-12-31;;oui
SIT-01600;CLI-01278;Agence Nevers;Agence;52 rue des Acacias;58000;Nevers;58194;Bourgogne-Franche-Comté;46.9411;3.1908;1488;2021-01-18;;oui
SIT-01601;CLI-01279;Siège Saint-Étienne;Siège;123 rue Pasteur;42000;Saint-Étienne;42218;Auvergne-Rhône-Alpes;45.4296;4.388;40;2017-02-04;;oui
SIT-01602;CLI-01280;Siège Grasse;Siège;21 rue de l’Industrie;06130;Grasse;06069;Provence-Alpes-Côte d’Azur;43.6732;6.9699;1019;2022-04-18;;oui
SIT-01603;CLI-01281;Siège Niort;Siège;155 rue des Acacias;79000;Niort;79191;Nouvelle-Aquitaine;46.3043;-0.4462;477;2017-09-07;;oui
SIT-01604;CLI-01282;Siège Auxerre;Siège;168 impasse des Lilas;89000;Auxerre;89024;Bourgogne-Franche-Comté;47.8419;3.6041;383;2018-07-12;;oui
SIT-01605;CLI-01282;Agence Grasse;Agence;28 boulevard Victor Hugo;06130;Grasse;06069;Provence-Alpes-Côte d’Azur;43.6656;6.9065;262;2017-09-12;;oui
SIT-01606;CLI-01283;Siège Beauvais;Siège;99 rue Pasteur;60000;Beauvais;60057;Hauts-de-France;49.4136;2.0863;1027;2017-02-27;;oui
SIT-01607;CLI-01286;Siège Grasse;Siège;37 rue de l’Industrie;06130;Grasse;06069;Provence-Alpes-Côte d’Azur;43.6266;6.9285;1094;2019-02-16;;oui
SIT-01608;CLI-01286;Usine Besançon;Usine;6 avenue du Général Leclerc;25000;Besançon;25056;Bourgogne-Franche-Comté;47.2216;6.023;1696;2026-04-17;;oui
SIT-01609;CLI-01287;Siège Charleville-Mézières;Siège;73 rue Pasteur;08000;Charleville-Mézières;08105;Grand Est;49.7811;4.694;40;2020-11-09;;oui
SIT-01610;CLI-01287;Entrepôt Marseille;Entrepôt;98 avenue du Général Leclerc;13001;Marseille;13055;Provence-Alpes-Côte d’Azur;43.3461;5.4181;1342;2020-10-26;;oui
SIT-01611;CLI-01287;Usine Blois;Usine;142 rue du Commerce;41000;Blois;41018;Centre-Val de Loire;47.5614;1.314;1385;2026-03-02;;oui
SIT-01612;CLI-01287;Agence Belfort;Agence;111 route de Bordeaux;90000;Belfort;90010;Bourgogne-Franche-Comté;47.6139;6.8369;821;2023-04-05;;oui
SIT-01613;CLI-01288;Siège Nanterre;Siège;54 quai des Docks;92000;Nanterre;92050;Île-de-France;48.8656;2.2046;1226;2016-07-05;;oui
SIT-01614;CLI-01288;Usine Beauvais;Usine;66 impasse des Lilas;60000;Beauvais;60057;Hauts-de-France;49.4381;2.1038;1866;2016-05-17;;oui
SIT-01615;CLI-01288;Entrepôt Évreux;Entrepôt;106 rue des Acacias;27000;Évreux;27229;Normandie;49.051;1.1101;219;2021-06-28;;oui
SIT-01616;CLI-01289;Siège Clermont-Ferrand;Siège;78 route de Bordeaux;63000;Clermont-Ferrand;63113;Auvergne-Rhône-Alpes;45.7315;3.1121;1726;2023-01-11;;oui
SIT-01617;CLI-01290;Siège annecy;Siège;21 rue Pasteur;74000;annecy;74010;Auvergne-Rhône-Alpes;45.8945;6.1324;254;2019-05-27;;oui
SIT-01618;CLI-01291;Siège Nevers;Siège;127 rue Pasteur;58000;Nevers;58194;Bourgogne-Franche-Comté;46.9482;3.1857;1459;2024-06-23;;oui
SIT-01619;CLI-01292;Siège AJACCIO;Siège;117 quai des Docks;20000;AJACCIO;2A004;Corse;41.9483;8.7799;2151;2023-01-26;2028-06-04;non
SIT-01620;CLI-01292;Entrepôt Évreux;Entrepôt;49 boulevard Victor Hugo;27000;Évreux;27229;Normandie;49.0403;1.1217;429;2019-06-13;;oui
SIT-01621;CLI-01292;Usine Saint-Malo;Usine;95 chemin des Vignes;35400;Saint-Malo;35288;Bretagne;48.6519;-2.0522;1561;2023-02-18;;oui
SIT-01622;CLI-01296;Siège Bourges;Siège;10 allée des Peupliers;18000;Bourges;18033;Centre-Val de Loire;47.1048;2.3503;1744;2018-05-12;;oui
SIT-01623;CLI-01297;Siège Dijon;Siège;10 avenue Jean Jaurès;21000;Dijon;21231;Bourgogne-Franche-Comté;47.3157;5.0691;508;2023-03-09;;oui
SIT-01624;CLI-01297;Point de vente Tours;Point de vente;38 avenue de la Gare;37000;Tours;37261;Centre-Val de Loire;47.3767;0.7362;691;2021-10-16;;oui
SIT-01625;CLI-01297;Usine Cannes;Usine;127 boulevard Victor Hugo;06400;Cannes;06029;Provence-Alpes-Côte d’Azur;43.5296;7.0029;995;2016-10-20;;oui
SIT-01626;CLI-01297;Usine Blois;Usine;125 allée des Peupliers;41000;Blois;41018;Centre-Val de Loire;47.5479;1.3042;40;2022-01-05;;oui
SIT-01627;CLI-01299;Siège Colmar;Siège;36 rue du Commerce;68000;Colmar;68066;Grand Est;48.0914;7.4023;1405;2020-09-23;2024-12-23;non
SIT-01628;CLI-01300;Siège antibes;Siège;58 rue des Acacias;06600;antibes;06004;Provence-Alpes-Côte d’Azur;43.6159;7.1104;1175;2021-09-14;;oui
SIT-01629;CLI-01300;Agence Vannes;Agence;45 rue du Commerce;56000;Vannes;56260;Bretagne;47.6632;-2.8027;190;2023-02-03;;oui
SIT-01630;CLI-01301;Siège Chambéry;Siège;103 place du Marché;73000;Chambéry;73065;Auvergne-Rhône-Alpes;45.5416;5.8799;2006;2025-04-12;;oui
SIT-01631;CLI-01301;Agence Narbonne;Agence;85 rue de la République;11100;Narbonne;11262;Occitanie;43.1643;2.9622;124;2019-10-16;;oui
SIT-01632;CLI-01301;Agence Tours;Agence;63 quai des Docks;37000;Tours;37261;Centre-Val de Loire;47.4216;0.6497;40;2017-09-17;;oui
SIT-01633;CLI-01302;Siège Reims;Siège;106 boulevard Victor Hugo;51100;Reims;51454;Grand Est;49.2166;4.0572;154;2019-10-31;;oui
SIT-01634;CLI-01305;Siège Nevers;Siège;128 quai des Docks;58000;Nevers;58194;Bourgogne-Franche-Comté;47.0186;3.1793;2196;2024-12-13;;oui
SIT-01635;CLI-01306;Siège Saint-Quentin;Siège;169 place du Marché;02100;Saint-Quentin;02691;Hauts-de-France;49.8517;3.2485;1256;2025-09-18;;oui
SIT-01636;CLI-01307;Siège Antibes;Siège;9 place du Marché;06600;Antibes;06004;Provence-Alpes-Côte d’Azur;43.5965;7.0827;40;2023-12-11;;oui
SIT-01637;CLI-01308;Siège Béziers;Siège;63 rue des Acacias;34500;Béziers;34032;Occitanie;43.3259;3.2434;1084;2025-07-06;;oui
SIT-01638;CLI-01308;Entrepôt Beauvais;Entrepôt;154 impasse des Lilas;60000;Beauvais;60057;Hauts-de-France;49.4676;2.1124;1087;2020-03-23;;oui
SIT-01639;CLI-01309;Siège Calais;Siège;91 rue des Acacias;62100;Calais;62193;Hauts-de-France;50.9599;1.865;1179;2017-09-03;2016-09-02;non
SIT-01640;CLI-01309;Point de vente Gap;Point de vente;85 impasse des Lilas;05000;Gap;05061;Provence-Alpes-Côte d’Azur;44.5852;6.077;200;2023-10-29;;oui
SIT-01641;CLI-01310;Siège Lorient;Siège;148 route de Bordeaux;56100;Lorient;56121;Bretagne;47.7868;-3.3935;40;2018-09-12;;oui
SIT-01642;CLI-01310;Point de vente Annecy;Point de vente;78 allée des Peupliers;74000;Annecy;74010;Auvergne-Rhône-Alpes;45.8628;6.1559;1323;2022-04-21;2024-03-28;non
SIT-01643;CLI-01311;Siège Strasbourg;Siège;56 route de Bordeaux;67000;Strasbourg;67482;Grand Est;48.5914;7.7652;765;2019-06-18;;oui
SIT-01644;CLI-01311;Point de vente Nancy;Point de vente;8 place du Marché;54000;Nancy;54395;Grand Est;48.6638;6.1623;796;2020-11-29;;oui
SIT-01645;CLI-01313;Siège Niort;Siège;178 quai des Docks;79000;Niort;79191;Nouvelle-Aquitaine;46.2889;-0.5077;1137;2019-11-30;;oui
SIT-01646;CLI-01313;Entrepôt Cergy;Entrepôt;121 rue de la République;95000;Cergy;95127;Île-de-France;49.0728;2.0941;368;2024-09-15;;oui
SIT-01647;CLI-01313;Agence Lyon;Agence;124 avenue du Général Leclerc;69001;Lyon;69123;Auvergne-Rhône-Alpes;45.7567;4.8421;467;2021-10-06;;oui
SIT-01648;CLI-01314;Siège Cholet;Siège;147 avenue du Général Leclerc;49300;Cholet;49099;Pays de la Loire;47.071;-0.8516;94;2017-05-13;;oui
SIT-01649;CLI-01314;Usine Lyon;Usine;128 boulevard Victor Hugo;69001;Lyon;69123;Auvergne-Rhône-Alpes;45.7444;4.7953;879;2021-07-30;;oui
SIT-01650;CLI-01314;Point de vente Nîmes;Point de vente;27 rue du Commerce;30000;Nîmes;30189;Occitanie;43.7947;4.3848;1747;2025-07-06;;oui
SIT-01651;CLI-01314;Point de vente Carcassonne;Point de vente;102 chemin des Vignes;11000;Carcassonne;11069;Occitanie;43.2391;2.3275;498;2019-11-13;;oui
SIT-01652;CLI-01316;Siège Chalon-sur-Saône;Siège;127 rue des Acacias;71100;Chalon-sur-Saône;71076;Bourgogne-Franche-Comté;46.8024;4.8154;822;2020-05-08;;oui
SIT-01653;CLI-01318;Siège Créteil;Siège;29 rue du Commerce;94000;Créteil;94028;Île-de-France;48.8025;2.4932;1410;2018-09-22;;oui
SIT-01654;CLI-01320;Siège Aix-en-Provence;Siège;85 route de Bordeaux;13100;Aix-en-Provence;13001;Provence-Alpes-Côte d’Azur;43.5706;5.4371;667;2016-05-18;;oui
SIT-01655;CLI-01320;Entrepôt Saint-Brieuc;Entrepôt;81 boulevard Victor Hugo;22000;Saint-Brieuc;22278;Bretagne;48.5085;-2.7593;666;2020-03-16;;oui
SIT-01656;CLI-01320;Usine Albi;Usine;63 allée des Peupliers;81000;Albi;81004;Occitanie;43.931;2.1088;822;2022-05-31;;oui
SIT-01657;CLI-01321;Siège Caen;Siège;158 boulevard Victor Hugo;14000;Caen;14118;Normandie;49.2114;-0.3766;336;2018-12-05;;oui
SIT-01658;CLI-01321;Agence Le Mans;Agence;93 chemin des Vignes;72000;Le Mans;72181;Pays de la Loire;48.0536;0.1958;366;2019-08-03;;oui
SIT-01659;CLI-01321;Usine Beauvais;Usine;18 avenue de la Gare;60000;Beauvais;60057;Hauts-de-France;49.3969;2.0516;762;2024-12-11;;oui
SIT-01660;CLI-01321;Agence Quimper;Agence;22 chemin des Vignes;29000;Quimper;29232;Bretagne;47.9647;-4.1366;1193;2024-06-27;;oui
SIT-01661;CLI-01322;Siège Bayonne;Siège;4 rue de l’Industrie;64100;Bayonne;64102;Nouvelle-Aquitaine;43.4626;-1.4499;1724;2020-10-26;;oui
SIT-01662;CLI-01322;Agence Bourges;Agence;61 boulevard Victor Hugo;18000;Bourges;18033;Centre-Val de Loire;47.0846;2.4316;1033;2022-10-31;;oui
SIT-01663;CLI-01324;Siège Montauban;Siège;160 avenue du Général Leclerc;82000;Montauban;82121;Occitanie;44.0509;1.3714;894;2022-09-01;;oui
SIT-01664;CLI-01325;Siège Montauban;Siège;110 place du Marché;82000;Montauban;82121;Occitanie;44.0685;1.3015;861;2022-05-21;;oui
SIT-01665;CLI-01325;Usine Nîmes;Usine;90 rue de l’Industrie;30000;Nîmes;30189;Occitanie;43.832;4.3584;40;2024-03-21;;oui
SIT-01666;CLI-01325;Agence Saint-Malo;Agence;61 avenue de la Gare;35400;Saint-Malo;35288;Bretagne;48.6912;-1.9854;629;2018-06-11;;oui
SIT-01667;CLI-01325;Point de vente Chambéry;Point de vente;80 allée des Peupliers;73000;Chambéry;73065;Auvergne-Rhône-Alpes;45.5546;5.9583;40;2017-09-01;;oui
SIT-01668;CLI-01326;Siège Bourges;Siège;90 avenue du Général Leclerc;18000;Bourges;18033;Centre-Val de Loire;47.1248;2.433;1976;2023-09-03;;oui
SIT-01669;CLI-01327;Siège Béziers;Siège;18 rue Pasteur;34500;Béziers;34032;Occitanie;43.3426;3.1849;276;2023-10-01;;oui
SIT-01670;CLI-01328;Siège Marseille;Siège;156 rue de la République;13001;Marseille;13055;Provence-Alpes-Côte d’Azur;43.2995;5.3723;40;2017-01-18;;oui
SIT-01671;CLI-01328;Entrepôt Quimper;Entrepôt;16 place du Marché;29000;Quimper;29232;Bretagne;47.9643;-4.074;40;2026-05-04;2029-07-13;non
SIT-01672;CLI-01330;Siège Antibes;Siège;152 allée des Peupliers;06600;Antibes;06004;Provence-Alpes-Côte d’Azur;43.6069;7.1059;1527;2021-09-03;;oui
SIT-01673;CLI-01332;Siège Saint-Étienne;Siège;97 quai des Docks;42000;Saint-Étienne;42218;Auvergne-Rhône-Alpes;45.4894;4.3501;1728;2022-09-18;;oui
SIT-01674;CLI-01335;Siège Angers;Siège;46 rue des Acacias;49000;Angers;49007;Pays de la Loire;47.4481;-0.5578;655;2025-07-13;;oui
SIT-01675;CLI-01335;Point de vente Metz;Point de vente;31 rue du Commerce;57000;Metz;57463;Grand Est;49.1238;6.1967;40;2018-10-26;;oui
SIT-01676;CLI-01335;Agence Saint-Malo;Agence;63 avenue du Général Leclerc;35400;Saint-Malo;35288;Bretagne;48.6066;-2.0167;1144;2017-08-02;;oui
SIT-01677;CLI-01335;Point de vente Chartres;Point de vente;82 rue de la République;28000;Chartres;28085;Centre-Val de Loire;48.4738;1.4429;288;2026-05-05;;oui
SIT-01678;CLI-01336;Siège Bastia;Siège;121 rue des Acacias;20200;Bastia;2B033;Corse;42.6741;9.4622;1779;2019-01-09;;oui
SIT-01679;CLI-01336;Point de vente Antibes;Point de vente;5 rue des Acacias;06600;Antibes;06004;Provence-Alpes-Côte d’Azur;43.5758;7.1136;1266;2025-11-16;;oui
SIT-01680;CLI-01336;Agence Metz;Agence;96 rue des Acacias;57000;Metz;57463;Grand Est;49.1655;6.2166;40;2024-10-10;;oui
SIT-01681;CLI-01337;Siège Boulogne-Billancourt;Siège;53 avenue du Général Leclerc;92100;Boulogne-Billancourt;92012;Île-de-France;48.8834;2.2099;1804;2017-12-01;;oui
SIT-01682;CLI-01338;Siège Calais;Siège;37 rue du Commerce;62100;Calais;62193;Hauts-de-France;50.901;1.8224;194;2020-08-23;;oui
SIT-01683;CLI-01338;Entrepôt Carcassonne;Entrepôt;126 avenue de la Gare;11000;Carcassonne;11069;Occitanie;43.1868;2.3475;449;2016-08-05;2017-04-03;non
SIT-01684;CLI-01339;Siège Évry-Courcouronnes;Siège;54 rue de la République;91000;Évry-Courcouronnes;91228;Île-de-France;48.677;2.4466;40;2018-09-08;;oui
SIT-01685;CLI-01340;Siège Blois;Siège;136 rue du Commerce;41000;Blois;41018;Centre-Val de Loire;47.6323;1.3318;40;2024-03-14;;oui
SIT-01686;CLI-01340;Usine Limoges;Usine;95 rue du Commerce;87000;Limoges;87085;Nouvelle-Aquitaine;45.7948;1.2542;40;2018-08-03;;oui
SIT-01687;CLI-01341;Siège Périgueux;Siège;108 boulevard Victor Hugo;24000;Périgueux;24322;Nouvelle-Aquitaine;45.2104;0.7164;2227;2016-08-25;;oui
SIT-01688;CLI-01342;Siège Lorient;Siège;104 rue de la République;56100;Lorient;56121;Bretagne;47.7722;-3.3569;394;2025-09-20;;oui
SIT-01689;CLI-01344;Siège Narbonne;Siège;5 impasse des Lilas;11100;Narbonne;11262;Occitanie;43.171;3.0325;715;2021-02-12;;oui
SIT-01690;CLI-01345;Siège Bourges;Siège;83 avenue de la Gare;18000;Bourges;18033;Centre-Val de Loire;47.1181;2.3508;1327;2021-12-07;;oui
SIT-01691;CLI-01345;Entrepôt Antibes;Entrepôt;130 avenue de la Gare;06600;Antibes;06004;Provence-Alpes-Côte d’Azur;43.6007;7.082;1038;2024-01-10;2026-06-11;non
SIT-01692;CLI-01346;Siège béziers;Siège;38 rue de la République;34500;béziers;34032;Occitanie;43.3895;3.2467;1632;2020-06-24;;oui
SIT-01693;CLI-01347;Siège Dunkerque;Siège;130 avenue du Général Leclerc;59140;Dunkerque;59183;Hauts-de-France;50.9922;2.339;1808;2023-11-19;;oui
SIT-01694;CLI-01347;Agence Grenoble;Agence;51 rue des Acacias;38000;Grenoble;38185;Auvergne-Rhône-Alpes;45.1651;5.7327;1759;2018-06-05;;oui
SIT-01695;CLI-01347;Entrepôt Béziers;Entrepôt;98 avenue du Général Leclerc;34500;Béziers;34032;Occitanie;43.3662;3.184;623;2018-02-20;;oui
SIT-01696;CLI-01348;Siège Albi;Siège;59 quai des Docks;81000;Albi;81004;Occitanie;43.9223;2.1691;1598;2020-01-16;;oui
SIT-01697;CLI-01349;Siège Issy-les-Moulineaux;Siège;39 boulevard Victor Hugo;92130;Issy-les-Moulineaux;92040;Île-de-France;48.782;2.2969;1930;2020-09-23;;oui
SIT-01698;CLI-01350;Siège Cherbourg-en-Cotentin;Siège;131 rue du Commerce;50100;Cherbourg-en-Cotentin;50129;Normandie;49.653;-1.576;1111;2019-03-01;;oui
SIT-01699;CLI-01350;Point de vente Évreux;Point de vente;85 quai des Docks;27000;Évreux;27229;Normandie;48.9724;1.1006;1288;2025-04-05;;oui
SIT-01700;CLI-01351;Siège Périgueux;Siège;173 chemin des Vignes;24000;Périgueux;24322;Nouvelle-Aquitaine;45.1825;0.6872;40;2026-04-04;;oui
SIT-01701;CLI-01351;Entrepôt Antibes;Entrepôt;9 rue de la République;06600;Antibes;06004;Provence-Alpes-Côte d’Azur;43.6253;7.091;501;2020-05-06;;oui
SIT-01702;CLI-01352;Siège Nantes;Siège;21 quai des Docks;44000;Nantes;44109;Pays de la Loire;47.2439;-1.5325;1204;2021-08-15;;oui
SIT-01703;CLI-01354;Siège Bourg-en-Bresse;Siège;144 chemin des Vignes;01000;Bourg-en-Bresse;01053;Auvergne-Rhône-Alpes;46.2223;5.1969;772;2018-05-20;;oui
SIT-01704;CLI-01356;Siège Montreuil;Siège;30 avenue de la Gare;93100;Montreuil;93048;Île-de-France;48.8824;2.4214;2679;2023-05-25;;oui
SIT-01705;CLI-01356;Usine Roanne;Usine;122 place du Marché;42300;Roanne;42187;Auvergne-Rhône-Alpes;46.0213;4.0366;1448;2022-03-20;2025-07-10;non
SIT-01706;CLI-01356;Entrepôt Tarbes;Entrepôt;75 rue du Commerce;65000;Tarbes;65440;Occitanie;43.2024;0.101;1809;2022-08-14;;oui
SIT-01707;CLI-01357;Siège Lorient;Siège;66 rue de la République;56100;Lorient;56121;Bretagne;47.7193;-3.4144;40;2021-04-09;;oui
SIT-01708;CLI-01358;Siège Créteil;Siège;34 rue des Acacias;94000;Créteil;94028;Île-de-France;48.7885;2.4288;40;2025-07-10;;oui
SIT-01709;CLI-01359;Siège Le Havre;Siège;143 rue Pasteur;76600;Le Havre;76351;Normandie;49.5285;0.1272;949;2022-08-10;;oui
SIT-01710;CLI-01359;Entrepôt Nice;Entrepôt;152 quai des Docks;06000;Nice;06088;Provence-Alpes-Côte d’Azur;43.697;7.2992;957;2018-09-16;;oui
SIT-01711;CLI-01360;Siège Vannes;Siège;126 rue des Acacias;56000;Vannes;56260;Bretagne;47.6339;-2.7178;1008;2025-10-27;;oui
SIT-01712;CLI-01361;Siège Paris;Siège;10 rue de la République;75001;Paris;75056;Île-de-France;48.8513;2.364;1794;2025-09-30;;oui
SIT-01713;CLI-01362;Siège Montpellier;Siège;104 route de Bordeaux;34000;Montpellier;34172;Occitanie;43.5698;3.8669;585;2021-07-20;;oui
SIT-01714;CLI-01362;Agence Le Mans;Agence;174 impasse des Lilas;72000;Le Mans;72181;Pays de la Loire;47.9641;0.1843;1788;2018-03-03;;oui
SIT-01715;CLI-01363;Siège Villeurbanne;Siège;24 boulevard Victor Hugo;69100;Villeurbanne;69266;Auvergne-Rhône-Alpes;45.8107;4.9062;643;2019-07-21;;oui
SIT-01716;CLI-01364;Siège Nantes;Siège;180 rue du Commerce;44000;Nantes;44109;Pays de la Loire;47.1737;-1.5876;2574;2016-05-24;;oui
SIT-01717;CLI-01365;Siège Beauvais;Siège;98 avenue de la Gare;60000;Beauvais;60057;Hauts-de-France;49.4179;2.0314;1475;2019-06-13;;oui
SIT-01718;CLI-01367;Siège La Roche-sur-Yon;Siège;89 avenue du Général Leclerc;85000;La Roche-sur-Yon;85191;Pays de la Loire;46.6847;-1.4663;3009;2024-12-21;;oui
SIT-01719;CLI-01367;Agence Poitiers;Agence;89 impasse des Lilas;86000;Poitiers;86194;Nouvelle-Aquitaine;46.5446;0.2936;1437;2018-03-08;;oui
SIT-01720;CLI-01369;Siège Perpignan;Siège;76 rue de la République;66000;Perpignan;66136;Occitanie;42.6767;2.908;1426;2017-03-27;;oui
SIT-01721;CLI-01369;Usine Chalon-sur-Saône;Usine;126 rue de l’Industrie;71100;Chalon-sur-Saône;71076;Bourgogne-Franche-Comté;46.8025;4.8213;1023;2019-12-29;;oui
SIT-01722;CLI-01370;Siège Saint-Nazaire;Siège;139 route de Bordeaux;44600;Saint-Nazaire;44184;Pays de la Loire;47.2809;-2.208;1694;2016-08-20;;oui
SIT-01723;CLI-01370;Agence Reims;Agence;93 allée des Peupliers;51100;Reims;51454;Grand Est;49.2755;4.0012;40;2024-10-14;;oui
SIT-01724;CLI-01371;Siège Colmar;Siège;105 chemin des Vignes;68000;Colmar;68066;Grand Est;48.0707;7.3587;696;2016-05-25;;oui
SIT-01725;CLI-01373;Siège Brest;Siège;39 rue de l’Industrie;29200;Brest;29019;Bretagne;48.4102;-4.5041;875;2023-01-12;;oui
SIT-01726;CLI-01373;Entrepôt Mulhouse;Entrepôt;28 rue de l’Industrie;68100;Mulhouse;68224;Grand Est;47.7274;7.3669;466;2017-01-05;;oui
SIT-01727;CLI-01373;Agence Issy-les-Moulineaux;Agence;127 boulevard Victor Hugo;92130;Issy-les-Moulineaux;92040;Île-de-France;48.8669;2.2918;489;2024-01-06;;oui
SIT-01728;CLI-01373;Agence Arles;Agence;128 rue de la République;13200;Arles;13004;Provence-Alpes-Côte d’Azur;43.692;4.6259;131;2024-02-26;;oui
SIT-01729;CLI-01375;Siège Rennes;Siège;36 route de Bordeaux;35000;Rennes;35238;Bretagne;48.149;-1.6756;709;2017-06-28;2018-09-27;non
SIT-01730;CLI-01376;Siège Évreux;Siège;108 quai des Docks;27000;Évreux;27229;Normandie;49.0396;1.1748;1275;2017-02-26;;oui
SIT-01731;CLI-01377;Siège Roubaix;Siège;59 rue du Commerce;59100;Roubaix;59512;Hauts-de-France;50.6942;3.1492;619;2019-06-08;;oui
SIT-01732;CLI-01378;Siège Ajaccio;Siège;12 avenue Jean Jaurès;20000;Ajaccio;2A004;Corse;41.9731;8.7347;1567;2016-12-07;;oui
SIT-01733;CLI-01378;Agence Bourg-en-Bresse;Agence;124 rue du Commerce;01000;Bourg-en-Bresse;01053;Auvergne-Rhône-Alpes;46.1732;5.2542;1592;2021-08-02;;oui
SIT-01734;CLI-01379;Siège Issy-les-Moulineaux;Siège;14 allée des Peupliers;92130;Issy-les-Moulineaux;92040;Île-de-France;48.861;2.2633;723;2022-01-09;;oui
SIT-01735;CLI-01380;Siège Chartres;Siège;62 quai des Docks;28000;Chartres;28085;Centre-Val de Loire;48.4044;1.4659;1517;2022-05-01;;oui
SIT-01736;CLI-01380;Usine Bastia;Usine;41 rue de la République;20200;Bastia;2B033;Corse;42.7311;9.4564;2508;2019-05-05;2021-03-27;non
SIT-01737;CLI-01381;Siège Rodez;Siège;17 allée des Peupliers;12000;Rodez;12202;Occitanie;44.3007;2.6116;803;2021-07-11;;oui
SIT-01738;CLI-01382;Siège Évreux;Siège;3 route de Bordeaux;27000;Évreux;27229;Normandie;48.9778;1.1049;637;2025-11-01;2029-01-31;non
SIT-01739;CLI-01383;Siège Bourges;Siège;179 boulevard Victor Hugo;18000;Bourges;18033;Centre-Val de Loire;47.1105;2.373;290;2023-10-10;;oui
SIT-01740;CLI-01384;Siège Salon-de-Provence;Siège;145 route de Bordeaux;13300;Salon-de-Provence;13103;Provence-Alpes-Côte d’Azur;43.6639;5.1372;842;2016-09-03;;oui
SIT-01741;CLI-01385;Siège Toulon;Siège;40 allée des Peupliers;83000;Toulon;83137;Provence-Alpes-Côte d’Azur;43.0973;5.9535;3063;2016-12-23;2020-04-07;non
SIT-01742;CLI-01387;Siège Grasse;Siège;123 boulevard Victor Hugo;06130;Grasse;06069;Provence-Alpes-Côte d’Azur;43.6253;6.908;2317;2025-04-12;;oui
SIT-01743;CLI-01388;Siège Charleville-Mézières;Siège;80 avenue du Général Leclerc;08000;Charleville-Mézières;08105;Grand Est;49.7876;4.7482;1428;2022-05-28;;oui
SIT-01744;CLI-01388;Usine Calais;Usine;2 chemin des Vignes;62100;Calais;62193;Hauts-de-France;50.9737;1.9019;40;2017-08-10;;oui
SIT-01745;CLI-01389;Siège Toulouse;Siège;112 avenue de la Gare;31000;Toulouse;31555;Occitanie;43.6031;1.4279;1831;2018-02-17;;oui
SIT-01746;CLI-01389;Point de vente Lyon;Point de vente;61 rue de l’Industrie;69001;Lyon;69123;Auvergne-Rhône-Alpes;45.7987;4.8524;623;2020-09-29;;oui
SIT-01747;CLI-01390;Siège Montpellier;Siège;127 avenue du Général Leclerc;34000;Montpellier;34172;Occitanie;43.6237;3.854;1381;2019-08-07;2022-03-05;non
SIT-01748;CLI-01390;Agence Clermont-Ferrand;Agence;29 rue Pasteur;63000;Clermont-Ferrand;63113;Auvergne-Rhône-Alpes;45.7656;3.0744;40;2022-06-23;;oui
SIT-01749;CLI-01390;Usine Aix-en-Provence;Usine;119 rue de la République;13100;Aix-en-Provence;13001;Provence-Alpes-Côte d’Azur;43.5522;5.4195;689;2019-06-12;;oui
SIT-01750;CLI-01390;Entrepôt Saint-Malo;Entrepôt;50 rue du Commerce;35400;Saint-Malo;35288;Bretagne;48.6549;-2.0286;929;2026-03-22;;oui
SIT-01751;CLI-01391;Siège Brest;Siège;143 boulevard Victor Hugo;29200;Brest;29019;Bretagne;48.4237;-4.5076;40;2021-08-25;;oui
SIT-01752;CLI-01391;Usine Mérignac;Usine;95 place du Marché;33700;Mérignac;33281;Nouvelle-Aquitaine;44.8173;-0.6254;2143;2016-07-23;;oui
SIT-01753;CLI-01391;Entrepôt Auxerre;Entrepôt;94 impasse des Lilas;89000;Auxerre;89024;Bourgogne-Franche-Comté;47.7711;3.5738;1505;2016-07-12;;oui
SIT-01754;CLI-01392;Siège Châteauroux;Siège;67 impasse des Lilas;36000;Châteauroux;36044;Centre-Val de Loire;46.7829;1.7129;1488;2026-01-27;;oui
SIT-01755;CLI-01392;Entrepôt Saint-Denis;Entrepôt;174 place du Marché;93200;Saint-Denis;93066;Île-de-France;48.9863;2.3163;1009;2017-07-23;;oui
SIT-01756;CLI-01393;Siège Troyes;Siège;120 chemin des Vignes;10000;Troyes;10387;Grand Est;48.2692;4.042;763;2023-06-17;2025-10-29;non
SIT-01757;CLI-01394;Siège Villeurbanne;Siège;170 place du Marché;69100;Villeurbanne;69266;Auvergne-Rhône-Alpes;45.7554;4.9101;457;2025-05-15;;oui
SIT-01758;CLI-01395;Siège Nice;Siège;110 avenue du Général Leclerc;06000;Nice;06088;Provence-Alpes-Côte d’Azur;43.7291;7.2423;723;2025-09-06;;oui
SIT-01759;CLI-01396;Siège Belfort;Siège;178 avenue de la Gare;90000;Belfort;90010;Bourgogne-Franche-Comté;47.6374;6.84;1211;2023-01-26;;oui
SIT-01760;CLI-01397;Siège Lille;Siège;98 boulevard Victor Hugo;59000;Lille;59350;Hauts-de-France;50.6352;3.0689;1069;2022-09-29;;oui
SIT-01761;CLI-01398;Siège Montauban;Siège;127 chemin des Vignes;82000;Montauban;82121;Occitanie;43.9765;1.3906;1002;2018-10-08;;oui
SIT-01762;CLI-01399;Siège Béziers;Siège;6 rue du Commerce;34500;Béziers;34032;Occitanie;43.3756;3.1941;1219;2017-09-22;;oui
SIT-01763;CLI-01399;Point de vente La Roche-sur-Yon;Point de vente;68 avenue du Général Leclerc;85000;La Roche-sur-Yon;85191;Pays de la Loire;46.7112;-1.4073;1089;2024-04-19;2025-07-06;non
SIT-01764;CLI-01399;Entrepôt Chambéry;Entrepôt;105 boulevard Victor Hugo;73000;Chambéry;73065;Auvergne-Rhône-Alpes;45.5485;5.942;40;2023-11-10;2027-12-30;non
SIT-01765;CLI-01400;Siège Toulouse;Siège;162 impasse des Lilas;31000;Toulouse;31555;Occitanie;43.6118;1.4698;82;2025-07-31;;oui
SIT-01766;CLI-01400;Point de vente Toulon;Point de vente;172 impasse des Lilas;83000;Toulon;83137;Provence-Alpes-Côte d’Azur;43.0817;5.8863;1719;2023-07-04;;oui
SIT-01767;CLI-01400;Entrepôt Salon-de-Provence;Entrepôt;108 avenue Jean Jaurès;13300;Salon-de-Provence;13103;Provence-Alpes-Côte d’Azur;43.6686;5.0792;686;2017-03-03;;oui
SIT-01768;CLI-01403;Siège Colmar;Siège;119 avenue du Général Leclerc;68000;Colmar;68066;Grand Est;48.0373;7.4058;1424;2022-05-26;;oui
SIT-01769;CLI-01403;Agence Évreux;Agence;24 rue du Commerce;27000;Évreux;27229;Normandie;49.0445;1.1233;1591;2021-04-13;;oui
SIT-01770;CLI-01405;Siège Vannes;Siège;179 avenue Jean Jaurès;56000;Vannes;56260;Bretagne;47.6335;-2.711;200;2023-03-20;;oui
SIT-01771;CLI-01409;Siège Annecy;Siège;66 rue de la République;74000;Annecy;74010;Auvergne-Rhône-Alpes;45.9067;6.1485;281;2024-10-05;;oui
SIT-01772;CLI-01410;Siège Versailles;Siège;156 boulevard Victor Hugo;78000;Versailles;78646;Île-de-France;48.7746;2.1153;382;2024-10-22;;oui
SIT-01773;CLI-01411;Siège Saint-Brieuc;Siège;139 route de Bordeaux;22000;Saint-Brieuc;22278;Bretagne;48.5296;-2.7891;788;2018-06-16;;oui
SIT-01774;CLI-01411;Entrepôt Saint-Brieuc;Entrepôt;180 quai des Docks;22000;Saint-Brieuc;22278;Bretagne;48.5225;-2.7677;227;2018-01-31;;oui
SIT-01775;CLI-01414;Siège Niort;Siège;174 allée des Peupliers;79000;Niort;79191;Nouvelle-Aquitaine;46.2957;-0.4672;708;2025-02-20;;oui
SIT-01776;CLI-01415;Siège Metz;Siège;84 avenue Jean Jaurès;57000;Metz;57463;Grand Est;49.1146;6.2061;1463;2020-12-19;;oui
SIT-01777;CLI-01415;Usine Saint-Denis;Usine;180 chemin des Vignes;93200;Saint-Denis;93066;Île-de-France;48.9425;2.3493;2270;2025-07-31;;oui
SIT-01778;CLI-01416;Siège Saint-Malo;Siège;120 avenue de la Gare;35400;Saint-Malo;35288;Bretagne;48.6531;-2.0758;1296;2020-05-06;;oui
SIT-01779;CLI-01416;Entrepôt Montreuil;Entrepôt;23 allée des Peupliers;93100;Montreuil;93048;Île-de-France;48.8183;2.4754;937;2019-06-07;;oui
SIT-01780;CLI-01416;Agence Mérignac;Agence;127 rue Pasteur;33700;Mérignac;33281;Nouvelle-Aquitaine;44.8285;-0.6381;717;2019-09-09;;oui
SIT-01781;CLI-01417;Siège Arles;Siège;90 rue de l’Industrie;13200;Arles;13004;Provence-Alpes-Côte d’Azur;43.6644;4.6266;595;2022-05-21;;oui
SIT-01782;CLI-01418;Siège antibes;Siège;27 impasse des Lilas;06600;antibes;06004;Provence-Alpes-Côte d’Azur;43.5318;7.1081;899;2021-10-09;;oui
SIT-01783;CLI-01421;Siège Tours;Siège;109 avenue Jean Jaurès;37000;Tours;37261;Centre-Val de Loire;47.4253;0.7037;40;2023-02-17;;oui
SIT-01784;CLI-01422;Siège Saint-Nazaire;Siège;126 impasse des Lilas;44600;Saint-Nazaire;44184;Pays de la Loire;47.2694;-2.2426;894;2018-09-13;;oui
SIT-01785;CLI-01422;Agence Mérignac;Agence;10 avenue de la Gare;33700;Mérignac;33281;Nouvelle-Aquitaine;44.841;-0.6118;893;2025-11-12;;oui
SIT-01786;CLI-01423;Siège Agen;Siège;28 impasse des Lilas;47000;Agen;47001;Nouvelle-Aquitaine;44.1768;0.5721;1798;2026-01-20;;oui
SIT-01787;CLI-01424;Siège Béziers;Siège;22 avenue de la Gare;34500;Béziers;34032;Occitanie;43.3739;3.2111;2527;2016-06-08;;oui
SIT-01788;CLI-01426;Siège Orléans;Siège;12 impasse des Lilas;45000;Orléans;45234;Centre-Val de Loire;47.916;1.8757;664;2020-07-22;;oui
SIT-01789;CLI-01426;Usine Albi;Usine;18 chemin des Vignes;81000;Albi;81004;Occitanie;43.9071;2.1452;2321;2023-07-31;;oui
SIT-01790;CLI-01426;Usine Lorient;Usine;79 rue de l’Industrie;56100;Lorient;56121;Bretagne;47.7532;-3.3608;505;2022-03-23;;oui
SIT-01791;CLI-01426;Entrepôt Cannes;Entrepôt;179 quai des Docks;06400;Cannes;06029;Provence-Alpes-Côte d’Azur;43.5973;7.0683;861;2019-05-09;;oui
SIT-01792;CLI-01427;Siège Poitiers;Siège;114 quai des Docks;86000;Poitiers;86194;Nouvelle-Aquitaine;46.6114;0.3711;1972;2021-09-13;;oui
SIT-01793;CLI-01428;Siège Cannes;Siège;100 avenue de la Gare;06400;Cannes;06029;Provence-Alpes-Côte d’Azur;43.5881;6.9863;40;2021-07-01;;oui
SIT-01794;CLI-01428;Entrepôt Nancy;Entrepôt;180 boulevard Victor Hugo;54000;Nancy;54395;Grand Est;48.6698;6.2007;613;2022-09-02;;oui
SIT-01795;CLI-01429;Siège Rennes;Siège;145 avenue Jean Jaurès;35000;Rennes;35238;Bretagne;48.1484;-1.695;1312;2025-07-22;;oui
SIT-01796;CLI-01429;Usine Reims;Usine;41 avenue Jean Jaurès;51100;Reims;51454;Grand Est;49.2178;4.0537;463;2025-03-08;;oui
SIT-01797;CLI-01429;Usine Bordeaux;Usine;11 boulevard Victor Hugo;33000;Bordeaux;33063;Nouvelle-Aquitaine;44.8004;-0.5393;874;2021-04-19;2026-05-14;non
SIT-01798;CLI-01430;Siège Cherbourg-en-Cotentin;Siège;83 avenue du Général Leclerc;50100;Cherbourg-en-Cotentin;50129;Normandie;49.612;-1.6329;532;2019-04-22;;oui
SIT-01799;CLI-01430;Agence Arles;Agence;162 rue de l’Industrie;13200;Arles;13004;Provence-Alpes-Côte d’Azur;43.7295;4.6587;40;2023-05-21;;oui
SIT-01800;CLI-01430;Entrepôt Pau;Entrepôt;159 impasse des Lilas;64000;Pau;64445;Nouvelle-Aquitaine;43.311;-0.3588;40;2017-02-26;;oui
SIT-01801;CLI-01430;Usine Paris;Usine;33 rue du Commerce;75001;Paris;75056;Île-de-France;48.8693;2.3083;40;2022-11-27;;oui
SIT-01802;CLI-01431;Siège Chartres;Siège;163 boulevard Victor Hugo;28000;Chartres;28085;Centre-Val de Loire;48.4352;1.4516;40;2021-03-19;;oui
SIT-01803;CLI-01432;Siège Le Havre;Siège;117 rue Pasteur;76600;Le Havre;76351;Normandie;49.4912;0.0613;1122;2018-03-25;;oui
SIT-01804;CLI-01432;Agence Roanne;Agence;163 route de Bordeaux;42300;Roanne;42187;Auvergne-Rhône-Alpes;46.0245;4.1062;770;2024-03-30;2028-05-27;non
SIT-01805;CLI-01433;Siège Annecy;Siège;61 rue des Acacias;85000;Annecy;74010;Auvergne-Rhône-Alpes;45.8913;6.1678;497;2022-11-17;;oui
SIT-01806;CLI-01433;Entrepôt Saint-Denis;Entrepôt;52 rue de l’Industrie;93200;Saint-Denis;93066;Île-de-France;48.909;2.3285;40;2017-01-13;;oui
SIT-01807;CLI-01433;Agence Boulogne-Billancourt;Agence;43 avenue Jean Jaurès;92100;Boulogne-Billancourt;92012;Île-de-France;48.8487;2.1996;40;2024-01-04;;oui
SIT-01808;CLI-01434;Siège Antibes;Siège;36 avenue du Général Leclerc;06600;Antibes;06004;Provence-Alpes-Côte d’Azur;43.5921;7.1199;40;2016-12-06;2015-11-21;non
SIT-01809;CLI-01434;Usine Pau;Usine;19 avenue Jean Jaurès;64000;Pau;64445;Nouvelle-Aquitaine;43.2687;-0.3405;755;2020-05-03;2023-08-11;non
SIT-01810;CLI-01436;Siège Pau;Siège;158 quai des Docks;64000;Pau;64445;Nouvelle-Aquitaine;43.2976;-0.359;2672;2017-07-14;2022-07-23;non
SIT-01811;CLI-01436;Point de vente Roanne;Point de vente;23 place du Marché;42300;Roanne;42187;Auvergne-Rhône-Alpes;46.0751;4.0688;605;2018-11-05;;oui
SIT-01812;CLI-01437;Siège Gap;Siège;94 impasse des Lilas;05000;Gap;05061;Provence-Alpes-Côte d’Azur;44.5303;6.1184;2050;2022-11-17;;oui
SIT-01813;CLI-01437;Agence Chambéry;Agence;116 route de Bordeaux;73000;Chambéry;73065;Auvergne-Rhône-Alpes;45.5992;5.9496;624;2016-06-09;;oui
SIT-01814;CLI-01439;Siège Antibes;Siège;72 allée des Peupliers;06600;Antibes;06004;Provence-Alpes-Côte d’Azur;43.57;7.143;188;2020-06-29;;oui
SIT-01815;CLI-01439;Point de vente Angers;Point de vente;81 avenue Jean Jaurès;49000;Angers;49007;Pays de la Loire;47.4957;-0.5506;838;2024-06-03;;oui
SIT-01816;CLI-01440;Siège Saint-Malo;Siège;39 impasse des Lilas;35400;Saint-Malo;35288;Bretagne;48.6944;-2.0766;537;2024-02-19;;oui
SIT-01817;CLI-01440;Agence Chambéry;Agence;26 allée des Peupliers;73000;Chambéry;73065;Auvergne-Rhône-Alpes;45.54;5.9257;1152;2025-08-23;;oui
SIT-01818;CLI-01441;Siège Poitiers;Siège;163 avenue du Général Leclerc;86000;Poitiers;86194;Nouvelle-Aquitaine;46.604;0.3594;2022;2023-03-05;;oui
SIT-01819;CLI-01441;Point de vente Niort;Point de vente;176 rue des Acacias;79000;Niort;79191;Nouvelle-Aquitaine;46.3552;-0.425;215;2026-05-18;;oui
SIT-01820;CLI-01443;Siège Charleville-Mézières;Siège;161 chemin des Vignes;08000;Charleville-Mézières;08105;Grand Est;49.772;4.6862;496;2025-08-09;;oui
SIT-01821;CLI-01444;Siège Sète;Siège;38 boulevard Victor Hugo;34200;Sète;34301;Occitanie;43.3631;3.7188;731;2016-06-08;;oui
SIT-01822;CLI-01445;Siège Toulon;Siège;70 allée des Peupliers;83000;Toulon;83137;Provence-Alpes-Côte d’Azur;43.123;5.8828;2067;2024-10-20;;oui
SIT-01823;CLI-01446;Siège La Roche-sur-Yon;Siège;19 quai des Docks;85000;La Roche-sur-Yon;85191;Pays de la Loire;46.6436;-1.4221;645;2019-10-21;;oui
SIT-01824;CLI-01446;Entrepôt Metz;Entrepôt;135 rue des Acacias;57000;Metz;57463;Grand Est;49.1031;6.1696;40;2023-07-16;;oui
SIT-01825;CLI-01446;Entrepôt Ajaccio;Entrepôt;40 chemin des Vignes;20000;Ajaccio;2A004;Corse;41.8897;8.7439;82;2023-10-19;;oui
SIT-01826;CLI-01447;Siège Bordeaux;Siège;113 rue des Acacias;33000;Bordeaux;33063;Nouvelle-Aquitaine;44.8347;-0.6215;987;2024-08-07;;oui
SIT-01827;CLI-01448;Siège Mulhouse;Siège;28 allée des Peupliers;68100;Mulhouse;68224;Grand Est;47.7961;7.3804;1514;2026-04-01;;oui
SIT-01828;CLI-01448;Usine Grasse;Usine;168 place du Marché;06130;Grasse;06069;Provence-Alpes-Côte d’Azur;43.6682;6.9051;1572;2019-04-18;;oui
SIT-01829;CLI-01450;Siège Montpellier;Siège;100 avenue du Général Leclerc;34000;Montpellier;34172;Occitanie;43.5912;3.8707;1033;2021-11-21;;oui
SIT-01830;CLI-01452;Siège Lorient;Siège;120 rue de la République;56100;Lorient;56121;Bretagne;47.7046;-3.3547;275;2017-08-14;;oui
SIT-01831;CLI-01454;Siège Metz;Siège;109 rue Pasteur;57000;Metz;57463;Grand Est;49.1332;6.2156;578;2016-09-10;;oui
SIT-01832;CLI-01455;Siège Quimper;Siège;83 avenue Jean Jaurès;29000;Quimper;29232;Bretagne;47.9762;-4.1015;40;2021-03-04;;oui
SIT-01833;CLI-01456;Siège Nancy;Siège;44 avenue Jean Jaurès;54000;Nancy;54395;Grand Est;48.6882;6.1853;2588;2025-07-25;;oui
SIT-01834;CLI-01457;Siège Salon-de-Provence;Siège;149 place du Marché;13300;Salon-de-Provence;13103;Provence-Alpes-Côte d’Azur;43.6486;5.1171;475;2019-09-08;;oui
SIT-01835;CLI-01458;Siège RODEZ;Siège;147 rue des Acacias;12000;RODEZ;12202;Occitanie;44.3161;2.5546;354;2016-12-28;;oui
SIT-01836;CLI-01458;Entrepôt Cholet;Entrepôt;41 boulevard Victor Hugo;49300;Cholet;49099;Pays de la Loire;47.0747;-0.862;66;2018-12-10;;oui
SIT-01837;CLI-01458;Agence Angoulême;Agence;86 rue de l’Industrie;16000;Angoulême;16015;Nouvelle-Aquitaine;45.6284;0.1781;1079;2017-10-10;;oui
SIT-01838;CLI-01459;Siège Caen;Siège;22 impasse des Lilas;14000;Caen;14118;Normandie;49.2025;-0.3881;1332;2025-02-08;;oui
SIT-01839;CLI-01460;Siège Toulon;Siège;131 allée des Peupliers;83000;Toulon;83137;Provence-Alpes-Côte d’Azur;43.085;5.9749;40;2025-09-03;2027-05-25;non
SIT-01840;CLI-01461;Siège Caen;Siège;4 route de Bordeaux;14000;Caen;14118;Normandie;49.2202;-0.3743;1058;2017-06-15;;oui
SIT-01841;CLI-01461;Agence Auxerre;Agence;61 rue des Acacias;89000;Auxerre;89024;Bourgogne-Franche-Comté;47.8222;3.5301;1377;2018-10-29;;oui
SIT-01842;CLI-01461;Usine Nantes;Usine;50 rue des Acacias;44000;Nantes;44109;Pays de la Loire;47.2396;-1.5782;1085;2017-03-28;;oui
SIT-01843;CLI-01462;Siège Mulhouse;Siège;88 impasse des Lilas;68100;Mulhouse;68224;Grand Est;47.7801;7.3187;1339;2017-12-12;;oui
SIT-01844;CLI-01462;Agence Troyes;Agence;107 avenue de la Gare;10000;Troyes;10387;Grand Est;48.3443;4.0818;1315;2018-07-21;;oui
SIT-01845;CLI-01463;Siège BOURG-EN-BRESSE;Siège;117 chemin des Vignes;01000;BOURG-EN-BRESSE;01053;Auvergne-Rhône-Alpes;46.1948;5.1804;40;2020-04-02;;oui
SIT-01846;CLI-01463;Agence Besançon;Agence;156 rue des Acacias;25000;Besançon;25056;Bourgogne-Franche-Comté;47.1997;5.9844;1632;2023-03-27;;oui
SIT-01847;CLI-01464;Siège albi;Siège;48 rue Pasteur;81000;albi;81004;Occitanie;43.9588;2.141;1863;2021-09-03;2021-04-22;non
SIT-01848;CLI-01466;Siège Chalon-sur-Saône;Siège;75 quai des Docks;71100;Chalon-sur-Saône;71076;Bourgogne-Franche-Comté;46.788;4.896;463;2026-04-21;;oui
SIT-01849;CLI-01470;Siège Marseille;Siège;94 avenue de la Gare;13001;Marseille;13055;Provence-Alpes-Côte d’Azur;43.2638;5.3421;40;2026-03-15;;oui
SIT-01850;CLI-01472;Siège Aix-en-Provence;Siège;178 impasse des Lilas;13100;Aix-en-Provence;13001;Provence-Alpes-Côte d’Azur;43.5107;5.4149;40;2021-04-19;;oui
SIT-01851;CLI-01472;Agence Albi;Agence;170 avenue de la Gare;81000;Albi;81004;Occitanie;43.8857;2.1336;1586;2019-03-20;;oui
SIT-01852;CLI-01473;Siège Poitiers;Siège;24 rue des Acacias;86000;Poitiers;86194;Nouvelle-Aquitaine;46.5742;0.3139;658;2019-09-03;;oui
SIT-01853;CLI-01474;Siège Bourges;Siège;70 avenue du Général Leclerc;18000;Bourges;18033;Centre-Val de Loire;47.12;2.3902;791;2018-01-27;;oui
SIT-01854;CLI-01474;Point de vente Roubaix;Point de vente;142 place du Marché;59100;Roubaix;59512;Hauts-de-France;;;742;2019-09-06;;oui
SIT-01855;CLI-01474;Agence Cholet;Agence;150 rue du Commerce;49300;Cholet;49099;Pays de la Loire;47.1058;-0.865;1045;2018-03-02;;oui
SIT-01856;CLI-01475;Siège Issy-les-Moulineaux;Siège;28 rue de la République;92130;Issy-les-Moulineaux;92040;Île-de-France;48.8686;2.25;1080;2017-07-04;;oui
SIT-01857;CLI-01476;Siège Valence;Siège;56 impasse des Lilas;26000;Valence;26362;Auvergne-Rhône-Alpes;44.9064;4.8809;659;2023-05-08;;oui
SIT-01858;CLI-01478;Siège Carcassonne;Siège;160 rue de l’Industrie;11000;Carcassonne;11069;Occitanie;43.2474;2.3154;1746;2021-03-03;;oui
SIT-01859;CLI-01478;Entrepôt Colmar;Entrepôt;65 chemin des Vignes;68000;Colmar;68066;Grand Est;48.0744;7.3493;120;2023-07-07;;oui
SIT-01860;CLI-01479;Siège Rennes;Siège;119 impasse des Lilas;35000;Rennes;35238;Bretagne;48.0717;-1.6359;483;2023-01-28;;oui
SIT-01861;CLI-01480;Siège Meaux;Siège;20 quai des Docks;77100;Meaux;77284;Île-de-France;48.967;2.9012;637;2020-01-28;;oui
SIT-01862;CLI-01481;Siège tarbes;Siège;122 avenue du Général Leclerc;65000;tarbes;65440;Occitanie;43.1871;0.1011;723;2022-05-30;;oui
SIT-01863;CLI-01482;Siège Cholet;Siège;36 place du Marché;49300;Cholet;49099;Pays de la Loire;47.0697;-0.916;265;2016-09-23;;oui
SIT-01864;CLI-01483;Siège Béziers;Siège;163 rue de l’Industrie;34500;Béziers;34032;Occitanie;43.3145;3.1911;1016;2016-12-15;;oui
SIT-01865;CLI-01483;Usine Montauban;Usine;99 chemin des Vignes;82000;Montauban;82121;Occitanie;43.9971;1.3196;1348;2021-04-10;;oui
SIT-01866;CLI-01485;Siège Niort;Siège;20 rue du Commerce;79000;Niort;79191;Nouvelle-Aquitaine;46.2895;-0.4504;395;2025-12-03;;oui
SIT-01867;CLI-01485;Entrepôt Saint-Brieuc;Entrepôt;11 rue Pasteur;22000;Saint-Brieuc;22278;Bretagne;48.5209;-2.807;1342;2025-05-26;;oui
SIT-01868;CLI-01486;Siège Bourg-en-Bresse;Siège;121 allée des Peupliers;01000;Bourg-en-Bresse;01053;Auvergne-Rhône-Alpes;46.2138;5.2298;40;2019-09-12;2023-06-05;non
SIT-01869;CLI-01487;Siège Toulouse;Siège;13 place du Marché;31000;Toulouse;31555;Occitanie;43.6184;1.3906;2129;2017-06-23;;oui
SIT-01870;CLI-01487;Usine Fréjus;Usine;176 avenue de la Gare;83600;Fréjus;83061;Provence-Alpes-Côte d’Azur;43.4187;6.7512;40;2017-01-29;;oui
SIT-01871;CLI-01487;Entrepôt Saint-Quentin;Entrepôt;17 place du Marché;02100;Saint-Quentin;02691;Hauts-de-France;49.8585;3.3399;1261;2019-01-06;;oui
SIT-01872;CLI-01488;Siège Agen;Siège;52 allée des Peupliers;47000;Agen;47001;Nouvelle-Aquitaine;44.2196;0.5885;461;2021-09-03;2025-05-18;non
SIT-01873;CLI-01489;Siège Bayonne;Siège;118 rue de la République;64100;Bayonne;64102;Nouvelle-Aquitaine;43.4743;-1.4986;2011;2020-01-15;;oui
SIT-01874;CLI-01491;Siège Fréjus;Siège;85 avenue du Général Leclerc;83600;Fréjus;83061;Provence-Alpes-Côte d’Azur;43.4511;6.7419;553;2021-07-01;;oui
SIT-01875;CLI-01491;Entrepôt Saint-Denis;Entrepôt;129 rue du Commerce;93200;Saint-Denis;93066;Île-de-France;48.9378;2.3949;1268;2025-08-12;;oui
SIT-01876;CLI-01491;Point de vente Évry-Courcouronnes;Point de vente;130 chemin des Vignes;91000;Évry-Courcouronnes;91228;Île-de-France;48.679;2.4391;1372;2024-06-25;;oui
SIT-01877;CLI-01492;Siège Caen;Siège;8 rue de l’Industrie;14000;Caen;14118;Normandie;49.1331;-0.3239;899;2025-02-07;;oui
SIT-01878;CLI-01493;Siège BOULOGNE-BILLANCOURT;Siège;58 boulevard Victor Hugo;92100;BOULOGNE-BILLANCOURT;92012;Île-de-France;48.8895;2.2878;1611;2021-11-15;;oui
SIT-01879;CLI-01494;Siège Toulouse;Siège;35 rue du Commerce;31000;Toulouse;31555;Occitanie;43.6171;1.4295;1443;2023-09-01;;oui
SIT-01880;CLI-01494;Point de vente Bourg-en-Bresse;Point de vente;46 route de Bordeaux;01000;Bourg-en-Bresse;01053;Auvergne-Rhône-Alpes;46.2227;5.1817;2323;2023-04-02;;oui
SIT-01881;CLI-01495;Siège Versailles;Siège;32 avenue du Général Leclerc;78000;Versailles;78646;Île-de-France;48.7801;2.0927;459;2024-11-27;;oui
SIT-01882;CLI-01496;Siège Villeurbanne;Siège;114 impasse des Lilas;69100;Villeurbanne;69266;Auvergne-Rhône-Alpes;45.7544;4.9254;265;2018-10-06;;oui
SIT-01883;CLI-01497;Siège Reims;Siège;64 avenue du Général Leclerc;51100;Reims;51454;Grand Est;49.288;4.0272;606;2025-01-05;;oui
SIT-01884;CLI-01498;Siège Ajaccio;Siège;44 impasse des Lilas;20000;Ajaccio;2A004;Corse;41.9699;8.7689;454;2020-01-25;;oui
SIT-01885;CLI-01498;Entrepôt Bourges;Entrepôt;80 avenue Jean Jaurès;18000;Bourges;18033;Centre-Val de Loire;47.0318;2.383;545;2021-09-25;;oui
SIT-01886;CLI-01499;Siège marseille;Siège;114 rue Pasteur;13001;marseille;13055;Provence-Alpes-Côte d’Azur;43.2557;5.3307;1660;2018-06-16;;oui
SIT-01887;CLI-01500;Siège pau;Siège;172 rue du Commerce;64000;pau;64445;Nouvelle-Aquitaine;43.3442;-0.4165;460;2016-12-23;;oui
SIT-01888;CLI-01502;Siège Metz;Siège;166 avenue de la Gare;57000;Metz;57463;Grand Est;49.1153;6.1389;669;2025-08-16;;oui
SIT-01889;CLI-01502;Usine Pau;Usine;85 chemin des Vignes;64000;Pau;64445;Nouvelle-Aquitaine;43.2796;-0.3848;1086;2018-10-17;;oui
SIT-01890;CLI-01503;Siège Perpignan;Siège;14 quai des Docks;66000;Perpignan;66136;Occitanie;42.716;2.9323;40;2023-08-13;;oui
SIT-01891;CLI-01504;Siège Angers;Siège;168 boulevard Victor Hugo;49000;Angers;49007;Pays de la Loire;47.4645;-0.5961;1124;2022-04-23;;oui
SIT-01892;CLI-01504;Entrepôt Vannes;Entrepôt;18 place du Marché;56000;Vannes;56260;Bretagne;47.6205;-2.7646;912;2026-03-17;;oui
SIT-01893;CLI-01504;Usine Antibes;Usine;77 rue des Acacias;06600;Antibes;06004;Provence-Alpes-Côte d’Azur;43.5785;7.1737;1591;2024-09-11;;oui
SIT-01894;CLI-01506;Siège Saint-Brieuc;Siège;111 place du Marché;22000;Saint-Brieuc;22278;Bretagne;48.5464;-2.7835;1752;2020-01-16;;oui
SIT-01895;CLI-01506;Point de vente Limoges;Point de vente;163 allée des Peupliers;87000;Limoges;87085;Nouvelle-Aquitaine;45.7942;1.217;1142;2025-04-17;;oui
SIT-01896;CLI-01506;Point de vente Ajaccio;Point de vente;73 avenue de la Gare;20000;Ajaccio;2A004;Corse;41.9585;8.7129;40;2023-01-21;;oui
SIT-01897;CLI-01507;Siège Salon-de-Provence;Siège;64 place du Marché;13300;Salon-de-Provence;13103;Provence-Alpes-Côte d’Azur;43.6013;5.1351;335;2024-02-16;2028-05-06;non
SIT-01898;CLI-01507;Entrepôt Agen;Entrepôt;50 rue de la République;47000;Agen;47001;Nouvelle-Aquitaine;44.151;0.5821;40;2021-03-11;;oui
SIT-01899;CLI-01507;Entrepôt Ajaccio;Entrepôt;76 avenue du Général Leclerc;20000;Ajaccio;2A004;Corse;41.9143;8.7352;1020;2025-07-23;;oui
SIT-01900;CLI-01508;Siège Roubaix;Siège;176 impasse des Lilas;59100;Roubaix;59512;Hauts-de-France;50.7208;3.1704;735;2022-03-21;;oui
SIT-01901;CLI-01508;Point de vente Cergy;Point de vente;127 rue de la République;95000;Cergy;95127;Île-de-France;49.0383;2.0721;269;2019-08-17;;oui
SIT-01902;CLI-01510;Siège Nantes;Siège;22 rue de la République;44000;Nantes;44109;Pays de la Loire;47.25;-1.5417;387;2018-02-14;;oui
SIT-01903;CLI-01511;Siège Périgueux;Siège;8 avenue Jean Jaurès;24000;Périgueux;24322;Nouvelle-Aquitaine;45.1753;0.7217;483;2020-01-18;;oui
SIT-01904;CLI-01511;Agence Amiens;Agence;118 quai des Docks;80000;Amiens;80021;Hauts-de-France;49.8434;2.3494;2358;2021-10-02;;oui
SIT-01905;CLI-01512;Siège Perpignan;Siège;78 rue de l’Industrie;66000;Perpignan;66136;Occitanie;42.72;2.9383;40;2020-02-27;;oui
SIT-01906;CLI-01512;Entrepôt Fréjus;Entrepôt;40 allée des Peupliers;83600;Fréjus;83061;Provence-Alpes-Côte d’Azur;43.3847;6.7227;1760;2017-06-28;2021-05-03;non
SIT-01907;CLI-01513;Siège Saint-Malo;Siège;123 rue de la République;35400;Saint-Malo;35288;Bretagne;48.6104;-2.0738;1011;2017-08-07;;oui
SIT-01908;CLI-01516;Siège Strasbourg;Siège;76 place du Marché;67000;Strasbourg;67482;Grand Est;48.5819;7.7696;1772;2021-04-04;;oui
SIT-01909;CLI-01516;Usine Amiens;Usine;138 impasse des Lilas;80000;Amiens;80021;Hauts-de-France;49.8541;2.282;40;2016-07-31;;oui
SIT-01910;CLI-01517;Siège Niort;Siège;6 route de Bordeaux;79000;Niort;79191;Nouvelle-Aquitaine;46.3057;-0.4458;1207;2017-02-07;;oui
SIT-01911;CLI-01517;Usine Lille;Usine;88 quai des Docks;59000;Lille;59350;Hauts-de-France;50.665;3.0131;1932;2018-10-17;;oui
SIT-01912;CLI-01518;Siège Niort;Siège;168 route de Bordeaux;79000;Niort;79191;Nouvelle-Aquitaine;46.3415;-0.4269;349;2020-09-27;;oui
SIT-01913;CLI-01518;Point de vente Évreux;Point de vente;28 chemin des Vignes;27000;Évreux;27229;Normandie;49.0041;1.1799;612;2019-11-15;;oui
SIT-01914;CLI-01518;Usine Villeurbanne;Usine;150 impasse des Lilas;69100;Villeurbanne;69266;Auvergne-Rhône-Alpes;45.8086;4.9196;1611;2019-09-10;2024-12-20;non
SIT-01915;CLI-01519;Siège Nanterre;Siège;178 boulevard Victor Hugo;92000;Nanterre;92050;Île-de-France;48.8501;2.1604;1507;2020-02-23;;oui
SIT-01916;CLI-01520;Siège Besançon;Siège;78 place du Marché;25000;Besançon;25056;Bourgogne-Franche-Comté;47.2576;6.0505;1848;2024-05-05;;oui
SIT-01917;CLI-01521;Siège Beauvais;Siège;151 rue Pasteur;60000;Beauvais;60057;Hauts-de-France;49.4091;2.0755;1268;2019-03-27;;oui
SIT-01918;CLI-01521;Entrepôt Bourges;Entrepôt;170 rue Pasteur;18000;Bourges;18033;Centre-Val de Loire;47.0937;2.3953;1053;2020-08-23;;oui
SIT-01919;CLI-01522;Siège Toulouse;Siège;101 rue Pasteur;31000;Toulouse;31555;Occitanie;43.6158;1.4082;1730;2021-05-23;;oui
SIT-01920;CLI-01522;Agence Antibes;Agence;29 rue Pasteur;06600;Antibes;06004;Provence-Alpes-Côte d’Azur;43.5486;7.107;922;2025-02-16;;oui
SIT-01921;CLI-01522;Agence Issy-les-Moulineaux;Agence;160 place du Marché;92130;Issy-les-Moulineaux;92040;Île-de-France;48.8548;2.3059;1718;2023-08-23;;oui
SIT-01922;CLI-01522;Agence Montreuil;Agence;135 avenue de la Gare;93100;Montreuil;93048;Île-de-France;48.8277;2.4548;586;2017-12-15;;oui
SIT-01923;CLI-01524;Siège Roubaix;Siège;136 quai des Docks;59100;Roubaix;59512;Hauts-de-France;50.7048;3.1395;2189;2024-05-25;;oui
SIT-01924;CLI-01525;Siège Gap;Siège;103 avenue du Général Leclerc;05000;Gap;05061;Provence-Alpes-Côte d’Azur;44.546;6.0357;1657;2019-08-07;;oui
SIT-01925;CLI-01525;Usine Bayonne;Usine;132 rue des Acacias;64100;Bayonne;64102;Nouvelle-Aquitaine;43.5381;-1.4867;1951;2017-07-27;2019-07-18;non
SIT-01926;CLI-01525;Entrepôt Toulouse;Entrepôt;154 boulevard Victor Hugo;31000;Toulouse;31555;Occitanie;43.5733;1.44;481;2024-08-31;;oui
SIT-01927;CLI-01526;Siège Cholet;Siège;78 avenue du Général Leclerc;49300;Cholet;49099;Pays de la Loire;47.0213;-0.8918;657;2016-11-05;;oui
SIT-01928;CLI-01527;Siège Brest;Siège;118 quai des Docks;29200;Brest;29019;Bretagne;48.4113;-4.4754;1311;2017-01-03;;oui
SIT-01929;CLI-01527;Agence Marseille;Agence;152 allée des Peupliers;13001;Marseille;13055;Provence-Alpes-Côte d’Azur;43.2789;5.3968;1586;2023-08-27;;oui
SIT-01930;CLI-01528;Siège Colmar;Siège;2 rue de la République;68000;Colmar;68066;Grand Est;48.0769;7.32;2053;2019-05-09;;oui
SIT-01931;CLI-01528;Point de vente Nîmes;Point de vente;20 rue du Commerce;30000;Nîmes;30189;Occitanie;43.8716;4.4027;361;2018-12-02;;oui
SIT-01932;CLI-01528;Point de vente Saint-Étienne;Point de vente;39 rue de la République;42000;Saint-Étienne;42218;Auvergne-Rhône-Alpes;45.4222;4.352;474;2016-12-24;;oui
SIT-01933;CLI-01531;Siège Calais;Siège;13 avenue du Général Leclerc;62100;Calais;62193;Hauts-de-France;50.924;1.8173;1697;2018-05-05;;oui
SIT-01934;CLI-01532;Siège Mérignac;Siège;57 boulevard Victor Hugo;33700;Mérignac;33281;Nouvelle-Aquitaine;44.8425;-0.6198;495;2017-09-07;;oui
SIT-01935;CLI-01534;Siège Metz;Siège;150 impasse des Lilas;57000;Metz;57463;Grand Est;49.0972;6.1849;1036;2022-03-21;;oui
SIT-01936;CLI-01536;Siège Chartres;Siège;44 avenue de la Gare;28000;Chartres;28085;Centre-Val de Loire;48.4811;1.4845;1401;2020-04-15;;oui
SIT-01937;CLI-01536;Entrepôt Antibes;Entrepôt;166 route de Bordeaux;06600;Antibes;06004;Provence-Alpes-Côte d’Azur;43.5453;7.1794;40;2019-05-17;;oui
SIT-01938;CLI-01538;Siège Périgueux;Siège;154 quai des Docks;24000;Périgueux;24322;Nouvelle-Aquitaine;45.178;0.7517;967;2019-03-04;;oui
SIT-01939;CLI-01538;Point de vente Boulogne-Billancourt;Point de vente;113 avenue Jean Jaurès;92100;Boulogne-Billancourt;92012;Île-de-France;48.803;2.2388;784;2021-09-07;;oui
SIT-01940;CLI-01539;Siège Nanterre;Siège;44 avenue de la Gare;92000;Nanterre;92050;Île-de-France;48.8475;2.2479;636;2021-07-24;;oui
SIT-01941;CLI-01541;Siège Fréjus;Siège;134 boulevard Victor Hugo;83600;Fréjus;83061;Provence-Alpes-Côte d’Azur;43.3998;6.7562;1959;2017-03-28;;oui
SIT-01942;CLI-01542;Siège Bordeaux;Siège;144 rue des Acacias;33000;Bordeaux;33063;Nouvelle-Aquitaine;44.8534;-0.5638;1072;2017-04-18;;oui
SIT-01943;CLI-01543;Siège Toulon;Siège;26 rue Pasteur;83000;Toulon;83137;Provence-Alpes-Côte d’Azur;43.0831;5.9168;2204;2023-06-27;;oui
SIT-01944;CLI-01543;Agence Cergy;Agence;51 rue des Acacias;95000;Cergy;95127;Île-de-France;48.9958;2.0292;1630;2021-01-17;;oui
SIT-01945;CLI-01543;Agence Roubaix;Agence;38 rue Pasteur;59100;Roubaix;59512;Hauts-de-France;50.7042;3.166;1205;2019-08-19;;oui
SIT-01946;CLI-01544;Siège Marseille;Siège;63 impasse des Lilas;13001;Marseille;13055;Provence-Alpes-Côte d’Azur;43.3409;5.4106;1039;2018-01-21;;oui
SIT-01947;CLI-01544;Usine Évry-Courcouronnes;Usine;7 route de Bordeaux;91000;Évry-Courcouronnes;91228;Île-de-France;48.6588;2.4388;1727;2017-03-29;;oui
SIT-01948;CLI-01545;Siège perpignan;Siège;85 rue de la République;66000;perpignan;66136;Occitanie;42.6706;2.9328;752;2021-12-07;;oui
SIT-01949;CLI-01546;Siège Cergy;Siège;92 avenue du Général Leclerc;95000;Cergy;95127;Île-de-France;49.0824;2.0465;728;2019-03-10;;oui
SIT-01950;CLI-01547;Siège Perpignan;Siège;58 rue du Commerce;66000;Perpignan;66136;Occitanie;42.7302;2.9315;999;2022-02-14;;oui
SIT-01951;CLI-01548;Siège Meaux;Siège;75 rue de la République;77100;Meaux;77284;Île-de-France;48.9697;2.9196;1312;2025-01-20;2027-05-22;non
SIT-01952;CLI-01551;Siège La Rochelle;Siège;165 avenue de la Gare;17000;La Rochelle;17300;Nouvelle-Aquitaine;46.1592;-1.1219;40;2020-02-06;;oui
SIT-01953;CLI-01552;Siège Béziers;Siège;150 avenue Jean Jaurès;34500;Béziers;34032;Occitanie;43.3875;3.1905;1607;2022-06-28;;oui
SIT-01954;CLI-01552;Usine Saint-Étienne;Usine;105 boulevard Victor Hugo;42000;Saint-Étienne;42218;Auvergne-Rhône-Alpes;45.4062;4.3758;1229;2017-11-28;;oui
SIT-01955;CLI-01553;Siège Évry-Courcouronnes;Siège;114 impasse des Lilas;91000;Évry-Courcouronnes;91228;Île-de-France;48.6134;2.488;40;2018-06-22;;oui
SIT-01956;CLI-01553;Usine Cherbourg-en-Cotentin;Usine;106 boulevard Victor Hugo;50100;Cherbourg-en-Cotentin;50129;Normandie;49.6861;-1.5897;1715;2023-02-19;;oui
SIT-01957;CLI-01553;Usine Saint-Denis;Usine;6 avenue du Général Leclerc;93200;Saint-Denis;93066;Île-de-France;48.9129;2.3289;524;2025-12-25;;oui
SIT-01958;CLI-01554;Siège Brest;Siège;105 avenue Jean Jaurès;29200;Brest;29019;Bretagne;48.3726;-4.5149;40;2025-08-08;;oui
SIT-01959;CLI-01554;Entrepôt Annecy;Entrepôt;67 rue du Commerce;74000;Annecy;74010;Auvergne-Rhône-Alpes;45.8628;6.1132;955;2021-07-29;;oui
SIT-01960;CLI-01554;Agence Montreuil;Agence;17 avenue du Général Leclerc;93100;Montreuil;93048;Île-de-France;48.8539;2.3937;526;2020-01-27;;oui
SIT-01961;CLI-01556;Siège avignon;Siège;8 allée des Peupliers;84000;avignon;84007;Provence-Alpes-Côte d’Azur;43.9638;4.8496;1166;2016-05-18;;oui
SIT-01962;CLI-01557;Siège Nîmes;Siège;128 route de Bordeaux;30000;Nîmes;30189;Occitanie;43.8324;4.3739;331;2024-10-02;;oui
SIT-01963;CLI-01557;Agence Reims;Agence;148 impasse des Lilas;51100;Reims;51454;Grand Est;;;2468;2023-09-27;;oui
SIT-01964;CLI-01557;Agence Rouen;Agence;104 rue du Commerce;76000;Rouen;76540;Normandie;49.4003;1.1437;1663;2024-09-07;;oui
SIT-01965;CLI-01558;Siège Cherbourg-en-Cotentin;Siège;130 chemin des Vignes;50100;Cherbourg-en-Cotentin;50129;Normandie;49.6821;-1.6132;1418;2021-08-17;;oui
SIT-01966;CLI-01558;Entrepôt Narbonne;Entrepôt;126 place du Marché;11100;Narbonne;11262;Occitanie;43.2155;3.019;50;2019-03-11;;oui
SIT-01967;CLI-01560;Siège Grasse;Siège;132 rue Pasteur;06130;Grasse;06069;Provence-Alpes-Côte d’Azur;43.7072;6.9368;160;2020-08-16;;oui
SIT-01968;CLI-01560;Usine Cholet;Usine;103 rue de la République;49300;Cholet;49099;Pays de la Loire;47.0412;-0.8807;805;2017-05-22;;oui
SIT-01969;CLI-01563;Siège Créteil;Siège;139 avenue Jean Jaurès;94000;Créteil;94028;Île-de-France;48.8097;2.4225;1324;2022-07-08;;oui
SIT-01970;CLI-01564;Siège Arles;Siège;97 boulevard Victor Hugo;13200;Arles;13004;Provence-Alpes-Côte d’Azur;43.6675;4.6044;1102;2021-10-03;;oui
SIT-01971;CLI-01565;Siège Roanne;Siège;179 place du Marché;42300;Roanne;42187;Auvergne-Rhône-Alpes;46.008;4.1026;284;2020-04-23;;oui
SIT-01972;CLI-01565;Point de vente Tarbes;Point de vente;73 allée des Peupliers;65000;Tarbes;65440;Occitanie;43.1965;0.1021;40;2025-05-09;;oui
SIT-01973;CLI-01565;Usine Angers;Usine;16 avenue Jean Jaurès;49000;Angers;49007;Pays de la Loire;47.4426;-0.5615;1043;2025-09-07;2027-06-18;non
SIT-01974;CLI-01566;Siège Dunkerque;Siège;45 allée des Peupliers;59140;Dunkerque;59183;Hauts-de-France;51.0676;2.4179;1734;2021-09-17;;oui
SIT-01975;CLI-01568;Siège Vannes;Siège;25 impasse des Lilas;56000;Vannes;56260;Bretagne;47.6327;-2.7418;1123;2019-10-04;;oui
SIT-01976;CLI-01569;Siège Charleville-Mézières;Siège;92 allée des Peupliers;95000;Charleville-Mézières;08105;Grand Est;49.7523;4.6857;826;2021-01-02;;oui
SIT-01977;CLI-01570;Siège Troyes;Siège;134 rue de la République;10000;Troyes;10387;Grand Est;48.3387;4.0873;517;2017-10-23;;oui
SIT-01978;CLI-01570;Point de vente Issy-les-Moulineaux;Point de vente;169 chemin des Vignes;92130;Issy-les-Moulineaux;92040;Île-de-France;48.7705;2.2959;737;2024-10-22;;oui
SIT-01979;CLI-01571;Siège Grasse;Siège;121 rue des Acacias;06130;Grasse;06069;Provence-Alpes-Côte d’Azur;43.6726;6.9459;1046;2017-12-04;;oui
SIT-01980;CLI-01575;Siège ORLÉANS;Siège;122 avenue Jean Jaurès;45000;ORLÉANS;45234;Centre-Val de Loire;47.9015;1.8894;1653;2017-12-05;;oui
SIT-01981;CLI-01576;Siège Bordeaux;Siège;157 avenue de la Gare;33000;Bordeaux;33063;Nouvelle-Aquitaine;44.7965;-0.5327;954;2020-06-28;;oui
SIT-01982;CLI-01576;Entrepôt Colmar;Entrepôt;113 route de Bordeaux;68000;Colmar;68066;Grand Est;48.1222;7.3626;809;2024-11-23;;oui
SIT-01983;CLI-01577;Siège Toulon;Siège;9 avenue de la Gare;83000;Toulon;83137;Provence-Alpes-Côte d’Azur;43.1474;5.9131;2327;2025-10-08;;oui
SIT-01984;CLI-01578;Siège Rodez;Siège;15 rue de l’Industrie;12000;Rodez;12202;Occitanie;44.3063;2.5737;1201;2024-03-07;;oui
SIT-01985;CLI-01580;Siège TOURS;Siège;137 avenue Jean Jaurès;37000;TOURS;37261;Centre-Val de Loire;47.3866;0.7168;1529;2019-10-29;;oui
SIT-01986;CLI-01581;Siège Lyon;Siège;11 chemin des Vignes;69001;Lyon;69123;Auvergne-Rhône-Alpes;45.798;4.8316;1488;2025-04-04;;oui
SIT-01987;CLI-01582;Siège boulogne-billancourt;Siège;130 place du Marché;92100;boulogne-billancourt;92012;Île-de-France;48.8349;2.2384;1457;2025-07-06;;oui
SIT-01988;CLI-01583;Siège Orléans;Siège;33 rue des Acacias;45000;Orléans;45234;Centre-Val de Loire;47.9086;1.8731;1450;2021-01-21;;oui
SIT-01989;CLI-01583;Entrepôt Tours;Entrepôt;4 chemin des Vignes;37000;Tours;37261;Centre-Val de Loire;47.4005;0.6763;40;2022-11-27;;oui
SIT-01990;CLI-01583;Point de vente Issy-les-Moulineaux;Point de vente;46 quai des Docks;92130;Issy-les-Moulineaux;92040;Île-de-France;48.8027;2.273;779;2021-06-30;;oui
SIT-01991;CLI-01584;Siège La Roche-sur-Yon;Siège;77 avenue du Général Leclerc;85000;La Roche-sur-Yon;85191;Pays de la Loire;46.6285;-1.3886;861;2018-05-10;2019-07-30;non
SIT-01992;CLI-01585;Siège Chambéry;Siège;163 avenue du Général Leclerc;73000;Chambéry;73065;Auvergne-Rhône-Alpes;45.5605;5.9001;2084;2022-12-05;;oui
SIT-01993;CLI-01587;Siège BREST;Siège;24 rue de l’Industrie;29200;BREST;29019;Bretagne;48.3662;-4.4715;1072;2026-04-02;;oui
SIT-01994;CLI-01587;Usine Lorient;Usine;102 rue du Commerce;56100;Lorient;56121;Bretagne;47.7161;-3.3345;40;2018-05-10;;oui
SIT-01995;CLI-01587;Entrepôt Saint-Denis;Entrepôt;94 rue Pasteur;93200;Saint-Denis;93066;Île-de-France;48.9094;2.3326;839;2025-11-29;;oui
SIT-01996;CLI-01587;Usine Nanterre;Usine;168 rue de la République;92000;Nanterre;92050;Île-de-France;48.8891;2.1803;1278;2022-09-11;;oui
SIT-01997;CLI-01588;Siège Béziers;Siège;157 place du Marché;34500;Béziers;34032;Occitanie;43.3381;3.1884;234;2022-01-29;;oui
SIT-01998;CLI-01589;Siège Nevers;Siège;107 chemin des Vignes;58000;Nevers;58194;Bourgogne-Franche-Comté;46.9646;3.1983;61;2018-05-09;;oui
SIT-01999;CLI-01589;Point de vente Périgueux;Point de vente;94 chemin des Vignes;24000;Périgueux;24322;Nouvelle-Aquitaine;45.1619;0.7117;482;2023-03-22;;oui
SIT-02000;CLI-01590;Siège Meaux;Siège;122 rue de l’Industrie;77100;Meaux;77284;Île-de-France;48.9348;2.8558;40;2024-04-12;2027-06-04;non
SIT-02001;CLI-01591;Siège Poitiers;Siège;121 rue de la République;86000;Poitiers;86194;Nouvelle-Aquitaine;46.5559;0.3856;2119;2022-07-12;;oui
SIT-02002;CLI-01592;Siège Lille;Siège;110 rue des Acacias;59000;Lille;59350;Hauts-de-France;50.6054;3.0839;2225;2025-10-10;;oui
SIT-02003;CLI-01593;Siège Saint-Quentin;Siège;107 allée des Peupliers;02100;Saint-Quentin;02691;Hauts-de-France;49.8112;3.2815;817;2021-01-28;;oui
SIT-02004;CLI-01594;Siège Sète;Siège;74 avenue du Général Leclerc;34200;Sète;34301;Occitanie;43.3927;3.6958;1709;2020-08-06;;oui
SIT-02005;CLI-01595;Siège Brest;Siège;31 rue du Commerce;29200;Brest;29019;Bretagne;48.4072;-4.4607;282;2022-04-09;;oui
SIT-02006;CLI-01596;Siège Aix-en-Provence;Siège;29 allée des Peupliers;13100;Aix-en-Provence;13001;Provence-Alpes-Côte d’Azur;43.5161;5.4297;411;2021-10-11;;oui
SIT-02007;CLI-01597;Siège Saint-Denis;Siège;112 route de Bordeaux;93200;Saint-Denis;93066;Île-de-France;48.965;2.3264;2695;2020-03-07;;oui
SIT-02008;CLI-01598;Siège Quimper;Siège;141 avenue du Général Leclerc;29000;Quimper;29232;Bretagne;47.9956;-4.1031;1892;2021-08-25;;oui
SIT-02009;CLI-01598;Usine Charleville-Mézières;Usine;126 avenue de la Gare;08000;Charleville-Mézières;08105;Grand Est;49.7939;4.7615;764;2019-06-16;;oui
SIT-02010;CLI-01599;Siège Nantes;Siège;164 avenue du Général Leclerc;44000;Nantes;44109;Pays de la Loire;47.2417;-1.5473;858;2020-07-21;;oui
SIT-02011;CLI-01600;Siège Blois;Siège;31 place du Marché;41000;Blois;41018;Centre-Val de Loire;47.5871;1.3295;1363;2024-07-28;;oui
SIT-02012;CLI-01600;Point de vente Périgueux;Point de vente;24 route de Bordeaux;24000;Périgueux;24322;Nouvelle-Aquitaine;45.1313;0.7488;615;2019-07-12;;oui
SIT-02013;CLI-01600;Usine Saint-Nazaire;Usine;146 avenue de la Gare;44600;Saint-Nazaire;44184;Pays de la Loire;47.3058;-2.2437;40;2026-02-15;;oui
SIT-02014;CLI-01601;Siège Tarbes;Siège;121 avenue du Général Leclerc;65000;Tarbes;65440;Occitanie;43.235;0.1105;2010;2016-07-28;2021-07-26;non
SIT-02015;CLI-01601;Usine Vannes;Usine;153 quai des Docks;56000;Vannes;56260;Bretagne;47.6451;-2.7103;1705;2020-08-11;;oui
SIT-02016;CLI-01601;Usine Reims;Usine;26 rue des Acacias;51100;Reims;51454;Grand Est;49.269;4.0495;708;2017-05-01;;oui
SIT-02017;CLI-01602;Siège Rennes;Siège;40 quai des Docks;35000;Rennes;35238;Bretagne;48.1487;-1.6581;184;2019-01-04;;oui
SIT-02018;CLI-01602;Agence Roanne;Agence;150 chemin des Vignes;42300;Roanne;42187;Auvergne-Rhône-Alpes;46.0371;4.1095;794;2017-09-27;;oui
SIT-02019;CLI-01603;Siège Montpellier;Siège;179 route de Bordeaux;34000;Montpellier;34172;Occitanie;43.6596;3.8367;40;2020-03-19;;oui
SIT-02020;CLI-01603;Entrepôt La Roche-sur-Yon;Entrepôt;91 boulevard Victor Hugo;85000;La Roche-sur-Yon;85191;Pays de la Loire;46.6357;-1.3911;509;2019-03-12;;oui
SIT-02021;CLI-01603;Point de vente Boulogne-Billancourt;Point de vente;180 rue Pasteur;92100;Boulogne-Billancourt;92012;Île-de-France;48.8391;2.2331;710;2022-12-09;;oui
SIT-02022;CLI-01604;Siège Périgueux;Siège;172 chemin des Vignes;24000;Périgueux;24322;Nouvelle-Aquitaine;45.221;0.7465;75;2025-04-06;;oui
SIT-02023;CLI-01604;Entrepôt Cergy;Entrepôt;38 rue Pasteur;95000;Cergy;95127;Île-de-France;49.0244;2.0172;264;2023-05-06;;oui
SIT-02024;CLI-01605;Siège Orléans;Siège;127 avenue du Général Leclerc;45000;Orléans;45234;Centre-Val de Loire;47.9237;1.8646;40;2020-01-31;;oui
SIT-02025;CLI-01606;Siège Meaux;Siège;157 quai des Docks;77100;Meaux;77284;Île-de-France;48.9732;2.8481;40;2025-08-19;;oui
SIT-02026;CLI-01608;Siège Chartres;Siège;50 boulevard Victor Hugo;28000;Chartres;28085;Centre-Val de Loire;48.4054;1.5065;2004;2023-09-15;;oui
SIT-02027;CLI-01608;Usine Argenteuil;Usine;118 rue de la République;95100;Argenteuil;95018;Île-de-France;48.9117;2.2964;979;2021-06-08;;oui
SIT-02028;CLI-01609;Siège Laval;Siège;42 rue de l’Industrie;53000;Laval;53130;Pays de la Loire;48.071;-0.7543;40;2018-03-16;;oui
SIT-02029;CLI-01610;Siège Argenteuil;Siège;44 boulevard Victor Hugo;95100;Argenteuil;95018;Île-de-France;48.9321;2.2003;1509;2024-02-04;;oui
SIT-02030;CLI-01614;Siège Périgueux;Siège;21 place du Marché;24000;Périgueux;24322;Nouvelle-Aquitaine;45.1587;0.6907;382;2022-09-15;;oui
SIT-02031;CLI-01614;Entrepôt Rennes;Entrepôt;61 place du Marché;35000;Rennes;35238;Bretagne;48.0856;-1.6556;1239;2025-04-22;;oui
SIT-02032;CLI-01617;Siège Fréjus;Siège;87 boulevard Victor Hugo;83600;Fréjus;83061;Provence-Alpes-Côte d’Azur;43.396;6.6997;1616;2024-12-16;;oui
SIT-02033;CLI-01617;Entrepôt Tours;Entrepôt;87 rue de l’Industrie;37000;Tours;37261;Centre-Val de Loire;47.3956;0.6855;1383;2020-02-05;;oui
SIT-02034;CLI-01619;Siège Béziers;Siège;24 place du Marché;34500;Béziers;34032;Occitanie;43.3795;3.186;1712;2021-07-12;2024-10-23;non
SIT-02035;CLI-01619;Agence Boulogne-Billancourt;Agence;78 rue du Commerce;92100;Boulogne-Billancourt;92012;Île-de-France;48.8622;2.2733;1559;2018-07-26;2021-10-15;non
SIT-02036;CLI-01620;Siège Dunkerque;Siège;97 chemin des Vignes;59140;Dunkerque;59183;Hauts-de-France;51.037;2.3899;2370;2021-07-20;;oui
SIT-02037;CLI-01620;Entrepôt Sète;Entrepôt;132 chemin des Vignes;34200;Sète;34301;Occitanie;43.4294;3.737;40;2017-08-25;2021-09-10;non
SIT-02038;CLI-01621;Siège Rodez;Siège;168 avenue de la Gare;12000;Rodez;12202;Occitanie;44.3248;2.5289;1530;2021-01-29;;oui
SIT-02039;CLI-01621;Usine Agen;Usine;150 chemin des Vignes;47000;Agen;47001;Nouvelle-Aquitaine;44.1931;0.5977;1224;2016-08-02;;oui
SIT-02040;CLI-01621;Agence Sète;Agence;114 rue de la République;34200;Sète;34301;Occitanie;43.4493;3.6586;1454;2016-11-19;;oui
SIT-02041;CLI-01623;Siège Poitiers;Siège;16 boulevard Victor Hugo;86000;Poitiers;86194;Nouvelle-Aquitaine;46.6241;0.3286;795;2017-12-11;;oui
SIT-02042;CLI-01623;Entrepôt Valence;Entrepôt;17 rue du Commerce;26000;Valence;26362;Auvergne-Rhône-Alpes;44.9453;4.9283;424;2023-08-05;;oui
SIT-02043;CLI-01623;Usine Nice;Usine;145 rue de la République;06000;Nice;06088;Provence-Alpes-Côte d’Azur;43.7574;7.2757;1442;2025-07-30;;oui
SIT-02044;CLI-01625;Siège Bordeaux;Siège;97 place du Marché;33000;Bordeaux;33063;Nouvelle-Aquitaine;44.867;-0.6049;40;2019-11-23;;oui
SIT-02045;CLI-01626;Siège Caen;Siège;72 avenue Jean Jaurès;14000;Caen;14118;Normandie;49.1965;-0.4162;491;2018-11-22;;oui
SIT-02046;CLI-01626;Entrepôt Carcassonne;Entrepôt;126 place du Marché;11000;Carcassonne;11069;Occitanie;43.2394;2.3252;794;2023-07-07;;oui
SIT-02047;CLI-01627;Siège Le Havre;Siège;32 rue Pasteur;76600;Le Havre;76351;Normandie;49.5277;0.1079;40;2022-04-18;;oui
SIT-02048;CLI-01627;Entrepôt Agen;Entrepôt;157 quai des Docks;47000;Agen;47001;Nouvelle-Aquitaine;44.2313;0.6385;1728;2024-08-02;;oui
SIT-02049;CLI-01628;Siège Reims;Siège;129 avenue de la Gare;51100;Reims;51454;Grand Est;49.2123;3.9875;510;2019-08-26;;oui
SIT-02050;CLI-01629;Siège Saint-Malo;Siège;122 quai des Docks;35400;Saint-Malo;35288;Bretagne;48.6579;-2.0247;1266;2016-10-10;;oui
SIT-02051;CLI-01631;Siège MÉRIGNAC;Siège;147 place du Marché;33700;MÉRIGNAC;33281;Nouvelle-Aquitaine;44.878;-0.6348;40;2023-07-21;;oui
SIT-02052;CLI-01633;Siège Cergy;Siège;25 allée des Peupliers;95000;Cergy;95127;Île-de-France;49.0245;2.0523;1560;2024-07-07;2026-05-08;non
SIT-02053;CLI-01633;Agence Agen;Agence;15 impasse des Lilas;47000;Agen;47001;Nouvelle-Aquitaine;44.2115;0.5898;806;2018-06-30;2023-01-21;non
SIT-02054;CLI-01634;Siège Pau;Siège;58 allée des Peupliers;64000;Pau;64445;Nouvelle-Aquitaine;43.2768;-0.3453;276;2018-12-11;;oui
SIT-02055;CLI-01634;Agence Montpellier;Agence;172 rue de l’Industrie;34000;Montpellier;34172;Occitanie;43.5646;3.8556;1021;2021-05-21;;oui
SIT-02056;CLI-01634;Usine Montreuil;Usine;114 impasse des Lilas;93100;Montreuil;93048;Île-de-France;48.8833;2.4812;1969;2026-05-31;;oui
SIT-02057;CLI-01636;Siège Issy-les-Moulineaux;Siège;42 boulevard Victor Hugo;92130;Issy-les-Moulineaux;92040;Île-de-France;48.8362;2.2627;1862;2017-01-31;;oui
SIT-02058;CLI-01637;Siège Troyes;Siège;134 place du Marché;10000;Troyes;10387;Grand Est;48.335;4.0582;1137;2021-05-15;;oui
SIT-02059;CLI-01637;Usine Bayonne;Usine;162 rue des Acacias;64100;Bayonne;64102;Nouvelle-Aquitaine;43.4764;-1.4922;40;2024-02-19;;oui
SIT-02060;CLI-01638;Siège Saint-Quentin;Siège;163 boulevard Victor Hugo;02100;Saint-Quentin;02691;Hauts-de-France;49.8598;3.2656;2447;2018-05-03;;oui
SIT-02061;CLI-01638;Agence Sète;Agence;4 avenue du Général Leclerc;34200;Sète;34301;Occitanie;43.4189;3.6825;1278;2022-05-11;;oui
SIT-02062;CLI-01638;Entrepôt Avignon;Entrepôt;160 place du Marché;84000;Avignon;84007;Provence-Alpes-Côte d’Azur;43.9441;4.8475;1437;2020-10-08;;oui
SIT-02063;CLI-01639;Siège TROYES;Siège;60 avenue de la Gare;10000;TROYES;10387;Grand Est;48.2625;4.0902;2469;2024-02-06;;oui
SIT-02064;CLI-01641;Siège Bordeaux;Siège;25 rue du Commerce;33000;Bordeaux;33063;Nouvelle-Aquitaine;44.8743;-0.5536;40;2023-05-03;;oui
SIT-02065;CLI-01642;Siège Le Mans;Siège;104 boulevard Victor Hugo;72000;Le Mans;72181;Pays de la Loire;48.0387;0.1625;40;2024-04-18;;oui
SIT-02066;CLI-01642;Point de vente Marseille;Point de vente;171 impasse des Lilas;13001;Marseille;13055;Provence-Alpes-Côte d’Azur;43.2727;5.3806;2384;2020-06-13;;oui
SIT-02067;CLI-01643;Siège Cholet;Siège;136 allée des Peupliers;49300;Cholet;49099;Pays de la Loire;47.0355;-0.8381;1540;2019-12-27;;oui
SIT-02068;CLI-01645;Siège Arles;Siège;172 place du Marché;13200;Arles;13004;Provence-Alpes-Côte d’Azur;43.6407;4.6189;1629;2023-09-27;;oui
SIT-02069;CLI-01646;Siège Antibes;Siège;79 rue de la République;06600;Antibes;06004;Provence-Alpes-Côte d’Azur;43.5393;7.1531;1241;2021-12-28;;oui
SIT-02070;CLI-01646;Usine Agen;Usine;148 boulevard Victor Hugo;47000;Agen;47001;Nouvelle-Aquitaine;44.1643;0.5829;1375;2018-04-05;;oui
SIT-02071;CLI-01646;Point de vente Bastia;Point de vente;134 chemin des Vignes;20200;Bastia;2B033;Corse;42.6667;9.4678;40;2018-06-02;;oui
SIT-02072;CLI-01646;Point de vente Agen;Point de vente;75 place du Marché;47000;Agen;47001;Nouvelle-Aquitaine;44.1682;0.6057;621;2018-07-09;2020-04-07;non
SIT-02073;CLI-01647;Siège Béziers;Siège;104 avenue du Général Leclerc;34500;Béziers;34032;Occitanie;43.3199;3.2009;385;2023-05-19;;oui
SIT-02074;CLI-01647;Agence Bourg-en-Bresse;Agence;150 rue des Acacias;01000;Bourg-en-Bresse;01053;Auvergne-Rhône-Alpes;46.1675;5.1889;820;2017-11-27;;oui
SIT-02075;CLI-01650;Siège Argenteuil;Siège;172 avenue de la Gare;95100;Argenteuil;95018;Île-de-France;48.9117;2.2412;1158;2025-06-02;;oui
SIT-02076;CLI-01650;Usine Créteil;Usine;146 chemin des Vignes;94000;Créteil;94028;Île-de-France;48.7887;2.4704;560;2018-03-16;;oui
SIT-02077;CLI-01650;Agence Beauvais;Agence;88 rue de la République;60000;Beauvais;60057;Hauts-de-France;49.4396;2.0358;1294;2017-01-17;2019-12-10;non
SIT-02078;CLI-01651;Siège Beauvais;Siège;58 route de Bordeaux;60000;Beauvais;60057;Hauts-de-France;49.387;2.0929;1769;2019-07-06;;oui
SIT-02079;CLI-01652;Siège Mulhouse;Siège;92 chemin des Vignes;68100;Mulhouse;68224;Grand Est;47.7814;7.3404;1560;2017-06-20;;oui
SIT-02080;CLI-01654;Siège Calais;Siège;53 route de Bordeaux;62100;Calais;62193;Hauts-de-France;50.9574;1.8869;1362;2019-07-18;;oui
SIT-02081;CLI-01654;Entrepôt Saint-Étienne;Entrepôt;131 impasse des Lilas;42000;Saint-Étienne;42218;Auvergne-Rhône-Alpes;45.485;4.3643;295;2025-05-16;;oui
SIT-02082;CLI-01655;Siège Créteil;Siège;62 rue des Acacias;94000;Créteil;94028;Île-de-France;48.7798;2.4589;776;2021-11-18;2026-11-28;non
SIT-02083;CLI-01656;Siège Besançon;Siège;90 avenue Jean Jaurès;25000;Besançon;25056;Bourgogne-Franche-Comté;47.266;6.0404;1347;2019-08-20;;oui
SIT-02084;CLI-01656;Point de vente Charleville-Mézières;Point de vente;80 rue du Commerce;08000;Charleville-Mézières;08105;Grand Est;49.7433;4.7261;914;2020-05-30;;oui
SIT-02085;CLI-01656;Point de vente Saint-Étienne;Point de vente;23 chemin des Vignes;42000;Saint-Étienne;42218;Auvergne-Rhône-Alpes;45.4124;4.348;1669;2017-01-31;;oui
SIT-02086;CLI-01657;Siège Valence;Siège;116 avenue du Général Leclerc;26000;Valence;26362;Auvergne-Rhône-Alpes;44.8979;4.8513;509;2026-02-10;2031-02-20;non
SIT-02087;CLI-01657;Usine Évreux;Usine;123 avenue de la Gare;27000;Évreux;27229;Normandie;49.0647;1.1307;1275;2023-06-27;;oui
SIT-02088;CLI-01657;Point de vente Montauban;Point de vente;13 allée des Peupliers;82000;Montauban;82121;Occitanie;44.0385;1.3477;2755;2022-01-03;;oui
SIT-02089;CLI-01659;Siège Montreuil;Siège;35 route de Bordeaux;93100;Montreuil;93048;Île-de-France;48.8565;2.4428;1746;2020-02-02;2019-11-16;non
SIT-02090;CLI-01659;Usine Angoulême;Usine;91 allée des Peupliers;16000;Angoulême;16015;Nouvelle-Aquitaine;45.6406;0.1106;441;2016-06-30;;oui
SIT-02091;CLI-01659;Entrepôt Cherbourg-en-Cotentin;Entrepôt;129 quai des Docks;50100;Cherbourg-en-Cotentin;50129;Normandie;49.6089;-1.6689;1021;2022-02-28;;oui
SIT-02092;CLI-01661;Siège Argenteuil;Siège;160 chemin des Vignes;95100;Argenteuil;95018;Île-de-France;48.9327;2.2455;781;2025-06-17;2027-08-30;non
SIT-02093;CLI-01663;Siège Orléans;Siège;175 rue des Acacias;45000;Orléans;45234;Centre-Val de Loire;47.8973;1.9449;626;2022-04-27;;oui
SIT-02094;CLI-01663;Entrepôt Vannes;Entrepôt;152 chemin des Vignes;56000;Vannes;56260;Bretagne;47.6378;-2.7637;40;2020-01-05;;oui
SIT-02095;CLI-01664;Siège Besançon;Siège;66 allée des Peupliers;25000;Besançon;25056;Bourgogne-Franche-Comté;47.2847;5.9763;40;2022-04-27;;oui
SIT-02096;CLI-01666;Siège Ajaccio;Siège;79 allée des Peupliers;20000;Ajaccio;2A004;Corse;41.9531;8.7119;422;2022-11-18;;oui
SIT-02097;CLI-01668;Siège Salon-de-Provence;Siège;109 rue du Commerce;13300;Salon-de-Provence;13103;Provence-Alpes-Côte d’Azur;43.6205;5.0862;2333;2021-05-28;;oui
SIT-02098;CLI-01669;Siège Roanne;Siège;129 route de Bordeaux;42300;Roanne;42187;Auvergne-Rhône-Alpes;46.0432;4.0202;55;2018-10-06;;oui
SIT-02099;CLI-01669;Agence Saint-Nazaire;Agence;179 route de Bordeaux;44600;Saint-Nazaire;44184;Pays de la Loire;47.297;-2.1754;157;2019-12-23;;oui
SIT-02100;CLI-01670;Siège Besançon;Siège;57 avenue de la Gare;25000;Besançon;25056;Bourgogne-Franche-Comté;47.2489;6.0325;269;2025-03-24;;oui
SIT-02101;CLI-01671;Siège Nice;Siège;134 avenue Jean Jaurès;06000;Nice;06088;Provence-Alpes-Côte d’Azur;43.7515;7.2996;40;2022-10-14;;oui
SIT-02102;CLI-01671;Entrepôt Versailles;Entrepôt;15 quai des Docks;78000;Versailles;78646;Île-de-France;48.807;2.0823;1169;2023-03-06;;oui
SIT-02103;CLI-01671;Agence Saint-Brieuc;Agence;85 impasse des Lilas;22000;Saint-Brieuc;22278;Bretagne;48.4937;-2.8023;40;2022-01-29;2022-12-15;non
SIT-02104;CLI-01672;Siège Poitiers;Siège;70 rue des Acacias;86000;Poitiers;86194;Nouvelle-Aquitaine;46.6142;0.3162;1890;2024-03-09;;oui
SIT-02105;CLI-01672;Agence Saint-Quentin;Agence;43 impasse des Lilas;02100;Saint-Quentin;02691;Hauts-de-France;49.897;3.307;1185;2023-01-31;;oui
SIT-02106;CLI-01672;Agence Nevers;Agence;132 chemin des Vignes;58000;Nevers;58194;Bourgogne-Franche-Comté;46.9542;3.1682;1302;2019-06-07;;oui
SIT-02107;CLI-01675;Siège Nice;Siège;8 rue de l’Industrie;06000;Nice;06088;Provence-Alpes-Côte d’Azur;43.6886;7.2944;830;2017-03-26;;oui
SIT-02108;CLI-01675;Agence Bordeaux;Agence;61 rue Pasteur;33000;Bordeaux;33063;Nouvelle-Aquitaine;44.8594;-0.5816;328;2025-09-25;;oui
SIT-02109;CLI-01678;Siège Bourges;Siège;28 rue du Commerce;18000;Bourges;18033;Centre-Val de Loire;47.0524;2.4111;40;2026-05-14;2031-08-21;non
SIT-02110;CLI-01679;Siège Albi;Siège;149 avenue de la Gare;81000;Albi;81004;Occitanie;43.8913;2.1719;290;2025-07-08;;oui
SIT-02111;CLI-01679;Entrepôt Charleville-Mézières;Entrepôt;45 chemin des Vignes;08000;Charleville-Mézières;08105;Grand Est;49.7622;4.7212;40;2022-03-07;2023-11-15;non
SIT-02112;CLI-01680;Siège Saint-Denis;Siège;174 quai des Docks;93200;Saint-Denis;93066;Île-de-France;48.9792;2.3384;1160;2023-03-06;;oui
SIT-02113;CLI-01680;Entrepôt Gap;Entrepôt;155 route de Bordeaux;05000;Gap;05061;Provence-Alpes-Côte d’Azur;44.5208;6.0328;1169;2023-07-18;;oui
SIT-02114;CLI-01681;Siège Mérignac;Siège;50 allée des Peupliers;33700;Mérignac;33281;Nouvelle-Aquitaine;44.8799;-0.6541;598;2016-07-16;;oui
SIT-02115;CLI-01681;Point de vente Cergy;Point de vente;103 chemin des Vignes;95000;Cergy;95127;Île-de-France;49.0242;2.1041;832;2017-05-03;;oui
SIT-02116;CLI-01683;Siège Nancy;Siège;132 rue des Acacias;54000;Nancy;54395;Grand Est;48.7245;6.1585;2003;2017-02-05;;oui
SIT-02117;CLI-01683;Entrepôt Antibes;Entrepôt;157 rue de l’Industrie;06600;Antibes;06004;Provence-Alpes-Côte d’Azur;43.624;7.0996;1196;2025-10-06;;oui
SIT-02118;CLI-01684;Siège Salon-de-Provence;Siège;146 boulevard Victor Hugo;13300;Salon-de-Provence;13103;Provence-Alpes-Côte d’Azur;43.6312;5.0593;1145;2019-03-11;;oui
SIT-02119;CLI-01685;Siège Mulhouse;Siège;52 rue de la République;68100;Mulhouse;68224;Grand Est;47.7203;7.3489;1832;2018-06-09;;oui
SIT-02120;CLI-01685;Usine Auxerre;Usine;136 route de Bordeaux;89000;Auxerre;89024;Bourgogne-Franche-Comté;;;1262;2017-02-07;;oui
SIT-02121;CLI-01687;Siège Montpellier;Siège;139 avenue Jean Jaurès;34000;Montpellier;34172;Occitanie;43.5979;3.8315;420;2025-01-12;;oui
SIT-02122;CLI-01687;Agence Belfort;Agence;1 allée des Peupliers;90000;Belfort;90010;Bourgogne-Franche-Comté;47.6177;6.8323;1156;2017-05-05;;oui
SIT-02123;CLI-01688;Siège Lorient;Siège;73 avenue du Général Leclerc;56100;Lorient;56121;Bretagne;47.7407;-3.36;388;2018-10-26;;oui
SIT-02124;CLI-01688;Usine Chambéry;Usine;139 impasse des Lilas;73000;Chambéry;73065;Auvergne-Rhône-Alpes;45.5299;5.9091;40;2018-08-30;;oui
SIT-02125;CLI-01690;Siège Rouen;Siège;67 avenue du Général Leclerc;76000;Rouen;76540;Normandie;49.4387;1.0894;2161;2020-03-14;;oui
SIT-02126;CLI-01692;Siège Aix-en-Provence;Siège;129 chemin des Vignes;13100;Aix-en-Provence;13001;Provence-Alpes-Côte d’Azur;43.5709;5.4704;1282;2026-03-14;;oui
SIT-02127;CLI-01694;Siège Aix-en-Provence;Siège;120 quai des Docks;13100;Aix-en-Provence;13001;Provence-Alpes-Côte d’Azur;43.5457;5.4315;540;2025-08-29;;oui
SIT-02128;CLI-01695;Siège Ajaccio;Siège;105 place du Marché;20000;Ajaccio;2A004;Corse;41.966;8.7208;1588;2025-07-28;;oui
SIT-02129;CLI-01695;Usine Toulouse;Usine;17 avenue Jean Jaurès;31000;Toulouse;31555;Occitanie;43.6219;1.461;1388;2018-09-19;2020-10-08;non
SIT-02130;CLI-01695;Point de vente Bourges;Point de vente;38 avenue du Général Leclerc;18000;Bourges;18033;Centre-Val de Loire;47.1072;2.4447;768;2023-08-22;;oui
SIT-02131;CLI-01695;Agence Lyon;Agence;3 allée des Peupliers;69001;Lyon;69123;Auvergne-Rhône-Alpes;45.7579;4.889;40;2024-02-15;;oui
SIT-02132;CLI-01696;Siège Auxerre;Siège;110 place du Marché;89000;Auxerre;89024;Bourgogne-Franche-Comté;47.8185;3.6053;1428;2018-05-26;2019-03-22;non
SIT-02133;CLI-01696;Usine Nevers;Usine;57 rue du Commerce;58000;Nevers;58194;Bourgogne-Franche-Comté;46.9998;3.1878;868;2019-10-04;;oui
SIT-02134;CLI-01697;Siège Reims;Siège;5 rue du Commerce;51100;Reims;51454;Grand Est;49.2454;4.0019;641;2018-02-12;;oui
SIT-02135;CLI-01697;Point de vente Colmar;Point de vente;138 impasse des Lilas;68000;Colmar;68066;Grand Est;48.0593;7.3978;1845;2024-10-30;;oui
SIT-02136;CLI-01698;Siège BESANÇON;Siège;62 boulevard Victor Hugo;25000;BESANÇON;25056;Bourgogne-Franche-Comté;;;1585;2016-05-20;;oui
SIT-02137;CLI-01698;Entrepôt Beauvais;Entrepôt;145 boulevard Victor Hugo;60000;Beauvais;60057;Hauts-de-France;49.4071;2.0445;2050;2024-08-21;;oui
SIT-02138;CLI-01698;Point de vente Issy-les-Moulineaux;Point de vente;142 rue des Acacias;92130;Issy-les-Moulineaux;92040;Île-de-France;48.8087;2.236;868;2016-05-01;;oui
SIT-02139;CLI-01698;Entrepôt Périgueux;Entrepôt;58 rue de la République;24000;Périgueux;24322;Nouvelle-Aquitaine;45.2038;0.6951;2463;2019-08-30;;oui
SIT-02140;CLI-01699;Siège Colmar;Siège;21 avenue Jean Jaurès;68000;Colmar;68066;Grand Est;48.0428;7.3193;1245;2023-06-07;;oui
SIT-02141;CLI-01699;Usine Paris;Usine;40 avenue de la Gare;75001;Paris;75056;Île-de-France;48.8495;2.3492;49;2016-10-30;;oui
SIT-02142;CLI-01699;Point de vente Cherbourg-en-Cotentin;Point de vente;76 avenue Jean Jaurès;50100;Cherbourg-en-Cotentin;50129;Normandie;49.6532;-1.6022;883;2024-09-04;;oui
SIT-02143;CLI-01699;Entrepôt Mulhouse;Entrepôt;127 boulevard Victor Hugo;68100;Mulhouse;68224;Grand Est;47.7354;7.3231;1436;2020-11-19;2023-12-07;non
SIT-02144;CLI-01701;Siège Marseille;Siège;67 avenue Jean Jaurès;13001;Marseille;13055;Provence-Alpes-Côte d’Azur;43.3248;5.3925;908;2016-11-27;;oui
SIT-02145;CLI-01702;Siège Mérignac;Siège;170 rue des Acacias;33700;Mérignac;33281;Nouvelle-Aquitaine;44.8647;-0.6164;40;2019-07-16;;oui
SIT-02146;CLI-01703;Siège Rodez;Siège;142 impasse des Lilas;12000;Rodez;12202;Occitanie;44.3601;2.584;2033;2022-09-24;;oui
SIT-02147;CLI-01704;Siège Béziers;Siège;91 place du Marché;34500;Béziers;34032;Occitanie;43.3544;3.189;2020;2020-12-13;;oui
SIT-02148;CLI-01705;Siège Roubaix;Siège;115 allée des Peupliers;59100;Roubaix;59512;Hauts-de-France;50.702;3.1935;1090;2018-03-20;;oui
SIT-02149;CLI-01707;Siège La Roche-sur-Yon;Siège;90 allée des Peupliers;73000;La Roche-sur-Yon;85191;Pays de la Loire;46.7123;-1.4635;1320;2024-02-07;;oui
SIT-02150;CLI-01709;Siège Villeurbanne;Siège;127 boulevard Victor Hugo;69100;Villeurbanne;69266;Auvergne-Rhône-Alpes;45.7414;4.9034;85;2017-05-07;;oui
SIT-02151;CLI-01709;Usine Auxerre;Usine;59 rue des Acacias;89000;Auxerre;89024;Bourgogne-Franche-Comté;47.7606;3.5808;799;2017-01-20;;oui
SIT-02152;CLI-01710;Siège Colmar;Siège;17 quai des Docks;68000;Colmar;68066;Grand Est;48.0945;7.3718;1299;2019-02-14;;oui
SIT-02153;CLI-01711;Siège Issy-les-Moulineaux;Siège;130 rue de l’Industrie;92130;Issy-les-Moulineaux;92040;Île-de-France;48.8606;2.3056;1706;2022-06-08;;oui
SIT-02154;CLI-01711;Usine Le Mans;Usine;36 place du Marché;72000;Le Mans;72181;Pays de la Loire;48.0508;0.2206;1738;2016-05-08;;oui
SIT-02155;CLI-01713;Siège Paris;Siège;160 avenue Jean Jaurès;75001;Paris;75056;Île-de-France;48.8211;2.3972;866;2025-04-29;;oui
SIT-02156;CLI-01713;Entrepôt Limoges;Entrepôt;147 avenue Jean Jaurès;87000;Limoges;87085;Nouvelle-Aquitaine;45.8075;1.2459;344;2023-06-20;;oui
SIT-02157;CLI-01713;Usine Chambéry;Usine;126 chemin des Vignes;73000;Chambéry;73065;Auvergne-Rhône-Alpes;45.6004;5.9604;466;2025-01-21;;oui
SIT-02158;CLI-01716;Siège Versailles;Siège;70 avenue de la Gare;78000;Versailles;78646;Île-de-France;48.8195;2.1314;2529;2025-02-22;;oui
SIT-02159;CLI-01717;Siège Cannes;Siège;113 rue de la République;06400;Cannes;06029;Provence-Alpes-Côte d’Azur;43.52;6.9707;2542;2019-12-03;;oui
SIT-02160;CLI-01719;Siège Montpellier;Siège;93 rue Pasteur;34000;Montpellier;34172;Occitanie;43.6092;3.8325;573;2023-05-04;;oui
SIT-02161;CLI-01719;Point de vente Besançon;Point de vente;102 avenue du Général Leclerc;25000;Besançon;25056;Bourgogne-Franche-Comté;47.2313;6.0186;684;2022-05-27;;oui
SIT-02162;CLI-01719;Agence Périgueux;Agence;168 rue du Commerce;24000;Périgueux;24322;Nouvelle-Aquitaine;45.1991;0.6743;1585;2016-06-20;;oui
SIT-02163;CLI-01719;Usine Limoges;Usine;73 rue du Commerce;87000;Limoges;87085;Nouvelle-Aquitaine;45.8695;1.2499;73;2016-11-30;;oui
SIT-02164;CLI-01720;Siège Toulon;Siège;149 allée des Peupliers;83000;Toulon;83137;Provence-Alpes-Côte d’Azur;43.0754;5.9708;1440;2019-07-18;;oui
SIT-02165;CLI-01720;Entrepôt Le Havre;Entrepôt;104 impasse des Lilas;76600;Le Havre;76351;Normandie;49.5265;0.0872;40;2021-03-11;;oui
SIT-02166;CLI-01720;Point de vente Roubaix;Point de vente;116 place du Marché;59100;Roubaix;59512;Hauts-de-France;50.6913;3.1646;40;2020-09-08;;oui
SIT-02167;CLI-01723;Siège Évreux;Siège;2 boulevard Victor Hugo;27000;Évreux;27229;Normandie;49.0392;1.1513;40;2021-07-04;;oui
SIT-02168;CLI-01723;Point de vente Saint-Malo;Point de vente;76 rue de la République;35400;Saint-Malo;35288;Bretagne;48.6295;-2.029;1337;2024-02-04;;oui
SIT-02169;CLI-01724;Siège Saint-Malo;Siège;107 rue de l’Industrie;35400;Saint-Malo;35288;Bretagne;48.6684;-2.0426;1926;2020-12-18;;oui
SIT-02170;CLI-01726;Siège Saint-Denis;Siège;81 boulevard Victor Hugo;35000;Saint-Denis;93066;Île-de-France;48.9794;2.3966;1181;2024-01-11;;oui
SIT-02171;CLI-01727;Siège Antibes;Siège;171 rue des Acacias;06600;Antibes;06004;Provence-Alpes-Côte d’Azur;43.6096;7.1481;609;2024-08-21;;oui
SIT-02172;CLI-01727;Point de vente La Roche-sur-Yon;Point de vente;95 route de Bordeaux;85000;La Roche-sur-Yon;85191;Pays de la Loire;46.7047;-1.4761;40;2023-04-02;;oui
SIT-02173;CLI-01727;Point de vente Dunkerque;Point de vente;11 impasse des Lilas;59140;Dunkerque;59183;Hauts-de-France;50.9984;2.3654;776;2018-07-27;;oui
SIT-02174;CLI-01728;Siège Bordeaux;Siège;144 rue des Acacias;33000;Bordeaux;33063;Nouvelle-Aquitaine;44.8899;-0.6242;608;2016-04-26;;oui
SIT-02175;CLI-01729;Siège Villeurbanne;Siège;134 chemin des Vignes;69100;Villeurbanne;69266;Auvergne-Rhône-Alpes;45.7925;4.8469;592;2020-01-21;2023-07-27;non
SIT-02176;CLI-01730;Siège Roubaix;Siège;168 rue de l’Industrie;59100;Roubaix;59512;Hauts-de-France;50.6787;3.1765;1263;2026-01-13;;oui
SIT-02177;CLI-01730;Point de vente Bayonne;Point de vente;136 route de Bordeaux;64100;Bayonne;64102;Nouvelle-Aquitaine;43.4771;-1.4388;1617;2019-05-20;;oui
SIT-02178;CLI-01730;Agence Cergy;Agence;73 avenue de la Gare;95000;Cergy;95127;Île-de-France;49.0561;2.0891;1603;2020-12-05;2021-11-03;non
SIT-02179;CLI-01731;Siège Carcassonne;Siège;119 avenue de la Gare;11000;Carcassonne;11069;Occitanie;43.1851;2.3514;641;2020-07-03;;oui
SIT-02180;CLI-01731;Point de vente Saint-Quentin;Point de vente;168 chemin des Vignes;02100;Saint-Quentin;02691;Hauts-de-France;49.8389;3.2846;534;2017-07-26;;oui
SIT-02181;CLI-01732;Siège Narbonne;Siège;28 chemin des Vignes;11100;Narbonne;11262;Occitanie;43.1642;3.0485;792;2019-11-07;;oui
SIT-02182;CLI-01733;Siège Nantes;Siège;159 avenue Jean Jaurès;44000;Nantes;44109;Pays de la Loire;47.1849;-1.5438;1384;2016-07-05;;oui
SIT-02183;CLI-01733;Usine Avignon;Usine;79 impasse des Lilas;84000;Avignon;84007;Provence-Alpes-Côte d’Azur;43.9729;4.816;1032;2025-08-15;;oui
SIT-02184;CLI-01735;Siège Bourg-en-Bresse;Siège;45 allée des Peupliers;01000;Bourg-en-Bresse;01053;Auvergne-Rhône-Alpes;46.2351;5.2454;359;2024-10-26;;oui
SIT-02185;CLI-01735;Agence Aix-en-Provence;Agence;121 boulevard Victor Hugo;13100;Aix-en-Provence;13001;Provence-Alpes-Côte d’Azur;43.5515;5.4071;40;2017-04-26;;oui
SIT-02186;CLI-01736;Siège Nîmes;Siège;162 place du Marché;30000;Nîmes;30189;Occitanie;43.8662;4.3123;40;2018-01-14;2023-05-02;non
SIT-02187;CLI-01736;Usine Grasse;Usine;80 rue de la République;06130;Grasse;06069;Provence-Alpes-Côte d’Azur;43.6905;6.9123;1016;2016-11-27;;oui
SIT-02188;CLI-01737;Siège Chambéry;Siège;131 rue du Commerce;73000;Chambéry;73065;Auvergne-Rhône-Alpes;45.5639;5.965;157;2021-06-12;;oui
SIT-02189;CLI-01738;Siège Tours;Siège;122 avenue du Général Leclerc;37000;Tours;37261;Centre-Val de Loire;47.3559;0.6664;1750;2025-04-19;;oui
SIT-02190;CLI-01738;Point de vente Caen;Point de vente;158 boulevard Victor Hugo;14000;Caen;14118;Normandie;49.209;-0.4026;2682;2020-01-26;;oui
SIT-02191;CLI-01740;Siège Brest;Siège;64 rue Pasteur;29200;Brest;29019;Bretagne;48.3979;-4.5163;1305;2017-09-24;;oui
SIT-02192;CLI-01740;Agence Bourges;Agence;175 quai des Docks;18000;Bourges;18033;Centre-Val de Loire;47.0794;2.4257;1321;2022-10-11;;oui
SIT-02193;CLI-01741;Siège Toulon;Siège;123 allée des Peupliers;83000;Toulon;83137;Provence-Alpes-Côte d’Azur;43.1592;5.9322;40;2024-12-15;;oui
SIT-02194;CLI-01741;Point de vente Saint-Quentin;Point de vente;34 chemin des Vignes;02100;Saint-Quentin;02691;Hauts-de-France;49.8626;3.2836;1826;2016-10-16;;oui
SIT-02195;CLI-01742;Siège Aix-en-Provence;Siège;64 rue du Commerce;13100;Aix-en-Provence;13001;Provence-Alpes-Côte d’Azur;43.5464;5.4693;196;2020-03-01;;oui
SIT-02196;CLI-01742;Entrepôt Villeurbanne;Entrepôt;54 avenue de la Gare;69100;Villeurbanne;69266;Auvergne-Rhône-Alpes;45.7365;4.8844;1403;2019-08-30;;oui
SIT-02197;CLI-01742;Entrepôt Narbonne;Entrepôt;179 avenue Jean Jaurès;11100;Narbonne;11262;Occitanie;43.1518;2.9985;649;2026-03-12;;oui
SIT-02198;CLI-01743;Siège Le Havre;Siège;74 allée des Peupliers;76600;Le Havre;76351;Normandie;49.4595;0.1553;176;2017-08-09;;oui
SIT-02199;CLI-01744;Siège CHÂTEAUROUX;Siège;171 chemin des Vignes;36000;CHÂTEAUROUX;36044;Centre-Val de Loire;46.7801;1.6921;146;2019-02-03;;oui
SIT-02200;CLI-01745;Siège Colmar;Siège;136 avenue du Général Leclerc;68000;Colmar;68066;Grand Est;48.1161;7.3648;40;2022-04-09;;oui
SIT-02201;CLI-01751;Siège LE HAVRE;Siège;56 rue de la République;76600;LE HAVRE;76351;Normandie;49.5125;0.1075;150;2021-06-26;;oui
SIT-02202;CLI-01751;Usine Tarbes;Usine;148 chemin des Vignes;65000;Tarbes;65440;Occitanie;43.22;0.0897;258;2025-09-10;;oui
SIT-02203;CLI-01751;Usine Grasse;Usine;37 chemin des Vignes;06130;Grasse;06069;Provence-Alpes-Côte d’Azur;43.704;6.8859;874;2020-09-07;;oui
SIT-02204;CLI-01751;Entrepôt Nice;Entrepôt;4 rue des Acacias;06000;Nice;06088;Provence-Alpes-Côte d’Azur;43.7355;7.2435;686;2018-05-21;;oui
SIT-02205;CLI-01752;Siège Agen;Siège;167 avenue de la Gare;47000;Agen;47001;Nouvelle-Aquitaine;44.2052;0.5709;229;2025-12-02;2028-11-05;non
SIT-02206;CLI-01753;Siège Pau;Siège;175 chemin des Vignes;64000;Pau;64445;Nouvelle-Aquitaine;43.323;-0.4111;923;2021-04-17;;oui
SIT-02207;CLI-01754;Siège Annecy;Siège;118 rue de l’Industrie;74000;Annecy;74010;Auvergne-Rhône-Alpes;45.8633;6.1338;772;2022-06-26;;oui
SIT-02208;CLI-01754;Usine Saint-Nazaire;Usine;62 rue du Commerce;44600;Saint-Nazaire;44184;Pays de la Loire;47.2755;-2.1913;40;2019-11-26;;oui
SIT-02209;CLI-01754;Point de vente Besançon;Point de vente;57 avenue Jean Jaurès;25000;Besançon;25056;Bourgogne-Franche-Comté;47.2312;6.02;1300;2025-04-16;;oui
SIT-02210;CLI-01756;Siège Poitiers;Siège;87 avenue de la Gare;86000;Poitiers;86194;Nouvelle-Aquitaine;46.5929;0.3568;1430;2016-10-24;;oui
SIT-02211;CLI-01756;Usine Amiens;Usine;8 rue Pasteur;80000;Amiens;80021;Hauts-de-France;49.8485;2.3035;40;2024-03-30;;oui
SIT-02212;CLI-01757;Siège Agen;Siège;33 rue de la République;47000;Agen;47001;Nouvelle-Aquitaine;44.1706;0.6254;70;2020-10-27;;oui
SIT-02213;CLI-01758;Siège Avignon;Siège;112 rue de la République;84000;Avignon;84007;Provence-Alpes-Côte d’Azur;43.9252;4.8102;806;2017-10-05;;oui
SIT-02214;CLI-01759;Siège Caen;Siège;110 rue Pasteur;14000;Caen;14118;Normandie;49.2107;-0.3981;593;2019-05-16;;oui
SIT-02215;CLI-01760;Siège Tours;Siège;17 rue du Commerce;37000;Tours;37261;Centre-Val de Loire;47.3974;0.6532;903;2019-03-02;;oui
SIT-02216;CLI-01761;Siège Béziers;Siège;53 rue Pasteur;34500;Béziers;34032;Occitanie;43.3152;3.2374;3300;2024-08-02;;oui
SIT-02217;CLI-01762;Siège Rodez;Siège;81 quai des Docks;12000;Rodez;12202;Occitanie;44.3747;2.6076;1997;2024-12-11;2029-05-10;non
SIT-02218;CLI-01763;Siège Créteil;Siège;66 avenue de la Gare;94000;Créteil;94028;Île-de-France;48.7901;2.4467;2083;2016-08-28;;oui
SIT-02219;CLI-01765;Siège Meaux;Siège;67 rue du Commerce;77100;Meaux;77284;Île-de-France;48.9446;2.8826;1569;2019-11-04;;oui
SIT-02220;CLI-01767;Siège Saint-Quentin;Siège;50 rue Pasteur;02100;Saint-Quentin;02691;Hauts-de-France;49.8778;3.2469;893;2017-10-24;;oui
SIT-02221;CLI-01767;Entrepôt Blois;Entrepôt;14 allée des Peupliers;41000;Blois;41018;Centre-Val de Loire;47.5509;1.2882;1093;2026-04-23;;oui
SIT-02222;CLI-01768;Siège La Rochelle;Siège;137 allée des Peupliers;17000;La Rochelle;17300;Nouvelle-Aquitaine;46.2097;-1.1816;982;2019-07-13;;oui
SIT-02223;CLI-01770;Siège Saint-Quentin;Siège;143 rue du Commerce;02100;Saint-Quentin;02691;Hauts-de-France;49.8086;3.2764;344;2024-05-12;;oui
SIT-02224;CLI-01771;Siège Chambéry;Siège;37 rue des Acacias;73000;Chambéry;73065;Auvergne-Rhône-Alpes;45.5874;5.8834;1272;2019-10-05;;oui
SIT-02225;CLI-01773;Siège Saint-Malo;Siège;72 rue de la République;35400;Saint-Malo;35288;Bretagne;48.6048;-1.9862;2410;2021-01-17;;oui
SIT-02226;CLI-01774;Siège Boulogne-Billancourt;Siège;146 chemin des Vignes;92100;Boulogne-Billancourt;92012;Île-de-France;48.817;2.2632;1074;2017-01-15;;oui
SIT-02227;CLI-01775;Siège Vannes;Siège;67 rue de l’Industrie;56000;Vannes;56260;Bretagne;47.6277;-2.77;139;2020-02-06;;oui
SIT-02228;CLI-01776;Siège Mérignac;Siège;83 rue du Commerce;33700;Mérignac;33281;Nouvelle-Aquitaine;44.8584;-0.6903;337;2019-02-20;;oui
SIT-02229;CLI-01778;Siège Villeurbanne;Siège;176 chemin des Vignes;69100;Villeurbanne;69266;Auvergne-Rhône-Alpes;45.7778;4.8515;878;2024-07-19;;oui
SIT-02230;CLI-01778;Agence Sète;Agence;30 chemin des Vignes;34200;Sète;34301;Occitanie;43.424;3.6849;2166;2026-02-19;2030-08-11;non
SIT-02231;CLI-01778;Point de vente Le Mans;Point de vente;61 avenue de la Gare;72000;Le Mans;72181;Pays de la Loire;47.9909;0.1535;40;2023-09-02;;oui
SIT-02232;CLI-01778;Point de vente Brest;Point de vente;90 rue de l’Industrie;29200;Brest;29019;Bretagne;48.4266;-4.5355;1232;2022-05-05;;oui
SIT-02233;CLI-01779;Siège Annecy;Siège;71 rue des Acacias;74000;Annecy;74010;Auvergne-Rhône-Alpes;45.9449;6.1141;631;2020-01-02;;oui
SIT-02234;CLI-01779;Usine Poitiers;Usine;45 quai des Docks;86000;Poitiers;86194;Nouvelle-Aquitaine;46.5308;0.2922;1301;2026-05-16;2027-08-28;non
SIT-02235;CLI-01779;Usine Salon-de-Provence;Usine;170 avenue du Général Leclerc;13300;Salon-de-Provence;13103;Provence-Alpes-Côte d’Azur;43.6872;5.0566;985;2025-08-14;;oui
SIT-02236;CLI-01779;Entrepôt Nanterre;Entrepôt;47 avenue du Général Leclerc;92000;Nanterre;92050;Île-de-France;48.8956;2.1986;40;2022-01-29;;oui
SIT-02237;CLI-01780;Siège Cherbourg-en-Cotentin;Siège;128 rue de la République;50100;Cherbourg-en-Cotentin;50129;Normandie;49.6189;-1.5814;336;2017-10-28;;oui
SIT-02238;CLI-01781;Siège Pau;Siège;16 avenue de la Gare;64000;Pau;64445;Nouvelle-Aquitaine;43.3352;-0.35;2401;2022-06-03;;oui
SIT-02239;CLI-01783;Siège Tarbes;Siège;92 quai des Docks;65000;Tarbes;65440;Occitanie;43.1942;0.0314;1547;2022-01-15;2026-09-18;non
SIT-02240;CLI-01783;Point de vente Angoulême;Point de vente;11 route de Bordeaux;16000;Angoulême;16015;Nouvelle-Aquitaine;45.617;0.163;159;2020-08-03;;oui
SIT-02241;CLI-01784;Siège Carcassonne;Siège;7 avenue de la Gare;11000;Carcassonne;11069;Occitanie;43.2537;2.3138;194;2019-04-23;;oui
SIT-02242;CLI-01784;Entrepôt Cannes;Entrepôt;73 rue des Acacias;06400;Cannes;06029;Provence-Alpes-Côte d’Azur;43.5024;7.0391;1068;2017-07-25;2021-07-16;non
SIT-02243;CLI-01786;Siège Grenoble;Siège;43 avenue de la Gare;38000;Grenoble;38185;Auvergne-Rhône-Alpes;45.1525;5.6751;1639;2017-12-03;;oui
SIT-02244;CLI-01787;Siège Besançon;Siège;174 allée des Peupliers;25000;Besançon;25056;Bourgogne-Franche-Comté;47.227;5.9979;1823;2016-12-21;;oui
SIT-02245;CLI-01788;Siège Bastia;Siège;109 chemin des Vignes;20200;Bastia;2B033;Corse;42.7231;9.4593;40;2018-04-23;;oui
SIT-02246;CLI-01792;Siège Roanne;Siège;98 rue du Commerce;42300;Roanne;42187;Auvergne-Rhône-Alpes;45.996;4.0605;2351;2024-01-22;2023-09-29;non
SIT-02247;CLI-01794;Siège Niort;Siège;114 boulevard Victor Hugo;79000;Niort;79191;Nouvelle-Aquitaine;46.2938;-0.4849;478;2020-02-06;;oui
SIT-02248;CLI-01794;Agence Pau;Agence;82 quai des Docks;64000;Pau;64445;Nouvelle-Aquitaine;43.266;-0.3981;1012;2020-08-11;;oui
SIT-02249;CLI-01797;Siège Tarbes;Siège;72 rue de la République;65000;Tarbes;65440;Occitanie;43.226;0.0766;353;2026-02-25;;oui
SIT-02250;CLI-01797;Entrepôt Toulon;Entrepôt;99 allée des Peupliers;83000;Toulon;83137;Provence-Alpes-Côte d’Azur;43.128;5.8854;40;2016-10-18;;oui
SIT-02251;CLI-01799;Siège Béziers;Siège;29 avenue de la Gare;34500;Béziers;34032;Occitanie;43.3824;3.1775;1532;2023-08-07;;oui
SIT-02252;CLI-01800;Siège MEAUX;Siège;169 allée des Peupliers;77100;MEAUX;77284;Île-de-France;48.9447;2.904;1719;2020-05-09;;oui
SIT-02253;CLI-01800;Usine Nanterre;Usine;158 avenue de la Gare;92000;Nanterre;92050;Île-de-France;48.8564;2.2285;458;2025-12-18;;oui
SIT-02254;CLI-01804;Siège Perpignan;Siège;89 avenue Jean Jaurès;66000;Perpignan;66136;Occitanie;42.6944;2.9389;1137;2019-12-29;;oui
SIT-02255;CLI-01804;Point de vente Albi;Point de vente;28 chemin des Vignes;81000;Albi;81004;Occitanie;43.9796;2.1241;945;2024-03-09;;oui
SIT-02256;CLI-01804;Point de vente Calais;Point de vente;47 route de Bordeaux;62100;Calais;62193;Hauts-de-France;50.9402;1.8914;929;2024-03-27;;oui
SIT-02257;CLI-01805;Siège Perpignan;Siège;90 rue de l’Industrie;66000;Perpignan;66136;Occitanie;42.7282;2.8719;251;2019-04-19;2024-01-23;non
SIT-02258;CLI-01806;Siège Montreuil;Siège;28 impasse des Lilas;93100;Montreuil;93048;Île-de-France;48.8172;2.403;457;2022-09-05;;oui
SIT-02259;CLI-01807;Siège Évry-Courcouronnes;Siège;178 impasse des Lilas;91000;Évry-Courcouronnes;91228;Île-de-France;48.6425;2.4365;1932;2022-01-09;;oui
SIT-02260;CLI-01808;Siège Chartres;Siège;24 boulevard Victor Hugo;28000;Chartres;28085;Centre-Val de Loire;48.4196;1.5049;1134;2021-05-16;;oui
SIT-02261;CLI-01808;Point de vente Béziers;Point de vente;142 impasse des Lilas;34500;Béziers;34032;Occitanie;43.3386;3.2667;421;2017-09-30;;oui
SIT-02262;CLI-01809;Siège Bourg-en-Bresse;Siège;14 route de Bordeaux;01000;Bourg-en-Bresse;01053;Auvergne-Rhône-Alpes;46.1733;5.224;1700;2023-10-19;;oui
SIT-02263;CLI-01810;Siège Fréjus;Siège;143 chemin des Vignes;87000;Fréjus;83061;Provence-Alpes-Côte d’Azur;43.4018;6.6948;128;2016-07-08;;oui
SIT-02264;CLI-01810;Agence Bastia;Agence;12 avenue de la Gare;20200;Bastia;2B033;Corse;42.6827;9.4031;832;2024-06-03;2027-04-24;non
SIT-02265;CLI-01810;Entrepôt Paris;Entrepôt;95 rue de la République;75001;Paris;75056;Île-de-France;48.8117;2.3894;612;2023-04-02;;oui
SIT-02266;CLI-01810;Usine Grenoble;Usine;161 allée des Peupliers;38000;Grenoble;38185;Auvergne-Rhône-Alpes;45.1473;5.7684;974;2023-06-26;;oui
SIT-02267;CLI-01812;Siège Aix-en-Provence;Siège;168 impasse des Lilas;13100;Aix-en-Provence;13001;Provence-Alpes-Côte d’Azur;43.4978;5.4623;271;2018-01-03;2021-12-20;non
SIT-02268;CLI-01813;Siège Châteauroux;Siège;177 rue Pasteur;36000;Châteauroux;36044;Centre-Val de Loire;46.8118;1.6894;1514;2018-01-21;;oui
SIT-02269;CLI-01813;Point de vente Cergy;Point de vente;2 chemin des Vignes;95000;Cergy;95127;Île-de-France;49.0562;2.0589;2259;2016-07-04;;oui
SIT-02270;CLI-01813;Usine Reims;Usine;96 avenue Jean Jaurès;51100;Reims;51454;Grand Est;49.2138;4.0741;40;2023-01-18;2028-03-17;non
SIT-02271;CLI-01816;Siège Nanterre;Siège;56 avenue de la Gare;92000;Nanterre;92050;Île-de-France;48.8756;2.2185;360;2024-07-05;;oui
SIT-02272;CLI-01817;Siège nancy;Siège;164 avenue du Général Leclerc;54000;nancy;54395;Grand Est;48.723;6.2105;335;2018-04-17;;oui
SIT-02273;CLI-01820;Siège Vannes;Siège;175 avenue du Général Leclerc;56000;Vannes;56260;Bretagne;47.6582;-2.7742;1485;2024-07-28;;oui
SIT-02274;CLI-01820;Usine Montauban;Usine;68 allée des Peupliers;82000;Montauban;82121;Occitanie;43.9863;1.3997;1528;2024-07-30;;oui
SIT-02275;CLI-01820;Usine Rennes;Usine;38 rue Pasteur;35000;Rennes;35238;Bretagne;48.0629;-1.6305;488;2021-10-28;;oui
SIT-02276;CLI-01821;Siège Bourges;Siège;108 chemin des Vignes;18000;Bourges;18033;Centre-Val de Loire;47.0458;2.3762;789;2025-01-11;;oui
SIT-02277;CLI-01821;Point de vente Poitiers;Point de vente;147 place du Marché;86000;Poitiers;86194;Nouvelle-Aquitaine;46.6046;0.3573;2046;2024-05-14;;oui
SIT-02278;CLI-01823;Siège Limoges;Siège;7 avenue Jean Jaurès;87000;Limoges;87085;Nouvelle-Aquitaine;45.8308;1.2527;1488;2024-12-13;;oui
SIT-02279;CLI-01824;Siège rodez;Siège;136 rue de l’Industrie;12000;rodez;12202;Occitanie;44.3175;2.5677;895;2023-05-03;;oui
SIT-02280;CLI-01826;Siège Perpignan;Siège;121 impasse des Lilas;66000;Perpignan;66136;Occitanie;42.6582;2.9462;1822;2021-02-20;;oui
SIT-02281;CLI-01826;Point de vente Saint-Malo;Point de vente;116 rue Pasteur;35400;Saint-Malo;35288;Bretagne;48.6403;-1.9877;2154;2018-01-08;;oui
SIT-02282;CLI-01827;Siège Créteil;Siège;175 avenue Jean Jaurès;94000;Créteil;94028;Île-de-France;48.7736;2.413;979;2017-06-24;;oui
SIT-02283;CLI-01829;Siège Roanne;Siège;32 rue de la République;42300;Roanne;42187;Auvergne-Rhône-Alpes;46.0885;4.0652;543;2023-10-19;;oui
SIT-02284;CLI-01829;Agence Dijon;Agence;127 quai des Docks;21000;Dijon;21231;Bourgogne-Franche-Comté;47.3206;5.0503;1168;2018-10-22;;oui
SIT-02285;CLI-01830;Siège Lorient;Siège;139 chemin des Vignes;56100;Lorient;56121;Bretagne;47.711;-3.3714;164;2026-05-11;;oui
SIT-02286;CLI-01831;Siège Saint-Brieuc;Siège;75 rue des Acacias;22000;Saint-Brieuc;22278;Bretagne;48.4922;-2.7934;1898;2026-05-08;;oui
SIT-02287;CLI-01832;Siège Évry-Courcouronnes;Siège;59 rue de la République;91000;Évry-Courcouronnes;91228;Île-de-France;48.5906;2.3956;896;2018-05-24;;oui
SIT-02288;CLI-01832;Entrepôt Issy-les-Moulineaux;Entrepôt;51 place du Marché;92130;Issy-les-Moulineaux;92040;Île-de-France;48.7931;2.2696;501;2018-10-04;;oui
SIT-02289;CLI-01833;Siège grenoble;Siège;34 route de Bordeaux;38000;grenoble;38185;Auvergne-Rhône-Alpes;45.2374;5.6982;1924;2017-05-23;;oui
SIT-02290;CLI-01833;Agence Angers;Agence;102 rue de l’Industrie;49000;Angers;49007;Pays de la Loire;47.5063;-0.5711;40;2023-01-06;;oui
SIT-02291;CLI-01833;Entrepôt Belfort;Entrepôt;106 route de Bordeaux;90000;Belfort;90010;Bourgogne-Franche-Comté;47.6121;6.8314;2270;2019-02-01;;oui
SIT-02292;CLI-01833;Agence Beauvais;Agence;152 chemin des Vignes;60000;Beauvais;60057;Hauts-de-France;49.4289;2.0883;1048;2021-12-09;;oui
SIT-02293;CLI-01835;Siège Antibes;Siège;171 boulevard Victor Hugo;06600;Antibes;06004;Provence-Alpes-Côte d’Azur;43.5733;7.1079;1726;2019-12-30;;oui
SIT-02294;CLI-01836;Siège saint-quentin;Siège;139 rue des Acacias;02100;saint-quentin;02691;Hauts-de-France;49.8393;3.2806;482;2021-01-03;;oui
SIT-02295;CLI-01836;Usine Paris;Usine;162 route de Bordeaux;75001;Paris;75056;Île-de-France;48.8845;2.3841;1565;2026-02-08;;oui
SIT-02296;CLI-01837;Siège Sète;Siège;98 avenue Jean Jaurès;34200;Sète;34301;Occitanie;43.4266;3.6548;1341;2024-03-01;;oui
SIT-02297;CLI-01838;Siège Quimper;Siège;134 avenue du Général Leclerc;29000;Quimper;29232;Bretagne;47.9794;-4.1433;1049;2016-07-29;;oui
SIT-02298;CLI-01838;Point de vente Bastia;Point de vente;59 allée des Peupliers;20200;Bastia;2B033;Corse;42.7088;9.4099;78;2020-02-29;;oui
SIT-02299;CLI-01839;Siège Toulon;Siège;3 avenue Jean Jaurès;83000;Toulon;83137;Provence-Alpes-Côte d’Azur;43.0996;5.8819;40;2018-07-27;;oui
SIT-02300;CLI-01839;Entrepôt Dijon;Entrepôt;46 chemin des Vignes;21000;Dijon;21231;Bourgogne-Franche-Comté;47.3038;5.0426;642;2018-04-16;;oui
SIT-02301;CLI-01840;Siège Clermont-Ferrand;Siège;4 avenue Jean Jaurès;63000;Clermont-Ferrand;63113;Auvergne-Rhône-Alpes;45.7835;3.0479;427;2016-04-26;;oui
SIT-02302;CLI-01841;Siège Nîmes;Siège;167 boulevard Victor Hugo;30000;Nîmes;30189;Occitanie;43.8721;4.4095;723;2016-07-05;;oui
SIT-02303;CLI-01842;Siège Nîmes;Siège;93 rue Pasteur;30000;Nîmes;30189;Occitanie;43.8557;4.3306;2570;2025-12-19;;oui
SIT-02304;CLI-01842;Entrepôt Bourges;Entrepôt;79 rue Pasteur;18000;Bourges;18033;Centre-Val de Loire;47.1094;2.4419;817;2019-10-12;;oui
SIT-02305;CLI-01842;Point de vente Besançon;Point de vente;35 allée des Peupliers;25000;Besançon;25056;Bourgogne-Franche-Comté;47.2777;6.0156;2371;2022-09-15;;oui
SIT-02306;CLI-01843;Siège Tarbes;Siège;176 rue de la République;65000;Tarbes;65440;Occitanie;43.2545;0.0405;146;2019-07-12;;oui
SIT-02307;CLI-01846;Siège Blois;Siège;176 impasse des Lilas;41000;Blois;41018;Centre-Val de Loire;47.5588;1.3372;515;2023-11-14;;oui
SIT-02308;CLI-01847;Siège Cannes;Siège;11 boulevard Victor Hugo;06400;Cannes;06029;Provence-Alpes-Côte d’Azur;43.5115;7.0375;1199;2022-12-02;;oui
SIT-02309;CLI-01847;Usine Montreuil;Usine;96 rue du Commerce;93100;Montreuil;93048;Île-de-France;48.8498;2.407;1636;2024-12-29;;oui
SIT-02310;CLI-01847;Agence Rouen;Agence;97 avenue Jean Jaurès;76000;Rouen;76540;Normandie;49.4849;1.142;1486;2019-03-22;2022-03-10;non
SIT-02311;CLI-01848;Siège Grenoble;Siège;13 place du Marché;38000;Grenoble;38185;Auvergne-Rhône-Alpes;45.2205;5.768;882;2020-01-15;;oui
SIT-02312;CLI-01850;Siège Roubaix;Siège;155 avenue Jean Jaurès;59100;Roubaix;59512;Hauts-de-France;50.6823;3.1696;890;2019-08-16;;oui
SIT-02313;CLI-01851;Siège Tours;Siège;166 rue de l’Industrie;37000;Tours;37261;Centre-Val de Loire;;;268;2022-05-29;;oui
SIT-02314;CLI-01851;Point de vente Charleville-Mézières;Point de vente;66 allée des Peupliers;08000;Charleville-Mézières;08105;Grand Est;49.8183;4.7139;953;2019-09-30;;oui
SIT-02315;CLI-01852;Siège argenteuil;Siège;82 avenue Jean Jaurès;95100;argenteuil;95018;Île-de-France;48.9539;2.2572;163;2021-08-13;;oui
SIT-02316;CLI-01852;Usine Calais;Usine;31 rue des Acacias;62100;Calais;62193;Hauts-de-France;50.9622;1.838;2266;2026-03-22;;oui
SIT-02317;CLI-01854;Siège Nantes;Siège;96 rue de l’Industrie;44000;Nantes;44109;Pays de la Loire;47.1883;-1.5612;40;2021-08-21;;oui
SIT-02318;CLI-01854;Agence Mérignac;Agence;102 avenue Jean Jaurès;33700;Mérignac;33281;Nouvelle-Aquitaine;44.8305;-0.6427;1093;2023-05-04;;oui
SIT-02319;CLI-01855;Siège Saint-Étienne;Siège;117 rue du Commerce;42000;Saint-Étienne;42218;Auvergne-Rhône-Alpes;45.4003;4.4309;2097;2019-03-09;;oui
SIT-02320;CLI-01859;Siège Nanterre;Siège;29 quai des Docks;92000;Nanterre;92050;Île-de-France;48.8843;2.2298;1721;2019-06-27;;oui
SIT-02321;CLI-01859;Usine Poitiers;Usine;27 rue Pasteur;86000;Poitiers;86194;Nouvelle-Aquitaine;46.5687;0.3126;245;2019-06-18;;oui
SIT-02322;CLI-01861;Siège Chartres;Siège;17 place du Marché;28000;Chartres;28085;Centre-Val de Loire;48.4794;1.4819;635;2017-09-14;;oui
SIT-02323;CLI-01863;Siège La Roche-sur-Yon;Siège;88 avenue Jean Jaurès;85000;La Roche-sur-Yon;85191;Pays de la Loire;46.6688;-1.4424;2073;2024-05-26;;oui
SIT-02324;CLI-01863;Point de vente Nevers;Point de vente;46 rue de la République;58000;Nevers;58194;Bourgogne-Franche-Comté;47.0141;3.1399;474;2016-07-05;;oui
SIT-02325;CLI-01863;Usine Albi;Usine;69 rue de l’Industrie;81000;Albi;81004;Occitanie;43.8999;2.1261;1370;2017-12-21;;oui
SIT-02326;CLI-01863;Usine Charleville-Mézières;Usine;9 rue Pasteur;08000;Charleville-Mézières;08105;Grand Est;49.819;4.7352;819;2018-01-20;;oui
SIT-02327;CLI-01864;Siège Bourg-en-Bresse;Siège;105 rue du Commerce;01000;Bourg-en-Bresse;01053;Auvergne-Rhône-Alpes;46.2093;5.2363;1037;2016-09-16;;oui
SIT-02328;CLI-01864;Usine Cannes;Usine;120 rue de l’Industrie;06400;Cannes;06029;Provence-Alpes-Côte d’Azur;43.5423;6.9837;1308;2024-10-21;2025-09-28;non
SIT-02329;CLI-01865;Siège Toulon;Siège;113 rue du Commerce;83000;Toulon;83137;Provence-Alpes-Côte d’Azur;43.1158;5.9542;1076;2025-07-18;;oui
SIT-02330;CLI-01865;Point de vente Gap;Point de vente;76 rue des Acacias;05000;Gap;05061;Provence-Alpes-Côte d’Azur;44.5788;6.0747;939;2023-08-22;;oui
SIT-02331;CLI-01866;Siège Albi;Siège;21 chemin des Vignes;81000;Albi;81004;Occitanie;43.9664;2.1084;343;2021-09-13;;oui
SIT-02332;CLI-01866;Entrepôt Grasse;Entrepôt;40 chemin des Vignes;06130;Grasse;06069;Provence-Alpes-Côte d’Azur;43.673;6.9526;40;2025-07-26;;oui
SIT-02333;CLI-01867;Siège Roubaix;Siège;71 avenue du Général Leclerc;59100;Roubaix;59512;Hauts-de-France;50.6541;3.1911;435;2022-08-25;;oui
SIT-02334;CLI-01867;Point de vente Saint-Malo;Point de vente;177 route de Bordeaux;35400;Saint-Malo;35288;Bretagne;48.6867;-2.0169;2784;2021-10-15;;oui
SIT-02335;CLI-01867;Agence Niort;Agence;33 chemin des Vignes;79000;Niort;79191;Nouvelle-Aquitaine;46.347;-0.4386;338;2022-11-20;;oui
SIT-02336;CLI-01867;Entrepôt Cherbourg-en-Cotentin;Entrepôt;159 boulevard Victor Hugo;50100;Cherbourg-en-Cotentin;50129;Normandie;49.6372;-1.6143;40;2025-06-15;;oui
SIT-02337;CLI-01869;Siège ANTIBES;Siège;2 route de Bordeaux;06600;ANTIBES;06004;Provence-Alpes-Côte d’Azur;43.6249;7.0995;1480;2022-10-19;;oui
SIT-02338;CLI-01869;Point de vente Clermont-Ferrand;Point de vente;60 place du Marché;63000;Clermont-Ferrand;63113;Auvergne-Rhône-Alpes;45.7755;3.0302;2006;2024-07-02;;oui
SIT-02339;CLI-01869;Point de vente Brest;Point de vente;17 rue de l’Industrie;29200;Brest;29019;Bretagne;48.4125;-4.4463;1019;2017-10-22;;oui
SIT-02340;CLI-01869;Agence Brest;Agence;179 avenue de la Gare;29200;Brest;29019;Bretagne;48.4267;-4.4838;40;2024-05-17;2025-11-30;non
SIT-02341;CLI-01871;Siège Boulogne-Billancourt;Siège;159 boulevard Victor Hugo;92100;Boulogne-Billancourt;92012;Île-de-France;48.8295;2.2275;1935;2018-09-15;;oui
SIT-02342;CLI-01872;Siège Rodez;Siège;55 chemin des Vignes;12000;Rodez;12202;Occitanie;44.348;2.5315;873;2019-05-26;;oui
SIT-02343;CLI-01874;Siège Salon-de-Provence;Siège;138 quai des Docks;13300;Salon-de-Provence;13103;Provence-Alpes-Côte d’Azur;43.598;5.0935;519;2021-06-09;;oui
SIT-02344;CLI-01874;Usine Toulouse;Usine;140 rue Pasteur;31000;Toulouse;31555;Occitanie;43.5502;1.4782;103;2024-09-13;;oui
SIT-02345;CLI-01876;Siège Arles;Siège;145 avenue de la Gare;13200;Arles;13004;Provence-Alpes-Côte d’Azur;43.6838;4.671;269;2017-01-05;;oui
SIT-02346;CLI-01876;Agence Nîmes;Agence;103 quai des Docks;30000;Nîmes;30189;Occitanie;43.8655;4.3703;1788;2017-11-18;;oui
SIT-02347;CLI-01876;Point de vente La Roche-sur-Yon;Point de vente;153 chemin des Vignes;85000;La Roche-sur-Yon;85191;Pays de la Loire;46.7058;-1.4007;716;2021-04-01;;oui
SIT-02348;CLI-01877;Siège Cannes;Siège;65 chemin des Vignes;06400;Cannes;06029;Provence-Alpes-Côte d’Azur;43.5609;6.9852;1130;2017-12-27;;oui
SIT-02349;CLI-01877;Agence Nevers;Agence;58 quai des Docks;58000;Nevers;58194;Bourgogne-Franche-Comté;46.9703;3.1183;357;2019-08-23;;oui
SIT-02350;CLI-01877;Agence Roubaix;Agence;152 avenue du Général Leclerc;59100;Roubaix;59512;Hauts-de-France;50.6802;3.1782;1308;2019-10-21;;oui
SIT-02351;CLI-01879;Siège Saint-Malo;Siège;139 allée des Peupliers;35400;Saint-Malo;35288;Bretagne;48.6201;-2.0311;1109;2024-06-23;2026-07-12;non
SIT-02352;CLI-01881;Siège Boulogne-Billancourt;Siège;61 rue des Acacias;92100;Boulogne-Billancourt;92012;Île-de-France;48.8368;2.214;586;2022-03-11;;oui
SIT-02353;CLI-01882;Siège Tours;Siège;69 rue des Acacias;37000;Tours;37261;Centre-Val de Loire;47.4195;0.7265;1726;2022-10-05;;oui
SIT-02354;CLI-01883;Siège Nevers;Siège;136 rue de l’Industrie;58000;Nevers;58194;Bourgogne-Franche-Comté;;;746;2019-06-09;;oui
SIT-02355;CLI-01885;Siège Lorient;Siège;129 avenue de la Gare;56100;Lorient;56121;Bretagne;47.7632;-3.3608;1023;2021-12-11;;oui
SIT-02356;CLI-01885;Entrepôt Bourg-en-Bresse;Entrepôt;23 rue des Acacias;01000;Bourg-en-Bresse;01053;Auvergne-Rhône-Alpes;46.1747;5.2736;1223;2022-08-19;;oui
SIT-02357;CLI-01888;Siège Versailles;Siège;120 boulevard Victor Hugo;78000;Versailles;78646;Île-de-France;48.8351;2.1074;1122;2017-08-25;;oui
SIT-02358;CLI-01888;Agence Metz;Agence;9 rue des Acacias;57000;Metz;57463;Grand Est;49.0847;6.1323;350;2016-12-05;;oui
SIT-02359;CLI-01888;Agence Rodez;Agence;20 avenue de la Gare;12000;Rodez;12202;Occitanie;44.3253;2.6161;1002;2020-08-27;;oui
SIT-02360;CLI-01889;Siège Chalon-sur-Saône;Siège;117 rue de la République;13001;Chalon-sur-Saône;71076;Bourgogne-Franche-Comté;46.803;4.8178;757;2022-05-05;;oui
SIT-02361;CLI-01891;Siège Rodez;Siège;99 rue de la République;12000;Rodez;12202;Occitanie;44.3133;2.5832;387;2019-10-26;;oui
SIT-02362;CLI-01892;Siège Brest;Siège;52 boulevard Victor Hugo;29200;Brest;29019;Bretagne;48.421;-4.4707;1636;2018-09-17;;oui
SIT-02363;CLI-01894;Siège Metz;Siège;61 allée des Peupliers;57000;Metz;57463;Grand Est;49.1068;6.1842;1727;2017-03-08;;oui
SIT-02364;CLI-01894;Point de vente Carcassonne;Point de vente;85 impasse des Lilas;11000;Carcassonne;11069;Occitanie;43.1605;2.3024;40;2020-08-25;;oui
SIT-02365;CLI-01895;Siège Rennes;Siège;25 quai des Docks;35000;Rennes;35238;Bretagne;48.081;-1.6917;1616;2025-01-21;;oui
SIT-02366;CLI-01895;Point de vente Montauban;Point de vente;135 quai des Docks;82000;Montauban;82121;Occitanie;44.0492;1.3765;327;2024-06-13;;oui
SIT-02367;CLI-01896;Siège Ajaccio;Siège;23 rue du Commerce;20000;Ajaccio;2A004;Corse;41.9692;8.7071;649;2019-04-07;;oui
SIT-02368;CLI-01896;Point de vente Mérignac;Point de vente;41 avenue Jean Jaurès;33700;Mérignac;33281;Nouvelle-Aquitaine;44.8468;-0.6079;1644;2024-03-21;;oui
SIT-02369;CLI-01898;Siège Nanterre;Siège;106 route de Bordeaux;92000;Nanterre;92050;Île-de-France;48.9379;2.1608;1148;2021-08-01;;oui
SIT-02370;CLI-01900;Siège Charleville-Mézières;Siège;107 rue Pasteur;08000;Charleville-Mézières;08105;Grand Est;49.7821;4.7568;793;2017-05-17;2018-08-24;non
SIT-02371;CLI-01902;Siège Montpellier;Siège;94 rue Pasteur;34000;Montpellier;34172;Occitanie;43.6598;3.9264;40;2024-04-10;;oui
SIT-02372;CLI-01904;Siège Saint-Brieuc;Siège;111 avenue du Général Leclerc;22000;Saint-Brieuc;22278;Bretagne;48.5005;-2.7865;427;2018-10-20;;oui
SIT-02373;CLI-01904;Usine Gap;Usine;52 allée des Peupliers;05000;Gap;05061;Provence-Alpes-Côte d’Azur;44.5616;6.0822;1230;2021-03-08;;oui
SIT-02374;CLI-01904;Agence Grasse;Agence;52 allée des Peupliers;06130;Grasse;06069;Provence-Alpes-Côte d’Azur;43.6372;6.898;843;2020-11-11;;oui
SIT-02375;CLI-01905;Siège Saint-Étienne;Siège;84 route de Bordeaux;42000;Saint-Étienne;42218;Auvergne-Rhône-Alpes;45.4467;4.3611;673;2022-11-17;;oui
SIT-02376;CLI-01905;Point de vente Salon-de-Provence;Point de vente;60 place du Marché;13300;Salon-de-Provence;13103;Provence-Alpes-Côte d’Azur;43.6827;5.1276;1432;2023-12-08;;oui
SIT-02377;CLI-01907;Siège Nantes;Siège;9 chemin des Vignes;44000;Nantes;44109;Pays de la Loire;47.1783;-1.5983;40;2019-11-30;;oui
SIT-02378;CLI-01910;Siège La Roche-sur-Yon;Siège;63 quai des Docks;85000;La Roche-sur-Yon;85191;Pays de la Loire;46.6207;-1.4754;456;2023-09-21;;oui
SIT-02379;CLI-01912;Siège Cherbourg-en-Cotentin;Siège;75 rue Pasteur;50100;Cherbourg-en-Cotentin;50129;Normandie;49.6613;-1.647;404;2024-06-30;;oui
SIT-02380;CLI-01913;Siège ANGERS;Siège;136 route de Bordeaux;49000;ANGERS;49007;Pays de la Loire;47.4872;-0.5377;1836;2023-11-16;;oui
SIT-02381;CLI-01913;Entrepôt Toulon;Entrepôt;62 allée des Peupliers;83000;Toulon;83137;Provence-Alpes-Côte d’Azur;43.0814;5.9477;1978;2021-05-10;;oui
SIT-02382;CLI-01914;Siège Bourges;Siège;158 impasse des Lilas;18000;Bourges;18033;Centre-Val de Loire;47.0912;2.3618;1875;2023-03-03;;oui
SIT-02383;CLI-01914;Point de vente Argenteuil;Point de vente;28 avenue du Général Leclerc;95100;Argenteuil;95018;Île-de-France;48.969;2.3;1886;2020-11-30;;oui
SIT-02384;CLI-01915;Siège CHAMBÉRY;Siège;123 impasse des Lilas;73000;CHAMBÉRY;73065;Auvergne-Rhône-Alpes;45.5488;5.902;1218;2023-06-12;;oui
SIT-02385;CLI-01915;Agence Nantes;Agence;140 rue du Commerce;44000;Nantes;44109;Pays de la Loire;47.1805;-1.5202;1433;2025-03-06;;oui
SIT-02386;CLI-01919;Siège Angers;Siège;86 rue des Acacias;49000;Angers;49007;Pays de la Loire;47.4966;-0.5206;1852;2025-02-28;;oui
SIT-02387;CLI-01920;Siège Avignon;Siège;26 rue du Commerce;84000;Avignon;84007;Provence-Alpes-Côte d’Azur;43.9381;4.8183;40;2026-01-15;;oui
SIT-02388;CLI-01921;Siège Auxerre;Siège;68 chemin des Vignes;89000;Auxerre;89024;Bourgogne-Franche-Comté;47.8364;3.5723;2317;2022-03-18;;oui
SIT-02389;CLI-01921;Agence La Rochelle;Agence;51 rue de la République;17000;La Rochelle;17300;Nouvelle-Aquitaine;46.1338;-1.1446;634;2020-01-08;;oui
SIT-02390;CLI-01921;Usine Sète;Usine;138 avenue du Général Leclerc;34200;Sète;34301;Occitanie;43.3597;3.747;40;2018-03-21;;oui
SIT-02391;CLI-01922;Siège LE MANS;Siège;35 chemin des Vignes;72000;LE MANS;72181;Pays de la Loire;48.0464;0.2474;2814;2017-06-29;;oui
SIT-02392;CLI-01923;Siège Avignon;Siège;85 allée des Peupliers;84000;Avignon;84007;Provence-Alpes-Côte d’Azur;43.9374;4.8578;1617;2021-03-13;;oui
SIT-02393;CLI-01924;Siège Metz;Siège;143 chemin des Vignes;57000;Metz;57463;Grand Est;49.1522;6.2092;2356;2022-11-18;;oui
SIT-02394;CLI-01924;Point de vente Saint-Malo;Point de vente;18 chemin des Vignes;35400;Saint-Malo;35288;Bretagne;48.6083;-2.0163;824;2020-05-13;;oui
SIT-02395;CLI-01925;Siège Brest;Siège;38 rue des Acacias;29200;Brest;29019;Bretagne;48.3927;-4.4892;373;2024-08-09;;oui
SIT-02396;CLI-01925;Usine Saint-Nazaire;Usine;52 boulevard Victor Hugo;44600;Saint-Nazaire;44184;Pays de la Loire;47.3131;-2.1662;309;2020-04-17;;oui
SIT-02397;CLI-01925;Entrepôt Angoulême;Entrepôt;150 place du Marché;16000;Angoulême;16015;Nouvelle-Aquitaine;45.6059;0.2043;40;2017-03-18;;oui
SIT-02398;CLI-01925;Usine Marseille;Usine;15 boulevard Victor Hugo;13001;Marseille;13055;Provence-Alpes-Côte d’Azur;43.2525;5.378;270;2019-10-21;;oui
SIT-02399;CLI-01927;Siège Antibes;Siège;130 rue Pasteur;06600;Antibes;06004;Provence-Alpes-Côte d’Azur;43.5874;7.1679;1466;2018-05-23;;oui
SIT-02400;CLI-01927;Agence Caen;Agence;113 rue des Acacias;14000;Caen;14118;Normandie;49.1839;-0.3776;1742;2022-03-08;;oui
SIT-02401;CLI-01927;Agence Nanterre;Agence;129 allée des Peupliers;92000;Nanterre;92050;Île-de-France;48.939;2.2357;2970;2016-09-06;;oui
SIT-02402;CLI-01928;Siège Toulouse;Siège;64 rue des Acacias;31000;Toulouse;31555;Occitanie;43.585;1.4193;730;2019-09-17;;oui
SIT-02403;CLI-01929;Siège La Roche-sur-Yon;Siège;78 avenue de la Gare;85000;La Roche-sur-Yon;85191;Pays de la Loire;46.6848;-1.4303;925;2022-05-27;;oui
SIT-02404;CLI-01929;Agence Rouen;Agence;42 impasse des Lilas;76000;Rouen;76540;Normandie;49.4007;1.1452;40;2023-02-10;;oui
SIT-02405;CLI-01929;Entrepôt Avignon;Entrepôt;166 rue Pasteur;84000;Avignon;84007;Provence-Alpes-Côte d’Azur;43.962;4.7896;1001;2020-09-01;;oui
SIT-02406;CLI-01929;Entrepôt Montpellier;Entrepôt;76 boulevard Victor Hugo;34000;Montpellier;34172;Occitanie;43.6535;3.895;1550;2025-10-27;;oui
SIT-02407;CLI-01930;Siège Mérignac;Siège;78 impasse des Lilas;33700;Mérignac;33281;Nouvelle-Aquitaine;44.879;-0.6708;895;2023-08-09;;oui
SIT-02408;CLI-01933;Siège Lorient;Siège;82 chemin des Vignes;56100;Lorient;56121;Bretagne;47.7224;-3.3499;2193;2020-02-12;;oui
SIT-02409;CLI-01933;Usine Le Havre;Usine;40 rue de la République;76600;Le Havre;76351;Normandie;49.4608;0.0965;376;2017-01-17;;oui
SIT-02410;CLI-01933;Point de vente Orléans;Point de vente;86 avenue du Général Leclerc;45000;Orléans;45234;Centre-Val de Loire;47.8512;1.88;1711;2018-12-08;;oui
SIT-02411;CLI-01933;Agence La Rochelle;Agence;24 rue du Commerce;17000;La Rochelle;17300;Nouvelle-Aquitaine;46.1617;-1.1066;40;2019-10-06;;oui
SIT-02412;CLI-01936;Siège Montreuil;Siège;160 chemin des Vignes;93100;Montreuil;93048;Île-de-France;48.8142;2.3913;802;2024-06-24;;oui
SIT-02413;CLI-01936;Entrepôt Grasse;Entrepôt;161 rue des Acacias;06130;Grasse;06069;Provence-Alpes-Côte d’Azur;43.6722;6.9497;604;2023-03-26;;oui
SIT-02414;CLI-01937;Siège Beauvais;Siège;169 rue de la République;60000;Beauvais;60057;Hauts-de-France;49.4124;2.0347;2071;2018-09-30;;oui
SIT-02415;CLI-01938;Siège RENNES;Siège;31 impasse des Lilas;35000;RENNES;35238;Bretagne;48.1326;-1.6921;285;2019-12-01;;oui
SIT-02416;CLI-01938;Entrepôt Angoulême;Entrepôt;150 avenue de la Gare;16000;Angoulême;16015;Nouvelle-Aquitaine;45.6129;0.1881;40;2024-02-14;;oui
SIT-02417;CLI-01938;Usine Belfort;Usine;162 boulevard Victor Hugo;90000;Belfort;90010;Bourgogne-Franche-Comté;47.6138;6.8287;1180;2021-01-12;;oui
SIT-02418;CLI-01939;Siège Dijon;Siège;89 boulevard Victor Hugo;21000;Dijon;21231;Bourgogne-Franche-Comté;47.3067;5.0564;1190;2019-05-21;;oui
SIT-02419;CLI-01939;Agence Caen;Agence;24 avenue Jean Jaurès;14000;Caen;14118;Normandie;49.1903;-0.3421;2106;2017-06-02;;oui
SIT-02420;CLI-01939;Entrepôt Boulogne-Billancourt;Entrepôt;140 rue de l’Industrie;92100;Boulogne-Billancourt;92012;Île-de-France;48.831;2.2608;1339;2025-05-13;;oui
SIT-02421;CLI-01940;Siège Calais;Siège;178 avenue de la Gare;62100;Calais;62193;Hauts-de-France;50.9903;1.8435;141;2023-03-24;;oui
SIT-02422;CLI-01942;Siège Créteil;Siège;9 avenue de la Gare;94000;Créteil;94028;Île-de-France;48.8311;2.4595;1521;2025-08-02;;oui
SIT-02423;CLI-01943;Siège Sète;Siège;114 route de Bordeaux;34200;Sète;34301;Occitanie;43.4269;3.6504;1773;2023-10-24;2027-10-19;non
SIT-02424;CLI-01944;Siège Chambéry;Siège;126 route de Bordeaux;73000;Chambéry;73065;Auvergne-Rhône-Alpes;45.5498;5.9086;252;2018-12-29;;oui
SIT-02425;CLI-01944;Usine Bastia;Usine;147 rue du Commerce;20200;Bastia;2B033;Corse;42.7144;9.4314;1232;2020-05-13;;oui
SIT-02426;CLI-01946;Siège tours;Siège;100 avenue de la Gare;37000;tours;37261;Centre-Val de Loire;47.4396;0.6988;40;2017-11-12;;oui
SIT-02427;CLI-01947;Siège Nanterre;Siège;45 impasse des Lilas;92000;Nanterre;92050;Île-de-France;48.8853;2.1551;1325;2017-03-24;;oui
SIT-02428;CLI-01948;Siège Marseille;Siège;144 rue Pasteur;13001;Marseille;13055;Provence-Alpes-Côte d’Azur;43.3019;5.334;1171;2022-08-25;;oui
SIT-02429;CLI-01949;Siège Carcassonne;Siège;68 place du Marché;11000;Carcassonne;11069;Occitanie;43.2415;2.308;1387;2024-09-02;;oui
SIT-02430;CLI-01949;Entrepôt Chambéry;Entrepôt;61 boulevard Victor Hugo;73000;Chambéry;73065;Auvergne-Rhône-Alpes;45.5852;5.927;2606;2016-12-09;;oui
SIT-02431;CLI-01949;Entrepôt Évry-Courcouronnes;Entrepôt;84 avenue de la Gare;91000;Évry-Courcouronnes;91228;Île-de-France;48.6122;2.4795;1598;2017-02-06;;oui
SIT-02432;CLI-01949;Agence Annecy;Agence;78 rue du Commerce;74000;Annecy;74010;Auvergne-Rhône-Alpes;45.8865;6.1182;683;2026-03-06;;oui
SIT-02433;CLI-01952;Siège Le Mans;Siège;126 avenue du Général Leclerc;72000;Le Mans;72181;Pays de la Loire;48.0019;0.2363;1172;2023-02-22;;oui
SIT-02434;CLI-01952;Entrepôt Belfort;Entrepôt;61 boulevard Victor Hugo;90000;Belfort;90010;Bourgogne-Franche-Comté;47.5994;6.8644;296;2024-01-11;;oui
SIT-02435;CLI-01952;Usine Mulhouse;Usine;106 boulevard Victor Hugo;68100;Mulhouse;68224;Grand Est;47.7461;7.3152;541;2021-10-06;;oui
SIT-02436;CLI-01952;Usine Montpellier;Usine;52 impasse des Lilas;34000;Montpellier;34172;Occitanie;43.5976;3.9093;262;2025-10-19;;oui
SIT-02437;CLI-01953;Siège Limoges;Siège;43 impasse des Lilas;87000;Limoges;87085;Nouvelle-Aquitaine;45.8296;1.2332;1314;2022-11-19;;oui
SIT-02438;CLI-01953;Agence Chambéry;Agence;96 avenue de la Gare;73000;Chambéry;73065;Auvergne-Rhône-Alpes;45.5205;5.9313;1824;2022-05-21;;oui
SIT-02439;CLI-01953;Usine Angers;Usine;135 avenue Jean Jaurès;49000;Angers;49007;Pays de la Loire;47.4519;-0.5687;478;2023-01-05;;oui
SIT-02440;CLI-01954;Siège ÉVRY-COURCOURONNES;Siège;111 avenue Jean Jaurès;91000;ÉVRY-COURCOURONNES;91228;Île-de-France;48.6204;2.428;538;2025-08-28;;oui
SIT-02441;CLI-01954;Agence Angers;Agence;51 boulevard Victor Hugo;49000;Angers;49007;Pays de la Loire;47.4572;-0.5981;980;2021-07-18;;oui
SIT-02442;CLI-01955;Siège Antibes;Siège;77 avenue Jean Jaurès;06600;Antibes;06004;Provence-Alpes-Côte d’Azur;43.5303;7.1787;1035;2016-07-14;;oui
SIT-02443;CLI-01956;Siège Aix-en-Provence;Siège;157 route de Bordeaux;13100;Aix-en-Provence;13001;Provence-Alpes-Côte d’Azur;43.5405;5.4647;1306;2021-12-19;;oui
SIT-02444;CLI-01956;Point de vente Lorient;Point de vente;50 quai des Docks;56100;Lorient;56121;Bretagne;47.7438;-3.3478;1013;2025-09-14;2029-01-23;non
SIT-02445;CLI-01957;Siège Niort;Siège;34 rue de la République;79000;Niort;79191;Nouvelle-Aquitaine;46.3464;-0.4595;1237;2024-06-13;;oui
SIT-02446;CLI-01957;Usine Mérignac;Usine;159 rue Pasteur;33700;Mérignac;33281;Nouvelle-Aquitaine;44.8237;-0.6517;40;2021-04-14;;oui
SIT-02447;CLI-01958;Siège Tarbes;Siège;44 place du Marché;65000;Tarbes;65440;Occitanie;43.2499;0.0356;458;2022-11-21;;oui
SIT-02448;CLI-01958;Entrepôt Brest;Entrepôt;39 rue de l’Industrie;29200;Brest;29019;Bretagne;48.3717;-4.5302;1138;2022-11-12;;oui
SIT-02449;CLI-01959;Siège Nevers;Siège;22 allée des Peupliers;58000;Nevers;58194;Bourgogne-Franche-Comté;46.9405;3.191;849;2025-12-07;;oui
SIT-02450;CLI-01959;Entrepôt Poitiers;Entrepôt;6 rue de l’Industrie;86000;Poitiers;86194;Nouvelle-Aquitaine;46.565;0.3837;1244;2020-10-25;;oui
SIT-02451;CLI-01960;Siège Rodez;Siège;20 rue de la République;12000;Rodez;12202;Occitanie;44.3735;2.5561;1935;2023-06-13;;oui
SIT-02452;CLI-01964;Siège Caen;Siège;84 avenue du Général Leclerc;14000;Caen;14118;Normandie;49.1837;-0.3858;40;2023-01-17;;oui
SIT-02453;CLI-01964;Point de vente Saint-Étienne;Point de vente;46 allée des Peupliers;42000;Saint-Étienne;42218;Auvergne-Rhône-Alpes;45.4366;4.4077;429;2025-12-25;;oui
SIT-02454;CLI-01965;Siège Strasbourg;Siège;106 quai des Docks;67000;Strasbourg;67482;Grand Est;48.5554;7.7271;1057;2021-04-30;;oui
SIT-02455;CLI-01965;Agence Cholet;Agence;106 avenue Jean Jaurès;49300;Cholet;49099;Pays de la Loire;47.0311;-0.9109;1459;2019-09-28;2024-06-30;non
SIT-02456;CLI-01966;Siège Fréjus;Siège;79 rue des Acacias;83600;Fréjus;83061;Provence-Alpes-Côte d’Azur;43.4051;6.7391;2182;2022-06-07;;oui
SIT-02457;CLI-01967;Siège montauban;Siège;37 rue des Acacias;82000;montauban;82121;Occitanie;44.0417;1.3338;938;2023-12-23;;oui
SIT-02458;CLI-01968;Siège Saint-Quentin;Siège;80 rue des Acacias;02100;Saint-Quentin;02691;Hauts-de-France;49.839;3.2964;1240;2024-01-14;;oui
SIT-02459;CLI-01969;Siège Cannes;Siège;29 rue de la République;06400;Cannes;06029;Provence-Alpes-Côte d’Azur;43.5597;6.9907;1293;2022-10-08;;oui
SIT-02460;CLI-01969;Entrepôt Chambéry;Entrepôt;144 route de Bordeaux;73000;Chambéry;73065;Auvergne-Rhône-Alpes;45.5323;5.8994;964;2024-05-31;;oui
SIT-02461;CLI-01970;Siège Arles;Siège;106 rue des Acacias;13200;Arles;13004;Provence-Alpes-Côte d’Azur;43.7241;4.6331;1476;2021-03-15;;oui
SIT-02462;CLI-01970;Agence Agen;Agence;63 boulevard Victor Hugo;47000;Agen;47001;Nouvelle-Aquitaine;44.2153;0.6089;84;2017-06-01;;oui
SIT-02463;CLI-01970;Entrepôt Saint-Denis;Entrepôt;131 quai des Docks;93200;Saint-Denis;93066;Île-de-France;48.9841;2.3602;205;2022-12-30;;oui
SIT-02464;CLI-01972;Siège Gap;Siège;102 rue du Commerce;05000;Gap;05061;Provence-Alpes-Côte d’Azur;44.5549;6.0442;110;2018-09-21;;oui
SIT-02465;CLI-01972;Agence Narbonne;Agence;46 quai des Docks;11100;Narbonne;11262;Occitanie;43.1417;2.9529;1402;2023-04-26;;oui
SIT-02466;CLI-01973;Siège Saint-Étienne;Siège;167 allée des Peupliers;42000;Saint-Étienne;42218;Auvergne-Rhône-Alpes;45.4399;4.3963;817;2021-10-31;;oui
SIT-02467;CLI-01973;Point de vente Albi;Point de vente;4 rue des Acacias;81000;Albi;81004;Occitanie;43.924;2.1507;40;2018-11-18;;oui
SIT-02468;CLI-01976;Siège Poitiers;Siège;4 boulevard Victor Hugo;01000;Poitiers;86194;Nouvelle-Aquitaine;46.6085;0.3309;498;2026-02-03;;oui
SIT-02469;CLI-01978;Siège Mulhouse;Siège;119 rue de l’Industrie;68100;Mulhouse;68224;Grand Est;47.7906;7.3499;105;2016-12-26;;oui
SIT-02470;CLI-01979;Siège Vannes;Siège;157 quai des Docks;56000;Vannes;56260;Bretagne;47.6909;-2.7704;119;2024-01-07;;oui
SIT-02471;CLI-01979;Point de vente Brest;Point de vente;49 rue Pasteur;29200;Brest;29019;Bretagne;48.3649;-4.4482;368;2023-07-11;;oui
SIT-02472;CLI-01981;Siège Béziers;Siège;120 rue de l’Industrie;34500;Béziers;34032;Occitanie;43.3266;3.2143;1050;2022-10-08;;oui
SIT-02473;CLI-01982;Siège Annecy;Siège;14 rue de l’Industrie;74000;Annecy;74010;Auvergne-Rhône-Alpes;45.902;6.1173;309;2016-07-22;;oui
SIT-02474;CLI-01983;Siège Toulouse;Siège;67 chemin des Vignes;31000;Toulouse;31555;Occitanie;43.605;1.4197;125;2016-07-13;;oui
SIT-02475;CLI-01983;Entrepôt Brest;Entrepôt;144 avenue Jean Jaurès;29200;Brest;29019;Bretagne;48.4229;-4.4843;90;2020-11-13;;oui
SIT-02476;CLI-01983;Point de vente Albi;Point de vente;140 quai des Docks;81000;Albi;81004;Occitanie;43.9575;2.1272;1372;2023-07-27;;oui
SIT-02477;CLI-01984;Siège Bourges;Siège;107 rue de la République;18000;Bourges;18033;Centre-Val de Loire;47.1156;2.4226;773;2023-04-30;;oui
SIT-02478;CLI-01984;Agence Orléans;Agence;63 rue Pasteur;45000;Orléans;45234;Centre-Val de Loire;47.9166;1.9447;1394;2018-04-11;;oui
SIT-02479;CLI-01985;Siège Angers;Siège;148 rue de l’Industrie;49000;Angers;49007;Pays de la Loire;47.5113;-0.5137;763;2022-12-11;;oui
SIT-02480;CLI-01986;Siège Angers;Siège;92 avenue du Général Leclerc;49000;Angers;49007;Pays de la Loire;47.4273;-0.5266;596;2021-04-26;;oui
SIT-02481;CLI-01987;Siège Lorient;Siège;125 quai des Docks;56100;Lorient;56121;Bretagne;47.7453;-3.3421;763;2017-08-14;;oui
SIT-02482;CLI-01988;Siège Toulon;Siège;88 avenue Jean Jaurès;83000;Toulon;83137;Provence-Alpes-Côte d’Azur;43.135;5.9707;140;2025-09-19;;oui
SIT-02483;CLI-01988;Usine Cherbourg-en-Cotentin;Usine;134 route de Bordeaux;50100;Cherbourg-en-Cotentin;50129;Normandie;49.6057;-1.5912;1133;2020-08-03;;oui
SIT-02484;CLI-01988;Point de vente Caen;Point de vente;152 allée des Peupliers;14000;Caen;14118;Normandie;49.2009;-0.3259;40;2021-09-28;;oui
SIT-02485;CLI-01988;Entrepôt Nevers;Entrepôt;159 rue de l’Industrie;58000;Nevers;58194;Bourgogne-Franche-Comté;46.9806;3.1186;2108;2024-06-26;;oui
SIT-02486;CLI-01990;Siège Paris;Siège;67 quai des Docks;75001;Paris;75056;Île-de-France;48.8734;2.3206;1319;2020-11-19;2021-06-26;non
SIT-02487;CLI-01991;Siège Ajaccio;Siège;145 quai des Docks;20000;Ajaccio;2A004;Corse;41.9522;8.7146;1372;2019-04-07;;oui
SIT-02488;CLI-01991;Usine Le Havre;Usine;23 boulevard Victor Hugo;76600;Le Havre;76351;Normandie;49.4471;0.0915;596;2024-07-01;;oui
SIT-02489;CLI-01992;Siège Orléans;Siège;29 impasse des Lilas;45000;Orléans;45234;Centre-Val de Loire;47.8992;1.8532;1959;2022-09-26;;oui
SIT-02490;CLI-01992;Point de vente Bordeaux;Point de vente;4 rue du Commerce;33000;Bordeaux;33063;Nouvelle-Aquitaine;44.8793;-0.5901;1298;2023-04-01;;oui
SIT-02491;CLI-01993;Siège Bastia;Siège;144 rue de l’Industrie;20200;Bastia;2B033;Corse;42.7438;9.4192;764;2019-11-20;;oui
SIT-02492;CLI-01993;Usine Cherbourg-en-Cotentin;Usine;179 avenue Jean Jaurès;50100;Cherbourg-en-Cotentin;50129;Normandie;49.6166;-1.6018;2008;2021-04-22;;oui
SIT-02493;CLI-01994;Siège Laval;Siège;179 route de Bordeaux;53000;Laval;53130;Pays de la Loire;48.0347;-0.776;1281;2022-08-19;;oui
SIT-02494;CLI-01995;Siège Paris;Siège;68 place du Marché;75001;Paris;75056;Île-de-France;48.8502;2.3997;758;2024-01-02;;oui
SIT-02495;CLI-01995;Agence Nice;Agence;94 allée des Peupliers;06000;Nice;06088;Provence-Alpes-Côte d’Azur;43.7501;7.2928;831;2019-09-16;;oui
SIT-02496;CLI-01997;Siège Villeurbanne;Siège;172 rue de la République;69100;Villeurbanne;69266;Auvergne-Rhône-Alpes;45.7804;4.8567;1586;2021-12-14;;oui
SIT-02497;CLI-01998;Siège Amiens;Siège;143 avenue Jean Jaurès;80000;Amiens;80021;Hauts-de-France;49.9269;2.2712;973;2019-12-18;;oui
SIT-02498;CLI-01999;Siège Mulhouse;Siège;26 impasse des Lilas;58000;Mulhouse;68224;Grand Est;47.7065;7.385;2097;2017-03-19;;oui
SIT-02499;CLI-02000;Siège Marseille;Siège;125 impasse des Lilas;13001;Marseille;13055;Provence-Alpes-Côte d’Azur;43.3226;5.4178;634;2022-08-25;;oui
SIT-02500;CLI-02000;Agence Cannes;Agence;86 boulevard Victor Hugo;06400;Cannes;06029;Provence-Alpes-Côte d’Azur;43.5777;6.9891;1013;2024-01-25;;oui
SIT-02501;CLI-02001;Siège Paris;Siège;19 place du Marché;75001;Paris;75056;Île-de-France;48.8461;2.3739;3300;2024-12-31;;oui
SIT-02502;CLI-02003;Siège Versailles;Siège;176 boulevard Victor Hugo;78000;Versailles;78646;Île-de-France;48.7831;2.0965;317;2023-01-02;;oui
SIT-02503;CLI-02005;Siège Ajaccio;Siège;74 avenue du Général Leclerc;20000;Ajaccio;2A004;Corse;41.9214;8.704;1901;2016-06-15;;oui
SIT-02504;CLI-02006;Siège Amiens;Siège;156 rue de la République;80000;Amiens;80021;Hauts-de-France;49.9289;2.2559;1529;2024-04-20;;oui
SIT-02505;CLI-02006;Point de vente Bourg-en-Bresse;Point de vente;6 rue des Acacias;01000;Bourg-en-Bresse;01053;Auvergne-Rhône-Alpes;46.1866;5.2034;1012;2025-01-03;;oui
SIT-02506;CLI-02006;Entrepôt Paris;Entrepôt;11 avenue du Général Leclerc;75001;Paris;75056;Île-de-France;48.8251;2.3665;833;2016-07-23;2019-10-04;non
SIT-02507;CLI-02006;Usine Gap;Usine;94 rue de la République;05000;Gap;05061;Provence-Alpes-Côte d’Azur;44.5779;6.0636;40;2025-04-26;;oui
SIT-02508;CLI-02007;Siège Agen;Siège;56 rue du Commerce;47000;Agen;47001;Nouvelle-Aquitaine;44.1625;0.5729;2890;2021-05-06;;oui
SIT-02509;CLI-02007;Agence Argenteuil;Agence;41 impasse des Lilas;95100;Argenteuil;95018;Île-de-France;48.9641;2.218;1338;2017-02-06;;oui
SIT-02510;CLI-02008;Siège Cholet;Siège;126 rue du Commerce;49300;Cholet;49099;Pays de la Loire;47.0231;-0.918;1652;2022-07-07;;oui
SIT-02511;CLI-02008;Point de vente Beauvais;Point de vente;167 rue du Commerce;60000;Beauvais;60057;Hauts-de-France;49.3831;2.0418;578;2018-01-24;;oui
SIT-02512;CLI-02010;Siège Chambéry;Siège;81 chemin des Vignes;73000;Chambéry;73065;Auvergne-Rhône-Alpes;45.5339;5.9509;201;2022-11-10;;oui
SIT-02513;CLI-02011;Siège Agen;Siège;76 avenue du Général Leclerc;47000;Agen;47001;Nouvelle-Aquitaine;44.1599;0.5782;522;2020-05-25;;oui
SIT-02514;CLI-02012;Siège Mulhouse;Siège;28 route de Bordeaux;68100;Mulhouse;68224;Grand Est;47.7141;7.3202;890;2017-12-28;;oui
SIT-02515;CLI-02012;Agence Brest;Agence;171 route de Bordeaux;29200;Brest;29019;Bretagne;48.4032;-4.5306;157;2018-05-07;;oui
SIT-02516;CLI-02013;Siège Annecy;Siège;82 allée des Peupliers;74000;Annecy;74010;Auvergne-Rhône-Alpes;45.9392;6.1038;364;2023-08-29;;oui
SIT-02517;CLI-02013;Point de vente Nancy;Point de vente;113 place du Marché;54000;Nancy;54395;Grand Est;48.728;6.1353;284;2016-05-25;;oui
SIT-02518;CLI-02014;Siège Grenoble;Siège;169 rue des Acacias;38000;Grenoble;38185;Auvergne-Rhône-Alpes;45.2184;5.7299;40;2024-12-07;;oui
SIT-02519;CLI-02014;Usine La Rochelle;Usine;121 impasse des Lilas;17000;La Rochelle;17300;Nouvelle-Aquitaine;46.1864;-1.1877;652;2017-12-30;;oui
SIT-02520;CLI-02014;Entrepôt Toulon;Entrepôt;117 rue du Commerce;83000;Toulon;83137;Provence-Alpes-Côte d’Azur;43.1408;5.9212;1886;2020-12-21;;oui
SIT-02521;CLI-02014;Agence Reims;Agence;58 impasse des Lilas;51100;Reims;51454;Grand Est;49.254;4.0143;684;2018-02-12;;oui
SIT-02522;CLI-02015;Siège Toulouse;Siège;99 avenue du Général Leclerc;31000;Toulouse;31555;Occitanie;43.598;1.4035;880;2016-06-26;;oui
SIT-02523;CLI-02016;Siège Saint-Étienne;Siège;98 rue des Acacias;42000;Saint-Étienne;42218;Auvergne-Rhône-Alpes;45.4741;4.4275;1867;2024-04-25;;oui
SIT-02524;CLI-02016;Usine Carcassonne;Usine;132 boulevard Victor Hugo;11000;Carcassonne;11069;Occitanie;43.1789;2.3452;158;2022-08-07;;oui
SIT-02525;CLI-02017;Siège Dunkerque;Siège;4 rue des Acacias;59140;Dunkerque;59183;Hauts-de-France;51.013;2.3411;804;2024-09-16;;oui
SIT-02526;CLI-02019;Siège Issy-les-Moulineaux;Siège;179 route de Bordeaux;92130;Issy-les-Moulineaux;92040;Île-de-France;48.8059;2.2853;569;2018-04-14;;oui
SIT-02527;CLI-02020;Siège Toulon;Siège;145 rue Pasteur;83000;Toulon;83137;Provence-Alpes-Côte d’Azur;43.1506;5.8986;1165;2021-05-04;;oui
SIT-02528;CLI-02021;Siège Périgueux;Siège;103 rue de l’Industrie;24000;Périgueux;24322;Nouvelle-Aquitaine;45.1439;0.6853;40;2023-09-26;;oui
SIT-02529;CLI-02021;Point de vente Gap;Point de vente;47 avenue Jean Jaurès;05000;Gap;05061;Provence-Alpes-Côte d’Azur;44.5913;6.0591;1180;2020-07-24;;oui
SIT-02530;CLI-02021;Entrepôt Villeurbanne;Entrepôt;50 avenue Jean Jaurès;69100;Villeurbanne;69266;Auvergne-Rhône-Alpes;45.792;4.8328;1217;2016-05-01;;oui
SIT-02531;CLI-02021;Point de vente Bastia;Point de vente;6 chemin des Vignes;20200;Bastia;2B033;Corse;42.6512;9.4732;1275;2025-01-21;;oui
SIT-02532;CLI-02022;Siège Colmar;Siège;23 avenue du Général Leclerc;68000;Colmar;68066;Grand Est;48.0741;7.3653;722;2023-05-26;;oui
SIT-02533;CLI-02022;Point de vente Pau;Point de vente;136 avenue Jean Jaurès;64000;Pau;64445;Nouvelle-Aquitaine;43.293;-0.416;1484;2017-01-11;;oui
SIT-02534;CLI-02023;Siège Créteil;Siège;138 rue de l’Industrie;94000;Créteil;94028;Île-de-France;48.7778;2.4711;40;2023-04-18;;oui
SIT-02535;CLI-02023;Agence Metz;Agence;29 route de Bordeaux;57000;Metz;57463;Grand Est;49.1384;6.1491;394;2020-02-10;;oui
SIT-02536;CLI-02027;Siège Versailles;Siège;158 rue de la République;78000;Versailles;78646;Île-de-France;48.7509;2.0912;970;2018-12-21;;oui
SIT-02537;CLI-02029;Siège Metz;Siège;70 avenue du Général Leclerc;57000;Metz;57463;Grand Est;49.1385;6.1536;969;2024-02-15;;oui
SIT-02538;CLI-02030;Siège Rodez;Siège;2 boulevard Victor Hugo;12000;Rodez;12202;Occitanie;44.3463;2.5989;975;2021-10-12;;oui
SIT-02539;CLI-02031;Siège Troyes;Siège;115 rue de l’Industrie;10000;Troyes;10387;Grand Est;48.2705;4.0612;1236;2024-09-14;;oui
SIT-02540;CLI-02031;Usine Périgueux;Usine;57 avenue de la Gare;24000;Périgueux;24322;Nouvelle-Aquitaine;45.1535;0.75;3300;2023-03-19;;oui
SIT-02541;CLI-02031;Entrepôt Boulogne-Billancourt;Entrepôt;64 allée des Peupliers;92100;Boulogne-Billancourt;92012;Île-de-France;48.7932;2.2631;1685;2017-06-17;;oui
SIT-02542;CLI-02031;Agence Reims;Agence;81 rue de l’Industrie;51100;Reims;51454;Grand Est;49.3022;4.0616;1593;2023-05-12;;oui
SIT-02543;CLI-02032;Siège Nevers;Siège;19 chemin des Vignes;58000;Nevers;58194;Bourgogne-Franche-Comté;47.0191;3.2054;1612;2019-05-30;;oui
SIT-02544;CLI-02032;Agence Reims;Agence;172 quai des Docks;51100;Reims;51454;Grand Est;49.2735;4.0166;994;2019-11-26;;oui
SIT-02545;CLI-02032;Point de vente Grasse;Point de vente;22 avenue du Général Leclerc;06130;Grasse;06069;Provence-Alpes-Côte d’Azur;43.6664;6.9373;491;2021-08-21;;oui
SIT-02546;CLI-02034;Siège Niort;Siège;8 rue de l’Industrie;79000;Niort;79191;Nouvelle-Aquitaine;46.3468;-0.4905;870;2022-03-02;;oui
SIT-02547;CLI-02034;Agence Rennes;Agence;124 rue de l’Industrie;35000;Rennes;35238;Bretagne;48.1185;-1.6311;1413;2016-06-29;;oui
SIT-02548;CLI-02035;Siège Rouen;Siège;163 boulevard Victor Hugo;76000;Rouen;76540;Normandie;49.4807;1.0835;2422;2020-07-05;2021-04-21;non
SIT-02549;CLI-02036;Siège Nanterre;Siège;17 rue de la République;92000;Nanterre;92050;Île-de-France;48.8895;2.2107;903;2018-03-23;;oui
SIT-02550;CLI-02039;Siège Fréjus;Siège;86 avenue du Général Leclerc;83600;Fréjus;83061;Provence-Alpes-Côte d’Azur;43.4361;6.7685;1036;2021-08-03;2023-08-04;non
SIT-02551;CLI-02039;Usine Tours;Usine;101 impasse des Lilas;37000;Tours;37261;Centre-Val de Loire;47.3601;0.6797;346;2025-04-16;;oui
SIT-02552;CLI-02039;Agence Reims;Agence;135 avenue de la Gare;51100;Reims;51454;Grand Est;49.2683;4.0517;929;2020-01-10;;oui
SIT-02553;CLI-02040;Siège Brest;Siège;65 rue des Acacias;29200;Brest;29019;Bretagne;48.4276;-4.5345;308;2018-09-16;;oui
SIT-02554;CLI-02042;Siège Meaux;Siège;127 chemin des Vignes;77100;Meaux;77284;Île-de-France;48.9673;2.8312;1795;2022-03-07;;oui
SIT-02555;CLI-02042;Usine Tarbes;Usine;84 rue des Acacias;65000;Tarbes;65440;Occitanie;43.2021;0.0505;2392;2021-05-16;;oui
SIT-02556;CLI-02043;Siège Rouen;Siège;93 place du Marché;76000;Rouen;76540;Normandie;49.4391;1.1378;40;2017-02-25;;oui
SIT-02557;CLI-02044;Siège Saint-Étienne;Siège;39 boulevard Victor Hugo;42000;Saint-Étienne;42218;Auvergne-Rhône-Alpes;45.3916;4.3711;418;2023-04-13;;oui
SIT-02558;CLI-02044;Agence Mulhouse;Agence;28 rue des Acacias;68100;Mulhouse;68224;Grand Est;47.7847;7.2975;1890;2019-10-12;;oui
SIT-02559;CLI-02044;Point de vente Grenoble;Point de vente;82 rue des Acacias;38000;Grenoble;38185;Auvergne-Rhône-Alpes;45.1538;5.7342;2056;2019-02-06;;oui
SIT-02560;CLI-02046;Siège Bourges;Siège;4 boulevard Victor Hugo;18000;Bourges;18033;Centre-Val de Loire;47.0396;2.3944;1193;2024-03-18;;oui
SIT-02561;CLI-02047;Siège Vannes;Siège;172 rue de l’Industrie;56000;Vannes;56260;Bretagne;47.6995;-2.8032;479;2022-11-05;;oui
SIT-02562;CLI-02049;Siège Agen;Siège;82 avenue du Général Leclerc;47000;Agen;47001;Nouvelle-Aquitaine;44.1545;0.5759;1380;2018-08-15;;oui
SIT-02563;CLI-02049;Agence Argenteuil;Agence;121 impasse des Lilas;95100;Argenteuil;95018;Île-de-France;48.9281;2.2132;1573;2021-07-01;;oui
SIT-02564;CLI-02050;Siège saint-malo;Siège;18 rue de l’Industrie;35400;saint-malo;35288;Bretagne;48.6123;-2.0386;40;2024-11-22;;oui
SIT-02565;CLI-02051;Siège albi;Siège;139 place du Marché;81000;albi;81004;Occitanie;43.8811;2.1283;40;2024-03-10;;oui
SIT-02566;CLI-02051;Point de vente La Roche-sur-Yon;Point de vente;58 route de Bordeaux;85000;La Roche-sur-Yon;85191;Pays de la Loire;46.6827;-1.4393;40;2017-05-28;;oui
SIT-02567;CLI-02052;Siège Tours;Siège;172 route de Bordeaux;37000;Tours;37261;Centre-Val de Loire;47.3536;0.7032;1245;2017-11-07;;oui
SIT-02568;CLI-02052;Agence Auxerre;Agence;134 boulevard Victor Hugo;89000;Auxerre;89024;Bourgogne-Franche-Comté;47.839;3.6061;955;2017-10-09;2019-06-09;non
SIT-02569;CLI-02052;Entrepôt Bastia;Entrepôt;58 chemin des Vignes;20200;Bastia;2B033;Corse;42.6578;9.434;693;2026-02-02;;oui
SIT-02570;CLI-02054;Siège Cholet;Siège;4 quai des Docks;49300;Cholet;49099;Pays de la Loire;47.0678;-0.8366;1828;2022-10-11;;oui
SIT-02571;CLI-02054;Usine Saint-Brieuc;Usine;71 impasse des Lilas;22000;Saint-Brieuc;22278;Bretagne;48.509;-2.8131;1005;2019-03-31;;oui
SIT-02572;CLI-02054;Agence La Roche-sur-Yon;Agence;117 place du Marché;85000;La Roche-sur-Yon;85191;Pays de la Loire;46.678;-1.4386;1332;2021-02-18;;oui
SIT-02573;CLI-02054;Usine Saint-Brieuc;Usine;179 impasse des Lilas;22000;Saint-Brieuc;22278;Bretagne;48.5263;-2.8073;430;2020-10-05;;oui
SIT-02574;CLI-02055;Siège Agen;Siège;112 impasse des Lilas;47000;Agen;47001;Nouvelle-Aquitaine;44.1534;0.6457;1161;2026-05-01;;oui
SIT-02575;CLI-02056;Siège Colmar;Siège;154 route de Bordeaux;68000;Colmar;68066;Grand Est;48.0498;7.3346;1027;2023-02-09;;oui
SIT-02576;CLI-02057;Siège CERGY;Siège;66 boulevard Victor Hugo;95000;CERGY;95127;Île-de-France;49.0063;2.0617;1004;2018-09-21;2022-08-08;non
SIT-02577;CLI-02057;Agence Poitiers;Agence;8 route de Bordeaux;86000;Poitiers;86194;Nouvelle-Aquitaine;46.6298;0.3183;654;2024-03-07;;oui
SIT-02578;CLI-02057;Entrepôt Troyes;Entrepôt;100 rue Pasteur;10000;Troyes;10387;Grand Est;48.3388;4.0748;1247;2024-07-11;;oui
SIT-02579;CLI-02058;Siège Salon-de-Provence;Siège;20 impasse des Lilas;13300;Salon-de-Provence;13103;Provence-Alpes-Côte d’Azur;43.6082;5.0577;393;2017-05-31;;oui
SIT-02580;CLI-02059;Siège Versailles;Siège;123 chemin des Vignes;78000;Versailles;78646;Île-de-France;48.8366;2.114;275;2025-05-04;2026-12-14;non
SIT-02581;CLI-02061;Siège Marseille;Siège;122 impasse des Lilas;13001;Marseille;13055;Provence-Alpes-Côte d’Azur;43.2738;5.4174;415;2020-12-09;;oui
SIT-02582;CLI-02061;Usine Saint-Quentin;Usine;118 impasse des Lilas;02100;Saint-Quentin;02691;Hauts-de-France;49.8644;3.2725;2154;2023-02-01;;oui
SIT-02583;CLI-02061;Usine Argenteuil;Usine;126 rue du Commerce;95100;Argenteuil;95018;Île-de-France;48.9414;2.2865;1205;2018-11-12;;oui
SIT-02584;CLI-02063;Siège Troyes;Siège;29 avenue Jean Jaurès;10000;Troyes;10387;Grand Est;48.3258;4.0611;1298;2023-03-14;;oui
SIT-02585;CLI-02063;Agence Perpignan;Agence;122 chemin des Vignes;66000;Perpignan;66136;Occitanie;42.6504;2.9273;663;2018-07-20;;oui
SIT-02586;CLI-02063;Entrepôt Charleville-Mézières;Entrepôt;109 avenue de la Gare;08000;Charleville-Mézières;08105;Grand Est;49.7212;4.7253;1730;2016-07-14;;oui
SIT-02587;CLI-02063;Agence Marseille;Agence;140 rue des Acacias;13001;Marseille;13055;Provence-Alpes-Côte d’Azur;43.2869;5.3934;40;2023-02-07;;oui
SIT-02588;CLI-02064;Siège Argenteuil;Siège;17 rue de l’Industrie;95100;Argenteuil;95018;Île-de-France;48.9245;2.2789;1042;2026-02-22;;oui
SIT-02589;CLI-02064;Point de vente Meaux;Point de vente;143 rue des Acacias;77100;Meaux;77284;Île-de-France;48.9662;2.9069;1290;2018-12-28;;oui
SIT-02590;CLI-02064;Agence Nice;Agence;18 rue de l’Industrie;06000;Nice;06088;Provence-Alpes-Côte d’Azur;43.7509;7.2255;40;2025-05-07;;oui
SIT-02591;CLI-02066;Siège Carcassonne;Siège;174 rue des Acacias;11000;Carcassonne;11069;Occitanie;43.1723;2.3747;623;2021-05-31;;oui
SIT-02592;CLI-02067;Siège tours;Siège;100 quai des Docks;37000;tours;37261;Centre-Val de Loire;47.3917;0.6578;81;2023-03-17;;oui
SIT-02593;CLI-02067;Usine Châteauroux;Usine;49 place du Marché;36000;Châteauroux;36044;Centre-Val de Loire;46.8341;1.6495;1267;2017-01-19;;oui
SIT-02594;CLI-02068;Siège Paris;Siège;87 place du Marché;75001;Paris;75056;Île-de-France;48.853;2.3196;40;2020-06-13;;oui
SIT-02595;CLI-02068;Usine Salon-de-Provence;Usine;172 avenue du Général Leclerc;13300;Salon-de-Provence;13103;Provence-Alpes-Côte d’Azur;43.6642;5.0909;866;2025-03-01;;oui
SIT-02596;CLI-02069;Siège ISSY-LES-MOULINEAUX;Siège;90 rue de l’Industrie;92130;ISSY-LES-MOULINEAUX;92040;Île-de-France;48.848;2.2924;940;2023-03-16;;oui
SIT-02597;CLI-02069;Agence Carcassonne;Agence;20 rue des Acacias;11000;Carcassonne;11069;Occitanie;;;443;2021-10-09;;oui
SIT-02598;CLI-02070;Siège Paris;Siège;113 rue des Acacias;75001;Paris;75056;Île-de-France;48.8277;2.3183;754;2019-10-25;;oui
SIT-02599;CLI-02070;Entrepôt Bastia;Entrepôt;56 boulevard Victor Hugo;20200;Bastia;2B033;Corse;42.7469;9.4019;499;2019-07-26;;oui
SIT-02600;CLI-02070;Agence Gap;Agence;13 rue des Acacias;05000;Gap;05061;Provence-Alpes-Côte d’Azur;44.5835;6.0621;1134;2024-12-23;;oui
SIT-02601;CLI-02072;Siège Toulon;Siège;8 rue de la République;83000;Toulon;83137;Provence-Alpes-Côte d’Azur;43.1654;5.9383;1166;2024-01-29;;oui
SIT-02602;CLI-02073;Siège Vannes;Siège;1 rue Pasteur;56000;Vannes;56260;Bretagne;47.6712;-2.749;1842;2017-06-27;;oui
SIT-02603;CLI-02073;Agence Créteil;Agence;40 rue du Commerce;94000;Créteil;94028;Île-de-France;48.7826;2.4877;1566;2021-07-27;2024-02-09;non
SIT-02604;CLI-02073;Point de vente Nanterre;Point de vente;1 avenue Jean Jaurès;92000;Nanterre;92050;Île-de-France;48.8934;2.2044;715;2019-06-14;;oui
SIT-02605;CLI-02074;Siège Saint-Quentin;Siège;154 chemin des Vignes;02100;Saint-Quentin;02691;Hauts-de-France;49.8703;3.2779;2053;2019-04-26;;oui
SIT-02606;CLI-02074;Entrepôt Gap;Entrepôt;177 rue de la République;05000;Gap;05061;Provence-Alpes-Côte d’Azur;44.5329;6.0391;40;2019-02-16;2022-07-30;non
SIT-02607;CLI-02074;Usine Amiens;Usine;168 quai des Docks;80000;Amiens;80021;Hauts-de-France;49.87;2.2988;2603;2021-10-12;;oui
SIT-02608;CLI-02078;Siège Rodez;Siège;170 avenue de la Gare;12000;Rodez;12202;Occitanie;44.3746;2.5958;1530;2016-05-16;;oui
SIT-02609;CLI-02079;Siège Bourg-en-Bresse;Siège;55 place du Marché;01000;Bourg-en-Bresse;01053;Auvergne-Rhône-Alpes;46.2248;5.2651;859;2018-03-11;2021-05-28;non
SIT-02610;CLI-02079;Usine Clermont-Ferrand;Usine;15 impasse des Lilas;63000;Clermont-Ferrand;63113;Auvergne-Rhône-Alpes;45.798;3.1168;769;2016-05-06;;oui
SIT-02611;CLI-02081;Siège Brest;Siège;125 allée des Peupliers;29200;Brest;29019;Bretagne;48.409;-4.4847;1414;2017-09-10;;oui
SIT-02612;CLI-02082;Siège Issy-les-Moulineaux;Siège;82 allée des Peupliers;92130;Issy-les-Moulineaux;92040;Île-de-France;48.8232;2.2737;1588;2018-10-26;;oui
SIT-02613;CLI-02082;Agence Rennes;Agence;61 chemin des Vignes;35000;Rennes;35238;Bretagne;48.1454;-1.6535;1817;2024-07-04;;oui
SIT-02614;CLI-02083;Siège Niort;Siège;84 avenue du Général Leclerc;79000;Niort;79191;Nouvelle-Aquitaine;46.3524;-0.4141;924;2016-11-16;;oui
SIT-02615;CLI-02084;Siège Agen;Siège;176 route de Bordeaux;47000;Agen;47001;Nouvelle-Aquitaine;44.25;0.6092;516;2021-01-02;;oui
SIT-02616;CLI-02085;Siège Limoges;Siège;110 rue de l’Industrie;87000;Limoges;87085;Nouvelle-Aquitaine;45.8066;1.2575;1747;2021-02-22;;oui
SIT-02617;CLI-02085;Point de vente Rouen;Point de vente;51 chemin des Vignes;76000;Rouen;76540;Normandie;49.4192;1.0915;1981;2016-05-05;;oui
SIT-02618;CLI-02086;Siège Ajaccio;Siège;163 avenue Jean Jaurès;20000;Ajaccio;2A004;Corse;41.9049;8.727;486;2018-05-03;;oui
SIT-02619;CLI-02086;Agence Troyes;Agence;25 boulevard Victor Hugo;10000;Troyes;10387;Grand Est;48.255;4.0648;2088;2023-11-15;;oui
SIT-02620;CLI-02086;Usine Bayonne;Usine;140 allée des Peupliers;64100;Bayonne;64102;Nouvelle-Aquitaine;43.4434;-1.4566;1576;2019-12-16;;oui
SIT-02621;CLI-02086;Usine Grenoble;Usine;30 route de Bordeaux;38000;Grenoble;38185;Auvergne-Rhône-Alpes;45.2214;5.7381;912;2023-04-22;;oui
SIT-02622;CLI-02087;Siège Orléans;Siège;58 quai des Docks;45000;Orléans;45234;Centre-Val de Loire;47.8646;1.9418;1083;2022-10-21;;oui
SIT-02623;CLI-02088;Siège Metz;Siège;99 rue du Commerce;57000;Metz;57463;Grand Est;49.1328;6.228;1029;2025-03-04;;oui
SIT-02624;CLI-02089;Siège Saint-Nazaire;Siège;143 rue du Commerce;44600;Saint-Nazaire;44184;Pays de la Loire;47.2764;-2.2342;1126;2017-11-09;;oui
SIT-02625;CLI-02090;Siège BOURGES;Siège;69 avenue du Général Leclerc;18000;BOURGES;18033;Centre-Val de Loire;47.1235;2.4425;146;2023-03-04;;oui
SIT-02626;CLI-02091;Siège Cergy;Siège;1 avenue du Général Leclerc;95000;Cergy;95127;Île-de-France;49.0377;2.0686;202;2024-05-17;;oui
SIT-02627;CLI-02094;Siège Lille;Siège;76 avenue de la Gare;59000;Lille;59350;Hauts-de-France;50.6107;3.03;566;2022-02-19;;oui
SIT-02628;CLI-02094;Entrepôt Cherbourg-en-Cotentin;Entrepôt;65 impasse des Lilas;50100;Cherbourg-en-Cotentin;50129;Normandie;49.6802;-1.5921;1411;2018-11-30;;oui
SIT-02629;CLI-02096;Siège Rennes;Siège;123 rue des Acacias;35000;Rennes;35238;Bretagne;48.108;-1.7263;1137;2025-12-14;2029-05-26;non
SIT-02630;CLI-02097;Siège Brest;Siège;148 avenue de la Gare;29200;Brest;29019;Bretagne;48.412;-4.4415;480;2022-11-22;;oui
SIT-02631;CLI-02099;Siège Nantes;Siège;140 rue du Commerce;44000;Nantes;44109;Pays de la Loire;47.2188;-1.5679;40;2025-03-16;;oui
SIT-02632;CLI-02100;Siège Salon-de-Provence;Siège;171 rue des Acacias;13300;Salon-de-Provence;13103;Provence-Alpes-Côte d’Azur;43.5966;5.126;2863;2025-10-28;;oui
SIT-02633;CLI-02100;Agence Dijon;Agence;66 avenue Jean Jaurès;21000;Dijon;21231;Bourgogne-Franche-Comté;47.3566;5.0563;1003;2021-06-29;;oui
SIT-02634;CLI-02100;Entrepôt Cergy;Entrepôt;33 rue de la République;95000;Cergy;95127;Île-de-France;49.0629;2.0118;1952;2023-09-25;;oui
SIT-02635;CLI-02100;Usine Marseille;Usine;53 rue des Acacias;13001;Marseille;13055;Provence-Alpes-Côte d’Azur;43.2509;5.3696;1051;2025-11-13;;oui
SIT-02636;CLI-02101;Siège Annecy;Siège;118 route de Bordeaux;74000;Annecy;74010;Auvergne-Rhône-Alpes;45.8946;6.1414;1185;2022-09-01;;oui
SIT-02637;CLI-02101;Agence Toulouse;Agence;70 allée des Peupliers;31000;Toulouse;31555;Occitanie;43.6391;1.4305;573;2023-09-10;;oui
SIT-02638;CLI-02102;Siège Nîmes;Siège;48 rue de l’Industrie;30000;Nîmes;30189;Occitanie;43.8028;4.3139;1203;2016-10-14;;oui
SIT-02639;CLI-02103;Siège Avignon;Siège;150 quai des Docks;84000;Avignon;84007;Provence-Alpes-Côte d’Azur;43.9847;4.7946;2566;2016-05-09;;oui
SIT-02640;CLI-02104;Siège La Roche-sur-Yon;Siège;65 route de Bordeaux;85000;La Roche-sur-Yon;85191;Pays de la Loire;46.6589;-1.4042;442;2023-01-22;;oui
SIT-02641;CLI-02105;Siège Chambéry;Siège;81 avenue du Général Leclerc;73000;Chambéry;73065;Auvergne-Rhône-Alpes;45.5868;5.9247;40;2022-06-12;;oui
SIT-02642;CLI-02106;Siège Béziers;Siège;127 avenue de la Gare;34500;Béziers;34032;Occitanie;43.3773;3.2312;2301;2022-05-29;;oui
SIT-02643;CLI-02106;Agence Auxerre;Agence;97 rue de l’Industrie;89000;Auxerre;89024;Bourgogne-Franche-Comté;47.7577;3.5957;2385;2017-07-30;;oui
SIT-02644;CLI-02107;Siège Versailles;Siège;21 rue Pasteur;78000;Versailles;78646;Île-de-France;48.8162;2.152;1615;2019-07-06;;oui
SIT-02645;CLI-02109;Siège Besançon;Siège;22 rue de l’Industrie;25000;Besançon;25056;Bourgogne-Franche-Comté;47.2729;6.0092;40;2017-05-07;;oui
SIT-02646;CLI-02109;Agence Calais;Agence;77 avenue de la Gare;62100;Calais;62193;Hauts-de-France;50.9147;1.8317;40;2017-02-26;;oui
SIT-02647;CLI-02109;Usine Rodez;Usine;106 rue Pasteur;12000;Rodez;12202;Occitanie;44.3976;2.5973;1958;2016-12-10;;oui
SIT-02648;CLI-02109;Usine Boulogne-Billancourt;Usine;92 quai des Docks;92100;Boulogne-Billancourt;92012;Île-de-France;48.8008;2.2601;1507;2023-01-09;2028-03-03;non
SIT-02649;CLI-02110;Siège Chalon-sur-Saône;Siège;120 route de Bordeaux;71100;Chalon-sur-Saône;71076;Bourgogne-Franche-Comté;46.7339;4.8393;1650;2023-10-02;;oui
SIT-02650;CLI-02111;Siège Saint-Quentin;Siège;154 rue Pasteur;02100;Saint-Quentin;02691;Hauts-de-France;49.8849;3.2937;824;2022-07-05;;oui
SIT-02651;CLI-02112;Siège Laval;Siège;165 rue Pasteur;53000;Laval;53130;Pays de la Loire;48.1087;-0.7243;1743;2021-04-04;;oui
SIT-02652;CLI-02112;Agence Montreuil;Agence;159 place du Marché;93100;Montreuil;93048;Île-de-France;48.8871;2.4421;2405;2021-11-05;;oui
SIT-02653;CLI-02112;Agence Chalon-sur-Saône;Agence;173 rue du Commerce;71100;Chalon-sur-Saône;71076;Bourgogne-Franche-Comté;46.7867;4.866;2041;2023-05-14;;oui
SIT-02654;CLI-02112;Point de vente Nice;Point de vente;72 avenue Jean Jaurès;06000;Nice;06088;Provence-Alpes-Côte d’Azur;43.6747;7.2862;46;2019-03-24;;oui
SIT-02655;CLI-02115;Siège Cergy;Siège;17 rue des Acacias;95000;Cergy;95127;Île-de-France;49.0068;2.098;40;2025-12-30;;oui
SIT-02656;CLI-02115;Entrepôt Le Mans;Entrepôt;115 avenue Jean Jaurès;72000;Le Mans;72181;Pays de la Loire;48.0424;0.1834;1822;2020-11-06;;oui
SIT-02657;CLI-02115;Entrepôt Lyon;Entrepôt;174 avenue du Général Leclerc;69001;Lyon;69123;Auvergne-Rhône-Alpes;45.8039;4.8262;865;2023-07-24;;oui
SIT-02658;CLI-02115;Entrepôt Mulhouse;Entrepôt;175 avenue Jean Jaurès;68100;Mulhouse;68224;Grand Est;47.7976;7.3555;1309;2024-11-02;;oui
SIT-02659;CLI-02116;Siège Versailles;Siège;41 rue des Acacias;78000;Versailles;78646;Île-de-France;48.7532;2.1646;3177;2018-03-19;2020-09-08;non
SIT-02660;CLI-02118;Siège Valence;Siège;18 rue de la République;26000;Valence;26362;Auvergne-Rhône-Alpes;44.9651;4.876;40;2022-04-06;2024-03-11;non
SIT-02661;CLI-02120;Siège Antibes;Siège;123 route de Bordeaux;06600;Antibes;06004;Provence-Alpes-Côte d’Azur;43.6214;7.1378;40;2021-01-17;;oui
SIT-02662;CLI-02120;Entrepôt Grenoble;Entrepôt;94 rue Pasteur;38000;Grenoble;38185;Auvergne-Rhône-Alpes;45.2152;5.7193;1753;2025-04-26;;oui
SIT-02663;CLI-02120;Point de vente Dijon;Point de vente;170 avenue Jean Jaurès;21000;Dijon;21231;Bourgogne-Franche-Comté;47.2983;5.0278;1822;2017-06-27;;oui
SIT-02664;CLI-02120;Agence Auxerre;Agence;45 impasse des Lilas;89000;Auxerre;89024;Bourgogne-Franche-Comté;47.7711;3.5284;160;2024-03-08;;oui
SIT-02665;CLI-02122;Siège Calais;Siège;117 quai des Docks;62100;Calais;62193;Hauts-de-France;50.903;1.8642;1100;2023-12-24;;oui
SIT-02666;CLI-02122;Agence Mérignac;Agence;16 route de Bordeaux;33700;Mérignac;33281;Nouvelle-Aquitaine;44.8606;-0.6826;1486;2016-09-16;;oui
SIT-02667;CLI-02123;Siège Nantes;Siège;88 place du Marché;44000;Nantes;44109;Pays de la Loire;47.2483;-1.5885;1472;2023-11-17;;oui
SIT-02668;CLI-02124;Siège Annecy;Siège;55 rue de l’Industrie;74000;Annecy;74010;Auvergne-Rhône-Alpes;45.8584;6.1479;297;2025-02-05;;oui
SIT-02669;CLI-02125;Siège Salon-de-Provence;Siège;157 rue du Commerce;13300;Salon-de-Provence;13103;Provence-Alpes-Côte d’Azur;43.6719;5.107;195;2022-02-08;;oui
SIT-02670;CLI-02125;Agence Nanterre;Agence;25 quai des Docks;92000;Nanterre;92050;Île-de-France;48.8433;2.2134;40;2020-11-01;;oui
SIT-02671;CLI-02127;Siège Angers;Siège;131 avenue Jean Jaurès;49000;Angers;49007;Pays de la Loire;47.4983;-0.5093;1802;2017-05-11;;oui
SIT-02672;CLI-02128;Siège Calais;Siège;112 avenue Jean Jaurès;62100;Calais;62193;Hauts-de-France;50.9334;1.8654;40;2025-11-27;;oui
SIT-02673;CLI-02129;Siège Besançon;Siège;20 rue de l’Industrie;25000;Besançon;25056;Bourgogne-Franche-Comté;47.2578;6.0001;1503;2025-08-11;;oui
SIT-02674;CLI-02129;Usine Cherbourg-en-Cotentin;Usine;135 allée des Peupliers;50100;Cherbourg-en-Cotentin;50129;Normandie;49.6746;-1.6364;403;2022-08-29;;oui
SIT-02675;CLI-02129;Agence Nice;Agence;36 rue Pasteur;06000;Nice;06088;Provence-Alpes-Côte d’Azur;43.7598;7.2363;421;2016-10-13;;oui
SIT-02676;CLI-02130;Siège Chalon-sur-Saône;Siège;41 rue de la République;71100;Chalon-sur-Saône;71076;Bourgogne-Franche-Comté;46.7764;4.8804;830;2026-02-23;;oui
SIT-02677;CLI-02130;Agence Vannes;Agence;19 rue de l’Industrie;56000;Vannes;56260;Bretagne;47.6405;-2.7487;978;2016-05-18;;oui
SIT-02678;CLI-02130;Point de vente Agen;Point de vente;110 quai des Docks;47000;Agen;47001;Nouvelle-Aquitaine;44.1895;0.6551;40;2019-03-07;;oui
SIT-02679;CLI-02131;Siège Valence;Siège;3 allée des Peupliers;26000;Valence;26362;Auvergne-Rhône-Alpes;44.9532;4.8957;546;2020-02-14;;oui
SIT-02680;CLI-02131;Point de vente Saint-Quentin;Point de vente;59 allée des Peupliers;02100;Saint-Quentin;02691;Hauts-de-France;49.8253;3.25;441;2023-08-23;;oui
SIT-02681;CLI-02134;Siège Cherbourg-en-Cotentin;Siège;130 avenue Jean Jaurès;50100;Cherbourg-en-Cotentin;50129;Normandie;49.6023;-1.5971;257;2022-04-25;;oui
SIT-02682;CLI-02134;Entrepôt Aix-en-Provence;Entrepôt;79 rue du Commerce;13100;Aix-en-Provence;13001;Provence-Alpes-Côte d’Azur;43.4808;5.4273;417;2022-02-15;;oui
SIT-02683;CLI-02134;Point de vente Gap;Point de vente;164 rue du Commerce;05000;Gap;05061;Provence-Alpes-Côte d’Azur;44.5873;6.0876;432;2019-10-08;;oui
SIT-02684;CLI-02134;Usine Montpellier;Usine;5 rue de l’Industrie;34000;Montpellier;34172;Occitanie;43.637;3.8642;455;2016-08-11;;oui
SIT-02685;CLI-02135;Siège Valence;Siège;71 avenue du Général Leclerc;26000;Valence;26362;Auvergne-Rhône-Alpes;44.8891;4.8617;628;2023-10-13;;oui
SIT-02686;CLI-02136;Siège Laval;Siège;66 route de Bordeaux;53000;Laval;53130;Pays de la Loire;48.0711;-0.7875;1428;2021-09-17;;oui
SIT-02687;CLI-02138;Siège Rodez;Siège;134 impasse des Lilas;12000;Rodez;12202;Occitanie;44.3339;2.5454;1452;2025-01-22;;oui
SIT-02688;CLI-02138;Entrepôt Carcassonne;Entrepôt;53 avenue Jean Jaurès;11000;Carcassonne;11069;Occitanie;43.1906;2.3093;1769;2023-12-26;;oui
SIT-02689;CLI-02139;Siège Auxerre;Siège;123 avenue du Général Leclerc;89000;Auxerre;89024;Bourgogne-Franche-Comté;47.8188;3.571;1645;2019-10-21;;oui
SIT-02690;CLI-02139;Entrepôt Roanne;Entrepôt;93 allée des Peupliers;42300;Roanne;42187;Auvergne-Rhône-Alpes;46.0615;4.0356;1603;2025-12-03;;oui
SIT-02691;CLI-02139;Entrepôt Bastia;Entrepôt;34 allée des Peupliers;20200;Bastia;2B033;Corse;42.688;9.491;534;2025-06-02;;oui
SIT-02692;CLI-02139;Point de vente Tarbes;Point de vente;95 avenue du Général Leclerc;65000;Tarbes;65440;Occitanie;43.268;0.0412;829;2019-01-24;;oui
SIT-02693;CLI-02140;Siège Tours;Siège;92 quai des Docks;37000;Tours;37261;Centre-Val de Loire;47.4019;0.6581;1711;2019-01-16;2022-08-22;non
SIT-02694;CLI-02140;Entrepôt Cannes;Entrepôt;44 rue de la République;06400;Cannes;06029;Provence-Alpes-Côte d’Azur;43.5629;6.999;1256;2024-10-22;;oui
SIT-02695;CLI-02143;Siège Chalon-sur-Saône;Siège;12 place du Marché;71100;Chalon-sur-Saône;71076;Bourgogne-Franche-Comté;46.7833;4.856;1304;2025-01-31;;oui
SIT-02696;CLI-02143;Usine Nîmes;Usine;177 allée des Peupliers;30000;Nîmes;30189;Occitanie;43.8179;4.3348;1415;2020-10-04;;oui
SIT-02697;CLI-02143;Entrepôt Caen;Entrepôt;95 rue de la République;14000;Caen;14118;Normandie;49.2135;-0.3487;1836;2023-05-21;;oui
SIT-02698;CLI-02143;Entrepôt Toulouse;Entrepôt;67 rue des Acacias;31000;Toulouse;31555;Occitanie;43.6397;1.4665;1576;2026-05-13;;oui
SIT-02699;CLI-02144;Siège Pau;Siège;24 quai des Docks;64000;Pau;64445;Nouvelle-Aquitaine;43.3096;-0.3225;40;2026-02-23;;oui
SIT-02700;CLI-02145;Siège Carcassonne;Siège;152 boulevard Victor Hugo;11000;Carcassonne;11069;Occitanie;43.2386;2.3144;40;2021-02-02;2024-10-05;non
SIT-02701;CLI-02146;Siège Troyes;Siège;75 rue de la République;10000;Troyes;10387;Grand Est;48.2972;4.0773;163;2022-08-29;;oui
SIT-02702;CLI-02146;Agence Saint-Malo;Agence;2 impasse des Lilas;35400;Saint-Malo;35288;Bretagne;48.6642;-2.0241;456;2023-06-22;;oui
SIT-02703;CLI-02147;Siège Lyon;Siège;77 place du Marché;69001;Lyon;69123;Auvergne-Rhône-Alpes;45.8027;4.8042;455;2021-08-18;;oui
SIT-02704;CLI-02148;Siège Lyon;Siège;60 boulevard Victor Hugo;69001;Lyon;69123;Auvergne-Rhône-Alpes;45.7552;4.8191;1784;2026-05-24;;oui
SIT-02705;CLI-02149;Siège Nanterre;Siège;105 place du Marché;92000;Nanterre;92050;Île-de-France;48.8525;2.1811;329;2025-05-16;;oui
SIT-02706;CLI-02151;Siège Avignon;Siège;45 route de Bordeaux;84000;Avignon;84007;Provence-Alpes-Côte d’Azur;43.9924;4.8338;40;2024-06-30;;oui
SIT-02707;CLI-02152;Siège Orléans;Siège;83 impasse des Lilas;45000;Orléans;45234;Centre-Val de Loire;47.8793;1.8509;112;2021-12-23;;oui
SIT-02708;CLI-02153;Siège Châteauroux;Siège;154 rue des Acacias;36000;Châteauroux;36044;Centre-Val de Loire;46.8423;1.6529;1256;2022-02-14;;oui
SIT-02709;CLI-02153;Point de vente Troyes;Point de vente;176 place du Marché;10000;Troyes;10387;Grand Est;48.2893;4.0988;40;2024-01-09;;oui
SIT-02710;CLI-02153;Point de vente Villeurbanne;Point de vente;160 chemin des Vignes;69100;Villeurbanne;69266;Auvergne-Rhône-Alpes;45.7716;4.867;817;2016-08-30;;oui
SIT-02711;CLI-02154;Siège Antibes;Siège;13 quai des Docks;06600;Antibes;06004;Provence-Alpes-Côte d’Azur;43.5565;7.1022;40;2020-06-06;;oui
SIT-02712;CLI-02154;Entrepôt Chalon-sur-Saône;Entrepôt;109 quai des Docks;71100;Chalon-sur-Saône;71076;Bourgogne-Franche-Comté;46.7491;4.8733;1640;2021-07-17;;oui
SIT-02713;CLI-02157;Siège Calais;Siège;82 chemin des Vignes;62100;Calais;62193;Hauts-de-France;50.9537;1.8876;40;2026-05-12;;oui
SIT-02714;CLI-02157;Entrepôt Créteil;Entrepôt;134 chemin des Vignes;94000;Créteil;94028;Île-de-France;48.812;2.4895;1646;2019-08-31;2022-11-06;non
SIT-02715;CLI-02157;Agence Ajaccio;Agence;64 impasse des Lilas;20000;Ajaccio;2A004;Corse;41.9099;8.7635;1957;2023-04-02;;oui
SIT-02716;CLI-02157;Point de vente Calais;Point de vente;13 place du Marché;62100;Calais;62193;Hauts-de-France;50.9315;1.8642;40;2019-08-01;;oui
SIT-02717;CLI-02158;Siège Évreux;Siège;48 rue de la République;27000;Évreux;27229;Normandie;48.9932;1.1842;691;2022-12-15;2025-07-03;non
SIT-02718;CLI-02158;Agence Strasbourg;Agence;9 boulevard Victor Hugo;67000;Strasbourg;67482;Grand Est;48.6097;7.7177;1417;2023-03-01;;oui
SIT-02719;CLI-02158;Point de vente Cherbourg-en-Cotentin;Point de vente;42 rue des Acacias;50100;Cherbourg-en-Cotentin;50129;Normandie;49.6439;-1.605;898;2022-05-11;;oui
SIT-02720;CLI-02159;Siège La Roche-sur-Yon;Siège;119 rue du Commerce;85000;La Roche-sur-Yon;85191;Pays de la Loire;46.6466;-1.4462;1038;2019-12-04;2023-07-23;non
SIT-02721;CLI-02159;Agence Sète;Agence;86 rue des Acacias;34200;Sète;34301;Occitanie;43.3585;3.6549;1255;2022-08-23;;oui
SIT-02722;CLI-02161;Siège Nice;Siège;136 rue de l’Industrie;06000;Nice;06088;Provence-Alpes-Côte d’Azur;43.6821;7.2949;1859;2021-11-14;2026-11-05;non
SIT-02723;CLI-02162;Siège Cergy;Siège;101 rue des Acacias;95000;Cergy;95127;Île-de-France;48.9999;2.021;357;2023-02-28;;oui
SIT-02724;CLI-02163;Siège Calais;Siège;161 rue des Acacias;62100;Calais;62193;Hauts-de-France;50.9901;1.8199;900;2023-11-12;;oui
SIT-02725;CLI-02163;Point de vente Amiens;Point de vente;125 quai des Docks;80000;Amiens;80021;Hauts-de-France;49.8974;2.348;40;2016-10-12;;oui
SIT-02726;CLI-02163;Entrepôt Évry-Courcouronnes;Entrepôt;137 rue du Commerce;91000;Évry-Courcouronnes;91228;Île-de-France;48.6534;2.3944;167;2020-01-14;2023-02-08;non
SIT-02727;CLI-02163;Usine Paris;Usine;86 quai des Docks;75001;Paris;75056;Île-de-France;48.8195;2.3815;40;2026-05-25;;oui
SIT-02728;CLI-02166;Siège Chambéry;Siège;162 route de Bordeaux;73000;Chambéry;73065;Auvergne-Rhône-Alpes;45.5793;5.8787;788;2020-03-10;;oui
SIT-02729;CLI-02166;Usine Bayonne;Usine;51 boulevard Victor Hugo;64100;Bayonne;64102;Nouvelle-Aquitaine;43.5331;-1.5059;589;2017-08-09;;oui
SIT-02730;CLI-02167;Siège Le Havre;Siège;125 avenue du Général Leclerc;76600;Le Havre;76351;Normandie;49.5136;0.0901;864;2025-02-21;;oui
SIT-02731;CLI-02167;Usine Cannes;Usine;41 quai des Docks;06400;Cannes;06029;Provence-Alpes-Côte d’Azur;43.5436;7.066;40;2018-10-15;2021-01-13;non
SIT-02732;CLI-02167;Agence Salon-de-Provence;Agence;74 impasse des Lilas;13300;Salon-de-Provence;13103;Provence-Alpes-Côte d’Azur;43.6213;5.112;801;2025-08-03;;oui
SIT-02733;CLI-02167;Point de vente Orléans;Point de vente;180 quai des Docks;45000;Orléans;45234;Centre-Val de Loire;47.8761;1.8571;1280;2017-07-25;;oui
SIT-02734;CLI-02168;Siège Bourges;Siège;126 rue du Commerce;18000;Bourges;18033;Centre-Val de Loire;47.0479;2.3898;192;2022-11-27;;oui
SIT-02735;CLI-02169;Siège Tours;Siège;1 rue Pasteur;37000;Tours;37261;Centre-Val de Loire;47.363;0.6564;1319;2020-12-20;;oui
SIT-02736;CLI-02169;Agence Brest;Agence;109 rue des Acacias;29200;Brest;29019;Bretagne;48.4061;-4.5286;40;2019-01-30;;oui
SIT-02737;CLI-02170;Siège Chambéry;Siège;135 allée des Peupliers;29200;Chambéry;73065;Auvergne-Rhône-Alpes;45.5296;5.8781;40;2021-01-26;;oui
SIT-02738;CLI-02170;Point de vente Amiens;Point de vente;164 rue des Acacias;80000;Amiens;80021;Hauts-de-France;49.9015;2.2637;55;2020-04-27;;oui
SIT-02739;CLI-02171;Siège Cholet;Siège;69 route de Bordeaux;49300;Cholet;49099;Pays de la Loire;47.0207;-0.8978;1003;2022-07-17;;oui
SIT-02740;CLI-02172;Siège Versailles;Siège;129 boulevard Victor Hugo;78000;Versailles;78646;Île-de-France;48.8084;2.1266;1303;2019-11-25;2018-11-13;non
SIT-02741;CLI-02173;Siège Rodez;Siège;167 avenue Jean Jaurès;12000;Rodez;12202;Occitanie;44.3192;2.5915;40;2025-05-12;;oui
SIT-02742;CLI-02173;Agence Lorient;Agence;108 avenue de la Gare;56100;Lorient;56121;Bretagne;47.7791;-3.3564;1519;2021-12-02;;oui
SIT-02743;CLI-02173;Agence Nevers;Agence;111 rue Pasteur;58000;Nevers;58194;Bourgogne-Franche-Comté;46.9731;3.1735;40;2023-01-19;2026-11-06;non
SIT-02744;CLI-02174;Siège Angoulême;Siège;96 avenue de la Gare;16000;Angoulême;16015;Nouvelle-Aquitaine;45.69;0.1821;620;2020-12-23;;oui
SIT-02745;CLI-02175;Siège Antibes;Siège;91 impasse des Lilas;06600;Antibes;06004;Provence-Alpes-Côte d’Azur;43.6119;7.1511;183;2024-07-16;;oui
SIT-02746;CLI-02176;Siège Lorient;Siège;162 avenue du Général Leclerc;85000;Lorient;56121;Bretagne;47.7159;-3.3229;40;2022-12-10;;oui
SIT-02747;CLI-02176;Usine Bourg-en-Bresse;Usine;10 rue de l’Industrie;01000;Bourg-en-Bresse;01053;Auvergne-Rhône-Alpes;46.2011;5.2244;40;2016-12-22;;oui
SIT-02748;CLI-02177;Siège La Roche-sur-Yon;Siège;3 rue du Commerce;85000;La Roche-sur-Yon;85191;Pays de la Loire;46.7178;-1.3966;1360;2020-09-20;2023-09-25;non
SIT-02749;CLI-02177;Point de vente Angoulême;Point de vente;144 rue des Acacias;16000;Angoulême;16015;Nouvelle-Aquitaine;45.6924;0.1598;511;2023-09-03;;oui
SIT-02750;CLI-02177;Entrepôt Mulhouse;Entrepôt;167 impasse des Lilas;68100;Mulhouse;68224;Grand Est;47.792;7.3101;589;2024-08-14;;oui
SIT-02751;CLI-02178;Siège Calais;Siège;123 place du Marché;62100;Calais;62193;Hauts-de-France;50.9679;1.8563;1894;2023-09-26;;oui
SIT-02752;CLI-02179;Siège La Rochelle;Siège;85 rue Pasteur;17000;La Rochelle;17300;Nouvelle-Aquitaine;46.1609;-1.1908;40;2025-10-15;;oui
SIT-02753;CLI-02180;Siège Issy-les-Moulineaux;Siège;29 allée des Peupliers;92130;Issy-les-Moulineaux;92040;Île-de-France;48.8612;2.2585;1096;2026-04-15;;oui
SIT-02754;CLI-02180;Point de vente Belfort;Point de vente;154 impasse des Lilas;90000;Belfort;90010;Bourgogne-Franche-Comté;47.6134;6.824;1320;2017-08-11;;oui
SIT-02755;CLI-02181;Siège Antibes;Siège;171 chemin des Vignes;06600;Antibes;06004;Provence-Alpes-Côte d’Azur;43.5571;7.154;1016;2020-04-13;;oui
SIT-02756;CLI-02181;Point de vente Chalon-sur-Saône;Point de vente;47 rue des Acacias;71100;Chalon-sur-Saône;71076;Bourgogne-Franche-Comté;46.7311;4.8613;40;2023-05-26;;oui
SIT-02757;CLI-02183;Siège Villeurbanne;Siège;68 boulevard Victor Hugo;69100;Villeurbanne;69266;Auvergne-Rhône-Alpes;45.7662;4.9234;40;2026-01-08;;oui
SIT-02758;CLI-02183;Usine Cergy;Usine;140 route de Bordeaux;95000;Cergy;95127;Île-de-France;49.0449;2.1061;937;2020-05-14;;oui
SIT-02759;CLI-02184;Siège Meaux;Siège;138 rue des Acacias;77100;Meaux;77284;Île-de-France;48.9725;2.8597;1737;2017-06-14;;oui
SIT-02760;CLI-02184;Usine Besançon;Usine;9 rue de la République;25000;Besançon;25056;Bourgogne-Franche-Comté;47.2325;6.0132;606;2025-12-03;2027-10-12;non
SIT-02761;CLI-02185;Siège Versailles;Siège;111 allée des Peupliers;78000;Versailles;78646;Île-de-France;48.7849;2.1535;2042;2022-09-04;;oui
SIT-02762;CLI-02185;Entrepôt Limoges;Entrepôt;91 rue de la République;87000;Limoges;87085;Nouvelle-Aquitaine;45.8767;1.2976;1461;2017-03-20;;oui
SIT-02763;CLI-02185;Entrepôt Angoulême;Entrepôt;96 route de Bordeaux;16000;Angoulême;16015;Nouvelle-Aquitaine;45.6332;0.1975;1808;2021-08-09;;oui
SIT-02764;CLI-02186;Siège Nice;Siège;159 impasse des Lilas;06000;Nice;06088;Provence-Alpes-Côte d’Azur;43.6882;7.2249;957;2019-02-02;;oui
SIT-02765;CLI-02187;Siège Belfort;Siège;22 rue des Acacias;90000;Belfort;90010;Bourgogne-Franche-Comté;47.6338;6.8867;588;2022-10-17;;oui
SIT-02766;CLI-02188;Siège Lyon;Siège;46 boulevard Victor Hugo;69001;Lyon;69123;Auvergne-Rhône-Alpes;45.763;4.8678;1134;2026-05-01;;oui
SIT-02767;CLI-02188;Entrepôt Cergy;Entrepôt;57 avenue de la Gare;95000;Cergy;95127;Île-de-France;49.0156;2.078;1618;2016-09-16;;oui
SIT-02768;CLI-02188;Usine Lille;Usine;157 quai des Docks;59000;Lille;59350;Hauts-de-France;50.6656;3.1057;1994;2021-11-12;;oui
SIT-02769;CLI-02189;Siège Amiens;Siège;170 allée des Peupliers;80000;Amiens;80021;Hauts-de-France;49.9055;2.316;1676;2022-04-18;;oui
SIT-02770;CLI-02189;Usine Limoges;Usine;63 rue de la République;87000;Limoges;87085;Nouvelle-Aquitaine;45.7881;1.2867;713;2022-02-18;2022-11-02;non
SIT-02771;CLI-02189;Entrepôt Meaux;Entrepôt;109 rue de l’Industrie;77100;Meaux;77284;Île-de-France;48.9574;2.8683;890;2016-12-01;;oui
SIT-02772;CLI-02189;Usine Colmar;Usine;90 boulevard Victor Hugo;68000;Colmar;68066;Grand Est;48.0999;7.3286;2324;2019-11-08;;oui
SIT-02773;CLI-02190;Siège Brest;Siège;33 route de Bordeaux;29200;Brest;29019;Bretagne;48.342;-4.523;2002;2022-07-20;2024-05-03;non
SIT-02774;CLI-02190;Agence Bourges;Agence;180 rue de l’Industrie;18000;Bourges;18033;Centre-Val de Loire;47.1232;2.4308;1459;2022-05-04;;oui
SIT-02775;CLI-02191;Siège Rodez;Siège;145 avenue de la Gare;12000;Rodez;12202;Occitanie;44.3254;2.555;305;2024-03-31;;oui
SIT-02776;CLI-02191;Point de vente Bordeaux;Point de vente;73 rue de la République;33000;Bordeaux;33063;Nouvelle-Aquitaine;44.8475;-0.5812;1469;2017-03-13;;oui
SIT-02777;CLI-02195;Siège Narbonne;Siège;156 rue du Commerce;11100;Narbonne;11262;Occitanie;43.1742;3.0208;1399;2023-01-18;;oui
SIT-02778;CLI-02196;Siège Beauvais;Siège;56 chemin des Vignes;60000;Beauvais;60057;Hauts-de-France;49.415;2.0792;484;2016-05-12;;oui
SIT-02779;CLI-02198;Siège Beauvais;Siège;169 chemin des Vignes;60000;Beauvais;60057;Hauts-de-France;49.4572;2.0948;40;2025-02-26;2028-06-19;non
SIT-02780;CLI-02198;Entrepôt Bordeaux;Entrepôt;106 quai des Docks;33000;Bordeaux;33063;Nouvelle-Aquitaine;44.8567;-0.539;745;2021-11-19;;oui
SIT-02781;CLI-02200;Siège NIORT;Siège;90 avenue de la Gare;79000;NIORT;79191;Nouvelle-Aquitaine;46.3441;-0.4941;116;2016-07-17;;oui
SIT-02782;CLI-02200;Entrepôt Le Havre;Entrepôt;47 route de Bordeaux;76600;Le Havre;76351;Normandie;49.4431;0.1245;123;2019-01-18;2021-10-04;non
SIT-02783;CLI-02201;Siège Mulhouse;Siège;151 place du Marché;68100;Mulhouse;68224;Grand Est;47.779;7.3623;1516;2016-09-15;;oui
SIT-02784;CLI-02202;Siège Blois;Siège;30 quai des Docks;41000;Blois;41018;Centre-Val de Loire;47.5931;1.333;1137;2016-09-16;2016-03-15;non
SIT-02785;CLI-02202;Entrepôt Nancy;Entrepôt;100 place du Marché;54000;Nancy;54395;Grand Est;48.6651;6.1665;721;2024-04-30;;oui
SIT-02786;CLI-02203;Siège Saint-Étienne;Siège;149 rue des Acacias;42000;Saint-Étienne;42218;Auvergne-Rhône-Alpes;45.482;4.3714;1520;2018-04-04;;oui
SIT-02787;CLI-02204;Siège Bastia;Siège;8 rue de la République;20200;Bastia;2B033;Corse;42.7057;9.4906;40;2023-03-24;;oui
SIT-02788;CLI-02205;Siège Montpellier;Siège;41 avenue du Général Leclerc;34000;Montpellier;34172;Occitanie;43.6444;3.8421;590;2026-05-23;2029-01-30;non
SIT-02789;CLI-02206;Siège Orléans;Siège;174 boulevard Victor Hugo;45000;Orléans;45234;Centre-Val de Loire;47.8965;1.8551;738;2021-02-28;;oui
SIT-02790;CLI-02206;Usine Cergy;Usine;99 boulevard Victor Hugo;95000;Cergy;95127;Île-de-France;49.0812;2.012;1243;2017-12-22;2020-11-22;non
SIT-02791;CLI-02207;Siège Limoges;Siège;2 rue du Commerce;87000;Limoges;87085;Nouvelle-Aquitaine;45.841;1.2484;1033;2018-02-15;2023-03-25;non
SIT-02792;CLI-02208;Siège AUXERRE;Siège;87 place du Marché;89000;AUXERRE;89024;Bourgogne-Franche-Comté;47.8117;3.5922;987;2018-12-10;;oui
SIT-02793;CLI-02208;Usine Quimper;Usine;72 avenue Jean Jaurès;29000;Quimper;29232;Bretagne;48.0039;-4.1185;721;2016-09-03;;oui
SIT-02794;CLI-02211;Siège Dunkerque;Siège;177 avenue du Général Leclerc;59140;Dunkerque;59183;Hauts-de-France;51.0137;2.4214;1712;2017-05-27;;oui
SIT-02795;CLI-02212;Siège Chalon-sur-Saône;Siège;90 place du Marché;71100;Chalon-sur-Saône;71076;Bourgogne-Franche-Comté;46.7476;4.8817;1247;2024-09-25;;oui
SIT-02796;CLI-02215;Siège Besançon;Siège;167 rue Pasteur;25000;Besançon;25056;Bourgogne-Franche-Comté;47.2041;6.0106;593;2019-09-07;;oui
SIT-02797;CLI-02215;Agence Bourges;Agence;29 boulevard Victor Hugo;18000;Bourges;18033;Centre-Val de Loire;47.0797;2.3855;1977;2023-01-16;;oui
SIT-02798;CLI-02216;Siège Strasbourg;Siège;69 avenue de la Gare;67000;Strasbourg;67482;Grand Est;48.5367;7.7808;477;2026-05-17;;oui
SIT-02799;CLI-02217;Siège Tarbes;Siège;170 impasse des Lilas;65000;Tarbes;65440;Occitanie;43.1851;0.1056;302;2022-01-04;;oui
SIT-02800;CLI-02219;Siège Rennes;Siège;27 allée des Peupliers;35000;Rennes;35238;Bretagne;48.1078;-1.7159;361;2024-03-25;;oui
SIT-02801;CLI-02219;Usine Mulhouse;Usine;167 rue du Commerce;68100;Mulhouse;68224;Grand Est;47.7901;7.3883;224;2018-02-08;;oui
SIT-02802;CLI-02221;Siège Mérignac;Siège;147 boulevard Victor Hugo;33700;Mérignac;33281;Nouvelle-Aquitaine;44.7939;-0.6235;2527;2024-11-11;;oui
SIT-02803;CLI-02222;Siège Toulon;Siège;98 place du Marché;83000;Toulon;83137;Provence-Alpes-Côte d’Azur;43.0712;5.9364;40;2016-09-20;;oui
SIT-02804;CLI-02222;Point de vente Niort;Point de vente;111 rue des Acacias;79000;Niort;79191;Nouvelle-Aquitaine;46.3392;-0.4744;685;2024-09-06;;oui
SIT-02805;CLI-02223;Siège Rouen;Siège;2 chemin des Vignes;76000;Rouen;76540;Normandie;49.4225;1.1431;575;2023-10-17;;oui
SIT-02806;CLI-02225;Siège Le Mans;Siège;91 route de Bordeaux;72000;Le Mans;72181;Pays de la Loire;48.0103;0.2189;455;2020-09-24;;oui
SIT-02807;CLI-02225;Agence Saint-Étienne;Agence;149 rue Pasteur;42000;Saint-Étienne;42218;Auvergne-Rhône-Alpes;45.3972;4.3779;1822;2025-09-18;;oui
SIT-02808;CLI-02225;Usine Nanterre;Usine;140 allée des Peupliers;92000;Nanterre;92050;Île-de-France;48.8568;2.154;836;2019-05-11;;oui
SIT-02809;CLI-02226;Siège Niort;Siège;126 rue des Acacias;79000;Niort;79191;Nouvelle-Aquitaine;46.3211;-0.4523;40;2023-09-17;;oui
SIT-02810;CLI-02227;Siège Nîmes;Siège;110 rue des Acacias;30000;Nîmes;30189;Occitanie;43.8742;4.3898;2797;2017-08-20;;oui
SIT-02811;CLI-02227;Point de vente Lyon;Point de vente;50 rue Pasteur;69001;Lyon;69123;Auvergne-Rhône-Alpes;45.7841;4.8469;844;2023-08-16;;oui
SIT-02812;CLI-02228;Siège Cherbourg-En-Cotentin;Siège;31 place du Marché;50100;Cherbourg-En-Cotentin;50129;Normandie;49.6369;-1.6186;40;2020-05-07;;oui
SIT-02813;CLI-02229;Siège La Roche-sur-Yon;Siège;15 rue Pasteur;85000;La Roche-sur-Yon;85191;Pays de la Loire;46.6256;-1.4472;1840;2024-11-12;;oui
SIT-02814;CLI-02229;Agence Nantes;Agence;110 rue des Acacias;44000;Nantes;44109;Pays de la Loire;47.266;-1.5304;439;2025-05-12;2027-09-05;non
SIT-02815;CLI-02235;Siège Paris;Siège;147 quai des Docks;75001;Paris;75056;Île-de-France;48.8601;2.3665;184;2024-07-07;2026-01-01;non
SIT-02816;CLI-02236;Siège Saint-Denis;Siège;138 quai des Docks;93200;Saint-Denis;93066;Île-de-France;48.9764;2.3814;876;2019-05-29;;oui
SIT-02817;CLI-02236;Entrepôt Nevers;Entrepôt;83 chemin des Vignes;58000;Nevers;58194;Bourgogne-Franche-Comté;47.0363;3.1686;606;2020-12-21;;oui
SIT-02818;CLI-02236;Agence Bayonne;Agence;134 impasse des Lilas;64100;Bayonne;64102;Nouvelle-Aquitaine;43.5231;-1.4555;1999;2020-04-13;;oui
SIT-02819;CLI-02237;Siège Créteil;Siège;29 rue de la République;94000;Créteil;94028;Île-de-France;48.7413;2.415;556;2025-12-19;;oui
SIT-02820;CLI-02238;Siège Toulouse;Siège;162 rue de l’Industrie;31000;Toulouse;31555;Occitanie;43.5873;1.4598;1133;2024-07-06;2026-12-16;non
SIT-02821;CLI-02238;Point de vente Narbonne;Point de vente;116 place du Marché;11100;Narbonne;11262;Occitanie;43.2184;2.9612;501;2025-04-09;;oui
SIT-02822;CLI-02238;Point de vente Colmar;Point de vente;175 avenue du Général Leclerc;68000;Colmar;68066;Grand Est;48.0562;7.3679;790;2025-04-17;;oui
SIT-02823;CLI-02241;Siège Bourg-en-Bresse;Siège;25 avenue du Général Leclerc;01000;Bourg-en-Bresse;01053;Auvergne-Rhône-Alpes;46.1639;5.2707;1328;2026-05-17;2031-06-19;non
SIT-02824;CLI-02241;Usine Mérignac;Usine;18 avenue Jean Jaurès;33700;Mérignac;33281;Nouvelle-Aquitaine;44.8436;-0.6261;40;2025-02-02;;oui
SIT-02825;CLI-02241;Agence Saint-Brieuc;Agence;17 avenue de la Gare;22000;Saint-Brieuc;22278;Bretagne;48.5006;-2.7758;1467;2019-11-16;;oui
SIT-02826;CLI-02242;Siège Limoges;Siège;23 avenue du Général Leclerc;87000;Limoges;87085;Nouvelle-Aquitaine;45.8145;1.2689;260;2021-02-18;;oui
SIT-02827;CLI-02243;Siège Belfort;Siège;87 avenue de la Gare;90000;Belfort;90010;Bourgogne-Franche-Comté;47.6271;6.8438;498;2024-03-13;;oui
SIT-02828;CLI-02245;Siège Béziers;Siège;103 rue de l’Industrie;34500;Béziers;34032;Occitanie;43.3346;3.1845;1437;2020-11-23;;oui
SIT-02829;CLI-02245;Point de vente Meaux;Point de vente;113 avenue du Général Leclerc;77100;Meaux;77284;Île-de-France;48.9637;2.8429;584;2019-03-27;;oui
SIT-02830;CLI-02245;Usine Villeurbanne;Usine;90 boulevard Victor Hugo;69100;Villeurbanne;69266;Auvergne-Rhône-Alpes;45.7547;4.8949;154;2022-11-05;;oui
SIT-02831;CLI-02246;Siège Rouen;Siège;17 boulevard Victor Hugo;76000;Rouen;76540;Normandie;49.4467;1.1063;1064;2020-02-10;;oui
SIT-02832;CLI-02246;Point de vente Nevers;Point de vente;122 rue Pasteur;58000;Nevers;58194;Bourgogne-Franche-Comté;47.0094;3.1397;993;2026-03-08;;oui
SIT-02833;CLI-02247;Siège Avignon;Siège;80 avenue du Général Leclerc;84000;Avignon;84007;Provence-Alpes-Côte d’Azur;43.9349;4.8015;40;2022-05-20;;oui
SIT-02834;CLI-02248;Siège Bourg-en-Bresse;Siège;180 avenue de la Gare;01000;Bourg-en-Bresse;01053;Auvergne-Rhône-Alpes;46.2352;5.2629;1696;2026-04-09;;oui
SIT-02835;CLI-02249;Siège Périgueux;Siège;179 boulevard Victor Hugo;24000;Périgueux;24322;Nouvelle-Aquitaine;45.179;0.68;40;2019-11-12;2022-02-26;non
SIT-02836;CLI-02250;Siège Valence;Siège;101 rue des Acacias;26000;Valence;26362;Auvergne-Rhône-Alpes;44.9759;4.9367;900;2019-02-22;;oui
SIT-02837;CLI-02250;Point de vente Arles;Point de vente;132 place du Marché;13200;Arles;13004;Provence-Alpes-Côte d’Azur;43.7163;4.5953;1107;2018-05-15;;oui
SIT-02838;CLI-02250;Usine Rennes;Usine;127 rue de l’Industrie;35000;Rennes;35238;Bretagne;48.1067;-1.7133;2838;2016-07-05;;oui
SIT-02839;CLI-02251;Siège Saint-Malo;Siège;98 place du Marché;35400;Saint-Malo;35288;Bretagne;48.6303;-1.9933;307;2017-06-02;;oui
SIT-02840;CLI-02251;Point de vente Salon-de-Provence;Point de vente;19 chemin des Vignes;13300;Salon-de-Provence;13103;Provence-Alpes-Côte d’Azur;43.6771;5.1429;2356;2020-05-07;;oui
SIT-02841;CLI-02252;Siège Grasse;Siège;100 chemin des Vignes;06130;Grasse;06069;Provence-Alpes-Côte d’Azur;43.7002;6.9529;712;2025-07-19;;oui
SIT-02842;CLI-02254;Siège Saint-Brieuc;Siège;67 avenue du Général Leclerc;22000;Saint-Brieuc;22278;Bretagne;48.4612;-2.7462;1796;2024-10-06;;oui
SIT-02843;CLI-02254;Usine Gap;Usine;24 chemin des Vignes;05000;Gap;05061;Provence-Alpes-Côte d’Azur;44.5151;6.0743;371;2022-12-03;;oui
SIT-02844;CLI-02254;Point de vente Roanne;Point de vente;113 avenue Jean Jaurès;42300;Roanne;42187;Auvergne-Rhône-Alpes;46.0849;4.05;2007;2019-07-23;;oui
SIT-02845;CLI-02255;Siège Nîmes;Siège;5 rue de l’Industrie;30000;Nîmes;30189;Occitanie;43.8865;4.3273;428;2026-03-01;;oui
SIT-02846;CLI-02255;Agence Montreuil;Agence;14 rue Pasteur;93100;Montreuil;93048;Île-de-France;48.8704;2.4224;816;2024-01-01;;oui
SIT-02847;CLI-02255;Usine Créteil;Usine;126 route de Bordeaux;94000;Créteil;94028;Île-de-France;48.7744;2.4513;2713;2026-03-21;;oui
SIT-02848;CLI-02256;Siège Nîmes;Siège;89 rue de la République;30000;Nîmes;30189;Occitanie;43.8291;4.3281;538;2020-03-23;;oui
SIT-02849;CLI-02258;Siège Orléans;Siège;13 place du Marché;45000;Orléans;45234;Centre-Val de Loire;47.938;1.9386;698;2019-09-21;;oui
SIT-02850;CLI-02258;Agence Perpignan;Agence;63 rue Pasteur;66000;Perpignan;66136;Occitanie;42.7358;2.8503;1160;2019-07-12;;oui
SIT-02851;CLI-02261;Siège Nîmes;Siège;156 avenue Jean Jaurès;30000;Nîmes;30189;Occitanie;43.8015;4.4081;796;2021-01-18;;oui
SIT-02852;CLI-02262;Siège Auxerre;Siège;97 boulevard Victor Hugo;89000;Auxerre;89024;Bourgogne-Franche-Comté;47.7836;3.6177;1075;2018-09-25;;oui
SIT-02853;CLI-02262;Point de vente Évry-Courcouronnes;Point de vente;93 avenue Jean Jaurès;91000;Évry-Courcouronnes;91228;Île-de-France;48.6574;2.4639;717;2016-05-25;;oui
SIT-02854;CLI-02263;Siège Le Mans;Siège;79 route de Bordeaux;72000;Le Mans;72181;Pays de la Loire;47.9642;0.1901;1642;2022-08-19;;oui
SIT-02855;CLI-02263;Point de vente Beauvais;Point de vente;14 rue de l’Industrie;60000;Beauvais;60057;Hauts-de-France;49.4144;2.1067;214;2025-08-17;;oui
SIT-02856;CLI-02264;Siège Salon-de-Provence;Siège;138 rue de l’Industrie;13300;Salon-de-Provence;13103;Provence-Alpes-Côte d’Azur;43.6837;5.1307;1518;2021-01-14;;oui
SIT-02857;CLI-02266;Siège Bordeaux;Siège;34 rue Pasteur;33000;Bordeaux;33063;Nouvelle-Aquitaine;44.8611;-0.551;2877;2021-12-06;;oui
SIT-02858;CLI-02266;Agence Angoulême;Agence;1 rue des Acacias;16000;Angoulême;16015;Nouvelle-Aquitaine;45.6618;0.1646;3142;2025-10-19;;oui
SIT-02859;CLI-02269;Siège Salon-de-Provence;Siège;79 rue de la République;13300;Salon-de-Provence;13103;Provence-Alpes-Côte d’Azur;43.6268;5.0536;2210;2017-02-24;;oui
SIT-02860;CLI-02270;Siège Troyes;Siège;105 boulevard Victor Hugo;10000;Troyes;10387;Grand Est;48.2735;4.0783;973;2025-03-29;;oui
SIT-02861;CLI-02271;Siège Limoges;Siège;108 chemin des Vignes;87000;Limoges;87085;Nouvelle-Aquitaine;45.8105;1.2523;884;2025-08-25;;oui
SIT-02862;CLI-02272;Siège Beauvais;Siège;178 rue des Acacias;60000;Beauvais;60057;Hauts-de-France;49.3845;2.0858;720;2016-12-30;;oui
SIT-02863;CLI-02272;Usine Angers;Usine;21 quai des Docks;49000;Angers;49007;Pays de la Loire;47.4848;-0.5361;181;2023-07-19;2026-06-07;non
SIT-02864;CLI-02272;Agence Albi;Agence;151 avenue du Général Leclerc;81000;Albi;81004;Occitanie;43.9241;2.1019;2341;2023-01-13;;oui
SIT-02865;CLI-02273;Siège Toulouse;Siège;54 route de Bordeaux;31000;Toulouse;31555;Occitanie;43.6075;1.4118;40;2023-06-20;;oui
SIT-02866;CLI-02274;Siège Avignon;Siège;109 boulevard Victor Hugo;84000;Avignon;84007;Provence-Alpes-Côte d’Azur;43.9919;4.8029;287;2016-09-22;;oui
SIT-02867;CLI-02274;Point de vente Évreux;Point de vente;28 allée des Peupliers;27000;Évreux;27229;Normandie;49.0221;1.1577;349;2023-07-20;2027-01-10;non
SIT-02868;CLI-02274;Entrepôt Gap;Entrepôt;142 avenue du Général Leclerc;05000;Gap;05061;Provence-Alpes-Côte d’Azur;44.5138;6.0508;1822;2018-11-20;2023-01-09;non
SIT-02869;CLI-02274;Point de vente Mulhouse;Point de vente;145 avenue Jean Jaurès;68100;Mulhouse;68224;Grand Est;47.7632;7.3574;1333;2020-07-28;;oui
SIT-02870;CLI-02275;Siège Cherbourg-en-Cotentin;Siège;130 rue de la République;50100;Cherbourg-en-Cotentin;50129;Normandie;49.5946;-1.5848;1560;2024-11-27;;oui
SIT-02871;CLI-02277;Siège Saint-Brieuc;Siège;81 chemin des Vignes;22000;Saint-Brieuc;22278;Bretagne;48.473;-2.8166;441;2016-09-05;;oui
SIT-02872;CLI-02277;Agence Lorient;Agence;168 avenue de la Gare;56100;Lorient;56121;Bretagne;47.7257;-3.3876;1403;2017-10-26;;oui
SIT-02873;CLI-02277;Point de vente Nancy;Point de vente;159 quai des Docks;54000;Nancy;54395;Grand Est;48.6473;6.2211;40;2019-08-07;;oui
SIT-02874;CLI-02281;Siège BOURG-EN-BRESSE;Siège;4 rue Pasteur;01000;BOURG-EN-BRESSE;01053;Auvergne-Rhône-Alpes;46.176;5.229;261;2016-07-30;2018-05-26;non
SIT-02875;CLI-02285;Siège Blois;Siège;146 rue de l’Industrie;41000;Blois;41018;Centre-Val de Loire;47.5782;1.3164;1101;2020-11-19;;oui
SIT-02876;CLI-02286;Siège Laval;Siège;94 rue de l’Industrie;53000;Laval;53130;Pays de la Loire;48.0526;-0.7761;40;2016-06-02;2020-10-11;non
SIT-02877;CLI-02287;Siège Montauban;Siège;44 rue de la République;82000;Montauban;82121;Occitanie;44.0554;1.3814;696;2018-09-03;2020-07-21;non
SIT-02878;CLI-02288;Siège Nice;Siège;48 avenue de la Gare;06000;Nice;06088;Provence-Alpes-Côte d’Azur;43.7189;7.2282;441;2024-10-29;;oui
SIT-02879;CLI-02290;Siège Salon-de-Provence;Siège;169 avenue de la Gare;13300;Salon-de-Provence;13103;Provence-Alpes-Côte d’Azur;43.65;5.0927;186;2018-05-25;;oui
SIT-02880;CLI-02290;Agence Saint-Malo;Agence;42 avenue du Général Leclerc;35400;Saint-Malo;35288;Bretagne;48.6925;-2.0766;978;2016-04-16;;oui
SIT-02881;CLI-02290;Agence Béziers;Agence;166 boulevard Victor Hugo;34500;Béziers;34032;Occitanie;43.3194;3.2302;482;2016-06-11;;oui
SIT-02882;CLI-02293;Siège BOURG-EN-BRESSE;Siège;167 avenue du Général Leclerc;01000;BOURG-EN-BRESSE;01053;Auvergne-Rhône-Alpes;46.2359;5.2588;840;2025-08-17;2030-12-25;non
SIT-02883;CLI-02295;Siège mulhouse;Siège;81 rue du Commerce;68100;mulhouse;68224;Grand Est;47.7886;7.3297;1010;2021-07-11;;oui
SIT-02884;CLI-02296;Siège Fréjus;Siège;118 rue de la République;83600;Fréjus;83061;Provence-Alpes-Côte d’Azur;43.448;6.7188;401;2016-06-30;2020-02-20;non
SIT-02885;CLI-02297;Siège Le Havre;Siège;159 avenue de la Gare;76600;Le Havre;76351;Normandie;49.5257;0.1489;2832;2018-12-31;;oui
SIT-02886;CLI-02298;Siège LIMOGES;Siège;87 rue de la République;87000;LIMOGES;87085;Nouvelle-Aquitaine;45.8419;1.2385;1238;2019-02-19;;oui
SIT-02887;CLI-02299;Siège Cannes;Siège;136 rue de la République;06400;Cannes;06029;Provence-Alpes-Côte d’Azur;43.5213;7.0029;70;2022-06-08;;oui
SIT-02888;CLI-02300;Siège Meaux;Siège;89 boulevard Victor Hugo;77100;Meaux;77284;Île-de-France;48.9577;2.8833;588;2021-07-05;;oui
SIT-02889;CLI-02301;Siège Cergy;Siège;140 boulevard Victor Hugo;95000;Cergy;95127;Île-de-France;49.0094;2.0772;3300;2018-04-11;;oui
SIT-02890;CLI-02301;Point de vente Grenoble;Point de vente;147 boulevard Victor Hugo;38000;Grenoble;38185;Auvergne-Rhône-Alpes;45.1844;5.7124;394;2026-01-29;2026-11-04;non
SIT-02891;CLI-02302;Siège Lorient;Siège;143 boulevard Victor Hugo;56100;Lorient;56121;Bretagne;47.7153;-3.3716;2481;2018-12-18;;oui
SIT-02892;CLI-02302;Agence Nanterre;Agence;135 rue de la République;92000;Nanterre;92050;Île-de-France;48.9329;2.2119;382;2023-10-26;;oui
SIT-02893;CLI-02303;Siège Évreux;Siège;38 avenue du Général Leclerc;27000;Évreux;27229;Normandie;49.0089;1.15;40;2023-02-15;;oui
SIT-02894;CLI-02304;Siège Dijon;Siège;94 impasse des Lilas;21000;Dijon;21231;Bourgogne-Franche-Comté;47.3212;5.0346;40;2020-07-13;;oui
SIT-02895;CLI-02305;Siège Créteil;Siège;169 place du Marché;94000;Créteil;94028;Île-de-France;48.767;2.4853;1011;2024-09-26;;oui
SIT-02896;CLI-02305;Point de vente Besançon;Point de vente;10 chemin des Vignes;25000;Besançon;25056;Bourgogne-Franche-Comté;47.2883;6.0618;950;2019-05-31;;oui
SIT-02897;CLI-02306;Siège La Rochelle;Siège;77 route de Bordeaux;17000;La Rochelle;17300;Nouvelle-Aquitaine;46.2091;-1.167;1160;2020-10-23;;oui
SIT-02898;CLI-02306;Agence Roanne;Agence;69 chemin des Vignes;42300;Roanne;42187;Auvergne-Rhône-Alpes;46.0164;4.053;1380;2021-11-02;;oui
SIT-02899;CLI-02307;Siège Nancy;Siège;141 quai des Docks;54000;Nancy;54395;Grand Est;48.6957;6.1477;1315;2017-12-15;;oui
SIT-02900;CLI-02311;Siège Toulouse;Siège;78 rue de la République;31000;Toulouse;31555;Occitanie;43.6305;1.4707;2680;2024-06-21;;oui
SIT-02901;CLI-02311;Usine Périgueux;Usine;179 avenue de la Gare;24000;Périgueux;24322;Nouvelle-Aquitaine;45.1305;0.7515;1598;2021-12-22;;oui
SIT-02902;CLI-02311;Point de vente Dijon;Point de vente;57 rue des Acacias;21000;Dijon;21231;Bourgogne-Franche-Comté;47.3188;5.0132;640;2025-12-16;;oui
SIT-02903;CLI-02312;Siège Belfort;Siège;74 rue du Commerce;90000;Belfort;90010;Bourgogne-Franche-Comté;47.6647;6.8301;1618;2025-03-18;;oui
SIT-02904;CLI-02315;Siège LILLE;Siège;5 quai des Docks;59000;LILLE;59350;Hauts-de-France;50.6408;3.0133;1156;2020-12-10;;oui
SIT-02905;CLI-02315;Agence Sète;Agence;17 place du Marché;34200;Sète;34301;Occitanie;43.3669;3.6829;1472;2017-06-23;;oui
SIT-02906;CLI-02316;Siège Boulogne-Billancourt;Siège;132 impasse des Lilas;92100;Boulogne-Billancourt;92012;Île-de-France;48.8861;2.2677;341;2018-12-31;;oui
SIT-02907;CLI-02317;Siège boulogne-billancourt;Siège;35 allée des Peupliers;92100;boulogne-billancourt;92012;Île-de-France;48.8488;2.2155;155;2023-03-02;;oui
SIT-02908;CLI-02318;Siège Bayonne;Siège;67 avenue de la Gare;64100;Bayonne;64102;Nouvelle-Aquitaine;43.4843;-1.4861;130;2019-01-28;;oui
SIT-02909;CLI-02319;Siège Évry-Courcouronnes;Siège;9 rue du Commerce;91000;Évry-Courcouronnes;91228;Île-de-France;48.6695;2.4264;1481;2025-09-23;;oui
SIT-02910;CLI-02319;Entrepôt Amiens;Entrepôt;100 avenue Jean Jaurès;80000;Amiens;80021;Hauts-de-France;49.8977;2.3479;292;2020-11-05;;oui
SIT-02911;CLI-02322;Siège Limoges;Siège;32 route de Bordeaux;87000;Limoges;87085;Nouvelle-Aquitaine;45.8419;1.2215;584;2023-03-19;;oui
SIT-02912;CLI-02323;Siège Annecy;Siège;15 allée des Peupliers;74000;Annecy;74010;Auvergne-Rhône-Alpes;45.9494;6.1462;612;2020-01-23;;oui
SIT-02913;CLI-02323;Point de vente Marseille;Point de vente;6 place du Marché;13001;Marseille;13055;Provence-Alpes-Côte d’Azur;43.301;5.3387;1924;2024-12-19;;oui
SIT-02914;CLI-02328;Siège Toulouse;Siège;2 rue de la République;31000;Toulouse;31555;Occitanie;43.6141;1.4589;1428;2025-05-18;;oui
SIT-02915;CLI-02329;Siège Metz;Siège;89 avenue du Général Leclerc;57000;Metz;57463;Grand Est;49.1649;6.1445;3297;2017-01-28;;oui
SIT-02916;CLI-02329;Agence Le Mans;Agence;64 rue Pasteur;72000;Le Mans;72181;Pays de la Loire;48.0399;0.2342;40;2025-11-12;;oui
SIT-02917;CLI-02329;Entrepôt Ajaccio;Entrepôt;11 rue Pasteur;20000;Ajaccio;2A004;Corse;41.9237;8.7801;1215;2016-12-01;;oui
SIT-02918;CLI-02330;Siège Roanne;Siège;88 rue Pasteur;42300;Roanne;42187;Auvergne-Rhône-Alpes;46.0469;4.0278;905;2020-05-23;;oui
SIT-02919;CLI-02330;Agence Meaux;Agence;68 avenue de la Gare;77100;Meaux;77284;Île-de-France;48.9829;2.8752;3275;2019-11-30;;oui
SIT-02920;CLI-02330;Usine Villeurbanne;Usine;172 quai des Docks;69100;Villeurbanne;69266;Auvergne-Rhône-Alpes;45.7294;4.8934;2433;2018-08-07;2022-11-17;non
SIT-02921;CLI-02331;Siège Grenoble;Siège;128 rue des Acacias;38000;Grenoble;38185;Auvergne-Rhône-Alpes;45.1785;5.6813;1250;2018-05-19;;oui
SIT-02922;CLI-02334;Siège Calais;Siège;160 rue de l’Industrie;62100;Calais;62193;Hauts-de-France;50.981;1.8436;666;2018-03-26;;oui
SIT-02923;CLI-02334;Entrepôt Montreuil;Entrepôt;90 rue des Acacias;93100;Montreuil;93048;Île-de-France;48.8849;2.4361;504;2024-02-22;;oui
SIT-02924;CLI-02335;Siège Grenoble;Siège;123 avenue du Général Leclerc;38000;Grenoble;38185;Auvergne-Rhône-Alpes;45.1433;5.693;162;2026-01-14;;oui
SIT-02925;CLI-02335;Agence Saint-Malo;Agence;58 rue des Acacias;35400;Saint-Malo;35288;Bretagne;48.6662;-2.0401;1182;2017-01-07;;oui
SIT-02926;CLI-02336;Siège Vannes;Siège;112 allée des Peupliers;56000;Vannes;56260;Bretagne;47.6967;-2.7576;999;2017-06-10;;oui
SIT-02927;CLI-02338;Siège Cholet;Siège;135 boulevard Victor Hugo;49300;Cholet;49099;Pays de la Loire;47.098;-0.8445;1412;2024-06-20;;oui
SIT-02928;CLI-02339;Siège Sète;Siège;50 rue de l’Industrie;34200;Sète;34301;Occitanie;43.4122;3.7463;923;2026-01-03;;oui
SIT-02929;CLI-02339;Entrepôt Sète;Entrepôt;31 rue de l’Industrie;34200;Sète;34301;Occitanie;43.393;3.6701;40;2017-09-13;;oui
SIT-02930;CLI-02340;Siège Chalon-sur-Saône;Siège;140 impasse des Lilas;71100;Chalon-sur-Saône;71076;Bourgogne-Franche-Comté;46.802;4.8476;740;2017-03-01;;oui
SIT-02931;CLI-02341;Siège Salon-de-Provence;Siège;59 avenue du Général Leclerc;13300;Salon-de-Provence;13103;Provence-Alpes-Côte d’Azur;;;1826;2017-09-22;;oui
SIT-02932;CLI-02341;Point de vente Nancy;Point de vente;107 avenue du Général Leclerc;54000;Nancy;54395;Grand Est;48.6596;6.2246;823;2017-05-24;;oui
SIT-02933;CLI-02341;Point de vente Orléans;Point de vente;92 rue du Commerce;45000;Orléans;45234;Centre-Val de Loire;47.9148;1.8527;767;2026-02-25;;oui
SIT-02934;CLI-02341;Agence Niort;Agence;108 rue de l’Industrie;79000;Niort;79191;Nouvelle-Aquitaine;46.3567;-0.4175;881;2024-06-25;;oui
SIT-02935;CLI-02342;Siège ARGENTEUIL;Siège;148 rue du Commerce;95100;ARGENTEUIL;95018;Île-de-France;48.9656;2.2215;1068;2025-03-11;;oui
SIT-02936;CLI-02342;Agence Chartres;Agence;87 avenue du Général Leclerc;28000;Chartres;28085;Centre-Val de Loire;48.419;1.5275;391;2018-06-05;;oui
SIT-02937;CLI-02342;Agence Roubaix;Agence;17 rue du Commerce;59100;Roubaix;59512;Hauts-de-France;50.6512;3.1573;263;2023-11-14;;oui
SIT-02938;CLI-02343;Siège Créteil;Siège;50 rue Pasteur;94000;Créteil;94028;Île-de-France;48.7507;2.432;644;2024-07-19;;oui
SIT-02939;CLI-02343;Agence Nîmes;Agence;143 avenue de la Gare;30000;Nîmes;30189;Occitanie;43.8229;4.3449;916;2021-09-22;;oui
SIT-02940;CLI-02344;Siège Limoges;Siège;99 allée des Peupliers;87000;Limoges;87085;Nouvelle-Aquitaine;45.8331;1.3034;866;2021-08-10;;oui
SIT-02941;CLI-02345;Siège GRASSE;Siège;159 place du Marché;06130;GRASSE;06069;Provence-Alpes-Côte d’Azur;43.6945;6.9026;723;2018-08-26;;oui
SIT-02942;CLI-02346;Siège Calais;Siège;72 impasse des Lilas;62100;Calais;62193;Hauts-de-France;50.9301;1.8713;1406;2019-01-18;2020-08-08;non
SIT-02943;CLI-02350;Siège Poitiers;Siège;159 rue des Acacias;86000;Poitiers;86194;Nouvelle-Aquitaine;46.5557;0.2915;147;2024-06-27;;oui
SIT-02944;CLI-02352;Siège Bayonne;Siège;117 chemin des Vignes;64100;Bayonne;64102;Nouvelle-Aquitaine;43.4665;-1.4561;1206;2018-06-22;;oui
SIT-02945;CLI-02353;Siège Le Havre;Siège;89 impasse des Lilas;76600;Le Havre;76351;Normandie;49.4879;0.1496;40;2023-12-05;;oui
SIT-02946;CLI-02354;Siège Saint-Malo;Siège;163 place du Marché;35400;Saint-Malo;35288;Bretagne;48.6953;-1.994;1175;2021-06-03;;oui
SIT-02947;CLI-02354;Agence Bourges;Agence;15 chemin des Vignes;18000;Bourges;18033;Centre-Val de Loire;47.0403;2.4463;569;2017-08-20;;oui
SIT-02948;CLI-02354;Agence Agen;Agence;134 chemin des Vignes;47000;Agen;47001;Nouvelle-Aquitaine;44.2353;0.5834;585;2020-12-13;;oui
SIT-02949;CLI-02354;Agence Châteauroux;Agence;119 avenue de la Gare;36000;Châteauroux;36044;Centre-Val de Loire;46.8526;1.729;1278;2022-08-18;;oui
SIT-02950;CLI-02355;Siège Brest;Siège;162 allée des Peupliers;29200;Brest;29019;Bretagne;48.4351;-4.5204;1302;2021-04-22;;oui
SIT-02951;CLI-02355;Entrepôt Agen;Entrepôt;53 avenue du Général Leclerc;47000;Agen;47001;Nouvelle-Aquitaine;44.1657;0.6203;505;2017-04-04;;oui
SIT-02952;CLI-02357;Siège Boulogne-Billancourt;Siège;90 avenue Jean Jaurès;92100;Boulogne-Billancourt;92012;Île-de-France;48.8074;2.2768;257;2019-12-08;;oui
SIT-02953;CLI-02357;Usine Charleville-Mézières;Usine;54 avenue de la Gare;08000;Charleville-Mézières;08105;Grand Est;49.763;4.6703;40;2018-12-03;;oui
SIT-02954;CLI-02357;Point de vente Béziers;Point de vente;128 avenue de la Gare;34500;Béziers;34032;Occitanie;43.3618;3.2311;1790;2023-01-04;;oui
SIT-02955;CLI-02357;Point de vente Lyon;Point de vente;111 rue du Commerce;69001;Lyon;69123;Auvergne-Rhône-Alpes;45.774;4.827;168;2024-09-27;;oui
SIT-02956;CLI-02358;Siège Montreuil;Siège;96 impasse des Lilas;93100;Montreuil;93048;Île-de-France;48.8684;2.4774;143;2019-02-27;;oui
SIT-02957;CLI-02359;Siège Poitiers;Siège;30 allée des Peupliers;86000;Poitiers;86194;Nouvelle-Aquitaine;46.5559;0.317;919;2018-01-14;;oui
SIT-02958;CLI-02359;Entrepôt Saint-Malo;Entrepôt;42 route de Bordeaux;35400;Saint-Malo;35288;Bretagne;48.6851;-1.9977;651;2016-06-15;;oui
SIT-02959;CLI-02359;Agence Quimper;Agence;128 route de Bordeaux;29000;Quimper;29232;Bretagne;47.9924;-4.1183;40;2023-04-01;;oui
SIT-02960;CLI-02359;Usine Issy-les-Moulineaux;Usine;42 place du Marché;92130;Issy-les-Moulineaux;92040;Île-de-France;48.7813;2.25;193;2024-09-08;;oui
SIT-02961;CLI-02360;Siège Bourges;Siège;88 boulevard Victor Hugo;18000;Bourges;18033;Centre-Val de Loire;47.0892;2.4357;174;2016-05-18;;oui
SIT-02962;CLI-02362;Siège charleville-mézières;Siège;75 place du Marché;08000;charleville-mézières;08105;Grand Est;49.7561;4.7632;82;2025-10-10;;oui
SIT-02963;CLI-02363;Siège Le Mans;Siège;12 rue de l’Industrie;72000;Le Mans;72181;Pays de la Loire;48.0544;0.1745;1329;2025-12-11;;oui
SIT-02964;CLI-02364;Siège Nîmes;Siège;83 rue du Commerce;30000;Nîmes;30189;Occitanie;43.8366;4.3879;223;2022-01-08;;oui
SIT-02965;CLI-02365;Siège Boulogne-Billancourt;Siège;138 quai des Docks;66000;Boulogne-Billancourt;92012;Île-de-France;48.7959;2.2323;40;2018-12-31;2020-06-05;non
SIT-02966;CLI-02366;Siège Bayonne;Siège;117 chemin des Vignes;64100;Bayonne;64102;Nouvelle-Aquitaine;43.4957;-1.4957;879;2025-08-29;;oui
SIT-02967;CLI-02366;Usine Angers;Usine;174 route de Bordeaux;49000;Angers;49007;Pays de la Loire;47.4234;-0.5137;805;2020-11-21;;oui
SIT-02968;CLI-02366;Point de vente Rennes;Point de vente;39 route de Bordeaux;35000;Rennes;35238;Bretagne;48.0966;-1.7249;342;2022-11-29;;oui
SIT-02969;CLI-02367;Siège Saint-Quentin;Siège;120 quai des Docks;02100;Saint-Quentin;02691;Hauts-de-France;49.8472;3.2828;843;2021-02-14;;oui
SIT-02970;CLI-02367;Usine Grenoble;Usine;168 allée des Peupliers;38000;Grenoble;38185;Auvergne-Rhône-Alpes;45.1916;5.707;1875;2017-05-25;;oui
SIT-02971;CLI-02368;Siège Fréjus;Siège;163 place du Marché;83600;Fréjus;83061;Provence-Alpes-Côte d’Azur;43.4416;6.7843;218;2018-11-01;;oui
SIT-02972;CLI-02369;Siège Versailles;Siège;33 rue Pasteur;78000;Versailles;78646;Île-de-France;48.8463;2.0832;40;2021-03-14;;oui
SIT-02973;CLI-02369;Entrepôt Poitiers;Entrepôt;92 rue de l’Industrie;86000;Poitiers;86194;Nouvelle-Aquitaine;46.5588;0.3224;40;2021-07-29;;oui
SIT-02974;CLI-02369;Usine Roanne;Usine;63 place du Marché;42300;Roanne;42187;Auvergne-Rhône-Alpes;46.078;4.0364;1925;2023-04-09;;oui
SIT-02975;CLI-02369;Entrepôt Chambéry;Entrepôt;59 avenue du Général Leclerc;73000;Chambéry;73065;Auvergne-Rhône-Alpes;45.5787;5.8883;1337;2019-08-24;;oui
SIT-02976;CLI-02370;Siège Béziers;Siège;126 avenue Jean Jaurès;34500;Béziers;34032;Occitanie;43.3097;3.2562;1015;2024-02-15;2025-03-17;non
SIT-02977;CLI-02371;Siège Arles;Siège;60 quai des Docks;13200;Arles;13004;Provence-Alpes-Côte d’Azur;43.6349;4.6161;1063;2021-01-12;;oui
SIT-02978;CLI-02371;Point de vente Angers;Point de vente;68 impasse des Lilas;49000;Angers;49007;Pays de la Loire;47.443;-0.5909;1506;2023-11-27;;oui
SIT-02979;CLI-02372;Siège Roanne;Siège;94 rue du Commerce;42300;Roanne;42187;Auvergne-Rhône-Alpes;46.0818;4.0332;1179;2017-07-07;;oui
SIT-02980;CLI-02372;Point de vente Périgueux;Point de vente;147 rue du Commerce;24000;Périgueux;24322;Nouvelle-Aquitaine;45.1333;0.7603;775;2024-04-23;;oui
SIT-02981;CLI-02373;Siège Nîmes;Siège;136 avenue de la Gare;30000;Nîmes;30189;Occitanie;43.8858;4.3132;675;2016-10-20;;oui
SIT-02982;CLI-02375;Siège Chartres;Siège;125 avenue de la Gare;28000;Chartres;28085;Centre-Val de Loire;48.4114;1.4815;40;2017-03-04;;oui
SIT-02983;CLI-02375;Usine La Roche-sur-Yon;Usine;90 avenue de la Gare;85000;La Roche-sur-Yon;85191;Pays de la Loire;46.7037;-1.4625;1013;2025-01-18;;oui
SIT-02984;CLI-02377;Siège Montreuil;Siège;164 rue du Commerce;93100;Montreuil;93048;Île-de-France;48.883;2.4126;944;2018-05-24;;oui
SIT-02985;CLI-02378;Siège Aix-en-Provence;Siège;161 allée des Peupliers;13100;Aix-en-Provence;13001;Provence-Alpes-Côte d’Azur;43.4858;5.4742;1572;2024-11-27;;oui
SIT-02986;CLI-02378;Agence Caen;Agence;165 allée des Peupliers;14000;Caen;14118;Normandie;49.2175;-0.38;785;2022-09-10;;oui
SIT-02987;CLI-02379;Siège Limoges;Siège;114 avenue de la Gare;87000;Limoges;87085;Nouvelle-Aquitaine;45.8219;1.2381;1357;2024-09-26;;oui
SIT-02988;CLI-02379;Point de vente Roanne;Point de vente;48 boulevard Victor Hugo;42300;Roanne;42187;Auvergne-Rhône-Alpes;46.0019;4.0756;829;2025-11-01;2028-03-04;non
SIT-02989;CLI-02379;Usine Vannes;Usine;86 route de Bordeaux;56000;Vannes;56260;Bretagne;47.6623;-2.7529;2063;2021-12-19;;oui
SIT-02990;CLI-02380;Siège Chambéry;Siège;144 allée des Peupliers;73000;Chambéry;73065;Auvergne-Rhône-Alpes;45.5172;5.9042;2673;2021-07-21;2022-11-17;non
SIT-02991;CLI-02382;Siège Angers;Siège;119 rue de la République;49000;Angers;49007;Pays de la Loire;47.447;-0.5122;1827;2025-08-20;;oui
SIT-02992;CLI-02383;Siège Niort;Siège;166 avenue du Général Leclerc;79000;Niort;79191;Nouvelle-Aquitaine;46.3395;-0.4545;361;2017-09-01;;oui
SIT-02993;CLI-02383;Entrepôt Chambéry;Entrepôt;153 allée des Peupliers;73000;Chambéry;73065;Auvergne-Rhône-Alpes;45.6032;5.9127;475;2018-09-20;;oui
SIT-02994;CLI-02385;Siège Perpignan;Siège;158 impasse des Lilas;24000;Perpignan;66136;Occitanie;42.7268;2.9138;750;2022-09-21;;oui
SIT-02995;CLI-02385;Usine Nevers;Usine;124 avenue du Général Leclerc;58000;Nevers;58194;Bourgogne-Franche-Comté;46.9996;3.1867;1701;2017-02-28;;oui
SIT-02996;CLI-02386;Siège Meaux;Siège;95 rue Pasteur;77100;Meaux;77284;Île-de-France;48.9926;2.8957;1381;2016-07-07;;oui
SIT-02997;CLI-02387;Siège Saint-Quentin;Siège;163 boulevard Victor Hugo;02100;Saint-Quentin;02691;Hauts-de-France;49.8459;3.3329;201;2023-05-25;;oui
SIT-02998;CLI-02387;Entrepôt Châteauroux;Entrepôt;61 avenue Jean Jaurès;36000;Châteauroux;36044;Centre-Val de Loire;46.7918;1.7198;56;2023-05-08;;oui
SIT-02999;CLI-02387;Agence Chambéry;Agence;16 place du Marché;73000;Chambéry;73065;Auvergne-Rhône-Alpes;45.5339;5.892;1161;2022-02-17;;oui
SIT-03000;CLI-02388;Siège Clermont-Ferrand;Siège;15 rue de la République;63000;Clermont-Ferrand;63113;Auvergne-Rhône-Alpes;45.7321;3.106;1958;2018-10-05;2022-07-29;non
SIT-03001;CLI-02389;Siège Nîmes;Siège;138 rue de l’Industrie;30000;Nîmes;30189;Occitanie;43.8447;4.3965;500;2020-08-08;;oui
SIT-03002;CLI-02390;Siège Béziers;Siège;105 boulevard Victor Hugo;34500;Béziers;34032;Occitanie;43.3739;3.2069;740;2016-08-13;;oui
SIT-03003;CLI-02390;Entrepôt Clermont-Ferrand;Entrepôt;146 boulevard Victor Hugo;63000;Clermont-Ferrand;63113;Auvergne-Rhône-Alpes;45.7647;3.1137;2017;2018-04-22;;oui
SIT-03004;CLI-02390;Usine Saint-Malo;Usine;24 route de Bordeaux;35400;Saint-Malo;35288;Bretagne;48.6646;-1.98;612;2020-06-17;;oui
SIT-03005;CLI-02390;Point de vente Antibes;Point de vente;135 quai des Docks;06600;Antibes;06004;Provence-Alpes-Côte d’Azur;43.6282;7.1451;1255;2025-03-12;;oui
SIT-03006;CLI-02391;Siège Rodez;Siège;8 avenue Jean Jaurès;12000;Rodez;12202;Occitanie;44.382;2.5377;573;2019-03-02;;oui
SIT-03007;CLI-02393;Siège Metz;Siège;24 rue de l’Industrie;57000;Metz;57463;Grand Est;49.1612;6.1777;189;2023-02-20;;oui
SIT-03008;CLI-02393;Point de vente Sète;Point de vente;36 place du Marché;34200;Sète;34301;Occitanie;43.3838;3.7315;40;2019-05-24;;oui
SIT-03009;CLI-02393;Point de vente Avignon;Point de vente;15 avenue du Général Leclerc;84000;Avignon;84007;Provence-Alpes-Côte d’Azur;43.9268;4.7836;2046;2023-11-28;;oui
SIT-03010;CLI-02394;Siège Saint-Étienne;Siège;153 route de Bordeaux;42000;Saint-Étienne;42218;Auvergne-Rhône-Alpes;45.4276;4.4141;1232;2017-01-12;2020-06-10;non
SIT-03011;CLI-02394;Entrepôt Chambéry;Entrepôt;109 rue de l’Industrie;73000;Chambéry;73065;Auvergne-Rhône-Alpes;45.593;5.9236;1358;2022-08-08;;oui
SIT-03012;CLI-02397;Siège Angoulême;Siège;1 rue Pasteur;16000;Angoulême;16015;Nouvelle-Aquitaine;45.6305;0.1766;265;2019-03-02;;oui
SIT-03013;CLI-02398;Siège Mulhouse;Siège;174 boulevard Victor Hugo;68100;Mulhouse;68224;Grand Est;47.7643;7.3404;600;2020-12-14;;oui
SIT-03014;CLI-02399;Siège Marseille;Siège;70 rue de l’Industrie;13001;Marseille;13055;Provence-Alpes-Côte d’Azur;43.3146;5.3816;40;2018-02-14;;oui
SIT-03015;CLI-02400;Siège Nice;Siège;6 boulevard Victor Hugo;06000;Nice;06088;Provence-Alpes-Côte d’Azur;43.6847;7.2762;1456;2022-11-01;;oui
SIT-03016;CLI-02402;Siège Nancy;Siège;164 avenue Jean Jaurès;54000;Nancy;54395;Grand Est;48.6723;6.1519;40;2021-11-20;;oui
SIT-03017;CLI-02404;Siège Nice;Siège;124 impasse des Lilas;06000;Nice;06088;Provence-Alpes-Côte d’Azur;43.6632;7.2645;1217;2021-12-07;;oui
SIT-03018;CLI-02404;Point de vente Gap;Point de vente;82 rue des Acacias;05000;Gap;05061;Provence-Alpes-Côte d’Azur;44.6038;6.0329;1786;2024-05-31;2027-07-04;non
SIT-03019;CLI-02404;Entrepôt Poitiers;Entrepôt;82 rue de l’Industrie;86000;Poitiers;86194;Nouvelle-Aquitaine;46.5734;0.3121;99;2018-09-24;;oui
SIT-03020;CLI-02404;Entrepôt Lyon;Entrepôt;91 route de Bordeaux;69001;Lyon;69123;Auvergne-Rhône-Alpes;45.7533;4.8547;1923;2025-06-10;;oui
SIT-03021;CLI-02406;Siège Issy-les-Moulineaux;Siège;5 allée des Peupliers;92130;Issy-les-Moulineaux;92040;Île-de-France;48.8138;2.2952;2092;2023-02-07;;oui
SIT-03022;CLI-02407;Siège Châteauroux;Siège;11 impasse des Lilas;36000;Châteauroux;36044;Centre-Val de Loire;46.8042;1.7027;586;2024-02-28;;oui
SIT-03023;CLI-02407;Entrepôt Colmar;Entrepôt;178 impasse des Lilas;68000;Colmar;68066;Grand Est;48.0388;7.3478;2620;2025-05-24;;oui
SIT-03024;CLI-02408;Siège Saint-Malo;Siège;139 chemin des Vignes;35400;Saint-Malo;35288;Bretagne;48.6926;-2.0184;547;2024-03-27;;oui
SIT-03025;CLI-02409;Siège Grenoble;Siège;125 chemin des Vignes;38000;Grenoble;38185;Auvergne-Rhône-Alpes;45.1737;5.7415;2364;2025-08-26;;oui
SIT-03026;CLI-02409;Entrepôt Saint-Malo;Entrepôt;35 chemin des Vignes;35400;Saint-Malo;35288;Bretagne;48.6148;-1.9985;835;2020-04-24;;oui
SIT-03027;CLI-02409;Agence Toulon;Agence;118 rue du Commerce;83000;Toulon;83137;Provence-Alpes-Côte d’Azur;43.1277;5.945;232;2022-07-31;;oui
SIT-03028;CLI-02409;Entrepôt La Roche-sur-Yon;Entrepôt;80 rue de la République;85000;La Roche-sur-Yon;85191;Pays de la Loire;46.6251;-1.4456;529;2020-01-17;;oui
SIT-03029;CLI-02411;Siège Issy-les-Moulineaux;Siège;78 rue de l’Industrie;92130;Issy-les-Moulineaux;92040;Île-de-France;48.8497;2.2463;2507;2025-05-02;;oui
SIT-03030;CLI-02412;Siège Poitiers;Siège;163 avenue Jean Jaurès;86000;Poitiers;86194;Nouvelle-Aquitaine;46.5605;0.348;2764;2024-01-05;;oui
SIT-03031;CLI-02413;Siège Caen;Siège;143 chemin des Vignes;14000;Caen;14118;Normandie;49.1868;-0.3651;1216;2022-01-21;;oui
SIT-03032;CLI-02413;Usine Rouen;Usine;95 place du Marché;76000;Rouen;76540;Normandie;49.4117;1.105;533;2019-04-02;;oui
SIT-03033;CLI-02413;Point de vente Argenteuil;Point de vente;138 avenue Jean Jaurès;95100;Argenteuil;95018;Île-de-France;48.9193;2.2611;835;2023-01-12;;oui
SIT-03034;CLI-02414;Siège Albi;Siège;122 allée des Peupliers;81000;Albi;81004;Occitanie;43.9457;2.1716;1256;2022-11-19;;oui
SIT-03035;CLI-02414;Usine Dunkerque;Usine;127 route de Bordeaux;59140;Dunkerque;59183;Hauts-de-France;51.0485;2.3507;670;2020-01-16;;oui
SIT-03036;CLI-02414;Agence Bourg-en-Bresse;Agence;20 route de Bordeaux;01000;Bourg-en-Bresse;01053;Auvergne-Rhône-Alpes;46.2091;5.2432;40;2021-02-03;;oui
SIT-03037;CLI-02414;Point de vente Nice;Point de vente;102 rue de l’Industrie;06000;Nice;06088;Provence-Alpes-Côte d’Azur;43.7291;7.2146;799;2016-07-18;;oui
SIT-03038;CLI-02415;Siège Clermont-Ferrand;Siège;158 avenue de la Gare;63000;Clermont-Ferrand;63113;Auvergne-Rhône-Alpes;45.7366;3.0713;295;2021-07-29;;oui
SIT-03039;CLI-02417;Siège Nancy;Siège;166 route de Bordeaux;54000;Nancy;54395;Grand Est;48.739;6.2117;459;2020-03-11;2022-12-21;non
SIT-03040;CLI-02417;Usine Fréjus;Usine;56 rue Pasteur;83600;Fréjus;83061;Provence-Alpes-Côte d’Azur;43.4663;6.7621;40;2025-12-18;;oui
SIT-03041;CLI-02418;Siège Paris;Siège;72 rue du Commerce;75001;Paris;75056;Île-de-France;48.823;2.3943;1936;2016-08-04;;oui
SIT-03042;CLI-02418;Entrepôt Valence;Entrepôt;133 rue Pasteur;26000;Valence;26362;Auvergne-Rhône-Alpes;44.9754;4.8986;873;2025-06-22;;oui
SIT-03043;CLI-02418;Usine Roubaix;Usine;85 rue de l’Industrie;59100;Roubaix;59512;Hauts-de-France;50.6762;3.1799;525;2020-01-08;;oui
SIT-03044;CLI-02419;Siège Évreux;Siège;116 rue de la République;27000;Évreux;27229;Normandie;48.976;1.1028;40;2022-09-07;;oui
SIT-03045;CLI-02420;Siège Annecy;Siège;68 allée des Peupliers;74000;Annecy;74010;Auvergne-Rhône-Alpes;45.8728;6.0956;1701;2020-03-03;;oui
SIT-03046;CLI-02420;Usine Poitiers;Usine;131 impasse des Lilas;86000;Poitiers;86194;Nouvelle-Aquitaine;46.5512;0.32;109;2021-12-02;;oui
SIT-03047;CLI-02421;Siège Angoulême;Siège;20 rue du Commerce;16000;Angoulême;16015;Nouvelle-Aquitaine;45.6085;0.1178;2301;2019-07-05;;oui
SIT-03048;CLI-02421;Point de vente Saint-Quentin;Point de vente;147 rue de l’Industrie;02100;Saint-Quentin;02691;Hauts-de-France;49.8831;3.2979;131;2019-08-19;;oui
SIT-03049;CLI-02421;Point de vente Strasbourg;Point de vente;42 avenue du Général Leclerc;67000;Strasbourg;67482;Grand Est;48.6093;7.7368;775;2024-02-05;;oui
SIT-03050;CLI-02422;Siège Périgueux;Siège;31 rue Pasteur;24000;Périgueux;24322;Nouvelle-Aquitaine;45.2118;0.6841;40;2021-09-22;;oui
SIT-03051;CLI-02422;Entrepôt Caen;Entrepôt;10 boulevard Victor Hugo;14000;Caen;14118;Normandie;49.1821;-0.399;1291;2017-10-08;;oui
SIT-03052;CLI-02423;Siège Mérignac;Siège;32 quai des Docks;33700;Mérignac;33281;Nouvelle-Aquitaine;44.8643;-0.616;500;2017-05-09;;oui
SIT-03053;CLI-02424;Siège Évry-Courcouronnes;Siège;100 rue Pasteur;91000;Évry-Courcouronnes;91228;Île-de-France;48.6408;2.4766;1370;2021-01-18;;oui
SIT-03054;CLI-02425;Siège Saint-Brieuc;Siège;78 allée des Peupliers;22000;Saint-Brieuc;22278;Bretagne;48.5224;-2.7899;666;2019-04-15;;oui
SIT-03055;CLI-02426;Siège Grasse;Siège;12 place du Marché;06130;Grasse;06069;Provence-Alpes-Côte d’Azur;43.6238;6.9301;529;2016-10-18;;oui
SIT-03056;CLI-02427;Siège Albi;Siège;27 avenue Jean Jaurès;81000;Albi;81004;Occitanie;43.9655;2.1016;40;2025-08-19;;oui
SIT-03057;CLI-02427;Usine Quimper;Usine;104 allée des Peupliers;29000;Quimper;29232;Bretagne;48.0377;-4.0762;771;2026-05-08;;oui
SIT-03058;CLI-02431;Siège Chalon-sur-Saône;Siège;170 allée des Peupliers;71100;Chalon-sur-Saône;71076;Bourgogne-Franche-Comté;46.7352;4.8637;2506;2017-10-29;2017-06-30;non
SIT-03059;CLI-02433;Siège Cergy;Siège;178 boulevard Victor Hugo;95000;Cergy;95127;Île-de-France;49.0586;2.1001;791;2023-11-02;;oui
SIT-03060;CLI-02433;Usine Créteil;Usine;35 impasse des Lilas;94000;Créteil;94028;Île-de-France;48.7641;2.4236;658;2023-07-24;2025-10-15;non
SIT-03061;CLI-02434;Siège Niort;Siège;69 rue Pasteur;79000;Niort;79191;Nouvelle-Aquitaine;46.3058;-0.44;587;2025-12-23;;oui
SIT-03062;CLI-02436;Siège Antibes;Siège;36 rue du Commerce;06600;Antibes;06004;Provence-Alpes-Côte d’Azur;43.615;7.1083;1238;2016-08-07;;oui
SIT-03063;CLI-02436;Agence Nancy;Agence;178 avenue de la Gare;54000;Nancy;54395;Grand Est;48.6851;6.1571;40;2025-03-15;;oui
SIT-03064;CLI-02437;Siège Salon-de-Provence;Siège;58 avenue du Général Leclerc;13300;Salon-de-Provence;13103;Provence-Alpes-Côte d’Azur;43.6234;5.1399;1264;2026-01-20;;oui
SIT-03065;CLI-02438;Siège Évreux;Siège;171 allée des Peupliers;27000;Évreux;27229;Normandie;48.9918;1.1938;1516;2016-09-10;;oui
SIT-03066;CLI-02438;Usine Arles;Usine;23 impasse des Lilas;13200;Arles;13004;Provence-Alpes-Côte d’Azur;43.7172;4.6719;40;2023-05-05;;oui
SIT-03067;CLI-02438;Point de vente Roubaix;Point de vente;25 boulevard Victor Hugo;59100;Roubaix;59512;Hauts-de-France;50.6838;3.2022;1472;2021-12-02;;oui
SIT-03068;CLI-02439;Siège Boulogne-Billancourt;Siège;164 chemin des Vignes;92100;Boulogne-Billancourt;92012;Île-de-France;48.8095;2.2224;40;2017-06-06;;oui
SIT-03069;CLI-02439;Point de vente Nice;Point de vente;15 rue Pasteur;06000;Nice;06088;Provence-Alpes-Côte d’Azur;43.6601;7.2266;40;2024-11-04;;oui
SIT-03070;CLI-02439;Agence Toulon;Agence;133 quai des Docks;83000;Toulon;83137;Provence-Alpes-Côte d’Azur;43.133;5.8915;138;2026-04-23;;oui
SIT-03071;CLI-02439;Agence Saint-Brieuc;Agence;20 quai des Docks;22000;Saint-Brieuc;22278;Bretagne;48.5473;-2.7333;601;2017-11-07;;oui
SIT-03072;CLI-02440;Siège Vannes;Siège;37 place du Marché;56000;Vannes;56260;Bretagne;47.6997;-2.726;1431;2017-07-17;2020-11-24;non
SIT-03073;CLI-02440;Usine Châteauroux;Usine;1 avenue Jean Jaurès;36000;Châteauroux;36044;Centre-Val de Loire;46.7935;1.6549;40;2022-11-14;;oui
SIT-03074;CLI-02441;Siège La Rochelle;Siège;67 impasse des Lilas;17000;La Rochelle;17300;Nouvelle-Aquitaine;46.1633;-1.1824;915;2022-10-20;;oui
SIT-03075;CLI-02443;Siège Saint-Brieuc;Siège;74 route de Bordeaux;22000;Saint-Brieuc;22278;Bretagne;48.5416;-2.7491;566;2022-07-09;;oui
SIT-03076;CLI-02443;Usine Le Mans;Usine;23 boulevard Victor Hugo;72000;Le Mans;72181;Pays de la Loire;48.052;0.1772;40;2017-06-05;;oui
SIT-03077;CLI-02444;Siège Bayonne;Siège;155 rue des Acacias;64100;Bayonne;64102;Nouvelle-Aquitaine;43.4449;-1.513;40;2019-09-03;;oui
SIT-03078;CLI-02444;Usine Caen;Usine;61 quai des Docks;14000;Caen;14118;Normandie;49.1454;-0.4016;40;2023-09-12;;oui
SIT-03079;CLI-02444;Entrepôt Meaux;Entrepôt;172 rue Pasteur;77100;Meaux;77284;Île-de-France;48.9937;2.8312;698;2016-09-13;;oui
SIT-03080;CLI-02445;Siège Quimper;Siège;45 rue Pasteur;29000;Quimper;29232;Bretagne;48.037;-4.07;1257;2021-04-05;2026-01-21;non
SIT-03081;CLI-02446;Siège La Rochelle;Siège;66 allée des Peupliers;17000;La Rochelle;17300;Nouvelle-Aquitaine;46.186;-1.1109;130;2025-12-09;;oui
SIT-03082;CLI-02447;Siège Reims;Siège;59 allée des Peupliers;51100;Reims;51454;Grand Est;49.3021;4.0417;868;2021-02-06;;oui
SIT-03083;CLI-02447;Usine Metz;Usine;140 allée des Peupliers;57000;Metz;57463;Grand Est;49.1083;6.217;681;2025-07-22;;oui
SIT-03084;CLI-02447;Usine Nîmes;Usine;6 place du Marché;30000;Nîmes;30189;Occitanie;43.8065;4.4012;40;2016-07-14;2020-12-15;non
SIT-03085;CLI-02448;Siège LAVAL;Siège;146 avenue Jean Jaurès;53000;LAVAL;53130;Pays de la Loire;48.0225;-0.7468;40;2025-09-21;;oui
SIT-03086;CLI-02449;Siège Angers;Siège;65 route de Bordeaux;49000;Angers;49007;Pays de la Loire;47.4786;-0.5069;1270;2018-09-09;;oui
SIT-03087;CLI-02451;Siège Angoulême;Siège;104 impasse des Lilas;16000;Angoulême;16015;Nouvelle-Aquitaine;45.6603;0.146;1389;2024-03-01;;oui
SIT-03088;CLI-02454;Siège Saint-Quentin;Siège;78 impasse des Lilas;02100;Saint-Quentin;02691;Hauts-de-France;49.8308;3.2554;1291;2021-10-04;;oui
SIT-03089;CLI-02454;Agence Lille;Agence;119 rue de l’Industrie;59000;Lille;59350;Hauts-de-France;50.6195;3.0431;2306;2018-05-25;2021-10-29;non
SIT-03090;CLI-02455;Siège Mérignac;Siège;57 chemin des Vignes;33700;Mérignac;33281;Nouvelle-Aquitaine;44.8347;-0.6612;40;2019-03-23;;oui
SIT-03091;CLI-02456;Siège Issy-les-Moulineaux;Siège;102 quai des Docks;92130;Issy-les-Moulineaux;92040;Île-de-France;48.8286;2.2389;1115;2022-04-19;;oui
SIT-03092;CLI-02457;Siège Montpellier;Siège;120 rue Pasteur;34000;Montpellier;34172;Occitanie;43.6363;3.847;828;2020-07-29;;oui
SIT-03093;CLI-02458;Siège saint-brieuc;Siège;17 rue de la République;22000;saint-brieuc;22278;Bretagne;48.4611;-2.7374;40;2018-11-09;;oui
SIT-03094;CLI-02460;Siège Carcassonne;Siège;12 rue des Acacias;11000;Carcassonne;11069;Occitanie;43.2315;2.3422;1008;2025-07-05;;oui
SIT-03095;CLI-02460;Agence Cergy;Agence;89 avenue de la Gare;95000;Cergy;95127;Île-de-France;49.0244;2.0874;1788;2024-12-12;;oui
SIT-03096;CLI-02462;Siège Albi;Siège;98 avenue du Général Leclerc;81000;Albi;81004;Occitanie;43.9286;2.1396;403;2022-07-10;;oui
SIT-03097;CLI-02462;Entrepôt Clermont-Ferrand;Entrepôt;10 avenue de la Gare;63000;Clermont-Ferrand;63113;Auvergne-Rhône-Alpes;45.7887;3.0578;1672;2026-02-27;;oui
SIT-03098;CLI-02462;Agence Montreuil;Agence;64 rue de la République;93100;Montreuil;93048;Île-de-France;48.8649;2.456;40;2023-09-20;;oui
SIT-03099;CLI-02463;Siège Saint-Étienne;Siège;46 impasse des Lilas;42000;Saint-Étienne;42218;Auvergne-Rhône-Alpes;45.4109;4.3976;40;2023-02-13;;oui
SIT-03100;CLI-02463;Agence Arles;Agence;108 boulevard Victor Hugo;13200;Arles;13004;Provence-Alpes-Côte d’Azur;43.6498;4.6052;485;2025-08-21;2028-07-11;non
SIT-03101;CLI-02464;Siège Angoulême;Siège;151 rue des Acacias;16000;Angoulême;16015;Nouvelle-Aquitaine;45.6708;0.1797;1574;2022-03-21;;oui
SIT-03102;CLI-02465;Siège Calais;Siège;172 route de Bordeaux;62100;Calais;62193;Hauts-de-France;50.9374;1.8763;40;2020-07-23;;oui
SIT-03103;CLI-02466;Siège Dunkerque;Siège;73 allée des Peupliers;59140;Dunkerque;59183;Hauts-de-France;50.9935;2.3494;969;2016-11-27;;oui
SIT-03104;CLI-02466;Entrepôt Fréjus;Entrepôt;15 rue des Acacias;83600;Fréjus;83061;Provence-Alpes-Côte d’Azur;43.4546;6.7899;344;2018-02-05;;oui
SIT-03105;CLI-02466;Agence Le Havre;Agence;35 impasse des Lilas;76600;Le Havre;76351;Normandie;49.5253;0.1598;40;2024-11-06;;oui
SIT-03106;CLI-02467;Siège Saint-Quentin;Siège;62 rue des Acacias;02100;Saint-Quentin;02691;Hauts-de-France;49.8988;3.282;1916;2022-11-07;;oui
SIT-03107;CLI-02469;Siège Metz;Siège;77 allée des Peupliers;57000;Metz;57463;Grand Est;49.1678;6.1428;40;2020-12-17;;oui
SIT-03108;CLI-02470;Siège Grasse;Siège;35 quai des Docks;06130;Grasse;06069;Provence-Alpes-Côte d’Azur;43.6761;6.9358;1085;2019-11-06;;oui
SIT-03109;CLI-02471;Siège Clermont-Ferrand;Siège;35 rue de l’Industrie;63000;Clermont-Ferrand;63113;Auvergne-Rhône-Alpes;45.7383;3.0824;573;2024-09-21;;oui
SIT-03110;CLI-02471;Usine Lille;Usine;34 avenue de la Gare;59000;Lille;59350;Hauts-de-France;50.6363;3.0301;1383;2021-07-17;2024-06-05;non
SIT-03111;CLI-02471;Entrepôt Pau;Entrepôt;81 rue de la République;64000;Pau;64445;Nouvelle-Aquitaine;43.2864;-0.3921;2182;2018-10-03;;oui
SIT-03112;CLI-02474;Siège Beauvais;Siège;156 rue Pasteur;60000;Beauvais;60057;Hauts-de-France;49.4204;2.1289;849;2018-04-26;;oui
SIT-03113;CLI-02476;Siège Cergy;Siège;24 avenue du Général Leclerc;95000;Cergy;95127;Île-de-France;49.061;2.1025;381;2023-10-15;;oui
SIT-03114;CLI-02477;Siège Le Havre;Siège;69 quai des Docks;76600;Le Havre;76351;Normandie;49.4433;0.1563;1652;2020-10-04;;oui
SIT-03115;CLI-02477;Entrepôt Chalon-sur-Saône;Entrepôt;40 avenue de la Gare;71100;Chalon-sur-Saône;71076;Bourgogne-Franche-Comté;46.7944;4.8528;372;2016-10-29;;oui
SIT-03116;CLI-02477;Agence Mérignac;Agence;80 rue Pasteur;33700;Mérignac;33281;Nouvelle-Aquitaine;44.8845;-0.6198;1580;2018-06-07;;oui
SIT-03117;CLI-02478;Siège niort;Siège;4 boulevard Victor Hugo;79000;niort;79191;Nouvelle-Aquitaine;46.3093;-0.4598;40;2019-09-06;;oui
SIT-03118;CLI-02478;Point de vente Aix-en-Provence;Point de vente;178 impasse des Lilas;13100;Aix-en-Provence;13001;Provence-Alpes-Côte d’Azur;43.555;5.4235;970;2021-06-27;2023-08-11;non
SIT-03119;CLI-02479;Siège Pau;Siège;157 rue Pasteur;64000;Pau;64445;Nouvelle-Aquitaine;43.2955;-0.3453;1172;2021-07-31;;oui
SIT-03120;CLI-02481;Siège Le Mans;Siège;169 chemin des Vignes;72000;Le Mans;72181;Pays de la Loire;48.0263;0.1985;602;2017-06-13;;oui
SIT-03121;CLI-02481;Entrepôt La Roche-sur-Yon;Entrepôt;8 rue du Commerce;85000;La Roche-sur-Yon;85191;Pays de la Loire;46.6946;-1.3905;818;2024-05-19;;oui
SIT-03122;CLI-02481;Point de vente Béziers;Point de vente;180 rue des Acacias;34500;Béziers;34032;Occitanie;43.3728;3.2569;2406;2018-01-19;;oui
SIT-03123;CLI-02483;Siège Nantes;Siège;26 rue de l’Industrie;44000;Nantes;44109;Pays de la Loire;47.1841;-1.5977;40;2018-04-28;;oui
SIT-03124;CLI-02484;Siège Créteil;Siège;58 rue de l’Industrie;94000;Créteil;94028;Île-de-France;48.7765;2.4832;278;2022-07-12;;oui
SIT-03125;CLI-02486;Siège Bourges;Siège;56 quai des Docks;18000;Bourges;18033;Centre-Val de Loire;47.0393;2.4216;40;2017-01-26;;oui
SIT-03126;CLI-02486;Point de vente Créteil;Point de vente;158 impasse des Lilas;94000;Créteil;94028;Île-de-France;48.781;2.453;1761;2018-11-13;;oui
SIT-03127;CLI-02486;Usine Metz;Usine;114 boulevard Victor Hugo;57000;Metz;57463;Grand Est;49.1628;6.2206;1031;2020-11-25;;oui
SIT-03128;CLI-02488;Siège Clermont-Ferrand;Siège;76 chemin des Vignes;63000;Clermont-Ferrand;63113;Auvergne-Rhône-Alpes;45.8153;3.0762;40;2017-09-08;;oui
SIT-03129;CLI-02491;Siège Le Mans;Siège;164 rue de la République;72000;Le Mans;72181;Pays de la Loire;48.0312;0.2282;1992;2018-06-05;2018-03-20;non
SIT-03130;CLI-02491;Agence Saint-Malo;Agence;68 quai des Docks;35400;Saint-Malo;35288;Bretagne;48.6071;-2.0466;1561;2025-12-01;;oui
SIT-03131;CLI-02492;Siège Nîmes;Siège;128 rue du Commerce;30000;Nîmes;30189;Occitanie;43.8812;4.345;117;2025-10-04;;oui
SIT-03132;CLI-02494;Siège Saint-Étienne;Siège;117 allée des Peupliers;42000;Saint-Étienne;42218;Auvergne-Rhône-Alpes;45.4428;4.3886;167;2026-05-29;;oui
SIT-03133;CLI-02494;Usine Cergy;Usine;28 rue du Commerce;95000;Cergy;95127;Île-de-France;49.0554;2.0853;493;2020-09-25;;oui
SIT-03134;CLI-02494;Agence Salon-de-Provence;Agence;91 place du Marché;13300;Salon-de-Provence;13103;Provence-Alpes-Côte d’Azur;43.6244;5.1467;1463;2019-11-19;;oui
SIT-03135;CLI-02495;Siège Troyes;Siège;77 boulevard Victor Hugo;10000;Troyes;10387;Grand Est;48.2743;4.099;1490;2017-04-16;2017-11-02;non
SIT-03136;CLI-02497;Siège La Roche-sur-Yon;Siège;114 place du Marché;85000;La Roche-sur-Yon;85191;Pays de la Loire;46.6924;-1.4769;945;2019-04-07;;oui
SIT-03137;CLI-02500;Siège Argenteuil;Siège;133 quai des Docks;95100;Argenteuil;95018;Île-de-France;48.9732;2.2679;1081;2023-12-06;;oui
SIT-03138;CLI-02500;Agence Périgueux;Agence;164 rue des Acacias;24000;Périgueux;24322;Nouvelle-Aquitaine;45.1409;0.6922;40;2020-07-12;;oui
SIT-03139;CLI-02500;Usine Montreuil;Usine;48 allée des Peupliers;93100;Montreuil;93048;Île-de-France;48.8873;2.4176;1209;2024-01-04;;oui
