id_ticket;id_client;id_contact;canal;categorie;priorite;date_ouverture;date_cloture;delai_resolution_h;satisfaction;agent
TIC-000001;CLI-00773;CTC-004124;Courriel;Réclamation;normale;2024-03-08;;;;Alain Morel
TIC-000002;CLI-01670;CTC-003685;Agence;Réclamation;haute;2024-05-11;2024-05-12;24;4;Camille Bertrand
TIC-000003;CLI-00010;CTC-007823;Formulaire web;Réclamation;haute;2026-08-21;2026-08-23;70;4;Vincent Richard
TIC-000004;CLI-01407;;Téléphone;Demande d’information;basse;2023-12-29;2023-12-29;22;5;Virginie Henry
TIC-000005;CLI-01634;CTC-001035;Agence;Facturation;normale;2026-01-17;2026-01-19;50;4;Catherine Chevalier
TIC-000006;CLI-02482;;Téléphone;Facturation;basse;2024-03-29;2024-03-30;28;4;Maxime Muller
TIC-000007;CLI-01044;CTC-004970;Courriel;Facturation;haute;2024-03-23;2024-03-24;46;4;Pauline Durand
TIC-000008;CLI-01599;CTC-002562;Courriel;Retour;normale;2024-04-03;;;;Catherine Dumont
TIC-000009;CLI-00850;CTC-004924;Formulaire web;Facturation;normale;2026-03-20;2026-03-22;48;4;Fanny Clément
TIC-000010;CLI-02430;;Formulaire web;Retour;basse;2023-09-20;2023-09-23;85;4;Virginie Henry
TIC-000011;CLI-01231;CTC-002845;Formulaire web;Retour;normale;2025-03-16;;;;Fanny Clément
TIC-000012;CLI-01287;;Agence;Réclamation;normale;2023-12-09;2023-12-11;58;3;Manon Michel
TIC-000013;CLI-00048;;Téléphone;Facturation;normale;2023-10-13;2023-10-13;1;3;Alexandre Chevalier
TIC-000014;CLI-00312;CTC-003918;Courriel;Produit défectueux;basse;2025-12-10;;;;Virginie Henry
TIC-000015;CLI-01143;;Courriel;Demande d’information;normale;2024-01-15;2024-01-15;1;4;Alexandre Chevalier
TIC-000016;CLI-01770;CTC-000896;Courriel;Livraison;haute;2024-01-08;2024-01-08;14;5;Manon Michel
TIC-000017;CLI-01406;;Courriel;Retour;basse;2025-10-09;;;;Catherine Dumont
TIC-000018;CLI-00731;CTC-004835;Agence;Produit défectueux;normale;2024-04-12;;;;Julie Dubois
TIC-000019;CLI-00901;CTC-002395;Agence;Produit défectueux;normale;2026-08-14;2026-08-16;58;2;Léa Durand
TIC-000020;CLI-00028;;Courriel;Facturation;basse;2026-01-21;2026-01-21;20;4;Vincent Richard
TIC-000021;CLI-01884;;Courriel;Produit défectueux;normale;2025-08-12;2025-08-14;59;3;Julie Dubois
TIC-000022;CLI-00122;CTC-001030;Téléphone;Réclamation;normale;2024-02-19;2024-02-21;50;3;Catherine Dumont
TIC-000023;CLI-02379;CTC-002189;Téléphone;Facturation;haute;2024-01-18;2024-01-18;4;3;Alain Morel
TIC-000024;CLI-01912;CTC-007181;Téléphone;Réclamation;normale;2025-12-05;2025-12-05;1;4;Virginie Henry
TIC-000025;CLI-00582;CTC-005123;Courriel;Demande d’information;normale;2025-01-23;2025-01-24;27;5;Catherine Chevalier
TIC-000026;CLI-00402;CTC-002220;Formulaire web;Réclamation;haute;2024-11-03;2024-11-04;47;4;Léa Durand
TIC-000027;CLI-01947;CTC-007606;Courriel;Retour;normale;2023-11-09;2023-11-12;75;5;Vincent Richard
TIC-000028;CLI-01832;CTC-005225;Formulaire web;Réclamation;normale;2024-05-17;2024-05-18;38;2;Jérôme Blanc
TIC-000029;CLI-00069;CTC-007293;Courriel;Livraison;normale;2023-12-23;2023-12-24;30;4;Alexandre Chevalier
TIC-000030;CLI-02475;;Courriel;Demande d’information;normale;2026-08-04;2026-08-04;12;4;Maxime Muller
TIC-000031;CLI-01003;CTC-005835;Téléphone;Retour;basse;2026-08-18;2026-08-21;83;5;Julie Dubois
TIC-000032;CLI-00771;;Téléphone;Produit défectueux;normale;2024-03-30;2024-04-01;65;4;Jérôme Blanc
TIC-000033;CLI-02267;CTC-004347;Téléphone;Retour;haute;2024-03-11;2024-03-13;54;4;Nathalie Michel
TIC-000034;CLI-00451;CTC-006529;Téléphone;Livraison;normale;2025-06-30;;;;Pauline Durand
TIC-000035;CLI-01973;CTC-000983;Téléphone;Retour;normale;2024-06-22;2024-06-24;50;4;Thomas Morel
TIC-000036;CLI-00181;CTC-006343;Agence;Réclamation;basse;2024-02-01;2024-02-03;67;5;Alexandre Chevalier
TIC-000037;CLI-01084;CTC-005346;Agence;Produit défectueux;normale;2026-02-22;2026-02-22;1;4;Camille Bertrand
TIC-000038;CLI-02413;CTC-006347;Téléphone;Demande d’information;normale;2026-07-10;2026-07-10;15;4;Thomas Morel
TIC-000039;CLI-01788;CTC-005261;Téléphone;Réclamation;basse;2024-02-18;2024-02-19;26;5;Sébastien Mercier
TIC-000040;CLI-00141;CTC-001507;Courriel;Facturation;normale;2024-10-15;2024-10-16;40;3;Camille Bertrand
TIC-000041;CLI-02494;CTC-004777;Agence;Produit défectueux;normale;2024-11-24;2024-11-24;23;4;Franck Lefebvre
TIC-000042;CLI-01181;;Agence;Retour;haute;2024-11-06;2024-11-08;55;5;Thomas Morel
TIC-000043;CLI-00977;CTC-005164;Formulaire web;Retour;normale;2023-10-22;2023-10-23;28;3;Julie Dubois
TIC-000044;CLI-01158;CTC-003693;Agence;Livraison;haute;2024-11-03;2024-11-03;1;4;Franck Lefebvre
TIC-000045;CLI-02237;CTC-004471;Formulaire web;Demande d’information;critique;2025-03-04;;;;Vincent Richard
TIC-000046;CLI-01459;CTC-005323;Téléphone;Facturation;normale;2026-01-20;2026-01-21;33;4;Léa Durand
TIC-000047;CLI-00771;;Agence;Retour;normale;2025-06-06;2025-06-08;50;4;Catherine Chevalier
TIC-000048;CLI-00623;;Courriel;Produit défectueux;normale;2025-04-10;2025-04-11;40;5;Fanny Clément
TIC-000049;CLI-02125;CTC-005800;Agence;Livraison;normale;2023-10-15;2023-10-17;54;4;Pauline Durand
TIC-000050;CLI-00227;CTC-005385;Agence;Produit défectueux;normale;2024-06-28;2024-06-28;18;5;Nathalie Michel
TIC-000051;CLI-01068;;Courriel;Livraison;normale;2025-11-11;2025-11-13;59;4;Fanny Clément
TIC-000052;CLI-02089;CTC-007633;Téléphone;Retour;normale;2026-06-19;2026-06-22;87;3;Sébastien Mercier
TIC-000053;CLI-02476;CTC-005979;Formulaire web;Retour;normale;2024-12-10;2024-12-11;38;4;Fanny Clément
TIC-000054;CLI-02207;;Formulaire web;Facturation;haute;2025-03-08;2025-03-08;1;4;Catherine Chevalier
TIC-000055;CLI-00176;;Téléphone;Réclamation;normale;2025-08-16;2025-08-17;33;3;Jérôme Blanc
TIC-000056;CLI-01881;;Courriel;Facturation;normale;2024-09-18;2024-09-20;53;1;Alexandre Chevalier
TIC-000057;CLI-01319;;Agence;Demande d’information;haute;2026-08-08;;;;Vincent Richard
TIC-000058;CLI-01736;CTC-001380;Téléphone;Réclamation;haute;2025-01-24;2025-01-26;59;4;Manon Michel
TIC-000059;CLI-01435;CTC-007355;Formulaire web;Livraison;normale;2024-11-08;;;;Julie Dubois
TIC-000060;CLI-00402;CTC-004287;Agence;Facturation;normale;2026-02-22;2026-02-22;16;5;Camille Bertrand
TIC-000061;CLI-02250;CTC-002948;Formulaire web;Facturation;normale;2024-02-10;2024-02-12;57;2;Alain Morel
TIC-000062;CLI-01802;CTC-004034;Téléphone;Retour;normale;2023-10-13;2023-10-15;58;2;Fanny Clément
TIC-000063;CLI-01142;CTC-003113;Formulaire web;Livraison;normale;2024-04-10;;;;Catherine Chevalier
TIC-000064;CLI-01472;CTC-004858;Téléphone;Facturation;normale;2024-02-19;2024-02-20;41;5;Fanny Clément
TIC-000065;CLI-02153;CTC-003414;Courriel;Retour;normale;2024-08-01;2024-08-03;49;3;Franck Lefebvre
TIC-000066;CLI-01368;;Formulaire web;Demande d’information;normale;2024-07-27;2024-07-29;63;4;Catherine Dumont
TIC-000067;CLI-01416;CTC-005839;Formulaire web;Facturation;normale;2026-05-15;2026-05-16;44;1;Nathalie Michel
TIC-000068;CLI-01050;CTC-006493;Agence;Demande d’information;basse;2026-03-11;2026-03-12;24;1;Fanny Clément
TIC-000069;CLI-01771;CTC-005715;Agence;Retour;basse;2024-11-22;2024-11-22;6;4;Fanny Clément
TIC-000070;CLI-01974;CTC-005917;Agence;Demande d’information;normale;2026-08-24;;;;Manon Michel
TIC-000071;CLI-01402;CTC-004117;Téléphone;Demande d’information;normale;2026-07-07;2026-07-08;36;5;Sébastien Mercier
TIC-000072;CLI-00289;CTC-007942;Formulaire web;Retour;normale;2024-07-01;2024-07-01;19;4;Fanny Clément
TIC-000073;CLI-01274;;Téléphone;Produit défectueux;normale;2025-04-26;2025-04-26;14;4;Maxime Muller
TIC-000074;CLI-02265;;Courriel;Produit défectueux;normale;2024-04-11;2024-04-11;13;2;Sébastien Mercier
TIC-000075;CLI-02069;CTC-002311;Courriel;Réclamation;normale;2023-09-28;2023-09-29;30;4;Catherine Dumont
TIC-000076;CLI-00927;;Courriel;Produit défectueux;haute;2024-07-22;2024-07-22;19;4;Franck Lefebvre
TIC-000077;CLI-00259;CTC-006829;Téléphone;Réclamation;normale;2024-03-05;2024-03-06;33;5;Alexandre Chevalier
TIC-000078;CLI-00383;CTC-004874;Courriel;Réclamation;basse;2024-06-17;2024-06-18;37;4;Camille Bertrand
TIC-000079;CLI-02157;CTC-002158;Courriel;Demande d’information;normale;2025-01-02;;;;Maxime Muller
TIC-000080;CLI-00863;CTC-007725;Téléphone;Produit défectueux;normale;2025-07-11;2025-07-12;24;4;Jérôme Blanc
TIC-000081;CLI-01869;CTC-006591;Formulaire web;Produit défectueux;normale;2025-11-28;2025-11-29;31;2;Jérôme Blanc
TIC-000082;CLI-01977;;Formulaire web;Réclamation;normale;2023-12-23;2023-12-23;5;4;Julie Dubois
TIC-000083;CLI-01867;CTC-003295;Téléphone;Produit défectueux;haute;2023-09-18;2023-09-18;1;2;Virginie Henry
TIC-000084;CLI-01764;;Courriel;Produit défectueux;normale;2024-07-21;2024-07-24;72;2;Maxime Muller
TIC-000085;CLI-00242;;Agence;Demande d’information;critique;2025-10-05;2025-10-07;64;3;Thomas Morel
TIC-000086;CLI-00798;;Formulaire web;Facturation;normale;2026-06-21;2026-06-21;4;5;Pauline Durand
TIC-000087;CLI-01444;CTC-002250;Téléphone;Livraison;normale;2026-01-06;2026-01-08;50;4;Virginie Henry
TIC-000088;CLI-00013;CTC-000104;Courriel;Retour;haute;2026-07-09;2026-07-09;8;3;Fanny Clément
TIC-000089;CLI-00199;;Formulaire web;Produit défectueux;normale;2025-09-23;2025-09-24;45;3;Catherine Dumont
TIC-000090;CLI-02259;;Formulaire web;Réclamation;haute;2024-09-21;2024-09-21;17;4;Jérôme Blanc
TIC-000091;CLI-01474;CTC-003737;Téléphone;Demande d’information;normale;2024-04-22;;;;Maxime Muller
TIC-000092;CLI-00738;;Téléphone;Réclamation;normale;2024-04-30;2024-04-30;1;10;Maxime Muller
TIC-000093;CLI-00098;;Courriel;Facturation;normale;2026-02-02;2026-02-02;2;3;Maxime Muller
TIC-000094;CLI-00699;CTC-006657;Courriel;Retour;normale;2024-02-13;2024-02-14;31;4;Alain Morel
TIC-000095;CLI-00251;CTC-001388;Formulaire web;Produit défectueux;normale;2024-09-21;2024-09-22;36;4;Virginie Henry
TIC-000096;CLI-00073;;Agence;Produit défectueux;normale;2025-04-08;2025-04-10;52;4;Julie Dubois
TIC-000097;CLI-01149;;Formulaire web;Produit défectueux;normale;2024-03-13;2024-03-13;23;5;Franck Lefebvre
TIC-000098;CLI-00488;;Courriel;Demande d’information;normale;2025-07-15;2025-07-15;9;5;Thomas Morel
TIC-000099;CLI-00018;;Courriel;Réclamation;normale;2024-01-03;2024-01-07;110;2;Nathalie Michel
TIC-000100;CLI-00498;;Formulaire web;Facturation;normale;2026-06-10;2026-06-10;10;4;Nathalie Michel
TIC-000101;CLI-01789;;Agence;Livraison;haute;2024-01-10;2024-01-10;1;2;Camille Bertrand
TIC-000102;CLI-01191;CTC-004430;Agence;Demande d’information;normale;2026-03-16;;;;Julie Dubois
TIC-000103;CLI-01852;CTC-006741;Agence;Livraison;normale;2025-01-08;;;;Vincent Richard
TIC-000104;CLI-00192;;Formulaire web;Produit défectueux;normale;2026-02-24;2026-02-24;1;3;Vincent Richard
TIC-000105;CLI-00939;CTC-003304;Agence;Demande d’information;basse;2025-01-12;2025-01-12;12;2;Alain Morel
TIC-000106;CLI-01070;CTC-007048;Agence;Produit défectueux;normale;2025-04-25;2025-04-26;38;3;Thomas Morel
TIC-000107;CLI-00145;CTC-004650;Agence;Retour;critique;2026-03-13;2026-03-13;10;2;Thomas Morel
TIC-000108;CLI-00057;CTC-000208;Courriel;Réclamation;normale;2025-05-17;2025-05-18;44;4;Franck Lefebvre
TIC-000109;CLI-00252;CTC-001891;Agence;Retour;basse;2025-11-24;2025-11-24;1;5;Jérôme Blanc
TIC-000110;CLI-01777;CTC-007074;Téléphone;Réclamation;normale;2026-07-29;2026-07-29;17;3;Catherine Chevalier
TIC-000111;CLI-01221;;Agence;Retour;normale;2024-06-28;2024-06-28;10;5;Sébastien Mercier
TIC-000112;CLI-01641;CTC-007176;Courriel;Livraison;normale;2023-09-21;2023-09-21;23;3;Pauline Durand
TIC-000113;CLI-01453;;Téléphone;Facturation;normale;2025-01-22;2025-01-22;1;4;Vincent Richard
TIC-000114;CLI-02389;CTC-000403;Téléphone;Retour;basse;2025-09-08;2025-09-12;100;5;Catherine Chevalier
TIC-000115;CLI-00907;CTC-007798;Téléphone;Demande d’information;basse;2026-01-21;2026-01-23;70;2;Catherine Dumont
TIC-000116;CLI-01865;CTC-000843;Téléphone;Livraison;normale;2025-03-07;2025-03-07;1;5;Nathalie Michel
TIC-000117;CLI-01783;CTC-004080;Téléphone;Retour;normale;2024-07-17;2024-07-20;78;4;Manon Michel
TIC-000118;CLI-02299;CTC-002589;Courriel;Demande d’information;haute;2025-07-02;;;;Alain Morel
TIC-000119;CLI-00676;;Agence;Retour;normale;2026-08-04;2026-08-04;1;2;Manon Michel
TIC-000120;CLI-00387;CTC-001116;Téléphone;Livraison;normale;2026-05-08;2026-05-10;60;3;Franck Lefebvre
TIC-000121;CLI-01106;;Formulaire web;Réclamation;normale;2026-01-19;2026-01-21;49;2;Camille Bertrand
TIC-000122;CLI-00078;;Courriel;Demande d’information;normale;2025-09-27;2025-09-29;56;2;Jérôme Blanc
TIC-000123;CLI-00269;CTC-004175;Agence;Produit défectueux;normale;2023-11-19;2023-11-19;12;3;Virginie Henry
TIC-000124;CLI-02236;;Agence;Facturation;normale;2024-01-01;2024-01-01;1;2;Alexandre Chevalier
TIC-000125;CLI-01590;CTC-000434;Téléphone;Retour;critique;2026-06-14;2026-06-16;48;1;Catherine Chevalier
TIC-000126;CLI-00973;;Formulaire web;Produit défectueux;haute;2024-09-26;2024-09-29;77;3;Sébastien Mercier
TIC-000127;CLI-02417;CTC-002331;Formulaire web;Livraison;critique;2024-09-15;2024-09-17;55;3;Thomas Morel
TIC-000128;CLI-02378;CTC-001348;Téléphone;Livraison;normale;2025-05-14;2025-05-16;56;5;Franck Lefebvre
TIC-000129;CLI-00476;CTC-007180;Téléphone;Retour;haute;2024-04-19;;;;Thomas Morel
TIC-000130;CLI-01100;;Agence;Retour;basse;2024-12-03;2024-12-06;72;0;Vincent Richard
TIC-000131;CLI-00815;;Téléphone;Livraison;normale;2026-04-01;2026-04-04;82;4;Pauline Durand
TIC-000132;CLI-02193;;Courriel;Facturation;basse;2025-10-07;2025-10-08;38;5;Jérôme Blanc
TIC-000133;CLI-01317;;Agence;Facturation;normale;2025-07-31;2025-08-01;41;4;Catherine Chevalier
TIC-000134;CLI-00346;CTC-005922;Téléphone;Produit défectueux;normale;2026-03-18;;;;Sébastien Mercier
TIC-000135;CLI-01684;CTC-006007;Téléphone;Livraison;normale;2026-08-26;2026-08-27;39;3;Catherine Chevalier
TIC-000136;CLI-01871;CTC-001121;Téléphone;Demande d’information;basse;2023-10-17;2023-10-19;63;4;Maxime Muller
TIC-000137;CLI-00899;CTC-000900;Agence;Facturation;critique;2026-01-10;2026-01-10;1;1;Camille Bertrand
TIC-000138;CLI-00545;;Formulaire web;Produit défectueux;normale;2023-10-02;;;;Nathalie Michel
TIC-000139;CLI-01487;CTC-002154;Téléphone;Facturation;normale;2024-07-04;2024-07-05;36;4;Manon Michel
TIC-000140;CLI-01708;CTC-002073;Téléphone;Retour;normale;2025-03-04;2025-03-07;94;5;Fanny Clément
TIC-000141;CLI-01949;CTC-007476;Courriel;Livraison;critique;2025-03-20;2025-03-20;5;4;Nathalie Michel
TIC-000142;CLI-00819;;Courriel;Produit défectueux;basse;2026-08-22;2026-08-24;49;4;Maxime Muller
TIC-000143;CLI-02138;;Agence;Réclamation;normale;2026-09-07;2026-09-09;63;4;Julie Dubois
TIC-000144;CLI-01329;CTC-003717;Courriel;Facturation;normale;2023-11-06;2023-11-06;9;4;Thomas Morel
TIC-000145;CLI-01465;;Formulaire web;Réclamation;normale;2024-12-25;2024-12-27;57;4;Manon Michel
TIC-000146;CLI-00955;CTC-007941;Téléphone;Demande d’information;normale;2025-09-23;;;;Pauline Durand
TIC-000147;CLI-00749;CTC-004765;Agence;Facturation;normale;2024-07-31;;;;Catherine Dumont
TIC-000148;CLI-02071;CTC-002458;Formulaire web;Retour;normale;2023-11-08;2023-11-08;2;5;Fanny Clément
TIC-000149;CLI-00802;;Agence;Facturation;haute;2025-11-23;2025-11-24;35;3;Fanny Clément
TIC-000150;CLI-00557;CTC-007869;Téléphone;Retour;normale;2024-02-06;2024-02-07;24;2;Manon Michel
TIC-000151;CLI-00371;CTC-007583;Formulaire web;Réclamation;basse;2024-05-22;;;;Catherine Chevalier
TIC-000152;CLI-01003;CTC-001982;Agence;Livraison;normale;2025-10-27;2025-10-28;30;3;Virginie Henry
TIC-000153;CLI-01708;CTC-003744;Téléphone;Livraison;basse;2023-12-03;2023-12-07;96;4;Léa Durand
TIC-000154;CLI-00052;CTC-002057;Téléphone;Réclamation;critique;2023-11-22;;;;Catherine Dumont
TIC-000155;CLI-01373;CTC-005779;Agence;Réclamation;normale;2024-03-11;2024-03-12;33;3;Julie Dubois
TIC-000156;CLI-00892;;Formulaire web;Facturation;haute;2025-01-23;2025-01-25;68;4;Camille Bertrand
TIC-000157;CLI-01575;CTC-000964;Courriel;Livraison;normale;2024-07-15;2024-07-15;15;5;Camille Bertrand
TIC-000158;CLI-01778;CTC-005905;Agence;Produit défectueux;basse;2026-05-27;2026-05-28;42;4;Maxime Muller
TIC-000159;CLI-02296;;Téléphone;Retour;normale;2026-07-05;2026-07-06;36;3;Alain Morel
TIC-000160;CLI-02462;CTC-002638;Téléphone;Livraison;basse;2024-04-11;2024-04-11;1;5;Alain Morel
TIC-000161;CLI-02136;CTC-004221;Téléphone;Produit défectueux;normale;2023-12-09;2023-12-10;39;1;Catherine Chevalier
TIC-000162;CLI-02081;CTC-005599;Courriel;Livraison;normale;2026-04-24;2026-04-25;44;5;Vincent Richard
TIC-000163;CLI-01165;;Formulaire web;Produit défectueux;normale;2024-07-13;2024-07-14;47;3;Manon Michel
TIC-000164;CLI-00952;;Formulaire web;Facturation;normale;2024-10-15;2024-10-16;41;4;Sébastien Mercier
TIC-000165;CLI-00934;CTC-006521;Téléphone;Demande d’information;normale;2024-11-24;2024-11-24;1;5;Fanny Clément
TIC-000166;CLI-00665;;Agence;Produit défectueux;critique;2025-04-11;2025-04-11;1;5;Manon Michel
TIC-000167;CLI-00171;CTC-001119;Téléphone;Réclamation;critique;2023-10-14;2023-10-15;29;4;Franck Lefebvre
TIC-000168;CLI-01198;;Formulaire web;Livraison;normale;2025-09-02;2025-09-02;1;4;Fanny Clément
TIC-000169;CLI-00463;CTC-002833;Téléphone;Facturation;normale;2023-09-13;2023-09-13;19;3;Alain Morel
TIC-000170;CLI-01486;CTC-002217;Téléphone;Demande d’information;basse;2025-08-05;2025-08-06;34;3;Vincent Richard
TIC-000171;CLI-01528;CTC-005133;Courriel;Retour;haute;2024-10-31;2024-11-01;25;1;Maxime Muller
TIC-000172;CLI-01283;CTC-005578;Formulaire web;Livraison;normale;2026-07-22;2026-07-23;29;5;Maxime Muller
TIC-000173;CLI-00247;CTC-006032;Agence;Produit défectueux;normale;2026-09-09;;;;Thomas Morel
TIC-000174;CLI-01659;;Agence;Facturation;haute;2025-12-28;2025-12-28;2;4;Camille Bertrand
TIC-000175;CLI-02398;;Agence;Livraison;normale;2025-11-09;2025-11-09;1;5;Franck Lefebvre
TIC-000176;CLI-00135;CTC-005721;Courriel;Retour;normale;2024-01-19;2024-01-21;58;3;Vincent Richard
TIC-000177;CLI-01532;CTC-006224;Téléphone;Produit défectueux;haute;2023-09-11;2023-09-12;26;3;Vincent Richard
TIC-000178;CLI-01912;;Formulaire web;Réclamation;normale;2024-04-16;2024-04-16;11;4;Virginie Henry
TIC-000179;CLI-01311;;Courriel;Livraison;normale;2025-10-31;2025-11-01;25;3;Pauline Durand
TIC-000180;CLI-00885;CTC-007245;Courriel;Facturation;haute;2026-05-31;2026-06-01;24;3;Léa Durand
TIC-000181;CLI-01924;CTC-006888;Courriel;Demande d’information;normale;2024-05-26;2024-05-27;35;4;Fanny Clément
TIC-000182;CLI-00056;;Agence;Produit défectueux;normale;2023-11-08;2023-11-09;34;4;Thomas Morel
TIC-000183;CLI-00506;CTC-000905;Téléphone;Livraison;basse;2025-12-18;2025-12-19;44;4;Sébastien Mercier
TIC-000184;CLI-00892;;Téléphone;Demande d’information;normale;2025-11-10;2025-11-11;46;5;Sébastien Mercier
TIC-000185;CLI-02311;CTC-002494;Agence;Facturation;normale;2025-11-28;2025-12-01;93;3;Thomas Morel
TIC-000186;CLI-00209;;Courriel;Produit défectueux;normale;2024-01-24;2024-01-28;98;3;Virginie Henry
TIC-000187;CLI-01653;;Courriel;Réclamation;haute;2024-10-30;;;;Nathalie Michel
TIC-000188;CLI-00528;;Agence;Demande d’information;haute;2023-10-21;2023-10-22;32;4;Fanny Clément
TIC-000189;CLI-00821;CTC-005492;Formulaire web;Demande d’information;normale;2026-01-10;2026-01-10;1;5;Sébastien Mercier
TIC-000190;CLI-01128;;Téléphone;Demande d’information;basse;2025-11-08;2025-11-09;24;4;Nathalie Michel
TIC-000191;CLI-01641;CTC-003958;Formulaire web;Livraison;basse;2024-08-09;2024-08-09;16;3;Jérôme Blanc
TIC-000192;CLI-00527;;Courriel;Réclamation;normale;2025-08-23;2025-08-26;74;4;Fanny Clément
TIC-000193;CLI-01960;CTC-005362;Courriel;Demande d’information;normale;2026-07-04;2026-07-05;33;5;Julie Dubois
TIC-000194;CLI-02012;CTC-003039;Téléphone;Réclamation;normale;2024-11-16;2024-11-17;35;5;Maxime Muller
TIC-000195;CLI-01147;CTC-002721;Téléphone;Demande d’information;basse;2026-04-03;2026-04-03;4;1;Alain Morel
TIC-000196;CLI-00247;CTC-006032;Téléphone;Produit défectueux;normale;2023-11-16;2023-11-19;73;4;Nathalie Michel
TIC-000197;CLI-01537;CTC-004062;Formulaire web;Livraison;haute;2023-11-29;2023-11-29;13;5;Pauline Durand
TIC-000198;CLI-00655;;Téléphone;Facturation;haute;2026-08-06;2026-08-06;3;4;Catherine Dumont
TIC-000199;CLI-02095;;Téléphone;Produit défectueux;normale;2024-03-11;2024-03-12;26;2;Franck Lefebvre
TIC-000200;CLI-01780;CTC-004605;Courriel;Livraison;normale;2025-07-14;2025-07-15;32;2;Virginie Henry
TIC-000201;CLI-01591;CTC-000872;Agence;Livraison;normale;2025-12-04;2025-12-06;55;4;Catherine Dumont
TIC-000202;CLI-00041;CTC-005408;Courriel;Réclamation;haute;2023-11-22;2023-11-22;1;5;Maxime Muller
TIC-000203;CLI-00676;;Agence;Livraison;basse;2026-06-11;2026-06-13;62;4;Camille Bertrand
TIC-000204;CLI-00014;CTC-004741;Agence;Livraison;normale;2025-01-06;2025-01-06;17;4;Alain Morel
TIC-000205;CLI-02084;;Agence;Produit défectueux;basse;2024-10-13;2024-10-16;77;4;Fanny Clément
TIC-000206;CLI-00932;;Agence;Facturation;basse;2024-07-25;2024-07-25;1;2;Julie Dubois
TIC-000207;CLI-00459;CTC-004338;Téléphone;Produit défectueux;basse;2024-02-23;2024-02-23;1;4;Manon Michel
TIC-000208;CLI-01883;CTC-007028;Courriel;Livraison;normale;2023-12-20;2023-12-21;40;1;Fanny Clément
TIC-000209;CLI-01824;CTC-006249;Formulaire web;Demande d’information;normale;2026-02-10;2026-01-29;90;5;Alain Morel
TIC-000210;CLI-00092;;Téléphone;Produit défectueux;normale;2025-01-23;;;;Catherine Chevalier
TIC-000211;CLI-00149;CTC-005872;Téléphone;Retour;normale;2025-09-04;2025-09-04;20;4;Manon Michel
TIC-000212;CLI-00226;CTC-007911;Courriel;Facturation;normale;2024-05-04;2024-05-04;13;3;Nathalie Michel
TIC-000213;CLI-01374;;Agence;Livraison;normale;2025-04-20;2025-04-22;51;3;Catherine Dumont
TIC-000214;CLI-01153;CTC-003294;Agence;Facturation;normale;2025-08-13;2025-08-15;64;4;Thomas Morel
TIC-000215;CLI-02066;;Courriel;Réclamation;normale;2026-03-26;2026-03-26;23;4;Julie Dubois
TIC-000216;CLI-00865;CTC-000145;Formulaire web;Retour;normale;2023-11-21;2023-11-23;59;4;Julie Dubois
TIC-000217;CLI-00735;CTC-004841;Formulaire web;Demande d’information;normale;2024-03-31;2024-04-01;29;4;Alexandre Chevalier
TIC-000218;CLI-00716;CTC-003971;Courriel;Réclamation;normale;2024-02-10;2024-02-12;57;4;Franck Lefebvre
TIC-000219;CLI-01895;CTC-000706;Formulaire web;Réclamation;normale;2025-10-13;2025-10-14;34;5;Manon Michel
TIC-000220;CLI-01709;CTC-001647;Téléphone;Demande d’information;critique;2023-10-30;2023-10-30;16;4;Manon Michel
TIC-000221;CLI-01725;;Téléphone;Réclamation;normale;2026-06-03;2026-06-06;95;4;Sébastien Mercier
TIC-000222;CLI-01532;CTC-006224;Agence;Réclamation;basse;2024-02-10;2024-02-14;110;4;Vincent Richard
TIC-000223;CLI-01403;CTC-002466;Courriel;Demande d’information;normale;2025-11-14;2025-11-17;79;1;Catherine Dumont
TIC-000224;CLI-02227;CTC-002770;Téléphone;Produit défectueux;normale;2025-10-03;;;;Virginie Henry
TIC-000225;CLI-00796;CTC-001917;Téléphone;Réclamation;normale;2024-04-30;2024-05-02;63;4;Vincent Richard
TIC-000226;CLI-00185;CTC-004817;Agence;Livraison;haute;2025-07-30;2025-07-31;43;4;Manon Michel
TIC-000227;CLI-01350;CTC-000185;Formulaire web;Facturation;normale;2026-07-04;2026-07-05;28;5;Pauline Durand
TIC-000228;CLI-01428;CTC-007213;Téléphone;Facturation;basse;2025-04-14;2025-04-15;42;4;Jérôme Blanc
TIC-000229;CLI-01979;CTC-006050;Agence;Réclamation;basse;2023-10-10;2023-10-10;11;1;Alexandre Chevalier
TIC-000230;CLI-01933;CTC-000319;Agence;Livraison;normale;2026-07-01;2026-07-04;81;5;Vincent Richard
TIC-000231;CLI-00126;CTC-003108;Téléphone;Demande d’information;basse;2024-07-13;2024-07-14;25;4;Camille Bertrand
TIC-000232;CLI-01834;;Agence;Réclamation;NORMALE;2026-04-25;2026-04-25;1;4;Julie Dubois
TIC-000233;CLI-01063;CTC-004497;Agence;Retour;normale;2024-06-18;2024-06-20;68;3;Catherine Dumont
TIC-000234;CLI-01729;CTC-004502;Téléphone;Retour;normale;2023-09-26;2023-09-28;48;3;Catherine Dumont
TIC-000235;CLI-00059;;Téléphone;Produit défectueux;normale;2024-01-09;2024-01-10;39;5;Alain Morel
TIC-000236;CLI-01959;CTC-006877;Formulaire web;Livraison;normale;2026-03-03;2026-03-07;109;2;Nathalie Michel
TIC-000237;CLI-00764;CTC-006367;Courriel;Facturation;normale;2026-02-28;2026-02-28;1;4;Virginie Henry
TIC-000238;CLI-01451;;Téléphone;Réclamation;normale;2024-11-02;2024-11-03;31;5;Jérôme Blanc
TIC-000239;CLI-01815;;Agence;Réclamation;normale;2024-08-21;2024-08-21;16;5;Alain Morel
TIC-000240;CLI-00378;CTC-005687;Formulaire web;Livraison;normale;2024-12-10;2024-12-11;26;3;Léa Durand
TIC-000241;CLI-01882;CTC-006689;Agence;Demande d’information;basse;2025-11-20;2025-11-21;27;4;Catherine Dumont
TIC-000242;CLI-01435;CTC-000086;Courriel;Livraison;haute;2024-06-07;2024-06-08;47;4;Virginie Henry
TIC-000243;CLI-00740;CTC-002532;Téléphone;Demande d’information;haute;2026-08-15;2026-08-17;58;4;Vincent Richard
TIC-000244;CLI-02090;CTC-005318;Formulaire web;Facturation;normale;2025-12-31;2025-12-31;1;2;Vincent Richard
TIC-000245;CLI-01779;CTC-000387;Courriel;Réclamation;basse;2025-05-09;2025-05-11;48;5;Catherine Chevalier
TIC-000246;CLI-02361;;Agence;Facturation;haute;2025-06-12;;;;Pauline Durand
TIC-000247;CLI-02450;CTC-005018;Courriel;Facturation;normale;2023-12-19;2023-12-22;78;3;Franck Lefebvre
TIC-000248;CLI-00036;CTC-002577;Agence;Facturation;haute;2025-05-14;2025-05-14;1;3;Manon Michel
TIC-000249;CLI-02482;;Courriel;Demande d’information;haute;2024-06-28;2024-06-24;60;3;Manon Michel
TIC-000250;CLI-00896;CTC-004601;Formulaire web;Facturation;basse;2025-05-09;;;;Virginie Henry
TIC-000251;CLI-00268;CTC-003154;Courriel;Facturation;normale;2025-01-21;2025-01-22;30;4;Catherine Dumont
TIC-000252;CLI-01283;CTC-000794;Agence;Facturation;normale;2025-08-17;2025-08-20;72;2;Nathalie Michel
TIC-000253;CLI-01431;CTC-002690;Formulaire web;Produit défectueux;critique;2025-07-23;2025-07-23;1;2;Maxime Muller
TIC-000254;CLI-00991;CTC-001385;Agence;Livraison;normale;2025-12-25;2025-12-28;72;2;Camille Bertrand
TIC-000255;CLI-01512;CTC-002989;Téléphone;Facturation;normale;2026-04-06;;;;Léa Durand
TIC-000256;CLI-01191;;Formulaire web;Réclamation;basse;2025-04-16;2025-04-19;95;4;Virginie Henry
TIC-000257;CLI-02377;CTC-007287;Agence;Facturation;normale;2023-10-04;;;;Sébastien Mercier
TIC-000258;CLI-01074;CTC-005942;Téléphone;Livraison;basse;2024-10-17;;;;Sébastien Mercier
TIC-000259;CLI-00346;CTC-005922;Téléphone;Réclamation;normale;2024-08-28;2024-08-30;63;1;Maxime Muller
TIC-000260;CLI-00871;;Courriel;Demande d’information;critique;2026-06-09;2026-06-10;24;4;Jérôme Blanc
TIC-000261;CLI-01230;CTC-000946;Téléphone;Demande d’information;haute;2025-09-21;2025-09-21;16;5;Fanny Clément
TIC-000262;CLI-00558;CTC-004839;Courriel;Retour;normale;2026-03-01;;;;Alexandre Chevalier
TIC-000263;CLI-00579;CTC-005682;Formulaire web;Demande d’information;critique;2026-06-28;2026-06-28;1;5;Julie Dubois
TIC-000264;CLI-02201;CTC-005603;Formulaire web;Demande d’information;normale;2026-01-17;2026-01-19;54;4;Léa Durand
TIC-000265;CLI-00511;CTC-007097;Agence;Demande d’information;critique;2026-01-01;2026-01-02;30;3;Alexandre Chevalier
TIC-000266;CLI-02428;;Agence;Produit défectueux;basse;2024-04-11;2024-04-12;45;3;Vincent Richard
TIC-000267;CLI-01886;;Agence;Livraison;normale;2026-03-09;2026-03-09;5;4;Léa Durand
TIC-000268;CLI-02238;CTC-007399;Formulaire web;Facturation;normale;2026-07-15;2026-07-17;58;2;Franck Lefebvre
TIC-000269;CLI-00817;;Agence;Réclamation;normale;2025-03-14;2025-03-14;13;3;Jérôme Blanc
TIC-000270;CLI-00311;CTC-000753;Courriel;Retour;normale;2025-07-15;;;;Léa Durand
TIC-000271;CLI-01597;CTC-007923;Agence;Produit défectueux;haute;2024-02-06;2024-02-08;49;3;Sébastien Mercier
TIC-000272;CLI-02307;CTC-003181;Téléphone;Demande d’information;normale;2024-05-22;2024-05-24;58;4;Manon Michel
TIC-000273;CLI-01649;;Téléphone;Produit défectueux;haute;2026-08-30;2026-08-30;1;4;Franck Lefebvre
TIC-000274;CLI-02381;;Formulaire web;Produit défectueux;normale;2024-07-15;;;;Franck Lefebvre
TIC-000275;CLI-00207;;Agence;Réclamation;normale;2026-02-12;2026-02-12;13;2;Fanny Clément
TIC-000276;CLI-00842;CTC-005615;Téléphone;Réclamation;normale;2024-07-19;2024-07-20;37;2;Camille Bertrand
TIC-000277;CLI-00869;;Courriel;Produit défectueux;normale;2024-09-01;2024-09-02;36;4;Catherine Dumont
TIC-000278;CLI-01244;CTC-006815;Téléphone;Produit défectueux;normale;2026-02-11;2026-02-13;56;4;Pauline Durand
TIC-000279;CLI-00589;CTC-000384;Courriel;Demande d’information;normale;2024-12-30;;;;Catherine Dumont
TIC-000280;CLI-00825;;Téléphone;Réclamation;normale;2026-04-29;2026-04-30;36;5;Camille Bertrand
TIC-000281;CLI-01297;CTC-003373;Téléphone;Produit défectueux;critique;2024-06-13;2024-06-14;44;10;Manon Michel
TIC-000282;CLI-01734;;Courriel;Facturation;haute;2026-08-04;2026-08-06;53;5;Fanny Clément
TIC-000283;CLI-00791;CTC-006342;Courriel;Facturation;haute;2024-10-30;;;;Catherine Dumont
TIC-000284;CLI-01514;;Courriel;Réclamation;basse;2025-09-08;2025-09-10;53;2;Vincent Richard
TIC-000285;CLI-01463;CTC-006442;Téléphone;Livraison;normale;2024-02-10;2024-02-12;54;3;Nathalie Michel
TIC-000286;CLI-02331;CTC-006370;Formulaire web;Réclamation;normale;2025-12-28;2025-12-29;33;4;Alexandre Chevalier
TIC-000287;CLI-00185;CTC-001168;Téléphone;Retour;haute;2025-10-06;2025-10-08;56;4;Catherine Chevalier
TIC-000288;CLI-01406;;Formulaire web;Demande d’information;normale;2024-06-28;2024-06-29;39;4;Vincent Richard
TIC-000289;CLI-02411;CTC-003307;Téléphone;Produit défectueux;basse;2024-07-25;2024-07-26;36;5;Maxime Muller
TIC-000290;CLI-02243;CTC-004382;Téléphone;Réclamation;normale;2024-02-25;2024-02-26;30;5;Virginie Henry
TIC-000291;CLI-01334;CTC-004822;Téléphone;Demande d’information;normale;2024-12-06;2024-12-07;46;5;Sébastien Mercier
TIC-000292;CLI-01620;CTC-006865;Courriel;Réclamation;normale;2024-05-29;2024-05-30;24;2;Catherine Chevalier
TIC-000293;CLI-00736;;Courriel;Facturation;normale;2025-05-02;2025-05-02;1;4;Vincent Richard
TIC-000294;CLI-00332;CTC-000138;Courriel;Demande d’information;normale;2024-06-28;2024-06-30;50;5;Léa Durand
TIC-000295;CLI-00945;;Agence;Produit défectueux;normale;2024-01-06;2024-01-06;12;4;Catherine Chevalier
TIC-000296;CLI-00772;CTC-007461;Agence;Réclamation;normale;2025-10-07;2025-10-07;15;5;Virginie Henry
TIC-000297;CLI-01198;;Courriel;Produit défectueux;basse;2025-09-21;2025-09-22;44;4;Catherine Chevalier
TIC-000298;CLI-00179;;Agence;Demande d’information;normale;2024-11-14;2024-11-14;16;4;Alain Morel
TIC-000299;CLI-02319;CTC-007730;Téléphone;Produit défectueux;normale;2026-08-12;2026-08-14;55;4;Jérôme Blanc
TIC-000300;CLI-01582;CTC-002113;Agence;Livraison;normale;2025-09-24;2025-09-24;6;5;Maxime Muller
TIC-000301;CLI-00167;CTC-001797;Courriel;Produit défectueux;normale;2024-10-29;2024-10-29;1;5;Catherine Chevalier
TIC-000302;CLI-00223;CTC-004789;Téléphone;Réclamation;normale;2024-05-18;2024-05-18;8;3;Fanny Clément
TIC-000303;CLI-01836;CTC-004570;Formulaire web;Retour;normale;2025-09-22;2025-09-22;8;1;Camille Bertrand
TIC-000304;CLI-02375;;Courriel;Produit défectueux;haute;2026-01-04;2026-01-05;46;4;Virginie Henry
TIC-000305;CLI-01580;;Agence;Livraison;normale;2026-05-02;2026-05-02;17;5;Vincent Richard
TIC-000306;CLI-01828;;Courriel;Retour;normale;2023-12-01;2023-12-01;19;4;Virginie Henry
TIC-000307;CLI-01486;CTC-002217;Courriel;Livraison;basse;2023-12-10;2023-12-10;1;5;Sébastien Mercier
TIC-000308;CLI-02051;CTC-005214;Courriel;Retour;basse;2025-06-13;2025-06-15;61;3;Catherine Chevalier
TIC-000309;CLI-01039;CTC-002623;Formulaire web;Demande d’information;normale;2024-12-10;;;;Vincent Richard
TIC-000310;CLI-00191;CTC-004523;Formulaire web;Produit défectueux;normale;2024-06-10;2024-06-11;47;4;Nathalie Michel
TIC-000311;CLI-01189;;Agence;Produit défectueux;normale;2025-03-23;2025-03-24;41;5;Virginie Henry
TIC-000312;CLI-02237;;Téléphone;Réclamation;haute;2025-11-16;2025-11-16;11;3;Nathalie Michel
TIC-000313;CLI-00596;CTC-004200;Téléphone;Livraison;normale;2023-12-27;2023-12-27;7;5;Catherine Chevalier
TIC-000314;CLI-01420;;Formulaire web;Retour;haute;2024-11-22;2024-11-23;36;4;Léa Durand
TIC-000315;CLI-02189;CTC-005934;Courriel;Retour;normale;2024-10-21;2024-10-23;60;4;Alexandre Chevalier
TIC-000316;CLI-00154;CTC-001969;Téléphone;Produit défectueux;normale;2023-10-08;2023-10-10;51;5;Thomas Morel
TIC-000317;CLI-02042;CTC-001245;Formulaire web;Livraison;normale;2025-12-25;2025-12-25;17;2;Alexandre Chevalier
TIC-000318;CLI-00442;;Formulaire web;Facturation;normale;2025-11-30;2025-12-01;36;4;Julie Dubois
TIC-000319;CLI-00834;CTC-002329;Agence;Facturation;basse;2023-09-17;;;;Maxime Muller
TIC-000320;CLI-01599;CTC-002562;Courriel;Retour;basse;2025-03-10;2025-03-12;57;5;Sébastien Mercier
TIC-000321;CLI-02009;CTC-004953;Agence;Facturation;normale;2023-11-04;2023-11-04;1;5;Jérôme Blanc
TIC-000322;CLI-01871;CTC-001121;Formulaire web;Facturation;normale;2025-09-26;2025-09-28;60;5;Camille Bertrand
TIC-000323;CLI-00939;CTC-006943;Formulaire web;Réclamation;normale;2026-08-11;2026-08-12;30;4;Virginie Henry
TIC-000324;CLI-00164;;Courriel;Retour;basse;2026-04-09;2026-04-09;23;3;Manon Michel
TIC-000325;CLI-00749;CTC-001973;Agence;Demande d’information;normale;2025-12-19;2025-12-21;57;4;Catherine Dumont
TIC-000326;CLI-02200;CTC-002136;Formulaire web;Facturation;normale;2026-07-22;;;;Manon Michel
TIC-000327;CLI-00643;;Agence;Livraison;normale;2024-09-11;;;;Catherine Chevalier
TIC-000328;CLI-00485;CTC-003153;Formulaire web;Réclamation;haute;2023-09-15;2023-09-15;18;5;Maxime Muller
TIC-000329;CLI-01889;CTC-000573;Formulaire web;Demande d’information;critique;2025-11-27;2025-11-27;17;4;Virginie Henry
TIC-000330;CLI-00920;CTC-004015;Agence;Facturation;critique;2026-06-20;2026-06-20;1;4;Thomas Morel
TIC-000331;CLI-01162;CTC-003771;Agence;Produit défectueux;basse;2025-01-23;2025-01-24;26;4;Maxime Muller
TIC-000332;CLI-00058;;Téléphone;Livraison;critique;2024-08-19;2024-08-19;1;5;Alain Morel
TIC-000333;CLI-02316;CTC-007318;Téléphone;Produit défectueux;normale;2024-08-25;2024-08-25;1;1;Catherine Chevalier
TIC-000334;CLI-00152;CTC-001434;Agence;Facturation;haute;2024-02-24;2024-02-25;25;4;Julie Dubois
TIC-000335;CLI-00213;CTC-001690;Téléphone;Retour;normale;2024-10-04;2024-10-07;79;4;Franck Lefebvre
TIC-000336;CLI-00512;CTC-004128;Courriel;Livraison;normale;2026-05-05;2026-05-07;67;1;Alexandre Chevalier
TIC-000337;CLI-00136;;Courriel;Livraison;basse;2025-08-12;2025-08-14;62;5;Camille Bertrand
TIC-000338;CLI-01371;CTC-002556;Courriel;Retour;normale;2026-01-08;2026-01-09;30;5;Catherine Chevalier
TIC-000339;CLI-00373;;Courriel;Facturation;haute;2024-01-02;2024-01-03;36;5;Catherine Dumont
TIC-000340;CLI-01023;CTC-001160;Téléphone;Facturation;normale;2024-12-13;2024-12-13;21;1;Manon Michel
TIC-000341;CLI-00534;;Formulaire web;Livraison;normale;2024-03-29;2024-03-29;1;3;Pauline Durand
TIC-000342;CLI-00887;CTC-006268;Formulaire web;Réclamation;basse;2024-11-02;2024-11-02;16;4;Pauline Durand
TIC-000343;CLI-01907;CTC-007294;Formulaire web;Livraison;normale;2026-08-08;2026-08-09;32;5;Catherine Chevalier
TIC-000344;CLI-02219;CTC-005887;Téléphone;Facturation;normale;2026-04-06;;;;Léa Durand
TIC-000345;CLI-02300;CTC-005990;Téléphone;Facturation;normale;2023-11-11;2023-11-12;31;4;Catherine Dumont
TIC-000346;CLI-02017;CTC-007523;Téléphone;Livraison;basse;2024-07-08;2024-07-10;54;5;Nathalie Michel
TIC-000347;CLI-00828;CTC-000385;Agence;Réclamation;basse;2025-02-05;2025-02-06;44;4;Sébastien Mercier
TIC-000348;CLI-00925;;Téléphone;Retour;normale;2024-05-19;2024-05-19;22;4;Sébastien Mercier
TIC-000349;CLI-00674;CTC-005228;Formulaire web;Facturation;normale;2025-04-15;2025-04-16;36;2;Jérôme Blanc
TIC-000350;CLI-01264;;Courriel;Produit défectueux;haute;2024-03-23;2024-03-26;88;5;Alexandre Chevalier
TIC-000351;CLI-01093;;Agence;Retour;normale;2024-09-25;2024-09-27;62;5;Virginie Henry
TIC-000352;CLI-00095;CTC-002409;Formulaire web;Retour;normale;2026-06-07;2026-06-08;46;4;Thomas Morel
TIC-000353;CLI-02004;;Courriel;Demande d’information;basse;2025-02-06;2025-02-08;62;5;Maxime Muller
TIC-000354;CLI-01321;CTC-005254;Formulaire web;Facturation;basse;2024-06-06;;;;Jérôme Blanc
TIC-000355;CLI-00656;;Formulaire web;Demande d’information;normale;2025-01-30;2025-02-01;69;5;Franck Lefebvre
TIC-000356;CLI-02098;;Téléphone;Retour;normale;2025-11-03;2025-11-04;45;2;Manon Michel
TIC-000357;CLI-00521;CTC-007978;Courriel;Livraison;normale;2024-11-11;2024-11-11;19;5;Julie Dubois
TIC-000358;CLI-01051;;Agence;Produit défectueux;haute;2025-02-18;2025-02-22;104;2;Virginie Henry
TIC-000359;CLI-00690;CTC-000742;Téléphone;Produit défectueux;normale;2026-06-21;2026-06-23;70;4;Camille Bertrand
TIC-000360;CLI-00903;CTC-002701;Agence;Retour;normale;2024-11-08;2024-11-10;58;1;Julie Dubois
TIC-000361;CLI-01289;CTC-004191;Agence;Réclamation;haute;2025-01-23;2025-01-23;3;5;Fanny Clément
TIC-000362;CLI-00564;;Courriel;Produit défectueux;critique;2025-07-31;;;;Virginie Henry
TIC-000363;CLI-00412;;Formulaire web;Produit défectueux;normale;2024-07-17;;;;Catherine Chevalier
TIC-000364;CLI-01412;;Agence;Livraison;normale;2024-03-21;;;;Léa Durand
TIC-000365;CLI-01684;CTC-006007;Agence;Livraison;basse;2024-08-01;2024-08-03;52;5;Léa Durand
TIC-000366;CLI-01011;;Téléphone;Facturation;basse;2026-09-07;2026-09-08;40;4;Fanny Clément
TIC-000367;CLI-00808;;Formulaire web;Retour;basse;2024-11-25;2024-11-25;1;5;Léa Durand
TIC-000368;CLI-00503;CTC-002120;Formulaire web;Demande d’information;normale;2023-09-17;;;;Maxime Muller
TIC-000369;CLI-01114;CTC-005368;Courriel;Demande d’information;normale;2023-11-18;2023-11-18;3;5;Nathalie Michel
TIC-000370;CLI-01681;CTC-000103;Formulaire web;Réclamation;basse;2026-01-24;2026-01-25;26;4;Franck Lefebvre
TIC-000371;CLI-02067;CTC-001747;Formulaire web;Retour;basse;2026-05-18;2026-05-18;18;5;Camille Bertrand
TIC-000372;CLI-00150;;Formulaire web;Retour;normale;2025-06-29;2025-07-01;50;2;Alexandre Chevalier
TIC-000373;CLI-00100;CTC-005009;Téléphone;Réclamation;normale;2025-12-28;2025-12-28;8;4;Vincent Richard
TIC-000374;CLI-02110;CTC-001868;Formulaire web;Réclamation;normale;2026-08-16;2026-08-17;34;2;Franck Lefebvre
TIC-000375;CLI-00661;CTC-007199;Courriel;Retour;basse;2025-05-18;2025-05-20;48;5;Catherine Chevalier
TIC-000376;CLI-00649;CTC-004212;Formulaire web;Retour;normale;2024-10-19;2024-10-20;39;4;Alain Morel
TIC-000377;CLI-02386;CTC-004155;Agence;Retour;normale;2025-11-27;2025-11-27;1;4;Catherine Dumont
TIC-000378;CLI-00534;CTC-001078;Agence;Facturation;normale;2026-08-05;2026-08-05;19;2;Catherine Dumont
TIC-000379;CLI-00011;CTC-005813;Courriel;Produit défectueux;normale;2024-06-14;2024-06-18;99;2;Sébastien Mercier
TIC-000380;CLI-02456;;Formulaire web;Réclamation;critique;2025-02-04;2025-02-04;22;5;Sébastien Mercier
TIC-000381;CLI-01608;;Formulaire web;Facturation;normale;2024-04-04;2024-04-05;44;4;Julie Dubois
TIC-000382;CLI-01833;CTC-002141;Agence;Retour;normale;2024-06-29;2024-06-29;23;4;Catherine Chevalier
TIC-000383;CLI-01892;CTC-002277;Agence;Retour;normale;2024-07-09;2024-07-10;43;5;Nathalie Michel
TIC-000384;CLI-02437;CTC-004060;Formulaire web;Demande d’information;haute;2024-04-01;;;;Catherine Dumont
TIC-000385;CLI-00734;;Agence;Facturation;normale;2024-02-17;2024-02-20;83;4;Alain Morel
TIC-000386;CLI-00351;CTC-004774;Courriel;Demande d’information;critique;2025-05-04;2025-05-04;1;3;Franck Lefebvre
TIC-000387;CLI-00465;CTC-004134;Formulaire web;Produit défectueux;haute;2023-10-28;2023-10-30;55;3;Manon Michel
TIC-000388;CLI-00642;CTC-007013;Courriel;Demande d’information;normale;2025-09-13;2025-09-13;1;5;Nathalie Michel
TIC-000389;CLI-01120;CTC-000923;Formulaire web;Retour;haute;2026-02-11;;;;Manon Michel
TIC-000390;CLI-02193;;Téléphone;Demande d’information;normale;2025-11-19;2025-11-20;31;5;Pauline Durand
TIC-000391;CLI-00234;CTC-001094;Téléphone;Produit défectueux;haute;2025-04-28;;;;Léa Durand
TIC-000392;CLI-00966;CTC-000420;Courriel;Facturation;basse;2026-07-06;2026-07-06;5;4;Vincent Richard
TIC-000393;CLI-00048;;Téléphone;Demande d’information;normale;2026-07-31;2026-08-02;61;3;Julie Dubois
TIC-000394;CLI-01649;;Courriel;Facturation;normale;2023-10-27;;;;Fanny Clément
TIC-000395;CLI-00659;;Agence;Demande d’information;normale;2025-03-17;2025-03-18;44;5;Jérôme Blanc
TIC-000396;CLI-02489;;Agence;Livraison;basse;2024-05-14;2024-05-14;21;4;Camille Bertrand
TIC-000397;CLI-02046;CTC-007847;Formulaire web;Réclamation;basse;2026-06-28;2026-06-28;13;3;Vincent Richard
TIC-000398;CLI-00555;CTC-007843;Formulaire web;Demande d’information;critique;2025-11-10;2025-11-11;27;5;Jérôme Blanc
TIC-000399;CLI-00456;CTC-006480;Téléphone;Réclamation;haute;2025-05-24;;;;Pauline Durand
TIC-000400;CLI-02491;CTC-001728;Formulaire web;Facturation;normale;2024-12-07;;;;Léa Durand
TIC-000401;CLI-00302;;Formulaire web;Livraison;normale;2025-05-22;2025-05-22;6;2;Thomas Morel
TIC-000402;CLI-00507;CTC-003222;Téléphone;Retour;basse;2024-12-28;2024-12-29;45;5;Manon Michel
TIC-000403;CLI-00805;;Téléphone;Facturation;haute;2024-06-22;2024-06-23;24;3;Thomas Morel
TIC-000404;CLI-01326;;Agence;Livraison;normale;2025-08-01;;;;Julie Dubois
TIC-000405;CLI-00113;CTC-001680;Agence;Produit défectueux;basse;2026-03-16;2026-03-16;20;5;Maxime Muller
TIC-000406;CLI-00711;;Agence;Réclamation;normale;2026-08-30;;;;Thomas Morel
TIC-000407;CLI-00023;CTC-000285;Téléphone;Produit défectueux;haute;2024-11-19;;;;Catherine Chevalier
TIC-000408;CLI-00524;CTC-005359;Courriel;Livraison;normale;2026-04-24;2026-04-27;80;5;Sébastien Mercier
TIC-000409;CLI-01804;CTC-003273;Courriel;Réclamation;haute;2025-10-05;2025-10-06;41;4;Franck Lefebvre
TIC-000410;CLI-02069;CTC-007922;Téléphone;Réclamation;basse;2025-08-29;2025-08-30;30;1;Virginie Henry
TIC-000411;CLI-01497;CTC-001836;Formulaire web;Produit défectueux;haute;2026-03-05;2026-03-07;62;4;Thomas Morel
TIC-000412;CLI-00121;CTC-004355;Agence;Produit défectueux;normale;2026-01-12;2026-01-12;22;4;Franck Lefebvre
TIC-000413;CLI-01092;;Formulaire web;Produit défectueux;normale;2024-09-25;2024-09-27;51;3;Alain Morel
TIC-000414;CLI-02282;;Téléphone;Réclamation;normale;2024-10-25;2024-10-27;71;4;Catherine Dumont
TIC-000415;CLI-02139;CTC-002461;Téléphone;Retour;basse;2025-02-19;;;;Catherine Chevalier
TIC-000416;CLI-01215;CTC-005692;Agence;Produit défectueux;normale;2024-08-09;;;;Catherine Chevalier
TIC-000417;CLI-02016;CTC-004529;Agence;Retour;haute;2025-08-05;;;;Pauline Durand
TIC-000418;CLI-00722;CTC-007618;Téléphone;Facturation;normale;2024-10-14;2024-10-16;50;3;Alexandre Chevalier
TIC-000419;CLI-02183;CTC-002138;Agence;Réclamation;normale;2025-01-25;2025-01-27;49;5;Manon Michel
TIC-000420;CLI-00363;;Formulaire web;Produit défectueux;haute;2025-09-11;2025-09-13;70;4;Fanny Clément
TIC-000421;CLI-02462;CTC-005248;Téléphone;Facturation;normale;2023-11-08;;;;Sébastien Mercier
TIC-000422;CLI-00009;CTC-004437;Courriel;Réclamation;normale;2025-01-15;2025-01-15;6;4;Franck Lefebvre
TIC-000423;CLI-01823;;Formulaire web;Facturation;basse;2025-04-15;2025-04-17;54;5;Manon Michel
TIC-000424;CLI-01240;CTC-003817;Téléphone;Retour;basse;2025-04-13;;;;Pauline Durand
TIC-000425;CLI-01191;;Formulaire web;Réclamation;normale;2024-08-20;2024-08-21;40;2;Vincent Richard
TIC-000426;CLI-00442;;Téléphone;Retour;normale;2025-10-25;2025-10-26;39;5;Julie Dubois
TIC-000427;CLI-01987;;Agence;Facturation;normale;2026-02-23;2026-02-24;32;2;Vincent Richard
TIC-000428;CLI-01197;CTC-004715;Formulaire web;Facturation;normale;2024-01-09;2024-01-12;74;4;Vincent Richard
TIC-000429;CLI-01271;;Téléphone;Réclamation;basse;2025-04-27;2025-04-28;24;2;Maxime Muller
TIC-000430;CLI-01936;CTC-002598;Formulaire web;Demande d’information;basse;2025-06-20;;;;Alain Morel
TIC-000431;CLI-02113;;Courriel;Facturation;critique;2025-06-24;2025-06-24;1;4;Julie Dubois
TIC-000432;CLI-00012;;Formulaire web;Livraison;urgent;2023-11-25;2023-11-27;70;4;Léa Durand
TIC-000433;CLI-00364;CTC-007550;Courriel;Produit défectueux;normale;2024-11-21;2024-11-22;40;1;Sébastien Mercier
TIC-000434;CLI-02121;;Téléphone;Produit défectueux;haute;2026-05-14;2026-05-15;37;4;Fanny Clément
TIC-000435;CLI-00396;CTC-001226;Téléphone;Réclamation;normale;2026-08-05;2026-08-05;1;4;Léa Durand
TIC-000436;CLI-01371;CTC-002556;Téléphone;Facturation;normale;2024-08-12;2024-08-13;24;5;Sébastien Mercier
TIC-000437;CLI-00972;CTC-003575;Courriel;Livraison;normale;2024-03-07;2024-03-10;92;3;Manon Michel
TIC-000438;CLI-01142;CTC-003113;Agence;Retour;normale;2024-04-25;2024-04-26;29;4;Nathalie Michel
TIC-000439;CLI-02313;;Agence;Facturation;basse;2026-06-07;2026-06-08;26;4;Maxime Muller
TIC-000440;CLI-01450;CTC-002808;Formulaire web;Réclamation;basse;2023-12-14;2023-12-15;37;1;Julie Dubois
TIC-000441;CLI-01750;CTC-004392;Agence;Livraison;basse;2024-07-27;2024-07-27;23;5;Thomas Morel
TIC-000442;CLI-01603;CTC-004932;Agence;Produit défectueux;normale;2024-10-24;2024-10-25;36;4;Pauline Durand
TIC-000443;CLI-01771;CTC-005716;Agence;Demande d’information;basse;2023-10-17;2023-10-18;28;4;Fanny Clément
TIC-000444;CLI-00591;CTC-001701;Téléphone;Demande d’information;normale;2026-08-06;2026-08-07;30;5;Manon Michel
TIC-000445;CLI-02217;CTC-005012;Agence;Livraison;normale;2026-02-03;2026-02-03;11;4;Sébastien Mercier
TIC-000446;CLI-01539;CTC-004383;Agence;Produit défectueux;normale;2025-02-07;2025-02-09;56;4;Jérôme Blanc
TIC-000447;CLI-01195;CTC-006137;Téléphone;Réclamation;normale;2024-11-30;2024-11-30;20;2;Léa Durand
TIC-000448;CLI-00578;CTC-001007;Agence;Livraison;normale;2026-05-07;2026-05-07;21;3;Alain Morel
TIC-000449;CLI-01228;;Agence;Retour;normale;2024-10-27;2024-10-29;52;3;Vincent Richard
TIC-000450;CLI-00150;;Agence;Demande d’information;critique;2025-12-08;2025-12-11;80;2;Manon Michel
TIC-000451;CLI-00412;;Formulaire web;Retour;basse;2026-09-06;2026-09-07;27;5;Julie Dubois
TIC-000452;CLI-01003;CTC-005835;Courriel;Demande d’information;normale;2026-08-26;2026-08-26;18;5;Alain Morel
TIC-000453;CLI-02430;;Téléphone;Produit défectueux;normale;2026-01-20;2026-01-21;43;3;Manon Michel
TIC-000454;CLI-00642;CTC-006489;Téléphone;Facturation;normale;2025-03-20;2025-03-22;49;4;Camille Bertrand
TIC-000455;CLI-00486;CTC-002420;Agence;Demande d’information;normale;2026-08-19;;;;Léa Durand
TIC-000456;CLI-01429;CTC-006570;Courriel;Retour;basse;2024-09-28;2024-09-30;57;4;Alain Morel
TIC-000457;CLI-00873;CTC-002969;Téléphone;Demande d’information;basse;2025-07-07;2025-07-11;96;2;Alexandre Chevalier
TIC-000458;CLI-02079;CTC-006774;Formulaire web;Produit défectueux;haute;2025-01-27;2025-01-30;88;5;Catherine Dumont
TIC-000459;CLI-00984;CTC-001455;Agence;Réclamation;normale;2023-10-24;2023-10-26;56;5;Catherine Dumont
TIC-000460;CLI-00085;CTC-000427;Courriel;Livraison;normale;2026-07-02;2026-07-03;29;4;Camille Bertrand
TIC-000461;CLI-00650;;Formulaire web;Produit défectueux;normale;2024-02-28;2024-02-28;21;5;Fanny Clément
TIC-000462;CLI-01438;;Courriel;Réclamation;normale;2024-03-11;2024-03-14;83;4;Vincent Richard
TIC-000463;CLI-00615;CTC-007954;Téléphone;Produit défectueux;basse;2025-08-23;2025-08-24;30;4;Virginie Henry
TIC-000464;CLI-01001;;Formulaire web;Livraison;normale;2026-01-15;2026-01-17;70;3;Pauline Durand
TIC-000465;CLI-01263;CTC-005855;Téléphone;Livraison;haute;2025-03-07;2025-03-08;47;4;Franck Lefebvre
TIC-000466;CLI-02180;CTC-002239;Courriel;Facturation;normale;2025-09-02;2025-09-05;77;4;Alain Morel
TIC-000467;CLI-01957;CTC-000390;Agence;Livraison;haute;2025-09-08;2025-09-10;53;5;Vincent Richard
TIC-000468;CLI-02108;;Téléphone;Demande d’information;basse;2025-03-22;2025-03-22;7;4;Julie Dubois
TIC-000469;CLI-01753;CTC-004957;Téléphone;Réclamation;basse;2024-12-05;2024-12-08;83;5;Camille Bertrand
TIC-000470;CLI-01020;CTC-006304;Formulaire web;Demande d’information;haute;2025-01-19;;;;Jérôme Blanc
TIC-000471;CLI-01199;CTC-003198;Téléphone;Produit défectueux;normale;2025-04-12;2025-04-12;1;5;Pauline Durand
TIC-000472;CLI-00533;CTC-002290;Agence;Livraison;normale;2025-09-04;2025-09-05;26;5;Nathalie Michel
TIC-000473;CLI-00550;CTC-007479;Téléphone;Livraison;critique;2026-04-08;2026-04-08;1;4;Pauline Durand
TIC-000474;CLI-01982;;Formulaire web;Réclamation;basse;2023-12-24;2023-12-24;8;5;Fanny Clément
TIC-000475;CLI-01936;CTC-002598;Formulaire web;Retour;basse;2025-06-13;2025-06-14;33;4;Alain Morel
TIC-000476;CLI-02491;CTC-003910;Courriel;Demande d’information;basse;2026-07-30;2026-07-31;30;3;Léa Durand
TIC-000477;CLI-01583;CTC-004248;Téléphone;Réclamation;haute;2025-10-16;2025-10-18;63;5;Thomas Morel
TIC-000478;CLI-02412;CTC-005556;Formulaire web;Retour;normale;2023-09-25;2023-09-26;38;5;Virginie Henry
TIC-000479;CLI-01964;CTC-004120;Formulaire web;Retour;haute;2024-08-23;2024-08-24;30;4;Sébastien Mercier
TIC-000480;CLI-01507;CTC-007756;Téléphone;Produit défectueux;normale;2023-09-11;2023-09-11;1;5;Franck Lefebvre
TIC-000481;CLI-00824;CTC-007664;Téléphone;Facturation;haute;2026-03-10;2026-03-10;15;5;Catherine Chevalier
TIC-000482;CLI-00300;CTC-002919;Téléphone;Retour;haute;2024-08-14;2024-08-16;70;2;Thomas Morel
TIC-000483;CLI-01419;CTC-003444;Agence;Produit défectueux;haute;2023-09-22;2023-09-22;15;2;Alexandre Chevalier
TIC-000484;CLI-02453;CTC-002826;Courriel;Demande d’information;basse;2024-02-08;2024-02-11;87;4;Pauline Durand
TIC-000485;CLI-00391;CTC-005840;Courriel;Produit défectueux;critique;2025-08-04;2025-08-04;3;2;Alain Morel
TIC-000486;CLI-01205;;Agence;Réclamation;basse;2026-07-24;2026-07-27;87;5;Catherine Chevalier
TIC-000487;CLI-02257;CTC-005493;Agence;Réclamation;normale;2025-03-04;2025-03-07;89;4;Jérôme Blanc
TIC-000488;CLI-01542;CTC-000505;Agence;Retour;normale;2026-03-18;2026-03-19;36;5;Sébastien Mercier
TIC-000489;CLI-00250;CTC-006561;Téléphone;Retour;normale;2025-07-13;2025-07-14;45;4;Camille Bertrand
TIC-000490;CLI-01203;CTC-007381;Agence;Réclamation;normale;2025-08-22;2025-08-23;46;2;Léa Durand
TIC-000491;CLI-00982;CTC-007220;Téléphone;Livraison;critique;2025-05-20;2025-05-21;38;2;Nathalie Michel
TIC-000492;CLI-01196;;Agence;Facturation;normale;2025-10-22;2025-10-22;22;0;Nathalie Michel
TIC-000493;CLI-02245;CTC-002896;Formulaire web;Demande d’information;normale;2024-06-18;2024-06-20;64;1;Camille Bertrand
TIC-000494;CLI-02330;CTC-001063;Formulaire web;Réclamation;normale;2024-06-29;2024-07-01;50;6;Nathalie Michel
TIC-000495;CLI-00584;CTC-005392;Téléphone;Réclamation;basse;2024-12-09;2024-12-11;61;1;Catherine Chevalier
TIC-000496;CLI-01876;CTC-004328;Agence;Produit défectueux;normale;2023-10-26;2023-10-26;1;5;Pauline Durand
TIC-000497;CLI-00830;CTC-002882;Téléphone;Produit défectueux;normale;2025-04-05;2025-04-06;36;3;Léa Durand
TIC-000498;CLI-00717;CTC-006334;Formulaire web;Retour;haute;2025-11-13;2025-11-13;23;1;Jérôme Blanc
TIC-000499;CLI-00875;CTC-000424;Courriel;Facturation;haute;2023-12-30;;;;Catherine Dumont
TIC-000500;CLI-01921;CTC-005647;Agence;Produit défectueux;normale;2026-07-31;2026-08-02;50;3;Manon Michel
TIC-000501;CLI-02316;;Formulaire web;Produit défectueux;normale;2023-09-18;;;;Léa Durand
TIC-000502;CLI-01676;CTC-006979;Agence;Livraison;critique;2026-01-27;2026-01-27;19;3;Jérôme Blanc
TIC-000503;CLI-01280;;Agence;Demande d’information;normale;2026-01-28;2026-01-29;35;2;Léa Durand
TIC-000504;CLI-00211;CTC-006709;Téléphone;Réclamation;critique;2026-06-28;2026-06-28;8;5;Camille Bertrand
TIC-000505;CLI-01289;CTC-004191;Agence;Réclamation;basse;2026-02-20;;;;Vincent Richard
TIC-000506;CLI-00644;;Formulaire web;Livraison;critique;2026-06-13;2026-06-15;63;2;Fanny Clément
TIC-000507;CLI-00051;CTC-004756;Agence;Facturation;basse;2024-12-10;2024-12-10;6;4;Fanny Clément
TIC-000508;CLI-02304;;Formulaire web;Retour;normale;2023-10-28;2023-11-01;99;3;Sébastien Mercier
TIC-000509;CLI-02089;;Agence;Livraison;normale;2024-10-04;2024-10-07;80;4;Jérôme Blanc
TIC-000510;CLI-01534;CTC-003788;Agence;Produit défectueux;normale;2025-07-21;2025-07-24;86;4;Maxime Muller
TIC-000511;CLI-00908;CTC-002850;Téléphone;Demande d’information;critique;2025-02-07;2025-02-07;17;2;Léa Durand
TIC-000512;CLI-01795;;Téléphone;Livraison;haute;2024-02-01;2024-02-02;34;4;Nathalie Michel
TIC-000513;CLI-02322;CTC-007638;Courriel;Livraison;normale;2026-05-05;2026-05-07;50;3;Catherine Chevalier
TIC-000514;CLI-00785;;Agence;Facturation;normale;2024-09-16;2024-09-18;52;5;Alain Morel
TIC-000515;CLI-01926;;Téléphone;Demande d’information;basse;2026-03-09;2026-03-09;1;5;Nathalie Michel
TIC-000516;CLI-01222;CTC-006889;Formulaire web;Facturation;normale;2025-07-01;2025-07-02;29;5;Alain Morel
TIC-000517;CLI-00522;CTC-001876;Agence;Retour;basse;2025-07-25;2025-07-26;30;4;Catherine Chevalier
TIC-000518;CLI-02419;CTC-001268;Formulaire web;Retour;haute;2026-08-24;2026-08-24;1;2;Léa Durand
TIC-000519;CLI-01526;CTC-002411;Courriel;Réclamation;normale;2026-03-20;2026-03-20;12;5;Léa Durand
TIC-000520;CLI-01709;;Courriel;Facturation;normale;2025-07-24;2025-07-25;33;5;Alain Morel
TIC-000521;CLI-02145;CTC-007548;Formulaire web;Retour;normale;2026-02-18;;;;Julie Dubois
TIC-000522;CLI-02238;CTC-007399;Courriel;Livraison;haute;2025-09-08;2025-09-09;27;4;Camille Bertrand
TIC-000523;CLI-00785;CTC-006922;Courriel;Facturation;normale;2026-03-20;2026-03-21;47;5;Franck Lefebvre
TIC-000524;CLI-00345;;Courriel;Réclamation;basse;2026-06-14;2026-06-16;53;10;Fanny Clément
TIC-000525;CLI-01649;;Téléphone;Retour;basse;2025-11-17;2025-11-18;43;1;Pauline Durand
TIC-000526;CLI-02237;CTC-004471;Téléphone;Facturation;normale;2024-10-29;2024-10-29;1;3;Alexandre Chevalier
TIC-000527;CLI-02233;CTC-004006;Formulaire web;Retour;normale;2026-05-04;;;;Pauline Durand
TIC-000528;CLI-01707;CTC-005087;Agence;Retour;basse;2024-06-06;2024-06-07;34;2;Franck Lefebvre
TIC-000529;CLI-01886;;Formulaire web;Livraison;basse;2024-06-24;2024-06-24;20;5;Julie Dubois
TIC-000530;CLI-00288;CTC-006359;Agence;Livraison;normale;2024-12-30;2024-12-30;10;2;Camille Bertrand
TIC-000531;CLI-00353;CTC-001962;Formulaire web;Réclamation;normale;2025-10-05;2025-10-07;54;1;Virginie Henry
TIC-000532;CLI-01543;CTC-004042;Agence;Livraison;normale;2026-09-06;;;;Vincent Richard
TIC-000533;CLI-01115;;Téléphone;Produit défectueux;normale;2024-06-20;2024-06-20;1;5;Julie Dubois
TIC-000534;CLI-01540;;Téléphone;Produit défectueux;normale;2024-07-16;2024-07-16;11;4;Sébastien Mercier
TIC-000535;CLI-01743;CTC-006200;Courriel;Produit défectueux;normale;2025-02-11;2025-02-11;18;3;Alain Morel
TIC-000536;CLI-02330;CTC-005260;Courriel;Produit défectueux;normale;2025-07-11;2025-07-14;74;4;Thomas Morel
TIC-000537;CLI-00739;CTC-006341;Courriel;Livraison;normale;2025-08-15;2025-08-15;13;4;Virginie Henry
TIC-000538;CLI-01350;CTC-000185;Téléphone;Livraison;haute;2026-01-02;2026-01-02;23;1;Léa Durand
TIC-000539;CLI-00031;CTC-003066;Courriel;Livraison;P1;2026-03-09;2026-03-11;58;4;Thomas Morel
TIC-000540;CLI-00630;;Courriel;Demande d’information;basse;2025-03-07;2025-03-10;80;4;Manon Michel
TIC-000541;CLI-00194;;Formulaire web;Retour;normale;2024-06-10;2024-06-10;1;3;Camille Bertrand
TIC-000542;CLI-00816;CTC-007166;Agence;Retour;haute;2024-05-22;2024-05-25;81;5;Léa Durand
TIC-000543;CLI-00784;CTC-002062;Formulaire web;Facturation;normale;2024-08-29;2024-08-31;65;2;Catherine Dumont
TIC-000544;CLI-01085;CTC-000153;Agence;Retour;normale;2025-05-11;2025-05-12;46;4;Julie Dubois
TIC-000545;CLI-02421;CTC-002789;Agence;Livraison;normale;2023-10-11;2023-10-15;96;4;Fanny Clément
TIC-000546;CLI-00957;CTC-002567;Téléphone;Réclamation;normale;2026-07-10;2026-07-10;1;4;Alexandre Chevalier
TIC-000547;CLI-00979;CTC-006541;Formulaire web;Produit défectueux;haute;2024-05-23;;;;Alain Morel
TIC-000548;CLI-01539;CTC-004383;Formulaire web;Livraison;normale;2025-08-21;2025-08-23;61;5;Jérôme Blanc
TIC-000549;CLI-01276;CTC-003721;Courriel;Facturation;normale;2025-10-25;2025-10-25;22;2;Fanny Clément
TIC-000550;CLI-01997;CTC-005310;Agence;Produit défectueux;normale;2023-10-13;2023-10-13;1;4;Manon Michel
TIC-000551;CLI-01325;CTC-002255;Formulaire web;Livraison;normale;2025-11-11;2025-11-12;30;5;Maxime Muller
TIC-000552;CLI-01871;CTC-001121;Téléphone;Demande d’information;normale;2023-09-15;2023-09-16;34;5;Maxime Muller
TIC-000553;CLI-00955;CTC-007941;Agence;Produit défectueux;normale;2026-07-08;2026-07-10;51;1;Camille Bertrand
TIC-000554;CLI-01759;;Agence;Facturation;normale;2024-10-19;2024-10-22;79;5;Manon Michel
TIC-000555;CLI-01536;CTC-003099;Courriel;Réclamation;basse;2023-12-02;2023-12-02;22;5;Julie Dubois
TIC-000556;CLI-02131;CTC-000743;Téléphone;Produit défectueux;basse;2026-08-18;2026-08-20;48;3;Alexandre Chevalier
TIC-000557;CLI-00155;CTC-004873;Courriel;Facturation;normale;2024-12-05;2024-12-09;108;3;Alexandre Chevalier
TIC-000558;CLI-01579;;Téléphone;Facturation;normale;2023-12-03;2023-12-05;48;2;Manon Michel
TIC-000559;CLI-00548;CTC-006702;Courriel;Réclamation;normale;2025-04-08;2025-04-09;44;3;Camille Bertrand
TIC-000560;CLI-01460;CTC-002084;Téléphone;Livraison;normale;2025-04-10;2025-04-10;1;4;Sébastien Mercier
TIC-000561;CLI-00924;CTC-000723;Agence;Demande d’information;basse;2024-02-26;2024-02-28;62;4;Léa Durand
TIC-000562;CLI-01281;CTC-006093;Téléphone;Demande d’information;normale;2026-03-22;2026-03-23;25;5;Nathalie Michel
TIC-000563;CLI-01667;;Agence;Produit défectueux;normale;2025-08-12;2025-08-14;49;5;Jérôme Blanc
TIC-000564;CLI-02196;;Formulaire web;Livraison;basse;2024-05-16;2024-05-16;13;1;Catherine Chevalier
TIC-000565;CLI-01429;CTC-006570;Formulaire web;Retour;haute;2024-09-28;;;;Jérôme Blanc
TIC-000566;CLI-02334;CTC-007940;Formulaire web;Retour;haute;2026-05-23;2026-05-24;45;4;Camille Bertrand
TIC-000567;CLI-00314;;Agence;Demande d’information;normale;2024-01-02;;;;Alexandre Chevalier
TIC-000568;CLI-01499;CTC-002964;Téléphone;Livraison;basse;2025-05-24;2025-05-24;1;5;Sébastien Mercier
TIC-000569;CLI-00773;CTC-000202;Formulaire web;Produit défectueux;basse;2025-07-16;2025-07-16;1;5;Fanny Clément
TIC-000570;CLI-01545;;Formulaire web;Réclamation;normale;2026-04-13;;;;Jérôme Blanc
TIC-000571;CLI-01221;CTC-004594;Courriel;Demande d’information;normale;2023-12-15;2023-12-16;43;4;Camille Bertrand
TIC-000572;CLI-02469;CTC-003201;Agence;Réclamation;normale;2025-12-15;2025-12-17;63;5;Virginie Henry
TIC-000573;CLI-01556;CTC-000857;Téléphone;Livraison;normale;2025-01-17;;;;Thomas Morel
TIC-000574;CLI-01293;;Courriel;Produit défectueux;haute;2024-02-15;2024-02-15;12;3;Sébastien Mercier
TIC-000575;CLI-02414;CTC-000808;Formulaire web;Facturation;normale;2025-02-05;2025-02-05;1;3;Nathalie Michel
TIC-000576;CLI-01873;CTC-006658;Agence;Facturation;normale;2024-01-20;2024-01-21;44;5;Vincent Richard
TIC-000577;CLI-00962;CTC-007452;Courriel;Produit défectueux;normale;2024-10-27;2024-10-27;1;4;Franck Lefebvre
TIC-000578;CLI-00040;;Téléphone;Retour;normale;2023-10-08;2023-10-09;45;1;Alexandre Chevalier
TIC-000579;CLI-01077;;Courriel;Livraison;haute;2023-11-21;2023-11-23;50;1;Franck Lefebvre
TIC-000580;CLI-02271;CTC-000021;Téléphone;Facturation;normale;2026-03-15;2026-03-17;51;3;Pauline Durand
TIC-000581;CLI-00786;CTC-003760;Formulaire web;Livraison;normale;2024-06-28;2024-06-28;3;2;Pauline Durand
TIC-000582;CLI-00822;CTC-004551;Courriel;Retour;normale;2024-11-15;2024-11-16;38;4;Alexandre Chevalier
TIC-000583;CLI-01054;;Téléphone;Retour;normale;2025-03-03;2025-03-04;43;5;Fanny Clément
TIC-000584;CLI-00357;CTC-003877;Courriel;Demande d’information;normale;2026-04-09;2026-04-11;69;3;Franck Lefebvre
TIC-000585;CLI-01201;;Courriel;Retour;normale;2026-06-21;2026-06-21;1;10;Franck Lefebvre
TIC-000586;CLI-01402;CTC-001991;Formulaire web;Demande d’information;basse;2025-02-20;2025-02-21;44;4;Manon Michel
TIC-000587;CLI-01076;CTC-006893;Courriel;Produit défectueux;haute;2025-07-22;2025-07-24;59;5;Manon Michel
TIC-000588;CLI-02142;;Courriel;Retour;normale;2026-04-20;2026-04-22;67;5;Nathalie Michel
TIC-000589;CLI-01977;;Téléphone;Réclamation;critique;2024-10-18;;;;Julie Dubois
TIC-000590;CLI-02200;CTC-002136;Agence;Réclamation;NORMALE;2024-10-30;2024-11-01;59;3;Alexandre Chevalier
TIC-000591;CLI-00220;CTC-004833;Courriel;Facturation;haute;2024-08-10;;;;Maxime Muller
TIC-000592;CLI-01525;CTC-003249;Téléphone;Produit défectueux;normale;2024-07-18;;;;Sébastien Mercier
TIC-000593;CLI-00034;;Téléphone;Retour;haute;2026-01-04;2026-01-04;1;4;Alexandre Chevalier
TIC-000594;CLI-00844;CTC-006253;Agence;Produit défectueux;basse;2025-04-01;2025-04-04;85;5;Camille Bertrand
TIC-000595;CLI-02414;CTC-001990;Formulaire web;Demande d’information;haute;2024-08-04;2024-08-04;21;3;Virginie Henry
TIC-000596;CLI-02074;CTC-006627;Courriel;Produit défectueux;normale;2026-07-02;;;;Alain Morel
TIC-000597;CLI-00751;CTC-005032;Courriel;Produit défectueux;basse;2025-11-24;2025-11-26;63;5;Sébastien Mercier
TIC-000598;CLI-01264;;Téléphone;Produit défectueux;normale;2026-04-16;2026-04-18;58;2;Thomas Morel
TIC-000599;CLI-02055;CTC-004758;Courriel;Demande d’information;normale;2025-04-13;2025-04-15;70;4;Pauline Durand
TIC-000600;CLI-01863;CTC-006231;Agence;Facturation;normale;2025-02-28;2025-03-03;87;5;Virginie Henry
TIC-000601;CLI-01033;CTC-001622;Agence;Livraison;basse;2024-01-14;;;;Virginie Henry
TIC-000602;CLI-02315;;Agence;Produit défectueux;haute;2024-01-20;2024-01-20;7;5;Alain Morel
TIC-000603;CLI-01391;;Agence;Facturation;normale;2025-10-16;2025-10-09;1;4;Nathalie Michel
TIC-000604;CLI-01957;;Formulaire web;Livraison;normale;2026-01-25;2026-01-29;101;4;Catherine Chevalier
TIC-000605;CLI-00584;CTC-003093;Téléphone;Produit défectueux;basse;2025-08-09;2025-08-09;10;5;Léa Durand
TIC-000606;CLI-01421;CTC-005269;Agence;Produit défectueux;basse;2024-02-18;2024-02-21;74;3;Catherine Chevalier
TIC-000607;CLI-00509;CTC-002952;Téléphone;Demande d’information;normale;2025-05-27;2025-05-29;61;3;Pauline Durand
TIC-000608;CLI-01773;CTC-006171;Agence;Demande d’information;basse;2024-08-28;2024-08-28;1;5;Virginie Henry
TIC-000609;CLI-02334;;Agence;Produit défectueux;haute;2026-06-30;2026-07-01;25;5;Franck Lefebvre
TIC-000610;CLI-00209;;Téléphone;Réclamation;normale;2025-09-27;2025-09-28;40;4;Catherine Dumont
TIC-000611;CLI-01330;;Courriel;Produit défectueux;basse;2024-11-19;2024-11-19;2;4;Nathalie Michel
TIC-000612;CLI-00368;CTC-000258;Agence;Demande d’information;critique;2023-11-23;;;;Thomas Morel
TIC-000613;CLI-01564;;Agence;Produit défectueux;normale;2026-02-22;2026-02-25;93;4;Nathalie Michel
TIC-000614;CLI-00208;;Courriel;Demande d’information;basse;2024-06-20;2024-06-21;24;3;Franck Lefebvre
TIC-000615;CLI-00601;;Agence;Demande d’information;haute;2024-02-09;2024-02-10;31;4;Thomas Morel
TIC-000616;CLI-02371;CTC-001857;Courriel;Facturation;normale;2024-05-22;2024-05-22;23;5;Sébastien Mercier
TIC-000617;CLI-00297;;Formulaire web;Retour;normale;2025-01-30;2025-01-30;15;4;Nathalie Michel
TIC-000618;CLI-02085;;Téléphone;Produit défectueux;normale;2026-05-29;2026-06-02;107;1;Alain Morel
TIC-000619;CLI-01565;CTC-005774;Formulaire web;Retour;basse;2026-06-27;2026-06-26;42;5;Franck Lefebvre
TIC-000620;CLI-01540;;Téléphone;Livraison;normale;2026-07-22;2026-07-24;56;1;Manon Michel
TIC-000621;CLI-01026;CTC-005099;Courriel;Retour;normale;2026-09-10;;;;Fanny Clément
TIC-000622;CLI-02087;;Courriel;Produit défectueux;basse;2025-06-13;;;;Léa Durand
TIC-000623;CLI-01386;;Téléphone;Produit défectueux;normale;2024-05-06;2024-05-07;25;3;Alexandre Chevalier
TIC-000624;CLI-00758;CTC-006830;Agence;Réclamation;normale;2026-06-25;2026-06-27;51;4;Virginie Henry
TIC-000625;CLI-00061;;Courriel;Facturation;haute;2026-07-21;2026-07-25;101;4;Julie Dubois
TIC-000626;CLI-01667;;Agence;Demande d’information;normale;2026-09-02;2026-09-03;34;5;Alexandre Chevalier
TIC-000627;CLI-00104;;Agence;Livraison;haute;2024-11-09;2024-11-09;4;2;Virginie Henry
TIC-000628;CLI-01776;CTC-007495;Formulaire web;Retour;normale;2025-01-17;2025-01-18;32;5;Manon Michel
TIC-000629;CLI-02176;CTC-004902;Téléphone;Retour;normale;2025-03-10;2025-03-10;1;4;Alain Morel
TIC-000630;CLI-01080;CTC-003499;Formulaire web;Retour;normale;2024-03-14;2024-03-17;89;2;Manon Michel
TIC-000631;CLI-00966;;Formulaire web;Facturation;basse;2023-12-28;2023-12-28;3;4;Alain Morel
TIC-000632;CLI-00639;CTC-005937;Courriel;Produit défectueux;haute;2025-11-17;2025-11-17;16;4;Franck Lefebvre
TIC-000633;CLI-01649;;Courriel;Facturation;basse;2024-03-27;;;;Alexandre Chevalier
TIC-000634;CLI-00536;CTC-005661;Téléphone;Facturation;normale;2024-11-30;2024-12-02;67;4;Maxime Muller
TIC-000635;CLI-00112;CTC-006966;Formulaire web;Produit défectueux;normale;2024-02-17;2024-02-18;46;5;Alain Morel
TIC-000636;CLI-01334;CTC-005309;Courriel;Demande d’information;basse;2025-08-13;2025-08-15;63;4;Manon Michel
TIC-000637;CLI-02156;;Courriel;Réclamation;basse;2024-06-04;2024-06-05;38;4;Catherine Chevalier
TIC-000638;CLI-02412;CTC-005556;Courriel;Livraison;normale;2025-08-30;2025-09-01;50;5;Catherine Chevalier
TIC-000639;CLI-00930;;Courriel;Réclamation;basse;2025-07-21;2025-07-24;80;3;Camille Bertrand
TIC-000640;CLI-01446;CTC-000967;Téléphone;Réclamation;normale;2024-03-03;2024-03-04;27;4;Thomas Morel
TIC-000641;CLI-01848;;Téléphone;Retour;normale;2024-06-18;2024-06-19;31;2;Camille Bertrand
TIC-000642;CLI-02281;CTC-002538;Formulaire web;Livraison;basse;2026-06-17;2026-06-17;1;5;Sébastien Mercier
TIC-000643;CLI-02232;;Formulaire web;Livraison;normale;2026-09-10;;;;Franck Lefebvre
TIC-000644;CLI-00426;;Formulaire web;Demande d’information;normale;2023-12-20;2023-12-20;1;3;Julie Dubois
TIC-000645;CLI-00301;;Téléphone;Livraison;normale;2025-01-01;2025-01-05;119;5;Catherine Dumont
TIC-000646;CLI-01994;CTC-007578;Agence;Produit défectueux;basse;2024-03-27;2024-03-28;38;5;Catherine Chevalier
TIC-000647;CLI-00568;CTC-006878;Formulaire web;Retour;critique;2023-11-20;;;;Manon Michel
TIC-000648;CLI-02096;CTC-002296;Agence;Livraison;normale;2026-08-13;2026-08-15;66;1;Manon Michel
TIC-000649;CLI-00458;;Téléphone;Facturation;basse;2023-11-23;2023-11-24;41;4;Franck Lefebvre
TIC-000650;CLI-02026;CTC-006662;Formulaire web;Réclamation;normale;2025-06-21;2025-06-24;72;5;Franck Lefebvre
TIC-000651;CLI-01152;;Courriel;Produit défectueux;haute;2023-12-05;2023-12-08;78;1;Catherine Chevalier
TIC-000652;CLI-00283;;Agence;Retour;normale;2023-10-23;2023-10-24;37;5;Alexandre Chevalier
TIC-000653;CLI-00663;CTC-001477;Courriel;Livraison;haute;2026-03-28;2026-03-29;28;5;Pauline Durand
TIC-000654;CLI-01070;CTC-006762;Téléphone;Livraison;normale;2023-10-01;2023-10-03;62;3;Sébastien Mercier
TIC-000655;CLI-02427;CTC-006506;Courriel;Réclamation;normale;2025-04-01;2025-04-01;16;5;Fanny Clément
TIC-000656;CLI-01253;CTC-004318;Téléphone;Retour;normale;2025-10-30;2025-10-30;14;5;Pauline Durand
TIC-000657;CLI-00118;CTC-003124;Agence;Produit défectueux;haute;2024-09-02;2024-09-03;33;2;Julie Dubois
TIC-000658;CLI-02064;CTC-000132;Agence;Retour;normale;2024-10-06;;;;Alain Morel
TIC-000659;CLI-02165;CTC-006227;Téléphone;Facturation;haute;2024-11-04;2024-11-05;46;5;Virginie Henry
TIC-000660;CLI-01371;CTC-002556;Agence;Facturation;normale;2025-04-10;2025-04-11;35;3;Alain Morel
TIC-000661;CLI-01800;CTC-002545;Courriel;Produit défectueux;haute;2023-12-04;2023-12-04;1;2;Camille Bertrand
TIC-000662;CLI-02464;CTC-002631;Formulaire web;Facturation;normale;2024-10-31;2024-11-03;72;5;Alain Morel
TIC-000663;CLI-00749;CTC-007762;Téléphone;Demande d’information;basse;2026-07-04;2026-07-07;82;1;Maxime Muller
TIC-000664;CLI-01012;;Courriel;Produit défectueux;normale;2025-09-27;2025-09-29;50;3;Catherine Dumont
TIC-000665;CLI-01812;CTC-003697;Courriel;Demande d’information;normale;2026-04-15;2026-04-16;41;5;Camille Bertrand
TIC-000666;CLI-02337;;Formulaire web;Produit défectueux;normale;2026-08-15;;;;Jérôme Blanc
TIC-000667;CLI-02434;;Formulaire web;Produit défectueux;basse;2025-07-18;2025-07-19;30;4;Sébastien Mercier
TIC-000668;CLI-02381;;Courriel;Livraison;normale;2026-01-22;2026-01-23;35;5;Virginie Henry
TIC-000669;CLI-01456;CTC-000848;Téléphone;Produit défectueux;basse;2025-07-30;2025-07-31;31;1;Nathalie Michel
TIC-000670;CLI-01728;CTC-004656;Formulaire web;Demande d’information;basse;2024-08-29;2024-08-29;13;2;Camille Bertrand
TIC-000671;CLI-00554;CTC-002359;Téléphone;Produit défectueux;P1;2026-05-25;2026-05-27;53;4;Manon Michel
TIC-000672;CLI-01796;;Téléphone;Demande d’information;critique;2024-05-22;2024-05-23;43;4;Thomas Morel
TIC-000673;CLI-01881;CTC-006910;Courriel;Produit défectueux;normale;2026-01-05;2026-01-06;37;2;Sébastien Mercier
TIC-000674;CLI-00155;CTC-004873;Téléphone;Livraison;normale;2026-07-07;;;;Jérôme Blanc
TIC-000675;CLI-00091;CTC-003266;Courriel;Livraison;normale;2025-08-17;2025-08-19;71;5;Sébastien Mercier
TIC-000676;CLI-02494;CTC-004777;Agence;Demande d’information;normale;2025-06-11;2025-06-12;39;1;Thomas Morel
TIC-000677;CLI-01933;CTC-004665;Agence;Réclamation;normale;2025-03-21;2025-03-24;84;3;Pauline Durand
TIC-000678;CLI-00407;CTC-002585;Agence;Demande d’information;normale;2024-05-27;2024-05-27;2;3;Nathalie Michel
TIC-000679;CLI-00856;CTC-006761;Téléphone;Produit défectueux;normale;2024-09-22;2024-09-25;83;4;Léa Durand
TIC-000680;CLI-01371;CTC-005565;Formulaire web;Retour;normale;2025-10-25;2025-10-27;65;4;Julie Dubois
TIC-000681;CLI-00509;CTC-002952;Formulaire web;Retour;basse;2023-10-31;;;;Alexandre Chevalier
TIC-000682;CLI-00265;CTC-002327;Formulaire web;Produit défectueux;normale;2026-08-22;2026-08-22;1;2;Pauline Durand
TIC-000683;CLI-00402;;Agence;Livraison;basse;2026-01-26;2026-01-26;12;4;Julie Dubois
TIC-000684;CLI-01359;;Téléphone;Produit défectueux;normale;2024-05-08;2024-05-12;108;4;Catherine Chevalier
TIC-000685;CLI-00691;CTC-005764;Formulaire web;Retour;basse;2025-05-14;2025-05-16;63;2;Nathalie Michel
TIC-000686;CLI-01753;;Agence;Produit défectueux;normale;2023-10-24;2023-10-25;46;3;Vincent Richard
TIC-000687;CLI-00715;;Agence;Produit défectueux;haute;2025-07-18;2025-07-20;55;3;Camille Bertrand
TIC-000688;CLI-01130;CTC-001736;Agence;Retour;normale;2024-01-14;2024-01-18;105;5;Sébastien Mercier
TIC-000689;CLI-00517;;Téléphone;Facturation;normale;2024-04-30;2024-05-03;77;4;Fanny Clément
TIC-000690;CLI-01419;CTC-004752;Téléphone;Livraison;haute;2024-09-03;2024-09-03;7;5;Maxime Muller
TIC-000691;CLI-01436;;Agence;Réclamation;normale;2024-01-19;;;;Jérôme Blanc
TIC-000692;CLI-00743;CTC-007105;Agence;Produit défectueux;normale;2024-01-28;2024-01-28;11;4;Vincent Richard
TIC-000693;CLI-00900;CTC-007775;Courriel;Produit défectueux;normale;2025-10-14;2025-10-14;13;2;Fanny Clément
TIC-000694;CLI-01658;CTC-004889;Courriel;Facturation;critique;2023-10-15;2023-10-16;31;2;Sébastien Mercier
TIC-000695;CLI-00806;CTC-004983;Courriel;Facturation;normale;2026-05-27;2026-05-28;27;3;Alexandre Chevalier
TIC-000696;CLI-02045;;Courriel;Livraison;basse;2024-02-01;2024-02-02;25;4;Fanny Clément
TIC-000697;CLI-00784;CTC-002842;Téléphone;Retour;haute;2025-12-17;;;;Pauline Durand
TIC-000698;CLI-01248;CTC-007254;Formulaire web;Demande d’information;normale;2025-09-22;2025-09-25;78;3;Sébastien Mercier
TIC-000699;CLI-01540;;Formulaire web;Produit défectueux;normale;2026-08-11;2026-08-11;19;5;Manon Michel
TIC-000700;CLI-00812;;Formulaire web;Facturation;normale;2025-11-30;2025-12-02;48;5;Alain Morel
TIC-000701;CLI-01359;;Agence;Retour;haute;2026-08-11;2026-08-13;65;4;Franck Lefebvre
TIC-000702;CLI-01705;;Courriel;Demande d’information;critique;2026-08-29;2026-08-29;11;4;Fanny Clément
TIC-000703;CLI-01958;CTC-007995;Agence;Réclamation;haute;2025-02-23;;;;Catherine Chevalier
TIC-000704;CLI-00127;CTC-006782;Formulaire web;Demande d’information;normale;2025-12-21;;;;Franck Lefebvre
TIC-000705;CLI-01889;CTC-001742;Agence;Réclamation;normale;2023-09-26;2023-09-28;60;5;Julie Dubois
TIC-000706;CLI-00352;;Téléphone;Livraison;normale;2026-06-09;2026-06-10;44;4;Nathalie Michel
TIC-000707;CLI-00829;;Formulaire web;Retour;normale;2025-04-29;2025-04-29;4;5;Camille Bertrand
TIC-000708;CLI-01432;;Formulaire web;Réclamation;normale;2026-08-23;2026-08-25;66;4;Jérôme Blanc
TIC-000709;CLI-01320;CTC-006242;Agence;Produit défectueux;normale;2025-03-02;2025-03-03;35;3;Léa Durand
TIC-000710;CLI-01884;;Agence;Réclamation;normale;2024-12-25;2024-12-26;32;3;Pauline Durand
TIC-000711;CLI-02329;CTC-001740;Courriel;Livraison;normale;2024-11-18;2024-11-19;47;4;Alexandre Chevalier
TIC-000712;CLI-01671;;Téléphone;Réclamation;haute;2023-10-04;2023-10-05;34;3;Alexandre Chevalier
TIC-000713;CLI-01752;CTC-006298;Courriel;Demande d’information;basse;2025-08-07;2025-08-08;41;3;Fanny Clément
TIC-000714;CLI-00496;CTC-003030;Agence;Demande d’information;haute;2023-12-29;2023-12-31;70;5;Vincent Richard
TIC-000715;CLI-00460;;Agence;Livraison;normale;2024-01-20;2024-01-21;42;4;Léa Durand
TIC-000716;CLI-02241;CTC-004680;Agence;Demande d’information;normale;2023-11-07;2023-11-09;63;5;Virginie Henry
TIC-000717;CLI-01720;CTC-004988;Agence;Demande d’information;critique;2025-05-12;2025-05-12;1;4;Fanny Clément
TIC-000718;CLI-01977;;Formulaire web;Demande d’information;normale;2023-11-12;2023-11-13;45;5;Julie Dubois
TIC-000719;CLI-01548;CTC-001581;Téléphone;Livraison;haute;2026-03-22;;;;Manon Michel
TIC-000720;CLI-01647;CTC-000335;Téléphone;Produit défectueux;basse;2025-11-22;2025-11-22;4;4;Catherine Dumont
TIC-000721;CLI-00294;;Téléphone;Produit défectueux;normale;2023-09-25;2023-09-27;63;5;Franck Lefebvre
TIC-000722;CLI-01871;CTC-001121;Agence;Produit défectueux;haute;2024-08-20;;;;Camille Bertrand
TIC-000723;CLI-00957;CTC-004461;Formulaire web;Livraison;normale;2026-07-03;2026-07-05;63;5;Franck Lefebvre
TIC-000724;CLI-00323;;Formulaire web;Produit défectueux;normale;2023-11-18;2023-11-20;52;5;Alain Morel
TIC-000725;CLI-01566;CTC-006812;Courriel;Facturation;normale;2024-12-15;2024-12-15;19;4;Nathalie Michel
TIC-000726;CLI-00603;;Téléphone;Produit défectueux;basse;2026-06-12;2026-06-13;42;5;Maxime Muller
TIC-000727;CLI-00005;;Agence;Facturation;basse;2024-01-17;2024-01-17;21;5;Julie Dubois
TIC-000728;CLI-00634;CTC-004565;Formulaire web;Retour;basse;2024-10-22;2024-10-22;19;5;Maxime Muller
TIC-000729;CLI-01739;;Formulaire web;Produit défectueux;basse;2024-01-09;2024-01-10;33;4;Nathalie Michel
TIC-000730;CLI-00912;CTC-005956;Courriel;Livraison;normale;2024-04-12;;;;Sébastien Mercier
TIC-000731;CLI-01383;CTC-006563;Courriel;Retour;haute;2024-10-27;2024-10-27;1;5;Vincent Richard
TIC-000732;CLI-01428;CTC-001176;Téléphone;Retour;normale;2024-11-02;2024-11-04;58;4;Nathalie Michel
TIC-000733;CLI-02230;CTC-007169;Courriel;Réclamation;normale;2023-11-06;2023-11-07;36;3;Jérôme Blanc
TIC-000734;CLI-00190;CTC-005349;Agence;Retour;normale;2024-04-05;2024-04-06;47;1;Thomas Morel
TIC-000735;CLI-01127;CTC-001489;Formulaire web;Réclamation;normale;2025-12-16;2025-12-17;33;1;Manon Michel
TIC-000736;CLI-02148;CTC-005882;Téléphone;Facturation;normale;2026-03-24;2026-03-27;81;4;Thomas Morel
TIC-000737;CLI-00677;;Formulaire web;Produit défectueux;normale;2024-09-19;;;;Catherine Dumont
TIC-000738;CLI-01151;;Téléphone;Réclamation;normale;2025-02-07;2025-02-07;2;4;Nathalie Michel
TIC-000739;CLI-00795;CTC-000020;Agence;Demande d’information;normale;2023-10-18;2023-10-19;33;4;Nathalie Michel
TIC-000740;CLI-00572;CTC-002689;Formulaire web;Retour;basse;2025-11-03;;;;Julie Dubois
TIC-000741;CLI-01277;CTC-000362;Formulaire web;Réclamation;normale;2024-08-24;2024-08-25;35;4;Catherine Chevalier
TIC-000742;CLI-02396;;Formulaire web;Réclamation;normale;2024-09-18;2024-09-18;14;4;Catherine Dumont
TIC-000743;CLI-02022;CTC-006619;Courriel;Produit défectueux;normale;2023-10-15;;;;Camille Bertrand
TIC-000744;CLI-01404;;Téléphone;Retour;critique;2024-08-20;2024-08-20;17;3;Catherine Chevalier
TIC-000745;CLI-02441;CTC-000974;Agence;Produit défectueux;normale;2025-09-12;;;;Nathalie Michel
TIC-000746;CLI-01762;CTC-004801;Courriel;Produit défectueux;normale;2025-07-19;;;;Jérôme Blanc
TIC-000747;CLI-01863;CTC-006231;Courriel;Demande d’information;normale;2025-03-12;2025-03-12;12;4;Fanny Clément
TIC-000748;CLI-01305;CTC-005066;Agence;Demande d’information;haute;2025-04-02;2025-04-05;92;4;Léa Durand
TIC-000749;CLI-01836;CTC-006727;Téléphone;Retour;normale;2023-10-13;2023-10-13;2;4;Pauline Durand
TIC-000750;CLI-02091;CTC-002706;Courriel;Demande d’information;normale;2026-05-02;2026-05-03;44;5;Thomas Morel
TIC-000751;CLI-02109;;Téléphone;Produit défectueux;normale;2025-06-20;2025-06-23;83;4;Catherine Dumont
TIC-000752;CLI-00658;CTC-001807;Agence;Facturation;normale;2025-09-20;2025-09-24;96;4;Manon Michel
TIC-000753;CLI-00109;CTC-005207;Formulaire web;Livraison;critique;2025-03-26;2025-03-26;1;4;Camille Bertrand
TIC-000754;CLI-00026;;Agence;Réclamation;basse;2026-06-12;2026-06-16;100;1;Fanny Clément
TIC-000755;CLI-02429;;Formulaire web;Réclamation;normale;2024-01-19;2024-01-22;84;3;Nathalie Michel
TIC-000756;CLI-00989;CTC-003711;Formulaire web;Produit défectueux;normale;2025-04-30;2025-05-01;34;2;Vincent Richard
TIC-000757;CLI-00527;CTC-000499;Agence;Facturation;haute;2024-09-07;2024-09-09;60;4;Maxime Muller
TIC-000758;CLI-01348;CTC-005314;Courriel;Facturation;normale;2024-05-22;2024-05-24;61;4;Manon Michel
TIC-000759;CLI-01861;CTC-005317;Formulaire web;Demande d’information;basse;2025-02-13;2025-02-15;55;5;Sébastien Mercier
TIC-000760;CLI-00688;CTC-004802;Agence;Réclamation;normale;2025-07-05;2025-07-05;7;4;Sébastien Mercier
TIC-000761;CLI-00560;CTC-002977;Agence;Réclamation;haute;2024-10-15;2024-10-16;42;5;Maxime Muller
TIC-000762;CLI-02234;CTC-001004;Téléphone;Facturation;normale;2024-04-14;;;;Catherine Dumont
TIC-000763;CLI-02031;CTC-001292;Téléphone;Demande d’information;normale;2024-08-17;;;;Manon Michel
TIC-000764;CLI-01913;CTC-004692;Téléphone;Retour;normale;2025-09-22;2025-09-22;1;3;Catherine Chevalier
TIC-000765;CLI-01244;CTC-004415;Téléphone;Retour;normale;2026-05-14;;;;Camille Bertrand
TIC-000766;CLI-00920;CTC-007440;Courriel;Retour;basse;2025-08-01;2025-08-03;71;3;Manon Michel
TIC-000767;CLI-00394;CTC-005298;Courriel;Retour;basse;2024-08-09;2024-08-11;64;4;Julie Dubois
TIC-000768;CLI-01178;;Téléphone;Livraison;haute;2026-03-26;2026-03-27;45;2;Sébastien Mercier
TIC-000769;CLI-00472;;Formulaire web;Retour;normale;2023-12-13;;;;Alexandre Chevalier
TIC-000770;CLI-01132;CTC-004203;Téléphone;Livraison;haute;2024-08-14;2024-08-15;36;5;Nathalie Michel
TIC-000771;CLI-01703;CTC-000411;Courriel;Demande d’information;normale;2024-10-18;2024-10-19;32;5;Fanny Clément
TIC-000772;CLI-00285;CTC-004539;Téléphone;Livraison;normale;2025-06-25;;;;Fanny Clément
TIC-000773;CLI-01455;CTC-007307;Formulaire web;Retour;normale;2026-08-01;2026-08-02;44;4;Sébastien Mercier
TIC-000774;CLI-00347;;Téléphone;Réclamation;normale;2025-09-30;2025-10-01;27;5;Alain Morel
TIC-000775;CLI-00517;CTC-007006;Courriel;Retour;normale;2026-05-21;2026-05-22;24;1;Sébastien Mercier
TIC-000776;CLI-00941;CTC-003569;Agence;Retour;haute;2024-07-12;2024-07-12;1;1;Jérôme Blanc
TIC-000777;CLI-00252;CTC-001096;Formulaire web;Réclamation;basse;2026-03-06;2026-03-08;51;3;Léa Durand
TIC-000778;CLI-01340;CTC-001793;Téléphone;Produit défectueux;normale;2024-11-18;2024-11-21;73;4;Léa Durand
TIC-000779;CLI-01166;;Téléphone;Produit défectueux;normale;2024-08-03;2024-08-03;11;1;Julie Dubois
TIC-000780;CLI-00239;CTC-001220;Agence;Demande d’information;normale;2026-07-07;2026-07-08;44;5;Thomas Morel
TIC-000781;CLI-01517;CTC-002439;Agence;Livraison;normale;2024-01-10;2024-01-13;73;5;Franck Lefebvre
TIC-000782;CLI-00409;CTC-001359;Agence;Produit défectueux;basse;2025-05-03;2025-05-03;1;3;Fanny Clément
TIC-000783;CLI-01909;;Courriel;Demande d’information;normale;2025-04-13;2025-04-15;51;4;Franck Lefebvre
TIC-000784;CLI-00502;CTC-002715;Agence;Produit défectueux;normale;2026-02-15;;;;Pauline Durand
TIC-000785;CLI-01310;CTC-000531;Téléphone;Retour;haute;2026-01-11;2026-01-13;48;5;Jérôme Blanc
TIC-000786;CLI-02320;CTC-000515;Courriel;Retour;normale;2026-06-07;2026-06-08;40;4;Jérôme Blanc
TIC-000787;CLI-00060;;Agence;Retour;basse;2024-09-24;2024-09-25;27;3;Virginie Henry
TIC-000788;CLI-00356;CTC-004617;Agence;Facturation;normale;2025-09-14;2025-09-17;79;4;Nathalie Michel
TIC-000789;CLI-00227;;Courriel;Produit défectueux;basse;2025-09-27;2025-09-30;83;4;Catherine Chevalier
TIC-000790;CLI-01055;CTC-001223;Courriel;Livraison;basse;2025-09-05;;;;Jérôme Blanc
TIC-000791;CLI-02402;CTC-004303;Courriel;Produit défectueux;normale;2024-01-13;2024-01-15;63;3;Léa Durand
TIC-000792;CLI-00409;CTC-006543;Téléphone;Réclamation;normale;2025-01-27;2025-01-29;61;4;Léa Durand
TIC-000793;CLI-00130;;Courriel;Retour;NORMALE;2024-06-26;2024-06-27;42;3;Alain Morel
TIC-000794;CLI-01570;CTC-000057;Agence;Livraison;normale;2025-02-27;;;;Thomas Morel
TIC-000795;CLI-01887;CTC-003990;Agence;Retour;normale;2023-12-06;2023-12-09;78;4;Catherine Dumont
TIC-000796;CLI-00171;CTC-000533;Courriel;Facturation;normale;2024-06-23;2024-06-23;1;5;Alexandre Chevalier
TIC-000797;CLI-01542;CTC-000505;Formulaire web;Produit défectueux;haute;2024-12-16;2024-12-17;35;2;Catherine Dumont
TIC-000798;CLI-02450;CTC-005018;Courriel;Produit défectueux;normale;2024-02-27;2024-02-28;40;4;Sébastien Mercier
TIC-000799;CLI-00286;CTC-004634;Agence;Réclamation;normale;2026-01-04;;;;Vincent Richard
TIC-000800;CLI-02234;CTC-001004;Téléphone;Livraison;haute;2023-12-24;2023-12-25;38;1;Sébastien Mercier
TIC-000801;CLI-01260;;Agence;Réclamation;basse;2025-12-03;2025-12-03;3;5;Maxime Muller
TIC-000802;CLI-02319;CTC-002691;Téléphone;Réclamation;normale;2025-07-15;2025-07-15;1;4;Catherine Dumont
TIC-000803;CLI-00994;;Courriel;Demande d’information;basse;2023-10-05;2023-10-07;51;4;Alain Morel
TIC-000804;CLI-02261;;Formulaire web;Facturation;basse;2024-02-15;2024-02-16;32;4;Alexandre Chevalier
TIC-000805;CLI-00596;CTC-004200;Courriel;Livraison;haute;2025-07-07;2025-07-07;8;5;Alexandre Chevalier
TIC-000806;CLI-02277;CTC-006129;Téléphone;Livraison;normale;2025-05-15;2025-05-18;86;4;Nathalie Michel
TIC-000807;CLI-02456;CTC-000947;Courriel;Retour;normale;2023-11-23;2023-11-26;87;4;Alain Morel
TIC-000808;CLI-00884;CTC-003248;Formulaire web;Réclamation;normale;2025-07-08;2025-07-11;83;5;Léa Durand
TIC-000809;CLI-01863;CTC-006231;Courriel;Réclamation;basse;2025-03-01;2025-03-02;27;5;Catherine Dumont
TIC-000810;CLI-02223;CTC-007909;Agence;Réclamation;normale;2025-02-20;2025-02-21;25;1;Alexandre Chevalier
TIC-000811;CLI-00682;CTC-006962;Agence;Facturation;normale;2026-09-01;2026-09-04;86;5;Manon Michel
TIC-000812;CLI-00408;CTC-003123;Formulaire web;Livraison;normale;2024-12-01;;;;Vincent Richard
TIC-000813;CLI-02452;;Téléphone;Réclamation;normale;2025-05-29;2025-05-29;9;4;Sébastien Mercier
TIC-000814;CLI-01365;CTC-001513;Formulaire web;Livraison;haute;2023-09-29;2023-10-01;66;4;Nathalie Michel
TIC-000815;CLI-00008;CTC-004121;Téléphone;Réclamation;basse;2025-09-28;2025-09-29;25;5;Nathalie Michel
TIC-000816;CLI-00346;CTC-002089;Agence;Facturation;normale;2026-01-15;2026-01-15;23;3;Virginie Henry
TIC-000817;CLI-00704;CTC-002362;Courriel;Facturation;haute;2026-05-13;2026-05-13;1;3;Léa Durand
TIC-000818;CLI-01795;;Courriel;Réclamation;normale;2026-07-27;2026-07-28;24;4;Léa Durand
TIC-000819;CLI-02044;CTC-006817;Formulaire web;Facturation;haute;2026-06-19;2026-06-21;49;5;Virginie Henry
TIC-000820;CLI-01442;CTC-002840;Agence;Demande d’information;normale;2026-04-17;2026-04-17;1;4;Nathalie Michel
TIC-000821;CLI-01353;;Formulaire web;Demande d’information;urgent;2024-06-07;2024-06-08;35;3;Catherine Dumont
TIC-000822;CLI-01614;CTC-007743;Téléphone;Facturation;normale;2024-05-12;;;;Camille Bertrand
TIC-000823;CLI-00732;;Agence;Livraison;normale;2024-04-05;2024-04-09;96;5;Virginie Henry
TIC-000824;CLI-00817;CTC-005484;Agence;Produit défectueux;normale;2023-11-30;2023-12-03;78;4;Fanny Clément
TIC-000825;CLI-01976;;Agence;Livraison;basse;2024-12-24;2024-12-24;1;5;Virginie Henry
TIC-000826;CLI-01593;CTC-002479;Formulaire web;Facturation;basse;2025-12-07;2025-12-08;46;5;Catherine Dumont
TIC-000827;CLI-01855;CTC-002150;Téléphone;Facturation;normale;2024-04-24;2024-04-24;15;4;Jérôme Blanc
TIC-000828;CLI-01963;;Téléphone;Réclamation;haute;2026-05-15;2026-05-15;1;4;Camille Bertrand
TIC-000829;CLI-00363;;Téléphone;Facturation;basse;2024-03-05;2024-03-06;36;5;Pauline Durand
TIC-000830;CLI-02024;;Formulaire web;Retour;basse;2025-09-19;2025-09-20;46;4;Franck Lefebvre
TIC-000831;CLI-00835;CTC-000148;Formulaire web;Produit défectueux;normale;2026-06-04;2026-06-06;69;4;Catherine Dumont
TIC-000832;CLI-00783;CTC-007380;Courriel;Facturation;urgent;2024-04-01;2024-04-03;60;3;Julie Dubois
TIC-000833;CLI-00519;CTC-001978;Courriel;Demande d’information;haute;2026-01-31;2026-02-01;34;5;Camille Bertrand
TIC-000834;CLI-01086;;Courriel;Demande d’information;haute;2023-12-22;2023-12-24;50;3;Léa Durand
TIC-000835;CLI-02296;CTC-006211;Téléphone;Produit défectueux;normale;2025-08-09;2025-08-12;83;4;Julie Dubois
TIC-000836;CLI-00367;CTC-003975;Formulaire web;Retour;normale;2025-11-15;2025-11-10;13;5;Catherine Chevalier
TIC-000837;CLI-00028;CTC-002892;Formulaire web;Retour;normale;2025-03-04;2025-03-08;115;4;Vincent Richard
TIC-000838;CLI-01872;CTC-004247;Agence;Produit défectueux;normale;2025-10-29;;;;Jérôme Blanc
TIC-000839;CLI-01666;;Formulaire web;Réclamation;normale;2025-03-05;2025-03-06;33;2;Catherine Dumont
TIC-000840;CLI-00957;CTC-002567;Agence;Demande d’information;basse;2024-08-05;;;;Léa Durand
TIC-000841;CLI-02206;CTC-007983;Courriel;Facturation;basse;2025-08-16;2025-08-17;24;3;Franck Lefebvre
TIC-000842;CLI-02334;CTC-006392;Téléphone;Demande d’information;normale;2024-10-15;2024-10-16;25;3;Alain Morel
TIC-000843;CLI-02382;CTC-001559;Agence;Facturation;normale;2026-08-28;2026-08-28;13;2;Vincent Richard
TIC-000844;CLI-01876;CTC-003155;Courriel;Produit défectueux;normale;2025-01-17;2025-01-19;48;4;Virginie Henry
TIC-000845;CLI-01420;;Téléphone;Retour;basse;2024-12-28;2024-12-28;13;3;Julie Dubois
TIC-000846;CLI-02338;CTC-001127;Téléphone;Réclamation;haute;2025-03-06;2025-03-08;66;4;Virginie Henry
TIC-000847;CLI-01665;;Agence;Facturation;normale;2026-07-10;;;;Camille Bertrand
TIC-000848;CLI-00458;;Agence;Livraison;basse;2024-10-22;2024-10-23;37;4;Sébastien Mercier
TIC-000849;CLI-01652;;Formulaire web;Réclamation;haute;2026-09-03;2026-09-04;34;4;Catherine Dumont
TIC-000850;CLI-02209;CTC-007553;Formulaire web;Facturation;haute;2026-02-14;2026-02-15;43;5;Alain Morel
TIC-000851;CLI-00036;CTC-002688;Agence;Demande d’information;basse;2023-10-14;2023-10-15;31;4;Catherine Dumont
TIC-000852;CLI-01247;CTC-005103;Formulaire web;Facturation;basse;2024-06-09;2024-06-12;77;3;Sébastien Mercier
TIC-000853;CLI-01714;;Agence;Livraison;normale;2023-12-24;2023-12-25;25;2;Catherine Dumont
TIC-000854;CLI-02396;;Agence;Réclamation;normale;2025-01-14;;;;Virginie Henry
TIC-000855;CLI-01529;CTC-000255;Formulaire web;Facturation;normale;2026-08-01;2026-08-01;17;4;Franck Lefebvre
TIC-000856;CLI-01676;CTC-006979;Téléphone;Réclamation;normale;2026-03-01;2026-03-03;67;5;Nathalie Michel
TIC-000857;CLI-00070;CTC-003939;Téléphone;Retour;normale;2024-10-11;2024-10-11;21;5;Alain Morel
TIC-000858;CLI-01845;;Formulaire web;Retour;haute;2024-12-02;;;;Vincent Richard
TIC-000859;CLI-00019;CTC-004607;Formulaire web;Retour;basse;2025-08-29;2025-09-01;82;4;Fanny Clément
TIC-000860;CLI-00970;CTC-001941;Téléphone;Livraison;normale;2024-02-21;2024-02-21;12;5;Alexandre Chevalier
TIC-000861;CLI-01550;CTC-002252;Formulaire web;Livraison;basse;2026-08-20;2026-08-21;30;5;Léa Durand
TIC-000862;CLI-01336;;Formulaire web;Livraison;normale;2023-11-01;2023-11-01;4;3;Fanny Clément
TIC-000863;CLI-01923;CTC-007226;Formulaire web;Retour;normale;2025-01-02;2025-01-05;80;3;Maxime Muller
TIC-000864;CLI-01247;CTC-003668;Téléphone;Livraison;basse;2026-02-17;2026-02-20;75;5;Jérôme Blanc
TIC-000865;CLI-02065;;Téléphone;Produit défectueux;critique;2025-04-01;2025-04-01;1;4;Alain Morel
TIC-000866;CLI-00858;CTC-003207;Téléphone;Demande d’information;normale;2026-06-13;2026-06-15;65;5;Manon Michel
TIC-000867;CLI-00046;CTC-001732;Téléphone;Produit défectueux;critique;2025-03-01;2025-03-01;1;4;Alexandre Chevalier
TIC-000868;CLI-00625;CTC-000031;Courriel;Réclamation;basse;2026-06-18;2026-06-19;32;1;Sébastien Mercier
TIC-000869;CLI-02142;CTC-003172;Formulaire web;Livraison;haute;2024-10-14;2024-10-15;25;4;Thomas Morel
TIC-000870;CLI-02356;;Téléphone;Facturation;normale;2025-04-18;2025-04-18;1;4;Vincent Richard
TIC-000871;CLI-00832;CTC-006701;Formulaire web;Livraison;haute;2023-09-18;2023-09-20;67;5;Manon Michel
TIC-000872;CLI-01598;CTC-007085;Téléphone;Livraison;haute;2024-12-03;2024-12-04;28;5;Franck Lefebvre
TIC-000873;CLI-00517;CTC-006463;Formulaire web;Produit défectueux;basse;2026-06-15;2026-06-16;39;3;Nathalie Michel
TIC-000874;CLI-01047;CTC-003734;Agence;Demande d’information;normale;2024-11-28;2024-11-28;15;3;Franck Lefebvre
TIC-000875;CLI-01362;CTC-004613;Formulaire web;Demande d’information;normale;2026-05-29;2026-06-02;112;5;Alain Morel
TIC-000876;CLI-00485;CTC-003153;Téléphone;Produit défectueux;basse;2025-08-29;2025-08-31;57;4;Maxime Muller
TIC-000877;CLI-00931;;Téléphone;Produit défectueux;basse;2026-07-01;2026-07-02;39;5;Vincent Richard
TIC-000878;CLI-00223;CTC-004789;Courriel;Facturation;normale;2024-11-23;2024-11-24;24;3;Sébastien Mercier
TIC-000879;CLI-00016;;Agence;Réclamation;normale;2025-10-29;2025-10-31;61;4;Virginie Henry
TIC-000880;CLI-01374;;Agence;Demande d’information;normale;2023-11-08;2023-11-10;55;4;Camille Bertrand
TIC-000881;CLI-00724;CTC-001833;Téléphone;Demande d’information;normale;2026-05-23;2026-05-23;16;5;Fanny Clément
TIC-000882;CLI-02071;CTC-003125;Téléphone;Produit défectueux;normale;2023-10-15;2023-10-16;28;5;Vincent Richard
TIC-000883;CLI-00686;CTC-005675;Courriel;Facturation;haute;2023-11-18;2023-11-18;15;4;Vincent Richard
TIC-000884;CLI-02406;CTC-001211;Téléphone;Facturation;critique;2026-01-03;2026-01-03;5;4;Franck Lefebvre
TIC-000885;CLI-01653;;Téléphone;Retour;normale;2025-02-15;;;;Alain Morel
TIC-000886;CLI-01642;CTC-006023;Courriel;Facturation;haute;2026-03-11;2026-03-11;5;4;Catherine Chevalier
TIC-000887;CLI-00948;CTC-003543;Agence;Demande d’information;normale;2026-08-02;;;;Pauline Durand
TIC-000888;CLI-01306;;Courriel;Demande d’information;normale;2026-06-08;2026-06-08;21;4;Nathalie Michel
TIC-000889;CLI-02400;CTC-000903;Téléphone;Facturation;normale;2026-02-16;2026-02-16;11;4;Manon Michel
TIC-000890;CLI-00089;CTC-004397;Agence;Demande d’information;normale;2023-12-29;2023-12-31;61;3;Thomas Morel
TIC-000891;CLI-01014;;Agence;Retour;normale;2025-04-26;2025-04-28;54;4;Thomas Morel
TIC-000892;CLI-01214;;Agence;Retour;normale;2024-01-20;2024-01-23;85;5;Virginie Henry
TIC-000893;CLI-00272;CTC-005621;Courriel;Livraison;normale;2023-10-08;2023-10-10;62;1;Nathalie Michel
TIC-000894;CLI-01255;CTC-000767;Courriel;Demande d’information;basse;2025-12-31;2026-01-01;33;3;Fanny Clément
TIC-000895;CLI-01780;CTC-002499;Courriel;Livraison;normale;2025-12-22;;;;Franck Lefebvre
TIC-000896;CLI-02133;;Agence;Facturation;normale;2025-11-08;2025-11-12;97;5;Catherine Dumont
TIC-000897;CLI-01007;CTC-005532;Formulaire web;Produit défectueux;critique;2024-10-12;2024-10-12;1;5;Catherine Chevalier
TIC-000898;CLI-02151;CTC-007502;Formulaire web;Livraison;basse;2025-01-09;2025-01-09;16;5;Maxime Muller
TIC-000899;CLI-00164;CTC-003271;Agence;Demande d’information;haute;2026-06-13;2026-06-14;30;4;Alexandre Chevalier
TIC-000900;CLI-01526;CTC-007913;Formulaire web;Retour;normale;2025-01-24;2025-01-25;25;5;Maxime Muller
TIC-000901;CLI-00909;;Téléphone;Demande d’information;normale;2024-10-24;2024-10-25;46;3;Thomas Morel
TIC-000902;CLI-01817;CTC-007999;Téléphone;Demande d’information;normale;2024-01-29;2024-01-30;24;4;Sébastien Mercier
TIC-000903;CLI-01909;;Téléphone;Facturation;basse;2025-10-22;2025-10-23;31;3;Franck Lefebvre
TIC-000904;CLI-01631;CTC-006131;Agence;Réclamation;haute;2024-03-03;2024-03-03;3;5;Franck Lefebvre
TIC-000905;CLI-00005;;Téléphone;Demande d’information;basse;2025-08-14;2025-08-16;61;4;Camille Bertrand
TIC-000906;CLI-02158;CTC-004371;Agence;Livraison;normale;2025-03-27;2025-03-27;1;5;Virginie Henry
TIC-000907;CLI-00367;CTC-003975;Formulaire web;Retour;normale;2026-05-02;2026-05-02;1;1;Thomas Morel
TIC-000908;CLI-01906;CTC-004002;Téléphone;Demande d’information;normale;2023-11-20;2023-11-22;64;5;Léa Durand
TIC-000909;CLI-02000;;Téléphone;Retour;basse;2025-07-16;2025-07-17;39;5;Alexandre Chevalier
TIC-000910;CLI-00315;CTC-003503;Formulaire web;Retour;haute;2025-03-08;2025-03-08;1;4;Sébastien Mercier
TIC-000911;CLI-00782;CTC-007194;Agence;Facturation;haute;2024-12-30;;;;Alain Morel
TIC-000912;CLI-00970;CTC-001941;Formulaire web;Réclamation;normale;2024-03-04;2024-03-05;37;4;Catherine Chevalier
TIC-000913;CLI-02059;CTC-003135;Courriel;Facturation;haute;2026-08-02;2026-08-02;1;3;Alexandre Chevalier
TIC-000914;CLI-01570;;Formulaire web;Demande d’information;basse;2024-03-05;2024-03-06;24;4;Julie Dubois
TIC-000915;CLI-00607;CTC-003112;Agence;Retour;critique;2024-03-14;2024-03-15;39;3;Sébastien Mercier
TIC-000916;CLI-00061;;Formulaire web;Livraison;critique;2023-11-02;2023-11-02;1;5;Catherine Dumont
TIC-000917;CLI-01235;CTC-005489;Formulaire web;Demande d’information;normale;2023-11-05;2023-11-06;32;2;Pauline Durand
TIC-000918;CLI-01661;CTC-006629;Courriel;Facturation;basse;2025-09-05;2025-09-07;70;1;Franck Lefebvre
TIC-000919;CLI-00029;CTC-003832;Courriel;Facturation;normale;2025-01-05;2025-01-05;1;4;Fanny Clément
TIC-000920;CLI-00897;;Agence;Facturation;critique;2023-09-17;2023-09-17;1;5;Thomas Morel
TIC-000921;CLI-00225;;Agence;Produit défectueux;haute;2025-08-16;2025-08-16;1;1;Franck Lefebvre
TIC-000922;CLI-01937;CTC-003289;Agence;Réclamation;haute;2025-06-05;2025-06-09;99;3;Fanny Clément
TIC-000923;CLI-00035;;Formulaire web;Livraison;normale;2025-12-24;2025-12-26;63;3;Catherine Dumont
TIC-000924;CLI-00274;CTC-004473;Agence;Livraison;haute;2025-12-09;2025-12-10;40;4;Alain Morel
TIC-000925;CLI-00634;CTC-004918;Formulaire web;Produit défectueux;haute;2024-09-06;2024-09-07;39;5;Virginie Henry
TIC-000926;CLI-01603;CTC-004932;Agence;Produit défectueux;haute;2025-08-12;2025-08-14;50;5;Virginie Henry
TIC-000927;CLI-01983;CTC-003633;Formulaire web;Retour;normale;2026-02-22;2026-02-24;67;3;Maxime Muller
TIC-000928;CLI-01937;CTC-006695;Formulaire web;Livraison;basse;2024-12-01;2024-12-02;34;1;Maxime Muller
TIC-000929;CLI-02236;CTC-006768;Courriel;Retour;critique;2024-02-20;;;;Pauline Durand
TIC-000930;CLI-00190;;Courriel;Réclamation;basse;2025-09-08;2025-09-09;33;2;Alain Morel
TIC-000931;CLI-02046;CTC-000207;Agence;Facturation;normale;2024-01-28;;;;Catherine Chevalier
TIC-000932;CLI-00426;CTC-007936;Téléphone;Livraison;normale;2024-11-18;2024-11-18;19;5;Thomas Morel
TIC-000933;CLI-00250;CTC-001098;Téléphone;Facturation;haute;2025-01-23;2025-01-26;76;4;Julie Dubois
TIC-000934;CLI-00923;CTC-005631;Téléphone;Livraison;normale;2026-05-18;2026-05-18;19;4;Maxime Muller
TIC-000935;CLI-00940;CTC-005610;Téléphone;Livraison;normale;2023-11-03;2023-11-05;53;4;Jérôme Blanc
TIC-000936;CLI-01408;;Courriel;Demande d’information;normale;2024-05-25;2024-05-28;76;5;Alain Morel
TIC-000937;CLI-01173;CTC-007065;Agence;Produit défectueux;normale;2023-10-18;2023-10-19;29;5;Thomas Morel
TIC-000938;CLI-01015;;Agence;Facturation;normale;2025-10-03;2025-10-04;44;5;Catherine Chevalier
TIC-000939;CLI-00347;;Formulaire web;Réclamation;normale;2024-04-10;;;;Julie Dubois
TIC-000940;CLI-02275;CTC-000123;Agence;Demande d’information;basse;2026-02-21;2026-02-23;49;5;Fanny Clément
TIC-000941;CLI-00065;;Courriel;Produit défectueux;normale;2025-05-10;2025-05-11;42;5;Catherine Dumont
TIC-000942;CLI-00933;CTC-007934;Formulaire web;Retour;critique;2023-12-02;2023-12-02;1;4;Vincent Richard
TIC-000943;CLI-02475;;Courriel;Demande d’information;basse;2025-09-30;2025-10-02;49;2;Catherine Dumont
TIC-000944;CLI-00912;CTC-005956;Agence;Réclamation;haute;2025-06-28;2025-06-30;67;2;Maxime Muller
TIC-000945;CLI-01876;CTC-002414;Téléphone;Retour;normale;2025-11-24;2025-11-26;64;3;Fanny Clément
TIC-000946;CLI-00950;CTC-003853;Téléphone;Livraison;urgent;2024-11-11;2024-11-11;1;5;Alain Morel
TIC-000947;CLI-01081;;Formulaire web;Livraison;normale;2025-05-30;2025-06-01;50;4;Sébastien Mercier
TIC-000948;CLI-00326;;Téléphone;Réclamation;haute;2024-08-04;;;;Julie Dubois
TIC-000949;CLI-00898;CTC-002877;Téléphone;Réclamation;normale;2026-09-06;2026-09-07;40;2;Fanny Clément
TIC-000950;CLI-00483;;Téléphone;Facturation;haute;2024-08-17;2024-08-18;42;5;Camille Bertrand
TIC-000951;CLI-01595;CTC-002628;Formulaire web;Retour;haute;2026-02-26;2026-02-27;38;3;Nathalie Michel
TIC-000952;CLI-00111;;Agence;Retour;normale;2024-08-11;2024-08-13;51;2;Alexandre Chevalier
TIC-000953;CLI-01119;CTC-007329;Courriel;Réclamation;haute;2023-09-27;2023-09-29;53;4;Alexandre Chevalier
TIC-000954;CLI-00678;CTC-006339;Courriel;Facturation;normale;2026-06-26;2026-06-26;1;5;Julie Dubois
TIC-000955;CLI-01736;CTC-001380;Agence;Retour;normale;2025-02-02;2025-02-02;16;5;Vincent Richard
TIC-000956;CLI-00981;CTC-003478;Courriel;Facturation;critique;2025-11-30;2025-11-30;1;3;Pauline Durand
TIC-000957;CLI-01252;CTC-001006;Formulaire web;Facturation;normale;2025-07-08;2025-07-08;7;1;Thomas Morel
TIC-000958;CLI-01359;;Téléphone;Facturation;haute;2024-04-11;;;;Fanny Clément
TIC-000959;CLI-00596;;Téléphone;Livraison;normale;2025-05-26;2025-05-26;17;4;Virginie Henry
TIC-000960;CLI-01761;CTC-003539;Téléphone;Livraison;normale;2023-12-05;2023-12-07;57;5;Thomas Morel
TIC-000961;CLI-01560;CTC-004980;Agence;Retour;haute;2023-09-30;2023-09-30;1;4;Pauline Durand
TIC-000962;CLI-01858;;Formulaire web;Demande d’information;normale;2025-06-29;;;;Sébastien Mercier
TIC-000963;CLI-01155;CTC-002774;Téléphone;Facturation;normale;2026-08-19;2026-08-19;1;4;Vincent Richard
TIC-000964;CLI-00086;CTC-007707;Courriel;Demande d’information;normale;2026-03-01;2026-03-01;18;4;Maxime Muller
TIC-000965;CLI-00808;CTC-006125;Courriel;Livraison;critique;2025-11-14;2025-11-14;1;4;Fanny Clément
TIC-000966;CLI-00210;CTC-006950;Formulaire web;Retour;basse;2025-08-01;2025-08-03;60;4;Virginie Henry
TIC-000967;CLI-00109;;Courriel;Produit défectueux;haute;2026-08-01;;;;Alain Morel
TIC-000968;CLI-01930;CTC-003532;Téléphone;Réclamation;basse;2026-08-24;2026-08-27;90;5;Alain Morel
TIC-000969;CLI-01392;CTC-004290;Agence;Réclamation;normale;2026-05-24;2026-05-24;21;4;Thomas Morel
TIC-000970;CLI-01357;CTC-006519;Agence;Facturation;normale;2025-09-20;2025-09-20;12;5;Vincent Richard
TIC-000971;CLI-01758;CTC-000200;Téléphone;Facturation;critique;2026-02-08;2026-02-08;1;5;Jérôme Blanc
TIC-000972;CLI-01092;;Formulaire web;Retour;normale;2024-11-07;2024-11-08;38;4;Virginie Henry
TIC-000973;CLI-00542;CTC-004368;Téléphone;Réclamation;normale;2024-07-03;2024-07-04;28;5;Fanny Clément
TIC-000974;CLI-01518;CTC-004381;Formulaire web;Facturation;normale;2026-01-30;2026-01-30;19;5;Vincent Richard
TIC-000975;CLI-01704;CTC-002134;Agence;Réclamation;haute;2025-03-11;2025-03-14;74;5;Maxime Muller
TIC-000976;CLI-00546;;Courriel;Demande d’information;normale;2026-02-19;2026-02-19;17;2;Alain Morel
TIC-000977;CLI-00010;CTC-007823;Agence;Réclamation;normale;2023-11-15;2023-11-15;4;5;Franck Lefebvre
TIC-000978;CLI-01464;;Agence;Facturation;urgent;2024-11-02;2024-11-03;26;4;Virginie Henry
TIC-000979;CLI-00611;;Formulaire web;Livraison;basse;2023-12-14;2023-12-18;109;2;Vincent Richard
TIC-000980;CLI-01156;CTC-002654;Agence;Facturation;normale;2026-05-29;2026-05-29;16;4;Léa Durand
TIC-000981;CLI-01058;CTC-001743;Courriel;Demande d’information;basse;2026-05-05;2026-05-05;1;5;Nathalie Michel
TIC-000982;CLI-00224;;Formulaire web;Retour;normale;2025-03-24;2025-03-25;40;1;Alain Morel
TIC-000983;CLI-02319;CTC-002691;Courriel;Demande d’information;basse;2024-06-23;2024-06-24;40;3;Pauline Durand
TIC-000984;CLI-00150;;Téléphone;Produit défectueux;haute;2024-11-19;2024-11-24;128;5;Sébastien Mercier
TIC-000985;CLI-02377;CTC-007287;Agence;Produit défectueux;normale;2024-02-27;2024-02-28;39;5;Catherine Dumont
TIC-000986;CLI-00580;CTC-004675;Agence;Facturation;normale;2024-10-12;2024-10-15;85;5;Fanny Clément
TIC-000987;CLI-01375;CTC-003690;Agence;Produit défectueux;normale;2023-09-16;2023-09-18;50;5;Pauline Durand
TIC-000988;CLI-00994;;Agence;Facturation;haute;2024-03-15;;;;Alain Morel
TIC-000989;CLI-00186;;Formulaire web;Retour;normale;2024-05-30;2024-06-02;75;5;Catherine Dumont
TIC-000990;CLI-01469;CTC-005348;Courriel;Facturation;normale;2025-03-22;2025-03-23;33;3;Manon Michel
TIC-000991;CLI-01319;;Téléphone;Livraison;normale;2024-04-13;2024-04-15;49;5;Jérôme Blanc
TIC-000992;CLI-00833;CTC-005500;Courriel;Demande d’information;normale;2026-07-25;2026-07-26;41;4;Catherine Dumont
TIC-000993;CLI-01991;CTC-000473;Formulaire web;Réclamation;haute;2026-07-17;2026-07-20;92;4;Alain Morel
TIC-000994;CLI-00860;CTC-005070;Agence;Demande d’information;normale;2024-10-02;2024-10-03;27;3;Sébastien Mercier
TIC-000995;CLI-01286;;Courriel;Facturation;basse;2025-12-17;2025-12-18;34;2;Julie Dubois
TIC-000996;CLI-00888;CTC-001784;Téléphone;Retour;normale;2026-03-30;2026-03-30;2;3;Camille Bertrand
TIC-000997;CLI-00610;;Formulaire web;Produit défectueux;normale;2024-02-22;2024-02-23;42;1;Manon Michel
TIC-000998;CLI-00212;CTC-002219;Téléphone;Réclamation;normale;2025-07-15;2025-07-15;17;4;Sébastien Mercier
TIC-000999;CLI-01778;CTC-005905;Courriel;Facturation;basse;2025-01-18;2025-01-18;7;4;Catherine Dumont
TIC-001000;CLI-02113;;Courriel;Produit défectueux;haute;2025-10-04;;;;Julie Dubois
TIC-001001;CLI-02058;CTC-002020;Agence;Retour;normale;2024-06-06;2024-06-07;41;2;Maxime Muller
TIC-001002;CLI-01968;;Téléphone;Réclamation;normale;2026-04-29;2026-04-29;12;4;Julie Dubois
TIC-001003;CLI-01515;;Formulaire web;Retour;haute;2023-09-22;2023-09-24;50;1;Thomas Morel
TIC-001004;CLI-01082;;Téléphone;Réclamation;normale;2024-07-02;2024-07-02;10;5;Franck Lefebvre
TIC-001005;CLI-00952;;Agence;Facturation;normale;2025-01-26;;;;Vincent Richard
TIC-001006;CLI-02484;CTC-007981;Téléphone;Produit défectueux;normale;2025-03-28;2025-03-28;9;3;Pauline Durand
TIC-001007;CLI-02183;CTC-000095;Courriel;Demande d’information;critique;2026-08-19;2026-08-19;14;4;Thomas Morel
TIC-001008;CLI-00508;CTC-007920;Formulaire web;Retour;basse;2024-09-01;2024-09-04;92;4;Alexandre Chevalier
TIC-001009;CLI-00142;;Formulaire web;Réclamation;normale;2025-07-18;2025-07-20;52;4;Catherine Chevalier
TIC-001010;CLI-00990;CTC-002399;Courriel;Retour;normale;2025-08-08;2025-08-08;3;4;Jérôme Blanc
TIC-001011;CLI-01666;CTC-001757;Téléphone;Livraison;haute;2026-08-01;2026-08-03;53;4;Virginie Henry
TIC-001012;CLI-02154;;Agence;Produit défectueux;haute;2024-11-29;;;;Vincent Richard
TIC-001013;CLI-01502;CTC-005719;Téléphone;Livraison;normale;2025-09-04;2025-09-04;17;4;Thomas Morel
TIC-001014;CLI-02185;CTC-007506;Agence;Demande d’information;normale;2024-08-08;2024-08-09;37;4;Jérôme Blanc
TIC-001015;CLI-00691;CTC-003653;Formulaire web;Livraison;haute;2025-05-10;2025-05-10;16;3;Catherine Dumont
TIC-001016;CLI-02142;CTC-003172;Agence;Réclamation;haute;2023-12-15;2023-12-15;11;4;Franck Lefebvre
TIC-001017;CLI-02318;CTC-003705;Agence;Produit défectueux;basse;2024-08-03;;;;Julie Dubois
TIC-001018;CLI-01729;CTC-003336;Agence;Livraison;normale;2023-09-25;2023-09-29;96;1;Thomas Morel
TIC-001019;CLI-02116;CTC-006859;Formulaire web;Retour;basse;2025-03-22;;;;Franck Lefebvre
TIC-001020;CLI-00934;CTC-002427;Courriel;Livraison;critique;2024-10-30;2024-10-31;30;2;Sébastien Mercier
TIC-001021;CLI-00853;CTC-006990;Téléphone;Produit défectueux;normale;2025-09-13;;;;Catherine Chevalier
TIC-001022;CLI-02065;;Agence;Demande d’information;haute;2025-02-05;2025-02-07;66;2;Alexandre Chevalier
TIC-001023;CLI-00552;;Formulaire web;Retour;haute;2026-05-27;2026-05-27;1;5;Fanny Clément
TIC-001024;CLI-00718;CTC-003811;Formulaire web;Retour;haute;2023-11-11;2023-11-12;26;4;Catherine Chevalier
TIC-001025;CLI-00166;;Agence;Retour;normale;2025-11-21;2025-11-22;43;3;Maxime Muller
TIC-001026;CLI-01393;CTC-003713;Courriel;Facturation;basse;2025-06-29;2025-06-30;36;5;Alexandre Chevalier
TIC-001027;CLI-01636;CTC-004226;Agence;Réclamation;normale;2025-08-14;2025-08-16;63;4;Vincent Richard
TIC-001028;CLI-02205;CTC-003015;Formulaire web;Produit défectueux;haute;2024-01-25;;;;Thomas Morel
TIC-001029;CLI-00226;CTC-001443;Téléphone;Demande d’information;normale;2025-08-31;2025-09-01;31;1;Nathalie Michel
TIC-001030;CLI-00920;CTC-004064;Courriel;Réclamation;normale;2025-11-08;2025-11-08;23;4;Maxime Muller
TIC-001031;CLI-00756;CTC-004718;Formulaire web;Facturation;normale;2025-06-06;2025-06-06;19;5;Pauline Durand
TIC-001032;CLI-01179;;Agence;Demande d’information;normale;2024-09-16;;;;Léa Durand
TIC-001033;CLI-00177;CTC-006351;Agence;Livraison;normale;2026-08-30;2026-09-01;57;4;Franck Lefebvre
TIC-001034;CLI-00216;CTC-005412;Agence;Réclamation;haute;2025-04-12;2025-04-14;58;5;Julie Dubois
TIC-001035;CLI-00351;CTC-004872;Téléphone;Retour;normale;2024-07-13;2024-07-14;27;5;Camille Bertrand
TIC-001036;CLI-02181;CTC-003116;Formulaire web;Retour;haute;2026-06-12;2026-06-13;28;5;Léa Durand
TIC-001037;CLI-00975;;Téléphone;Réclamation;normale;2025-09-29;2025-09-29;1;5;Nathalie Michel
TIC-001038;CLI-01850;CTC-004871;Courriel;Facturation;basse;2024-03-30;2024-03-31;24;4;Manon Michel
TIC-001039;CLI-01841;CTC-001032;Téléphone;Livraison;normale;2024-07-03;2024-07-05;69;3;Jérôme Blanc
TIC-001040;CLI-02206;CTC-007983;Agence;Demande d’information;normale;2026-04-22;2026-04-24;50;4;Alain Morel
TIC-001041;CLI-00509;CTC-000543;Agence;Livraison;normale;2026-08-13;2026-08-15;60;5;Catherine Dumont
TIC-001042;CLI-00849;;Agence;Facturation;normale;2024-06-07;2024-06-07;8;3;Alain Morel
TIC-001043;CLI-02261;CTC-004054;Courriel;Livraison;normale;2024-04-13;2024-04-14;36;4;Fanny Clément
TIC-001044;CLI-01832;CTC-007830;Téléphone;Réclamation;normale;2025-02-07;;;;Catherine Chevalier
TIC-001045;CLI-01797;CTC-002693;Agence;Réclamation;haute;2023-09-27;2023-09-30;81;5;Franck Lefebvre
TIC-001046;CLI-02330;CTC-000992;Courriel;Demande d’information;haute;2024-05-24;;;;Catherine Chevalier
TIC-001047;CLI-00094;CTC-002348;Formulaire web;Demande d’information;normale;2025-12-03;2025-12-05;50;1;Catherine Chevalier
TIC-001048;CLI-01185;CTC-007087;Téléphone;Demande d’information;normale;2025-10-29;2025-10-31;70;4;Jérôme Blanc
TIC-001049;CLI-01864;;Agence;Facturation;basse;2023-12-18;2023-12-18;10;3;Julie Dubois
TIC-001050;CLI-02251;CTC-006157;Téléphone;Produit défectueux;basse;2024-02-24;2024-02-26;48;5;Nathalie Michel
TIC-001051;CLI-02246;CTC-001549;Formulaire web;Facturation;haute;2025-10-18;2025-10-19;38;3;Franck Lefebvre
TIC-001052;CLI-00295;CTC-006577;Courriel;Retour;basse;2023-12-31;2024-01-02;49;4;Sébastien Mercier
TIC-001053;CLI-01153;CTC-003904;Formulaire web;Retour;normale;2025-10-31;2025-11-03;82;3;Alain Morel
TIC-001054;CLI-00499;;Téléphone;Demande d’information;basse;2024-04-08;2024-04-09;44;4;Léa Durand
TIC-001055;CLI-01348;;Courriel;Retour;basse;2025-02-04;2025-02-07;95;3;Franck Lefebvre
TIC-001056;CLI-01097;CTC-006564;Agence;Demande d’information;haute;2025-03-02;2025-03-02;2;1;Fanny Clément
TIC-001057;CLI-02133;;Courriel;Retour;normale;2026-02-12;2026-02-12;20;2;Alexandre Chevalier
TIC-001058;CLI-00294;;Courriel;Livraison;basse;2025-01-14;2025-01-14;1;3;Catherine Dumont
TIC-001059;CLI-00462;CTC-003892;Courriel;Livraison;haute;2024-09-25;2024-09-27;57;1;Julie Dubois
TIC-001060;CLI-00748;CTC-007323;Courriel;Livraison;normale;2024-11-16;2024-11-17;40;4;Fanny Clément
TIC-001061;CLI-00740;CTC-004465;Courriel;Livraison;haute;2025-06-28;2025-06-28;12;5;Maxime Muller
TIC-001062;CLI-00838;CTC-002005;Courriel;Demande d’information;normale;2026-03-27;2026-03-28;45;1;Alain Morel
TIC-001063;CLI-00321;;Téléphone;Facturation;basse;2025-02-17;2025-02-17;21;3;Maxime Muller
TIC-001064;CLI-01510;CTC-000597;Formulaire web;Retour;haute;2026-03-12;2026-03-15;80;5;Catherine Dumont
TIC-001065;CLI-01304;;Téléphone;Réclamation;basse;2025-09-27;2025-09-28;29;3;Jérôme Blanc
TIC-001066;CLI-01375;CTC-005808;Formulaire web;Produit défectueux;basse;2023-10-12;2023-10-13;40;3;Julie Dubois
TIC-001067;CLI-01854;CTC-001754;Courriel;Demande d’information;basse;2025-10-10;2025-10-13;87;4;Catherine Dumont
TIC-001068;CLI-00317;CTC-000009;Agence;Réclamation;haute;2025-02-06;2025-02-08;62;3;Maxime Muller
TIC-001069;CLI-00649;CTC-000349;Agence;Facturation;critique;2024-12-31;2025-01-02;65;5;Alexandre Chevalier
TIC-001070;CLI-02157;CTC-002158;Formulaire web;Réclamation;basse;2025-11-24;;;;Camille Bertrand
TIC-001071;CLI-00934;CTC-002427;Téléphone;Produit défectueux;normale;2025-03-25;2025-03-28;82;5;Virginie Henry
TIC-001072;CLI-01739;;Courriel;Produit défectueux;basse;2024-03-17;2024-03-18;34;3;Camille Bertrand
TIC-001073;CLI-01792;CTC-001308;Formulaire web;Produit défectueux;normale;2026-06-07;2026-06-08;46;4;Fanny Clément
TIC-001074;CLI-00037;CTC-002777;Téléphone;Demande d’information;basse;2026-02-02;2026-02-02;20;4;Nathalie Michel
TIC-001075;CLI-00303;;Formulaire web;Retour;normale;2026-06-16;2026-06-17;27;1;Maxime Muller
TIC-001076;CLI-02419;CTC-001268;Téléphone;Demande d’information;normale;2025-01-22;2025-01-24;49;5;Alexandre Chevalier
TIC-001077;CLI-02397;CTC-000249;Formulaire web;Livraison;normale;2023-12-30;2023-12-30;13;1;Franck Lefebvre
TIC-001078;CLI-00389;;Agence;Retour;haute;2024-05-14;2024-05-16;51;5;Thomas Morel
TIC-001079;CLI-02447;CTC-004370;Courriel;Retour;normale;2025-04-08;2025-04-09;38;4;Sébastien Mercier
TIC-001080;CLI-01036;CTC-007238;Téléphone;Demande d’information;normale;2024-03-31;2024-04-03;94;1;Catherine Dumont
TIC-001081;CLI-01272;;Téléphone;Facturation;haute;2026-04-16;2026-04-16;10;1;Catherine Dumont
TIC-001082;CLI-02308;;Courriel;Retour;haute;2026-01-24;2026-01-25;41;4;Catherine Dumont
TIC-001083;CLI-01302;CTC-000993;Formulaire web;Demande d’information;normale;2025-01-11;2025-01-13;55;2;Virginie Henry
TIC-001084;CLI-01284;CTC-002132;Formulaire web;Demande d’information;basse;2026-04-24;2026-04-24;1;5;Catherine Dumont
TIC-001085;CLI-02471;CTC-000712;Formulaire web;Facturation;haute;2024-10-30;2024-10-31;38;5;Vincent Richard
TIC-001086;CLI-01358;CTC-001346;Téléphone;Retour;normale;2026-02-21;2026-02-22;42;2;Maxime Muller
TIC-001087;CLI-02165;CTC-000361;Formulaire web;Réclamation;normale;2025-12-18;2025-12-19;27;5;Camille Bertrand
TIC-001088;CLI-01247;CTC-005103;Courriel;Produit défectueux;normale;2024-02-06;2024-02-08;66;3;Manon Michel
TIC-001089;CLI-01924;CTC-003718;Formulaire web;Retour;normale;2025-10-27;2025-10-28;46;4;Virginie Henry
TIC-001090;CLI-00847;CTC-004992;Formulaire web;Livraison;normale;2025-08-09;2025-08-10;45;3;Julie Dubois
TIC-001091;CLI-00416;CTC-007863;Formulaire web;Facturation;normale;2024-06-06;2024-06-07;43;4;Franck Lefebvre
TIC-001092;CLI-01642;CTC-006023;Formulaire web;Retour;normale;2026-07-06;2026-07-06;1;4;Franck Lefebvre
TIC-001093;CLI-00804;CTC-004554;Téléphone;Demande d’information;normale;2025-02-04;2025-02-08;100;3;Camille Bertrand
TIC-001094;CLI-00325;;Téléphone;Demande d’information;normale;2023-11-10;2023-11-11;43;5;Julie Dubois
TIC-001095;CLI-00628;CTC-005659;Téléphone;Facturation;haute;2024-01-13;2024-01-14;28;4;Camille Bertrand
TIC-001096;CLI-00462;CTC-001095;Formulaire web;Réclamation;normale;2023-12-12;2023-12-13;39;2;Jérôme Blanc
TIC-001097;CLI-00098;CTC-001531;Téléphone;Retour;basse;2026-05-29;2026-06-01;83;5;Catherine Chevalier
TIC-001098;CLI-01664;CTC-004149;Téléphone;Facturation;normale;2026-02-21;2026-02-21;17;5;Vincent Richard
TIC-001099;CLI-00221;CTC-002037;Téléphone;Réclamation;normale;2025-12-02;2025-12-03;30;3;Thomas Morel
TIC-001100;CLI-01678;CTC-003483;Téléphone;Livraison;basse;2025-02-08;2025-02-09;29;5;Camille Bertrand
TIC-001101;CLI-00457;CTC-007031;Agence;Retour;haute;2024-11-04;2024-11-07;73;4;Fanny Clément
TIC-001102;CLI-00537;CTC-001810;Téléphone;Livraison;normale;2025-09-27;;;;Alain Morel
TIC-001103;CLI-00745;CTC-003082;Agence;Retour;haute;2024-03-10;2024-03-10;22;5;Sébastien Mercier
TIC-001104;CLI-00374;CTC-005513;Téléphone;Demande d’information;haute;2024-09-02;2024-09-04;66;5;Catherine Dumont
TIC-001105;CLI-01753;;Formulaire web;Facturation;basse;2026-08-05;2026-08-05;1;1;Catherine Chevalier
TIC-001106;CLI-01958;;Formulaire web;Réclamation;critique;2024-01-02;2024-01-02;1;4;Vincent Richard
TIC-001107;CLI-01614;CTC-005581;Agence;Demande d’information;normale;2026-02-11;2026-02-05;21;4;Vincent Richard
TIC-001108;CLI-00716;CTC-000765;Agence;Livraison;basse;2023-11-25;2023-11-25;3;5;Vincent Richard
TIC-001109;CLI-01458;CTC-002419;Téléphone;Réclamation;basse;2026-06-26;2026-06-26;19;5;Julie Dubois
TIC-001110;CLI-00150;;Téléphone;Produit défectueux;normale;2023-12-29;2023-12-30;28;4;Alain Morel
TIC-001111;CLI-00633;CTC-001236;Téléphone;Réclamation;basse;2024-12-02;2024-12-05;83;4;Alain Morel
TIC-001112;CLI-01991;CTC-005387;Formulaire web;Réclamation;normale;2024-03-18;2024-03-21;88;3;Catherine Dumont
TIC-001113;CLI-01104;CTC-002926;Formulaire web;Retour;normale;2025-04-05;2025-04-07;67;3;Thomas Morel
TIC-001114;CLI-01898;CTC-002938;Formulaire web;Facturation;normale;2023-12-03;;;;Catherine Chevalier
TIC-001115;CLI-00974;CTC-005700;Courriel;Réclamation;normale;2024-06-23;2024-06-25;55;4;Nathalie Michel
TIC-001116;CLI-01764;;Courriel;Facturation;normale;2024-07-21;2024-07-23;52;4;Nathalie Michel
TIC-001117;CLI-00641;;Courriel;Réclamation;normale;2024-11-15;2024-11-16;43;3;Franck Lefebvre
TIC-001118;CLI-01503;CTC-001852;Formulaire web;Demande d’information;P1;2026-08-25;2026-08-25;9;1;Léa Durand
TIC-001119;CLI-02327;;Téléphone;Retour;normale;2024-01-14;2024-01-15;38;5;Franck Lefebvre
TIC-001120;CLI-02125;CTC-002286;Agence;Réclamation;normale;2025-12-23;;;;Maxime Muller
TIC-001121;CLI-00184;CTC-003072;Formulaire web;Réclamation;haute;2025-03-26;2025-03-28;53;5;Pauline Durand
TIC-001122;CLI-01946;CTC-000355;Téléphone;Réclamation;haute;2026-01-07;2026-01-10;80;5;Camille Bertrand
TIC-001123;CLI-01808;CTC-003622;Formulaire web;Produit défectueux;normale;2024-12-05;2024-12-07;71;1;Pauline Durand
TIC-001124;CLI-00287;CTC-000158;Téléphone;Facturation;basse;2025-06-21;2025-06-21;17;4;Thomas Morel
TIC-001125;CLI-01066;CTC-007119;Téléphone;Réclamation;normale;2026-08-01;2026-08-01;1;3;Julie Dubois
TIC-001126;CLI-00062;;Téléphone;Facturation;normale;2023-11-17;2023-11-18;42;6;Nathalie Michel
TIC-001127;CLI-02436;CTC-001138;Courriel;Demande d’information;haute;2026-08-01;2026-08-01;10;2;Julie Dubois
TIC-001128;CLI-02339;CTC-004199;Formulaire web;Livraison;normale;2025-01-10;2025-01-12;56;5;Manon Michel
TIC-001129;CLI-00282;CTC-007019;Téléphone;Facturation;normale;2024-01-14;2024-01-14;7;2;Alain Morel
TIC-001130;CLI-00204;CTC-003968;Formulaire web;Retour;haute;2025-10-28;2025-10-30;51;2;Vincent Richard
TIC-001131;CLI-00073;;Agence;Livraison;haute;2024-10-18;2024-10-18;11;5;Virginie Henry
TIC-001132;CLI-02254;;Téléphone;Facturation;critique;2024-10-27;2024-10-28;24;3;Maxime Muller
TIC-001133;CLI-00206;;Courriel;Retour;basse;2024-03-09;2024-03-12;90;4;Alexandre Chevalier
TIC-001134;CLI-01365;CTC-001448;Téléphone;Livraison;haute;2024-06-25;2024-06-28;73;1;Virginie Henry
TIC-001135;CLI-00712;CTC-001460;Téléphone;Produit défectueux;normale;2026-06-25;2026-06-25;3;3;Catherine Chevalier
TIC-001136;CLI-02078;CTC-005058;Formulaire web;Livraison;normale;2026-07-24;2026-07-26;67;4;Manon Michel
TIC-001137;CLI-01337;CTC-001589;Agence;Facturation;normale;2025-07-15;2025-07-15;22;3;Catherine Chevalier
TIC-001138;CLI-00337;;Courriel;Livraison;normale;2025-07-21;2025-07-22;41;2;Léa Durand
TIC-001139;CLI-00066;;Courriel;Livraison;basse;2025-07-08;2025-07-10;55;4;Franck Lefebvre
TIC-001140;CLI-00832;CTC-005155;Courriel;Retour;normale;2024-01-31;2024-02-01;33;5;Virginie Henry
TIC-001141;CLI-00629;CTC-001484;Agence;Livraison;normale;2024-10-25;2024-10-27;61;5;Catherine Chevalier
TIC-001142;CLI-01509;;Téléphone;Livraison;normale;2025-06-16;2025-06-16;1;5;Virginie Henry
TIC-001143;CLI-02182;;Courriel;Facturation;normale;2024-04-24;;;;Jérôme Blanc
TIC-001144;CLI-00156;CTC-007987;Téléphone;Réclamation;haute;2023-10-11;2023-10-11;1;4;Vincent Richard
TIC-001145;CLI-01129;;Téléphone;Produit défectueux;haute;2026-07-06;;;;Camille Bertrand
TIC-001146;CLI-00982;CTC-007220;Formulaire web;Retour;normale;2025-08-19;2025-08-20;28;2;Vincent Richard
TIC-001147;CLI-02161;CTC-007156;Courriel;Livraison;haute;2023-12-20;2023-12-23;73;4;Sébastien Mercier
TIC-001148;CLI-02399;CTC-003786;Formulaire web;Facturation;basse;2024-12-10;2024-12-11;46;5;Alain Morel
TIC-001149;CLI-00776;CTC-005701;Courriel;Réclamation;basse;2024-05-07;2024-05-08;28;5;Alexandre Chevalier
TIC-001150;CLI-01381;CTC-007795;Courriel;Livraison;basse;2023-10-21;2023-10-21;1;5;Catherine Dumont
TIC-001151;CLI-01372;;Courriel;Facturation;haute;2026-03-12;2026-03-12;1;5;Alain Morel
TIC-001152;CLI-00556;CTC-002649;Agence;Retour;basse;2025-04-15;;;;Franck Lefebvre
TIC-001153;CLI-01798;CTC-000478;Formulaire web;Produit défectueux;normale;2024-05-27;2024-05-27;15;4;Catherine Dumont
TIC-001154;CLI-02492;CTC-004616;Formulaire web;Réclamation;normale;2024-03-19;2024-03-21;63;4;Manon Michel
TIC-001155;CLI-01748;;Téléphone;Réclamation;normale;2024-04-06;2024-04-08;63;4;Catherine Dumont
TIC-001156;CLI-01411;;Formulaire web;Livraison;normale;2024-06-24;;;;Catherine Dumont
TIC-001157;CLI-01638;CTC-004143;Téléphone;Réclamation;haute;2024-06-12;2024-06-13;47;4;Jérôme Blanc
TIC-001158;CLI-01229;CTC-006844;Téléphone;Produit défectueux;normale;2025-05-09;2025-05-09;7;5;Vincent Richard
TIC-001159;CLI-00696;CTC-004947;Téléphone;Demande d’information;normale;2025-08-05;2025-08-07;64;4;Jérôme Blanc
TIC-001160;CLI-01240;CTC-003817;Courriel;Demande d’information;basse;2025-04-03;2025-04-03;21;5;Fanny Clément
TIC-001161;CLI-01608;CTC-002676;Courriel;Retour;haute;2025-08-18;2025-08-20;48;4;Manon Michel
TIC-001162;CLI-00625;CTC-000031;Formulaire web;Livraison;normale;2024-02-20;2024-02-21;40;5;Julie Dubois
TIC-001163;CLI-01065;CTC-000883;Formulaire web;Livraison;haute;2025-01-15;2025-01-16;28;5;Catherine Dumont
TIC-001164;CLI-01811;CTC-003597;Agence;Demande d’information;haute;2024-11-25;2024-11-25;22;5;Pauline Durand
TIC-001165;CLI-02273;CTC-003003;Agence;Demande d’information;basse;2024-10-21;2024-10-23;48;3;Maxime Muller
TIC-001166;CLI-00069;CTC-007293;Formulaire web;Produit défectueux;haute;2025-01-19;2025-01-19;9;4;Virginie Henry
TIC-001167;CLI-01450;;Formulaire web;Demande d’information;haute;2024-05-29;2024-05-29;13;2;Alain Morel
TIC-001168;CLI-00162;CTC-006806;Courriel;Facturation;haute;2023-10-22;;;;Sébastien Mercier
TIC-001169;CLI-00019;CTC-004373;Téléphone;Produit défectueux;haute;2024-01-05;;;;Manon Michel
TIC-001170;CLI-01405;;Courriel;Retour;haute;2025-10-14;2025-10-17;82;5;Virginie Henry
TIC-001171;CLI-00231;CTC-003205;Formulaire web;Réclamation;haute;2025-07-25;2025-07-27;61;5;Thomas Morel
TIC-001172;CLI-00576;CTC-003889;Courriel;Réclamation;normale;2023-11-15;2023-11-17;61;5;Jérôme Blanc
TIC-001173;CLI-00066;CTC-007107;Courriel;Retour;haute;2025-02-15;2025-02-16;28;4;Alexandre Chevalier
TIC-001174;CLI-00996;;Formulaire web;Facturation;normale;2024-07-05;2024-07-05;19;4;Nathalie Michel
TIC-001175;CLI-01424;CTC-000957;Formulaire web;Facturation;normale;2025-09-06;2025-09-06;1;3;Nathalie Michel
TIC-001176;CLI-02199;CTC-002493;Courriel;Demande d’information;normale;2024-04-11;2024-04-12;34;5;Pauline Durand
TIC-001177;CLI-01608;CTC-003446;Téléphone;Réclamation;basse;2025-02-06;;;;Catherine Dumont
TIC-001178;CLI-00965;;Agence;Produit défectueux;normale;2025-04-28;2025-04-30;61;4;Camille Bertrand
TIC-001179;CLI-00731;CTC-007878;Courriel;Retour;normale;2026-03-11;;;;Vincent Richard
TIC-001180;CLI-02004;;Agence;Produit défectueux;haute;2025-02-13;2025-02-16;84;5;Léa Durand
TIC-001181;CLI-01710;CTC-000697;Formulaire web;Facturation;normale;2024-07-05;2024-07-05;23;4;Camille Bertrand
TIC-001182;CLI-01696;CTC-003692;Téléphone;Réclamation;haute;2024-04-04;;;;Alain Morel
TIC-001183;CLI-00442;;Agence;Produit défectueux;normale;2024-12-10;2024-12-11;42;5;Camille Bertrand
TIC-001184;CLI-01964;CTC-005841;Agence;Retour;normale;2024-04-14;;;;Alexandre Chevalier
TIC-001185;CLI-01979;CTC-006050;Téléphone;Réclamation;haute;2025-09-15;2025-09-16;47;5;Catherine Dumont
TIC-001186;CLI-00401;CTC-006413;Agence;Facturation;normale;2026-04-05;2026-04-06;27;5;Nathalie Michel
TIC-001187;CLI-01915;CTC-001914;Téléphone;Livraison;haute;2025-04-21;2025-04-21;21;3;Alain Morel
TIC-001188;CLI-00191;CTC-007624;Courriel;Demande d’information;haute;2024-04-08;2024-04-08;1;2;Alain Morel
TIC-001189;CLI-01301;CTC-002371;Formulaire web;Produit défectueux;normale;2026-07-24;2026-07-24;1;4;Franck Lefebvre
TIC-001190;CLI-00315;CTC-003503;Formulaire web;Demande d’information;haute;2024-09-25;;;;Fanny Clément
TIC-001191;CLI-00416;CTC-007863;Téléphone;Livraison;basse;2024-07-25;2024-07-27;50;4;Catherine Dumont
TIC-001192;CLI-01068;CTC-003087;Courriel;Demande d’information;basse;2024-11-30;2024-12-02;55;4;Léa Durand
TIC-001193;CLI-00533;CTC-002290;Téléphone;Retour;basse;2024-08-01;2024-08-01;6;3;Léa Durand
TIC-001194;CLI-01948;CTC-001616;Formulaire web;Retour;normale;2025-10-29;2025-10-30;41;5;Sébastien Mercier
TIC-001195;CLI-01744;;Téléphone;Demande d’information;basse;2025-11-27;2025-11-27;16;5;Julie Dubois
TIC-001196;CLI-00840;;Formulaire web;Réclamation;normale;2025-10-09;2025-10-11;50;4;Fanny Clément
TIC-001197;CLI-00891;CTC-002636;Courriel;Produit défectueux;haute;2024-12-11;;;;Manon Michel
TIC-001198;CLI-00075;CTC-007420;Agence;Demande d’information;normale;2024-03-22;;;;Pauline Durand
TIC-001199;CLI-02097;CTC-004528;Téléphone;Retour;haute;2026-06-30;2026-07-01;36;5;Catherine Dumont
TIC-001200;CLI-01013;;Agence;Produit défectueux;normale;2024-03-06;2024-03-07;45;3;Vincent Richard
TIC-001201;CLI-01161;;Agence;Retour;normale;2025-07-20;2025-07-22;49;5;Alain Morel
TIC-001202;CLI-02150;;Téléphone;Demande d’information;basse;2024-11-14;2024-11-14;1;4;Thomas Morel
TIC-001203;CLI-00826;CTC-004894;Agence;Demande d’information;normale;2025-03-24;2025-03-24;1;5;Thomas Morel
TIC-001204;CLI-02356;CTC-005914;Formulaire web;Livraison;critique;2026-07-14;2026-07-15;42;2;Vincent Richard
TIC-001205;CLI-00988;CTC-006245;Formulaire web;Demande d’information;critique;2024-06-18;2024-06-18;5;4;Alexandre Chevalier
TIC-001206;CLI-01704;;Téléphone;Facturation;normale;2024-06-27;;;;Maxime Muller
TIC-001207;CLI-00262;CTC-002844;Agence;Livraison;normale;2024-03-19;2024-03-19;1;5;Thomas Morel
TIC-001208;CLI-01533;CTC-002831;Formulaire web;Produit défectueux;haute;2025-04-12;2025-04-12;14;3;Maxime Muller
TIC-001209;CLI-01636;CTC-004226;Téléphone;Livraison;normale;2024-11-26;2024-11-30;97;4;Julie Dubois
TIC-001210;CLI-01339;CTC-002906;Agence;Demande d’information;normale;2024-12-07;2024-12-10;75;4;Vincent Richard
TIC-001211;CLI-01424;CTC-003768;Formulaire web;Facturation;normale;2023-11-13;2023-11-14;44;2;Franck Lefebvre
TIC-001212;CLI-01172;CTC-005962;Téléphone;Produit défectueux;normale;2025-12-16;2025-12-18;64;4;Julie Dubois
TIC-001213;CLI-00940;CTC-003042;Courriel;Demande d’information;normale;2023-10-09;2023-10-11;53;3;Catherine Dumont
TIC-001214;CLI-01802;CTC-004034;Formulaire web;Retour;normale;2024-07-25;2024-07-26;40;4;Virginie Henry
TIC-001215;CLI-02365;CTC-003620;Téléphone;Facturation;haute;2026-04-17;2026-04-17;1;4;Maxime Muller
TIC-001216;CLI-00135;CTC-005005;Courriel;Réclamation;haute;2025-10-24;2025-10-26;54;4;Nathalie Michel
TIC-001217;CLI-00409;CTC-006543;Agence;Retour;normale;2025-11-01;2025-11-03;52;3;Pauline Durand
TIC-001218;CLI-00059;;Téléphone;Réclamation;critique;2025-09-14;2025-09-15;24;5;Franck Lefebvre
TIC-001219;CLI-01980;;Courriel;Réclamation;haute;2025-04-20;2025-04-21;37;2;Catherine Chevalier
TIC-001220;CLI-00386;CTC-001117;Téléphone;Demande d’information;normale;2025-02-02;2025-02-03;33;4;Manon Michel
TIC-001221;CLI-01609;CTC-007988;Courriel;Retour;basse;2025-02-23;2025-02-25;63;3;Camille Bertrand
TIC-001222;CLI-00384;;Téléphone;Retour;normale;2025-10-01;2025-10-02;32;5;Léa Durand
TIC-001223;CLI-00497;CTC-004009;Téléphone;Livraison;basse;2026-09-08;;;;Virginie Henry
TIC-001224;CLI-02058;CTC-007579;Agence;Retour;basse;2025-06-03;2025-06-04;40;5;Vincent Richard
TIC-001225;CLI-00564;CTC-002167;Agence;Demande d’information;normale;2026-06-24;2026-06-26;58;2;Franck Lefebvre
TIC-001226;CLI-01310;CTC-004764;Formulaire web;Livraison;basse;2024-06-20;2024-06-21;43;4;Fanny Clément
TIC-001227;CLI-01736;CTC-006769;Téléphone;Produit défectueux;normale;2024-09-25;2024-09-27;55;4;Catherine Chevalier
TIC-001228;CLI-01545;CTC-006558;Courriel;Facturation;haute;2025-02-16;2025-02-17;40;4;Jérôme Blanc
TIC-001229;CLI-01871;CTC-001121;Formulaire web;Réclamation;haute;2025-07-06;2025-07-08;48;4;Pauline Durand
TIC-001230;CLI-00067;;Courriel;Réclamation;normale;2025-02-27;2025-03-03;109;1;Catherine Dumont
TIC-001231;CLI-00257;;Téléphone;Demande d’information;normale;2023-09-11;2023-09-13;52;3;Alain Morel
TIC-001232;CLI-01675;CTC-005042;Agence;Réclamation;normale;2025-01-30;2025-01-30;12;1;Vincent Richard
TIC-001233;CLI-01198;;Agence;Produit défectueux;normale;2026-01-07;;;;Jérôme Blanc
TIC-001234;CLI-01728;CTC-004656;Formulaire web;Livraison;normale;2025-12-28;2025-12-30;59;3;Fanny Clément
TIC-001235;CLI-01716;CTC-003246;Téléphone;Facturation;normale;2026-07-05;2026-07-05;14;4;Manon Michel
TIC-001236;CLI-00414;;Téléphone;Retour;haute;2024-07-07;2024-07-08;43;5;Alexandre Chevalier
TIC-001237;CLI-01414;CTC-003836;Téléphone;Demande d’information;critique;2024-12-08;;;;Léa Durand
TIC-001238;CLI-01838;CTC-001238;Courriel;Réclamation;haute;2026-09-07;;;;Léa Durand
TIC-001239;CLI-00404;CTC-001830;Téléphone;Demande d’information;haute;2025-01-29;2025-01-29;6;5;Virginie Henry
TIC-001240;CLI-01959;CTC-006877;Formulaire web;Réclamation;normale;2025-09-03;2025-09-05;48;4;Thomas Morel
TIC-001241;CLI-00489;CTC-001212;Téléphone;Demande d’information;basse;2024-05-23;2024-05-24;45;5;Nathalie Michel
TIC-001242;CLI-01049;CTC-004855;Courriel;Facturation;basse;2026-01-19;2026-01-23;103;4;Camille Bertrand
TIC-001243;CLI-00596;CTC-004200;Formulaire web;Réclamation;normale;2025-04-16;2025-04-18;61;2;Virginie Henry
TIC-001244;CLI-02249;CTC-002370;Formulaire web;Facturation;basse;2024-05-04;2024-05-05;27;4;Sébastien Mercier
TIC-001245;CLI-01873;CTC-003819;Agence;Demande d’information;haute;2024-05-20;2024-05-24;98;5;Sébastien Mercier
TIC-001246;CLI-01754;CTC-007141;Formulaire web;Produit défectueux;normale;2025-06-28;2025-06-28;1;5;Julie Dubois
TIC-001247;CLI-01934;;Téléphone;Réclamation;basse;2024-06-04;;;;Vincent Richard
TIC-001248;CLI-00359;CTC-002033;Formulaire web;Réclamation;normale;2026-09-07;2026-09-09;58;5;Léa Durand
TIC-001249;CLI-02092;;Courriel;Demande d’information;normale;2025-05-10;2025-05-12;54;3;Franck Lefebvre
TIC-001250;CLI-02413;;Téléphone;Demande d’information;critique;2025-01-15;2025-01-15;1;3;Fanny Clément
TIC-001251;CLI-01272;;Téléphone;Demande d’information;basse;2026-08-28;2026-08-28;23;4;Fanny Clément
TIC-001252;CLI-00135;CTC-007766;Agence;Livraison;normale;2024-07-19;2024-07-20;43;3;Thomas Morel
TIC-001253;CLI-02330;CTC-005260;Formulaire web;Produit défectueux;normale;2026-04-24;2026-04-24;3;5;Léa Durand
TIC-001254;CLI-01167;CTC-006459;Courriel;Retour;basse;2024-04-02;;;;Maxime Muller
TIC-001255;CLI-00476;CTC-001244;Téléphone;Réclamation;normale;2025-06-26;2025-06-26;20;4;Sébastien Mercier
TIC-001256;CLI-00683;CTC-004331;Formulaire web;Produit défectueux;haute;2024-03-10;2024-03-10;21;1;Catherine Dumont
TIC-001257;CLI-00911;;Formulaire web;Livraison;urgent;2023-11-13;2023-11-14;24;5;Catherine Chevalier
TIC-001258;CLI-00247;CTC-006032;Courriel;Réclamation;haute;2025-07-01;2025-07-04;88;4;Manon Michel
TIC-001259;CLI-01561;CTC-003555;Courriel;Facturation;normale;2026-03-18;2026-03-18;1;1;Nathalie Michel
TIC-001260;CLI-01202;CTC-005209;Agence;Retour;normale;2026-09-08;2026-09-08;17;5;Alain Morel
TIC-001261;CLI-01918;;Agence;Livraison;normale;2026-02-15;2026-02-15;1;5;Sébastien Mercier
TIC-001262;CLI-00518;CTC-000452;Agence;Retour;basse;2026-06-01;2026-06-02;27;4;Thomas Morel
TIC-001263;CLI-00647;;Agence;Facturation;basse;2026-08-26;2026-08-28;59;5;Thomas Morel
TIC-001264;CLI-00290;CTC-004053;Agence;Produit défectueux;normale;2024-06-22;2024-06-23;38;5;Pauline Durand
TIC-001265;CLI-00449;CTC-005638;Agence;Demande d’information;normale;2025-02-23;;;;Camille Bertrand
TIC-001266;CLI-02332;CTC-005315;Formulaire web;Livraison;normale;2023-12-25;2023-12-25;20;4;Nathalie Michel
TIC-001267;CLI-01332;CTC-003371;Téléphone;Demande d’information;normale;2025-10-29;2025-10-30;27;4;Catherine Chevalier
TIC-001268;CLI-01088;CTC-006661;Agence;Facturation;normale;2026-08-23;2026-08-23;1;1;Manon Michel
TIC-001269;CLI-01098;CTC-003329;Formulaire web;Demande d’information;haute;2024-10-06;2024-10-07;38;5;Vincent Richard
TIC-001270;CLI-00675;;Agence;Livraison;normale;2024-08-17;2024-08-18;46;3;Franck Lefebvre
TIC-001271;CLI-00813;CTC-000085;Agence;Produit défectueux;normale;2026-02-21;2026-02-21;9;2;Sébastien Mercier
TIC-001272;CLI-01581;CTC-005571;Agence;Réclamation;normale;2023-11-17;2023-11-21;105;3;Catherine Chevalier
TIC-001273;CLI-01947;CTC-003103;Téléphone;Facturation;normale;2025-02-14;2025-02-16;69;3;Catherine Dumont
TIC-001274;CLI-02278;CTC-003777;Formulaire web;Livraison;normale;2024-03-15;;;;Alexandre Chevalier
TIC-001275;CLI-00541;CTC-001634;Agence;Réclamation;critique;2026-08-31;;;;Catherine Dumont
TIC-001276;CLI-02388;CTC-006685;Téléphone;Retour;normale;2024-07-14;2024-07-15;36;4;Manon Michel
TIC-001277;CLI-00974;CTC-005700;Courriel;Demande d’information;haute;2024-04-08;2024-04-08;7;5;Léa Durand
TIC-001278;CLI-01993;CTC-006512;Téléphone;Demande d’information;normale;2026-05-18;2026-05-20;67;3;Franck Lefebvre
TIC-001279;CLI-01990;CTC-004851;Courriel;Réclamation;normale;2026-01-27;2026-01-28;47;4;Franck Lefebvre
TIC-001280;CLI-02377;CTC-000895;Courriel;Demande d’information;normale;2024-10-18;2024-10-18;1;2;Maxime Muller
TIC-001281;CLI-00594;CTC-002692;Courriel;Facturation;normale;2026-05-24;2026-05-26;63;3;Léa Durand
TIC-001282;CLI-00605;CTC-000417;Agence;Livraison;critique;2026-05-27;2026-05-29;62;5;Camille Bertrand
TIC-001283;CLI-00473;CTC-001884;Courriel;Livraison;normale;2024-01-24;2024-01-26;71;3;Jérôme Blanc
TIC-001284;CLI-00841;CTC-000345;Téléphone;Livraison;normale;2025-10-22;2025-10-23;39;5;Franck Lefebvre
TIC-001285;CLI-00701;;Courriel;Réclamation;normale;2026-01-23;2026-01-24;36;5;Julie Dubois
TIC-001286;CLI-01962;;Téléphone;Facturation;basse;2025-12-01;2025-12-03;63;5;Camille Bertrand
TIC-001287;CLI-00646;CTC-003190;Courriel;Produit défectueux;normale;2024-12-15;2024-12-08;31;5;Virginie Henry
TIC-001288;CLI-02036;CTC-007761;Agence;Retour;normale;2026-06-03;2026-06-03;11;3;Vincent Richard
TIC-001289;CLI-02341;CTC-007701;Agence;Réclamation;normale;2024-10-09;2024-10-10;45;5;Julie Dubois
TIC-001290;CLI-00890;CTC-002349;Formulaire web;Produit défectueux;basse;2024-07-25;2024-07-26;39;5;Vincent Richard
TIC-001291;CLI-01312;CTC-001621;Formulaire web;Réclamation;normale;2025-12-03;;;;Nathalie Michel
TIC-001292;CLI-01065;;Courriel;Retour;normale;2025-05-03;2025-05-06;79;5;Franck Lefebvre
TIC-001293;CLI-00201;;Agence;Livraison;normale;2024-08-20;2024-08-24;97;3;Alexandre Chevalier
TIC-001294;CLI-01768;;Agence;Livraison;normale;2024-04-05;2024-04-06;37;4;Thomas Morel
TIC-001295;CLI-02269;CTC-002602;Téléphone;Réclamation;haute;2023-11-02;2023-11-02;1;1;Alexandre Chevalier
TIC-001296;CLI-02431;CTC-004399;Agence;Livraison;normale;2026-01-13;2026-01-14;46;3;Camille Bertrand
TIC-001297;CLI-02473;CTC-002272;Courriel;Réclamation;haute;2023-09-22;2023-09-22;16;5;Sébastien Mercier
TIC-001298;CLI-01932;;Courriel;Demande d’information;haute;2024-01-26;2024-01-27;24;4;Sébastien Mercier
TIC-001299;CLI-01659;CTC-007651;Téléphone;Demande d’information;basse;2024-05-04;2024-05-06;49;4;Fanny Clément
TIC-001300;CLI-00652;CTC-004035;Courriel;Livraison;critique;2024-07-15;2024-07-15;6;3;Thomas Morel
TIC-001301;CLI-00570;CTC-003428;Formulaire web;Produit défectueux;basse;2024-11-14;2024-11-14;16;4;Jérôme Blanc
TIC-001302;CLI-01752;CTC-002276;Formulaire web;Retour;normale;2025-03-22;2025-03-22;1;4;Alain Morel
TIC-001303;CLI-01491;;Agence;Réclamation;normale;2025-10-03;2025-10-04;40;3;Camille Bertrand
TIC-001304;CLI-01762;CTC-005980;Courriel;Facturation;normale;2025-05-21;;;;Vincent Richard
TIC-001305;CLI-00710;CTC-000180;Téléphone;Retour;normale;2025-12-27;2025-12-28;24;4;Camille Bertrand
TIC-001306;CLI-01445;;Téléphone;Retour;normale;2026-05-31;2026-06-01;33;2;Léa Durand
TIC-001307;CLI-01454;CTC-000256;Formulaire web;Produit défectueux;normale;2024-02-01;2024-02-01;1;4;Franck Lefebvre
TIC-001308;CLI-00196;CTC-001115;Téléphone;Réclamation;normale;2024-08-12;2024-08-15;84;2;Fanny Clément
TIC-001309;CLI-01190;CTC-000373;Agence;Livraison;basse;2026-03-24;2026-03-26;59;4;Thomas Morel
TIC-001310;CLI-01263;CTC-003226;Courriel;Retour;basse;2024-08-31;2024-08-31;12;5;Maxime Muller
TIC-001311;CLI-01635;;Formulaire web;Produit défectueux;basse;2025-04-09;2025-04-09;1;4;Thomas Morel
TIC-001312;CLI-02092;;Formulaire web;Livraison;basse;2025-05-16;2025-05-18;65;4;Fanny Clément
TIC-001313;CLI-02104;CTC-005421;Courriel;Réclamation;haute;2026-06-19;2026-06-19;2;4;Jérôme Blanc
TIC-001314;CLI-02203;CTC-000821;Téléphone;Demande d’information;haute;2026-08-27;2026-08-29;67;3;Alexandre Chevalier
TIC-001315;CLI-01820;CTC-000688;Courriel;Demande d’information;normale;2024-11-15;2024-11-17;64;1;Catherine Dumont
TIC-001316;CLI-02384;;Agence;Produit défectueux;haute;2026-07-18;2026-07-18;22;4;Alexandre Chevalier
TIC-001317;CLI-02413;CTC-007573;Téléphone;Demande d’information;basse;2025-10-15;2025-10-15;1;5;Maxime Muller
TIC-001318;CLI-00667;;Formulaire web;Produit défectueux;basse;2025-12-01;2025-12-03;52;5;Fanny Clément
TIC-001319;CLI-00806;CTC-004983;Agence;Produit défectueux;critique;2026-02-12;2026-02-12;1;5;Thomas Morel
TIC-001320;CLI-01872;CTC-007673;Agence;Retour;normale;2026-08-27;2026-08-28;27;1;Manon Michel
TIC-001321;CLI-00913;CTC-006545;Courriel;Livraison;normale;2024-08-30;2024-08-31;34;5;Virginie Henry
TIC-001322;CLI-00199;;Courriel;Livraison;normale;2026-04-16;2026-04-16;1;4;Léa Durand
TIC-001323;CLI-00641;;Courriel;Livraison;haute;2026-04-10;2026-04-11;43;5;Catherine Chevalier
TIC-001324;CLI-00618;CTC-003820;Courriel;Retour;critique;2024-06-13;2024-06-14;37;3;Vincent Richard
TIC-001325;CLI-01617;CTC-000284;Agence;Réclamation;normale;2024-09-22;;;;Nathalie Michel
TIC-001326;CLI-01570;CTC-000591;Courriel;Retour;haute;2024-11-05;2024-11-05;14;4;Fanny Clément
TIC-001327;CLI-01080;CTC-003499;Téléphone;Livraison;normale;2026-05-28;2026-05-28;20;5;Alexandre Chevalier
TIC-001328;CLI-02171;CTC-003429;Téléphone;Livraison;basse;2025-10-13;2025-10-14;36;1;Fanny Clément
TIC-001329;CLI-00403;CTC-004486;Agence;Retour;haute;2024-04-17;;;;Alain Morel
TIC-001330;CLI-01006;CTC-003074;Téléphone;Réclamation;normale;2024-09-29;2024-09-30;45;5;Alexandre Chevalier
TIC-001331;CLI-01418;CTC-001893;Formulaire web;Retour;haute;2024-08-26;2024-08-26;1;4;Thomas Morel
TIC-001332;CLI-02321;CTC-001503;Agence;Produit défectueux;NORMALE;2024-10-02;2024-10-04;59;4;Maxime Muller
TIC-001333;CLI-01144;CTC-000260;Courriel;Livraison;basse;2026-05-13;2026-05-14;43;4;Sébastien Mercier
TIC-001334;CLI-00712;CTC-001460;Formulaire web;Facturation;normale;2026-01-25;;;;Jérôme Blanc
TIC-001335;CLI-02057;CTC-000589;Téléphone;Retour;basse;2024-10-14;2024-10-14;16;2;Catherine Dumont
TIC-001336;CLI-02474;CTC-007808;Téléphone;Demande d’information;basse;2026-05-10;2026-05-14;99;3;Jérôme Blanc
TIC-001337;CLI-01947;CTC-001560;Téléphone;Facturation;basse;2025-06-18;2025-06-19;32;4;Alexandre Chevalier
TIC-001338;CLI-00207;CTC-007133;Agence;Demande d’information;critique;2024-10-30;2024-10-30;1;4;Julie Dubois
TIC-001339;CLI-01901;;Téléphone;Réclamation;haute;2026-07-04;2026-07-06;53;2;Nathalie Michel
TIC-001340;CLI-01210;CTC-005727;Courriel;Réclamation;normale;2026-08-11;2026-08-12;34;4;Vincent Richard
TIC-001341;CLI-00443;CTC-000620;Agence;Demande d’information;normale;2024-07-07;2024-07-08;34;4;Alexandre Chevalier
TIC-001342;CLI-01369;CTC-007239;Courriel;Réclamation;critique;2025-03-29;2025-03-29;13;2;Manon Michel
TIC-001343;CLI-00013;CTC-002114;Courriel;Retour;haute;2024-02-12;2024-02-13;38;3;Fanny Clément
TIC-001344;CLI-02310;;Agence;Facturation;normale;2026-06-13;2026-06-13;1;4;Léa Durand
TIC-001345;CLI-01610;;Agence;Livraison;basse;2026-06-24;2026-06-26;71;4;Catherine Dumont
TIC-001346;CLI-00013;CTC-000104;Agence;Facturation;basse;2024-04-30;2024-05-02;49;4;Camille Bertrand
TIC-001347;CLI-00535;;Courriel;Livraison;normale;2026-01-08;2026-01-09;41;4;Thomas Morel
TIC-001348;CLI-00644;;Téléphone;Retour;haute;2026-06-23;2026-06-23;4;4;Julie Dubois
TIC-001349;CLI-00657;CTC-001295;Courriel;Livraison;normale;2024-12-31;2025-01-02;65;4;Thomas Morel
TIC-001350;CLI-02460;CTC-007117;Agence;Facturation;haute;2024-04-28;2024-04-29;41;5;Maxime Muller
TIC-001351;CLI-00909;CTC-002393;Agence;Demande d’information;critique;2025-01-03;2025-01-03;1;5;Thomas Morel
TIC-001352;CLI-00492;CTC-002119;Agence;Réclamation;basse;2026-01-27;2026-01-28;36;2;Thomas Morel
TIC-001353;CLI-01002;CTC-001333;Formulaire web;Facturation;normale;2024-03-24;2024-03-25;44;5;Alain Morel
TIC-001354;CLI-00202;CTC-005458;Agence;Produit défectueux;normale;2024-07-06;;;;Alain Morel
TIC-001355;CLI-00599;CTC-000758;Formulaire web;Facturation;basse;2023-09-23;2023-09-24;37;5;Virginie Henry
TIC-001356;CLI-01799;CTC-004934;Agence;Réclamation;normale;2024-05-04;;;;Fanny Clément
TIC-001357;CLI-00130;;Agence;Demande d’information;normale;2024-07-23;;;;Catherine Chevalier
TIC-001358;CLI-01302;CTC-006216;Formulaire web;Produit défectueux;normale;2024-02-08;2024-02-10;49;2;Pauline Durand
TIC-001359;CLI-01822;;Agence;Facturation;normale;2024-02-13;2024-02-14;37;5;Sébastien Mercier
TIC-001360;CLI-02450;CTC-006095;Agence;Retour;haute;2025-03-11;2025-03-08;29;1;Catherine Dumont
TIC-001361;CLI-00034;;Courriel;Livraison;haute;2026-05-02;;;;Léa Durand
TIC-001362;CLI-01493;CTC-007492;Formulaire web;Livraison;normale;2025-11-28;2025-11-29;47;3;Sébastien Mercier
TIC-001363;CLI-00385;CTC-000862;Formulaire web;Retour;normale;2024-08-06;2024-08-07;47;5;Nathalie Michel
TIC-001364;CLI-02212;CTC-003118;Téléphone;Livraison;basse;2025-01-10;2025-01-10;9;3;Nathalie Michel
TIC-001365;CLI-02241;CTC-007796;Téléphone;Livraison;normale;2025-08-16;2025-08-18;69;5;Nathalie Michel
TIC-001366;CLI-00788;CTC-000377;Téléphone;Livraison;haute;2023-12-03;2023-12-03;8;5;Alain Morel
TIC-001367;CLI-01705;CTC-000514;Agence;Demande d’information;normale;2025-07-08;2025-07-10;49;2;Léa Durand
TIC-001368;CLI-00715;CTC-000159;Formulaire web;Retour;normale;2024-11-11;;;;Fanny Clément
TIC-001369;CLI-01131;CTC-004942;Agence;Retour;haute;2024-04-13;2024-04-14;35;5;Vincent Richard
TIC-001370;CLI-01282;CTC-003932;Courriel;Livraison;normale;2024-05-26;2024-05-26;1;2;Léa Durand
TIC-001371;CLI-00250;CTC-006561;Formulaire web;Retour;normale;2025-12-09;2025-12-09;1;5;Maxime Muller
TIC-001372;CLI-01241;;Courriel;Retour;normale;2024-08-03;;;;Manon Michel
TIC-001373;CLI-00231;CTC-000143;Téléphone;Retour;critique;2023-10-15;2023-10-17;69;4;Franck Lefebvre
TIC-001374;CLI-02416;;Formulaire web;Produit défectueux;normale;2024-11-30;2024-12-03;73;5;Julie Dubois
TIC-001375;CLI-01484;CTC-004784;Courriel;Réclamation;haute;2026-07-10;2026-07-11;31;3;Vincent Richard
TIC-001376;CLI-01100;;Agence;Livraison;basse;2024-07-10;2024-07-10;6;4;Vincent Richard
TIC-001377;CLI-00852;CTC-004432;Courriel;Réclamation;critique;2025-06-15;2025-06-16;26;4;Thomas Morel
TIC-001378;CLI-01325;CTC-004478;Agence;Facturation;normale;2026-07-31;2026-08-05;120;4;Maxime Muller
TIC-001379;CLI-01637;CTC-005987;Agence;Retour;critique;2025-01-28;2025-01-29;34;5;Virginie Henry
TIC-001380;CLI-00718;CTC-003811;Téléphone;Réclamation;critique;2024-03-03;;;;Alain Morel
TIC-001381;CLI-02111;;Courriel;Livraison;normale;2024-07-04;2024-07-05;29;3;Virginie Henry
TIC-001382;CLI-02134;;Courriel;Demande d’information;normale;2025-06-05;2025-06-05;1;5;Catherine Chevalier
TIC-001383;CLI-01388;CTC-007719;Agence;Facturation;normale;2024-11-27;2024-11-29;64;4;Catherine Chevalier
TIC-001384;CLI-01106;;Formulaire web;Produit défectueux;basse;2026-03-06;;;;Nathalie Michel
TIC-001385;CLI-01426;CTC-006803;Agence;Demande d’information;normale;2025-12-10;2025-12-11;33;4;Sébastien Mercier
TIC-001386;CLI-00085;CTC-004459;Agence;Produit défectueux;normale;2025-03-30;;;;Virginie Henry
TIC-001387;CLI-01260;;Formulaire web;Retour;normale;2025-12-20;2025-12-21;37;3;Franck Lefebvre
TIC-001388;CLI-02403;CTC-004088;Téléphone;Livraison;normale;2025-02-01;2025-02-02;33;4;Vincent Richard
TIC-001389;CLI-00495;;Formulaire web;Réclamation;normale;2024-03-20;2024-03-23;79;5;Franck Lefebvre
TIC-001390;CLI-01492;CTC-002778;Formulaire web;Réclamation;normale;2023-09-18;2023-09-19;35;4;Catherine Dumont
TIC-001391;CLI-02123;CTC-007499;Formulaire web;Demande d’information;basse;2025-12-06;2025-12-09;78;3;Sébastien Mercier
TIC-001392;CLI-02450;;Téléphone;Réclamation;haute;2024-01-14;;;;Jérôme Blanc
TIC-001393;CLI-00502;;Courriel;Facturation;haute;2024-12-14;2024-12-14;20;4;Fanny Clément
TIC-001394;CLI-02204;CTC-004302;Téléphone;Retour;haute;2024-06-17;2024-06-19;61;4;Catherine Chevalier
TIC-001395;CLI-02248;CTC-007757;Courriel;Demande d’information;normale;2024-12-18;2024-12-21;79;5;Vincent Richard
TIC-001396;CLI-01547;CTC-003247;Agence;Demande d’information;normale;2026-07-29;2026-07-30;41;5;Fanny Clément
TIC-001397;CLI-02176;CTC-003131;Courriel;Facturation;critique;2024-03-10;2024-03-10;1;2;Alexandre Chevalier
TIC-001398;CLI-02107;CTC-006091;Formulaire web;Réclamation;haute;2025-02-08;2025-02-09;42;5;Léa Durand
TIC-001399;CLI-01699;CTC-003237;Téléphone;Retour;critique;2024-09-18;2024-09-20;58;3;Camille Bertrand
TIC-001400;CLI-00634;CTC-003978;Téléphone;Demande d’information;basse;2023-11-06;2023-11-09;76;2;Fanny Clément
TIC-001401;CLI-00020;;Agence;Réclamation;normale;2025-02-08;2025-02-08;23;2;Virginie Henry
TIC-001402;CLI-00570;CTC-002263;Courriel;Retour;normale;2025-05-29;2025-05-30;40;4;Léa Durand
TIC-001403;CLI-00829;;Formulaire web;Retour;normale;2024-04-02;2024-04-03;24;4;Pauline Durand
TIC-001404;CLI-01830;CTC-007603;Courriel;Livraison;basse;2025-06-16;2025-06-19;86;5;Manon Michel
TIC-001405;CLI-01647;CTC-000335;Téléphone;Facturation;normale;2024-06-07;2024-06-08;47;3;Virginie Henry
TIC-001406;CLI-00666;;Agence;Retour;basse;2025-07-06;2025-07-07;34;4;Julie Dubois
TIC-001407;CLI-01650;CTC-001735;Courriel;Livraison;normale;2025-05-22;2025-05-23;45;3;Virginie Henry
TIC-001408;CLI-01181;CTC-001162;Agence;Retour;normale;2025-05-19;;;;Thomas Morel
TIC-001409;CLI-00399;;Agence;Réclamation;haute;2025-09-10;2025-09-12;51;4;Camille Bertrand
TIC-001410;CLI-01836;CTC-000841;Courriel;Produit défectueux;normale;2025-01-18;;;;Camille Bertrand
TIC-001411;CLI-01450;CTC-004025;Téléphone;Facturation;normale;2025-03-28;2025-04-01;98;5;Fanny Clément
TIC-001412;CLI-01334;CTC-005309;Agence;Réclamation;basse;2026-04-16;2026-04-16;1;5;Alain Morel
TIC-001413;CLI-00966;CTC-000577;Courriel;Demande d’information;normale;2026-01-13;2026-01-15;67;4;Nathalie Michel
TIC-001414;CLI-01847;CTC-007244;Agence;Réclamation;normale;2026-04-14;2026-04-14;14;5;Fanny Clément
TIC-001415;CLI-02335;CTC-000594;Courriel;Demande d’information;haute;2024-10-12;;;;Fanny Clément
TIC-001416;CLI-00324;;Courriel;Demande d’information;haute;2024-11-17;2024-11-17;1;5;Catherine Dumont
TIC-001417;CLI-02153;CTC-001258;Formulaire web;Demande d’information;basse;2026-02-27;2026-02-28;24;5;Franck Lefebvre
TIC-001418;CLI-00919;CTC-004483;Formulaire web;Produit défectueux;normale;2025-07-13;2025-07-13;16;3;Julie Dubois
TIC-001419;CLI-00998;CTC-000839;Courriel;Réclamation;normale;2026-02-17;2026-02-18;33;5;Manon Michel
TIC-001420;CLI-01187;CTC-004727;Agence;Retour;basse;2025-02-10;2025-02-10;1;5;Pauline Durand
TIC-001421;CLI-01253;CTC-006063;Téléphone;Facturation;normale;2025-10-07;2025-10-08;35;5;Catherine Chevalier
TIC-001422;CLI-00413;CTC-000062;Téléphone;Produit défectueux;normale;2025-11-02;;;;Alain Morel
TIC-001423;CLI-01425;;Agence;Livraison;normale;2025-04-12;2025-04-14;58;4;Fanny Clément
TIC-001424;CLI-01673;;Courriel;Livraison;haute;2023-10-17;2023-10-18;43;5;Catherine Dumont
TIC-001425;CLI-01023;;Téléphone;Demande d’information;normale;2026-01-31;2026-02-03;93;4;Alain Morel
TIC-001426;CLI-01555;;Agence;Retour;normale;2026-07-08;2026-07-09;36;5;Virginie Henry
TIC-001427;CLI-02486;CTC-004323;Agence;Livraison;basse;2025-05-21;;;;Léa Durand
TIC-001428;CLI-01365;CTC-003855;Téléphone;Produit défectueux;basse;2025-06-20;2025-06-20;12;4;Alain Morel
TIC-001429;CLI-00263;;Agence;Demande d’information;normale;2025-03-19;;;;Pauline Durand
TIC-001430;CLI-02190;CTC-003793;Agence;Réclamation;normale;2023-10-09;2023-10-09;10;2;Catherine Dumont
TIC-001431;CLI-00912;;Courriel;Facturation;normale;2025-10-15;2025-10-11;37;2;Manon Michel
TIC-001432;CLI-00975;CTC-007541;Courriel;Retour;haute;2025-03-06;2025-03-08;71;4;Maxime Muller
TIC-001433;CLI-01474;CTC-003737;Agence;Retour;basse;2025-12-23;2025-12-27;118;4;Thomas Morel
TIC-001434;CLI-02199;;Agence;Livraison;haute;2023-09-28;2023-09-29;44;5;Camille Bertrand
TIC-001435;CLI-00927;CTC-003096;Agence;Retour;normale;2026-06-20;2026-06-25;128;5;Virginie Henry
TIC-001436;CLI-01908;;Agence;Produit défectueux;haute;2025-10-06;2025-10-07;39;5;Catherine Chevalier
TIC-001437;CLI-01400;CTC-002382;Téléphone;Livraison;normale;2025-05-18;2025-05-20;53;3;Pauline Durand
TIC-001438;CLI-00083;CTC-002752;Formulaire web;Livraison;basse;2025-12-27;2025-12-30;85;4;Vincent Richard
TIC-001439;CLI-00449;CTC-003607;Téléphone;Demande d’information;normale;2026-06-27;2026-06-27;5;3;Vincent Richard
TIC-001440;CLI-00090;;Agence;Demande d’information;normale;2025-11-27;2025-11-30;81;3;Catherine Chevalier
TIC-001441;CLI-00378;CTC-003327;Téléphone;Réclamation;normale;2024-08-03;2024-08-03;17;4;Sébastien Mercier
TIC-001442;CLI-00209;;Courriel;Retour;basse;2024-02-13;2024-02-14;37;3;Alexandre Chevalier
TIC-001443;CLI-00155;;Agence;Produit défectueux;normale;2023-09-24;2023-09-26;53;3;Sébastien Mercier
TIC-001444;CLI-01337;;Agence;Réclamation;normale;2025-02-07;2025-02-07;21;4;Fanny Clément
TIC-001445;CLI-00576;CTC-007370;Agence;Livraison;haute;2025-08-26;2025-08-26;11;4;Nathalie Michel
TIC-001446;CLI-00339;CTC-007327;Téléphone;Produit défectueux;normale;2024-12-16;2024-12-20;99;3;Pauline Durand
TIC-001447;CLI-00274;CTC-007712;Téléphone;Réclamation;normale;2024-12-10;2024-12-10;10;3;Alexandre Chevalier
TIC-001448;CLI-00631;;Courriel;Demande d’information;normale;2025-12-18;2025-12-20;52;4;Camille Bertrand
TIC-001449;CLI-01347;CTC-000628;Agence;Retour;normale;2024-01-08;2024-01-08;7;1;Jérôme Blanc
TIC-001450;CLI-00373;CTC-007715;Formulaire web;Retour;normale;2025-01-20;2025-01-20;17;5;Manon Michel
TIC-001451;CLI-01331;;Téléphone;Retour;normale;2024-07-03;2024-07-04;29;5;Camille Bertrand
TIC-001452;CLI-02145;CTC-007548;Formulaire web;Facturation;basse;2023-09-19;2023-09-20;34;4;Camille Bertrand
TIC-001453;CLI-02226;CTC-005379;Agence;Facturation;basse;2025-09-21;;;;Catherine Chevalier
TIC-001454;CLI-01778;CTC-004230;Téléphone;Réclamation;normale;2025-02-20;2025-02-21;30;5;Catherine Dumont
TIC-001455;CLI-00346;;Agence;Livraison;critique;2025-04-18;;;;Virginie Henry
TIC-001456;CLI-01021;;Agence;Livraison;haute;2026-02-28;2026-02-28;1;4;Catherine Chevalier
TIC-001457;CLI-02077;;Agence;Réclamation;normale;2025-01-03;2025-01-03;1;5;Manon Michel
TIC-001458;CLI-00485;CTC-005398;Téléphone;Produit défectueux;normale;2025-05-19;;;;Julie Dubois
TIC-001459;CLI-00644;;Téléphone;Retour;normale;2024-08-08;2024-08-09;46;5;Léa Durand
TIC-001460;CLI-02487;;Agence;Retour;haute;2025-04-08;2025-04-09;40;4;Alexandre Chevalier
TIC-001461;CLI-01640;;Courriel;Facturation;haute;2025-12-10;2025-12-10;1;2;Fanny Clément
TIC-001462;CLI-01087;CTC-001595;Courriel;Facturation;normale;2026-02-25;2026-02-26;31;1;Manon Michel
TIC-001463;CLI-00377;;Courriel;Produit défectueux;haute;2024-05-26;2024-05-27;30;4;Virginie Henry
TIC-001464;CLI-00313;;Formulaire web;Retour;critique;2026-02-03;2026-02-05;55;5;Manon Michel
TIC-001465;CLI-02122;;Courriel;Livraison;haute;2025-06-07;2025-06-08;36;3;Franck Lefebvre
TIC-001466;CLI-00707;CTC-006279;Téléphone;Livraison;basse;2023-10-01;2023-10-01;22;5;Julie Dubois
TIC-001467;CLI-02349;CTC-004357;Formulaire web;Réclamation;haute;2026-04-24;2026-04-25;39;2;Jérôme Blanc
TIC-001468;CLI-00238;CTC-001976;Agence;Retour;normale;2023-11-15;2023-11-16;41;4;Léa Durand
TIC-001469;CLI-00283;CTC-001943;Formulaire web;Produit défectueux;normale;2026-02-13;2026-02-13;1;5;Camille Bertrand
TIC-001470;CLI-00631;;Téléphone;Produit défectueux;normale;2024-03-08;2024-03-10;52;3;Franck Lefebvre
TIC-001471;CLI-00293;CTC-005241;Téléphone;Retour;normale;2023-11-26;;;;Alexandre Chevalier
TIC-001472;CLI-02201;CTC-005603;Formulaire web;Produit défectueux;normale;2024-12-14;2024-11-29;69;4;Manon Michel
TIC-001473;CLI-02477;CTC-001968;Agence;Retour;normale;2025-01-30;2025-01-30;5;5;Virginie Henry
TIC-001474;CLI-02058;CTC-001660;Courriel;Livraison;normale;2024-04-06;2024-04-07;47;4;Franck Lefebvre
TIC-001475;CLI-01088;CTC-003231;Agence;Retour;normale;2025-08-20;2025-08-21;38;3;Julie Dubois
TIC-001476;CLI-00588;CTC-002423;Agence;Réclamation;normale;2023-12-20;2023-12-23;76;2;Fanny Clément
TIC-001477;CLI-00663;CTC-001477;Agence;Demande d’information;basse;2026-01-16;2026-01-17;37;5;Franck Lefebvre
TIC-001478;CLI-02195;CTC-005268;Téléphone;Facturation;basse;2025-09-05;2025-09-06;31;4;Virginie Henry
TIC-001479;CLI-00378;CTC-003327;Agence;Retour;basse;2026-08-09;2026-08-10;28;5;Vincent Richard
TIC-001480;CLI-01033;CTC-007410;Agence;Retour;critique;2025-05-02;;;;Maxime Muller
TIC-001481;CLI-02173;;Téléphone;Réclamation;normale;2025-04-05;2025-04-05;19;2;Jérôme Blanc
TIC-001482;CLI-00459;CTC-005680;Formulaire web;Produit défectueux;normale;2026-06-09;2026-05-31;20;4;Jérôme Blanc
TIC-001483;CLI-02093;;Téléphone;Facturation;normale;2026-03-19;2026-03-20;25;4;Alain Morel
TIC-001484;CLI-00553;CTC-005849;Agence;Facturation;basse;2026-04-27;2026-04-28;40;3;Vincent Richard
TIC-001485;CLI-01380;CTC-007077;Courriel;Demande d’information;basse;2026-02-04;2026-02-05;25;4;Alexandre Chevalier
TIC-001486;CLI-01641;CTC-003004;Téléphone;Facturation;normale;2024-07-04;2024-07-04;18;1;Thomas Morel
TIC-001487;CLI-01568;CTC-000876;Formulaire web;Demande d’information;normale;2023-09-14;2023-09-14;1;3;Léa Durand
TIC-001488;CLI-00232;;Agence;Retour;haute;2026-02-03;2026-02-03;1;4;Virginie Henry
TIC-001489;CLI-00902;CTC-000739;Téléphone;Demande d’information;normale;2026-05-10;2026-05-12;48;1;Julie Dubois
TIC-001490;CLI-02204;CTC-004977;Courriel;Produit défectueux;normale;2024-01-26;2024-01-26;10;3;Alain Morel
TIC-001491;CLI-01297;CTC-001831;Formulaire web;Produit défectueux;basse;2025-06-03;2025-06-04;24;5;Catherine Dumont
TIC-001492;CLI-00668;CTC-003129;Formulaire web;Facturation;basse;2024-06-20;2024-06-20;12;5;Fanny Clément
TIC-001493;CLI-02195;CTC-000488;Formulaire web;Livraison;basse;2026-07-25;2026-07-29;100;4;Alain Morel
TIC-001494;CLI-00901;CTC-003731;Formulaire web;Facturation;normale;2023-11-03;;;;Manon Michel
TIC-001495;CLI-01777;CTC-007074;Téléphone;Réclamation;haute;2026-04-01;2026-04-02;38;4;Camille Bertrand
TIC-001496;CLI-00966;;Agence;Produit défectueux;normale;2024-03-13;2024-03-13;12;4;Manon Michel
TIC-001497;CLI-00440;CTC-002783;Courriel;Demande d’information;basse;2024-11-06;2024-11-07;29;3;Léa Durand
TIC-001498;CLI-02083;;Formulaire web;Réclamation;haute;2024-12-18;2024-12-19;26;4;Fanny Clément
TIC-001499;CLI-00155;;Agence;Facturation;basse;2025-04-19;2025-04-21;57;4;Franck Lefebvre
TIC-001500;CLI-00646;CTC-006455;Formulaire web;Livraison;basse;2023-10-15;2023-10-15;1;4;Franck Lefebvre
TIC-001501;CLI-01914;CTC-001739;Agence;Produit défectueux;normale;2026-02-15;;;;Nathalie Michel
TIC-001502;CLI-01866;CTC-003931;Téléphone;Retour;critique;2025-08-01;2025-08-01;1;4;Fanny Clément
TIC-001503;CLI-00756;CTC-004718;Agence;Produit défectueux;normale;2023-09-13;2023-09-14;27;2;Vincent Richard
TIC-001504;CLI-01684;CTC-005646;Agence;Facturation;normale;2026-06-07;2026-06-08;27;5;Franck Lefebvre
TIC-001505;CLI-02387;CTC-007963;Téléphone;Livraison;basse;2024-01-15;2024-01-15;1;5;Alexandre Chevalier
TIC-001506;CLI-01072;CTC-001240;Agence;Réclamation;haute;2025-02-01;2025-02-02;45;4;Virginie Henry
TIC-001507;CLI-00032;CTC-005572;Formulaire web;Facturation;normale;2023-12-31;2024-01-01;40;3;Franck Lefebvre
TIC-001508;CLI-01679;CTC-002908;Agence;Réclamation;normale;2025-03-26;2025-03-26;5;5;Virginie Henry
TIC-001509;CLI-00948;CTC-001163;Formulaire web;Retour;normale;2025-02-08;2025-02-08;16;5;Léa Durand
TIC-001510;CLI-02229;CTC-006105;Téléphone;Demande d’information;normale;2026-03-05;2026-03-07;56;2;Catherine Chevalier
TIC-001511;CLI-00031;CTC-000799;Agence;Réclamation;normale;2024-10-04;2024-10-06;50;5;Léa Durand
TIC-001512;CLI-01992;CTC-006755;Téléphone;Retour;basse;2026-07-14;2026-07-15;46;3;Fanny Clément
TIC-001513;CLI-01532;CTC-007292;Courriel;Demande d’information;normale;2024-09-26;;;;Pauline Durand
TIC-001514;CLI-01363;CTC-004464;Courriel;Demande d’information;normale;2026-08-23;2026-08-24;40;5;Franck Lefebvre
TIC-001515;CLI-00938;;Agence;Demande d’information;normale;2025-07-02;2025-07-02;8;3;Alexandre Chevalier
TIC-001516;CLI-01288;CTC-004208;Formulaire web;Produit défectueux;normale;2026-07-11;2026-07-13;61;4;Léa Durand
TIC-001517;CLI-00584;CTC-001469;Agence;Réclamation;basse;2025-04-24;2025-04-24;17;4;Manon Michel
TIC-001518;CLI-01821;CTC-001140;Formulaire web;Produit défectueux;haute;2024-02-14;;;;Léa Durand
TIC-001519;CLI-00629;;Téléphone;Produit défectueux;basse;2024-10-03;;;;Pauline Durand
TIC-001520;CLI-00074;CTC-003599;Formulaire web;Réclamation;haute;2023-09-25;2023-09-27;64;3;Alexandre Chevalier
TIC-001521;CLI-00545;;Téléphone;Retour;basse;2026-04-05;2026-04-06;37;2;Nathalie Michel
TIC-001522;CLI-01360;CTC-003698;Courriel;Facturation;haute;2025-08-19;2025-08-21;69;5;Fanny Clément
TIC-001523;CLI-00746;;Courriel;Facturation;normale;2026-07-19;2026-07-21;61;5;Vincent Richard
TIC-001524;CLI-00324;;Formulaire web;Facturation;normale;2023-09-14;2023-09-17;81;5;Manon Michel
TIC-001525;CLI-00417;CTC-000761;Agence;Produit défectueux;basse;2023-11-30;2023-12-03;79;5;Camille Bertrand
TIC-001526;CLI-00429;CTC-001024;Courriel;Facturation;basse;2023-12-19;2023-12-20;30;3;Virginie Henry
TIC-001527;CLI-01591;CTC-006289;Formulaire web;Facturation;normale;2026-05-12;2026-05-15;84;3;Pauline Durand
TIC-001528;CLI-00236;CTC-007509;Agence;Produit défectueux;normale;2026-03-01;2026-03-03;53;5;Franck Lefebvre
TIC-001529;CLI-01214;;Courriel;Facturation;normale;2024-09-20;2024-09-21;37;2;Alexandre Chevalier
TIC-001530;CLI-00695;CTC-004274;Agence;Demande d’information;basse;2024-05-31;;;;Alexandre Chevalier
TIC-001531;CLI-00608;;Agence;Livraison;basse;2023-12-01;2023-12-04;83;5;Pauline Durand
TIC-001532;CLI-02006;CTC-002521;Formulaire web;Demande d’information;critique;2025-04-15;;;;Thomas Morel
TIC-001533;CLI-01784;;Formulaire web;Retour;normale;2024-08-07;2024-08-09;53;2;Camille Bertrand
TIC-001534;CLI-01465;;Agence;Retour;normale;2023-09-22;2023-09-23;33;5;Alain Morel
TIC-001535;CLI-01073;CTC-007896;Téléphone;Facturation;basse;2024-04-17;2024-04-18;39;2;Sébastien Mercier
TIC-001536;CLI-01828;;Courriel;Livraison;normale;2023-09-27;2023-09-30;83;5;Fanny Clément
TIC-001537;CLI-01586;;Agence;Réclamation;critique;2025-09-28;2025-09-28;20;4;Sébastien Mercier
TIC-001538;CLI-02295;CTC-007630;Agence;Produit défectueux;basse;2025-04-13;2025-04-16;74;4;Catherine Dumont
TIC-001539;CLI-00638;CTC-000608;Agence;Retour;normale;2023-10-08;2023-10-10;48;5;Vincent Richard
TIC-001540;CLI-00647;CTC-004424;Téléphone;Livraison;normale;2025-10-27;2025-10-27;15;4;Léa Durand
TIC-001541;CLI-01056;;Téléphone;Livraison;haute;2023-09-25;;;;Nathalie Michel
TIC-001542;CLI-00810;CTC-006181;Agence;Produit défectueux;basse;2025-11-05;2025-11-05;1;4;Camille Bertrand
TIC-001543;CLI-00145;CTC-005000;Téléphone;Facturation;haute;2024-04-17;2024-04-18;32;5;Fanny Clément
TIC-001544;CLI-02146;;Courriel;Facturation;basse;2025-05-22;2025-05-23;42;4;Alexandre Chevalier
TIC-001545;CLI-00831;CTC-007961;Téléphone;Facturation;basse;2025-10-14;2025-10-14;15;5;Alain Morel
TIC-001546;CLI-02079;CTC-007537;Formulaire web;Facturation;basse;2025-07-15;;;;Julie Dubois
TIC-001547;CLI-01203;CTC-007513;Téléphone;Facturation;basse;2025-05-08;2025-05-10;55;4;Virginie Henry
TIC-001548;CLI-02022;CTC-001670;Téléphone;Produit défectueux;normale;2025-01-24;2025-01-25;35;4;Thomas Morel
TIC-001549;CLI-01585;;Formulaire web;Produit défectueux;normale;2025-11-03;2025-11-04;27;5;Virginie Henry
TIC-001550;CLI-00466;CTC-005406;Courriel;Retour;basse;2025-06-07;2025-06-09;66;5;Thomas Morel
TIC-001551;CLI-00800;;Agence;Réclamation;normale;2025-01-22;2025-01-22;16;4;Jérôme Blanc
TIC-001552;CLI-01336;CTC-007515;Formulaire web;Demande d’information;normale;2025-12-03;2025-12-03;1;4;Jérôme Blanc
TIC-001553;CLI-02007;;Agence;Réclamation;basse;2026-02-13;2026-02-13;1;3;Jérôme Blanc
TIC-001554;CLI-00656;;Agence;Produit défectueux;normale;2024-11-06;2024-11-08;57;5;Catherine Chevalier
TIC-001555;CLI-02077;;Courriel;Produit défectueux;normale;2025-12-30;2026-01-03;107;3;Sébastien Mercier
TIC-001556;CLI-02371;CTC-007432;Téléphone;Livraison;normale;2026-02-11;2026-02-13;54;4;Maxime Muller
TIC-001557;CLI-02063;CTC-007209;Courriel;Réclamation;normale;2025-11-20;2025-11-20;23;3;Pauline Durand
TIC-001558;CLI-01704;;Formulaire web;Retour;basse;2024-10-29;2024-10-30;31;4;Maxime Muller
TIC-001559;CLI-01140;;Formulaire web;Livraison;normale;2025-08-02;2025-08-03;29;5;Manon Michel
TIC-001560;CLI-00844;CTC-000431;Téléphone;Demande d’information;normale;2024-12-17;2024-12-19;63;5;Virginie Henry
TIC-001561;CLI-01330;CTC-006705;Courriel;Produit défectueux;haute;2026-06-07;2026-06-10;85;1;Léa Durand
TIC-001562;CLI-01814;;Agence;Facturation;critique;2024-02-02;2024-02-02;1;5;Léa Durand
TIC-001563;CLI-00139;CTC-007966;Téléphone;Retour;P1;2024-04-10;2024-04-10;1;3;Catherine Dumont
TIC-001564;CLI-00604;CTC-001906;Courriel;Demande d’information;critique;2024-04-28;2024-04-28;22;4;Virginie Henry
TIC-001565;CLI-00665;;Courriel;Produit défectueux;normale;2026-03-02;;;;Thomas Morel
TIC-001566;CLI-00446;;Agence;Demande d’information;basse;2023-10-15;2023-10-15;1;5;Fanny Clément
TIC-001567;CLI-00142;;Courriel;Réclamation;normale;2025-01-29;2025-01-30;45;5;Pauline Durand
TIC-001568;CLI-01863;CTC-006231;Courriel;Produit défectueux;normale;2023-10-05;2023-10-07;68;5;Maxime Muller
TIC-001569;CLI-00755;CTC-001267;Téléphone;Demande d’information;normale;2026-02-02;;;;Maxime Muller
TIC-001570;CLI-01046;;Courriel;Facturation;basse;2026-04-20;2026-04-20;17;4;Jérôme Blanc
TIC-001571;CLI-00623;;Téléphone;Facturation;normale;2024-01-06;2024-01-06;1;3;Camille Bertrand
TIC-001572;CLI-00260;CTC-002464;Téléphone;Produit défectueux;haute;2025-12-09;2025-12-12;84;5;Maxime Muller
TIC-001573;CLI-01647;CTC-000335;Téléphone;Produit défectueux;critique;2024-10-12;2024-10-12;5;2;Maxime Muller
TIC-001574;CLI-01236;CTC-002925;Courriel;Produit défectueux;basse;2026-08-16;2026-08-16;12;4;Léa Durand
TIC-001575;CLI-00520;;Téléphone;Réclamation;basse;2024-02-25;2024-02-26;27;3;Catherine Chevalier
TIC-001576;CLI-01816;;Courriel;Réclamation;haute;2024-10-02;2024-09-26;55;4;Vincent Richard
TIC-001577;CLI-02151;CTC-002573;Courriel;Demande d’information;haute;2023-09-27;2023-09-29;56;5;Pauline Durand
TIC-001578;CLI-02337;;Téléphone;Retour;basse;2024-05-17;2024-05-19;71;2;Pauline Durand
TIC-001579;CLI-01696;CTC-003692;Téléphone;Livraison;normale;2024-09-09;2024-09-12;78;4;Sébastien Mercier
TIC-001580;CLI-01876;CTC-002414;Courriel;Produit défectueux;normale;2025-03-27;2025-03-29;63;4;Alain Morel
TIC-001581;CLI-00059;;Formulaire web;Livraison;basse;2025-07-16;2025-07-19;76;3;Léa Durand
TIC-001582;CLI-02254;CTC-005295;Formulaire web;Facturation;basse;2026-06-17;2026-06-17;1;5;Sébastien Mercier
TIC-001583;CLI-01058;CTC-001902;Agence;Retour;basse;2025-01-23;2025-01-26;76;4;Franck Lefebvre
TIC-001584;CLI-01743;CTC-005775;Courriel;Réclamation;normale;2025-08-01;2025-08-02;30;5;Camille Bertrand
TIC-001585;CLI-02406;CTC-004057;Courriel;Produit défectueux;normale;2026-04-17;;;;Alexandre Chevalier
TIC-001586;CLI-00328;CTC-001579;Agence;Livraison;normale;2023-10-01;2023-10-04;75;1;Catherine Dumont
TIC-001587;CLI-02459;CTC-002981;Téléphone;Retour;normale;2025-09-22;2025-09-23;42;4;Camille Bertrand
TIC-001588;CLI-00518;CTC-000452;Courriel;Produit défectueux;normale;2025-03-31;2025-03-31;1;3;Vincent Richard
TIC-001589;CLI-00625;CTC-004481;Courriel;Livraison;haute;2026-02-21;2026-02-22;41;6;Franck Lefebvre
TIC-001590;CLI-00294;;Téléphone;Demande d’information;normale;2024-12-15;2024-12-15;11;3;Pauline Durand
TIC-001591;CLI-00936;CTC-001288;Téléphone;Produit défectueux;normale;2026-09-02;2026-09-02;18;4;Thomas Morel
TIC-001592;CLI-02297;CTC-004588;Téléphone;Retour;basse;2026-02-01;2026-02-04;91;5;Jérôme Blanc
TIC-001593;CLI-02328;CTC-004090;Formulaire web;Demande d’information;haute;2024-04-04;2024-04-06;71;2;Virginie Henry
TIC-001594;CLI-00241;CTC-002590;Agence;Retour;normale;2024-03-12;2024-03-13;32;5;Nathalie Michel
TIC-001595;CLI-01031;CTC-005178;Téléphone;Livraison;normale;2025-12-26;2025-12-27;24;3;Jérôme Blanc
TIC-001596;CLI-00449;CTC-005638;Courriel;Produit défectueux;normale;2025-03-28;2025-03-29;36;3;Virginie Henry
TIC-001597;CLI-00606;;Agence;Produit défectueux;basse;2023-09-20;2023-09-21;24;4;Manon Michel
TIC-001598;CLI-01008;;Agence;Réclamation;normale;2024-05-22;2024-05-22;1;3;Camille Bertrand
TIC-001599;CLI-00509;CTC-005614;Téléphone;Retour;normale;2024-07-26;2024-07-27;43;1;Pauline Durand
TIC-001600;CLI-02326;;Téléphone;Retour;normale;2025-05-17;2025-05-19;59;5;Alain Morel
TIC-001601;CLI-01280;CTC-000171;Agence;Produit défectueux;haute;2024-03-28;2024-04-01;97;3;Camille Bertrand
TIC-001602;CLI-00558;CTC-000383;Téléphone;Retour;normale;2025-07-11;2025-07-11;11;2;Julie Dubois
TIC-001603;CLI-01053;;Téléphone;Produit défectueux;normale;2024-03-17;2024-03-19;52;5;Vincent Richard
TIC-001604;CLI-01518;CTC-004381;Courriel;Livraison;basse;2024-01-04;2024-01-06;50;5;Manon Michel
TIC-001605;CLI-02189;CTC-005934;Courriel;Livraison;basse;2025-05-01;2025-05-03;62;3;Virginie Henry
TIC-001606;CLI-00645;CTC-006596;Téléphone;Demande d’information;basse;2024-05-23;2024-05-23;14;5;Catherine Chevalier
TIC-001607;CLI-00635;CTC-006849;Courriel;Réclamation;haute;2026-04-11;;;;Catherine Dumont
TIC-001608;CLI-01435;CTC-000500;Téléphone;Réclamation;normale;2024-12-30;2024-12-31;30;4;Alain Morel
TIC-001609;CLI-01744;CTC-007672;Formulaire web;Livraison;normale;2024-08-23;;;;Alain Morel
TIC-001610;CLI-01601;CTC-007680;Téléphone;Facturation;normale;2025-09-12;;;;Alexandre Chevalier
TIC-001611;CLI-01924;CTC-000234;Formulaire web;Demande d’information;basse;2026-03-24;;;;Manon Michel
TIC-001612;CLI-00784;CTC-006243;Courriel;Réclamation;basse;2026-01-04;2026-01-05;38;5;Catherine Chevalier
TIC-001613;CLI-01684;CTC-002226;Agence;Demande d’information;haute;2025-02-18;2025-02-21;86;5;Alexandre Chevalier
TIC-001614;CLI-01062;;Agence;Produit défectueux;haute;2024-08-21;2024-08-22;42;4;Camille Bertrand
TIC-001615;CLI-01993;CTC-005984;Agence;Réclamation;normale;2024-05-23;2024-05-27;106;4;Catherine Dumont
TIC-001616;CLI-02407;CTC-004410;Formulaire web;Réclamation;normale;2025-04-06;2025-04-08;70;2;Camille Bertrand
TIC-001617;CLI-01747;CTC-002079;Formulaire web;Demande d’information;normale;2024-08-29;2024-08-30;41;5;Nathalie Michel
TIC-001618;CLI-02214;;Courriel;Demande d’information;normale;2025-07-17;2025-07-17;1;5;Jérôme Blanc
TIC-001619;CLI-01215;CTC-002634;Agence;Demande d’information;critique;2025-10-12;2025-10-12;19;5;Catherine Dumont
TIC-001620;CLI-01612;CTC-006491;Courriel;Retour;normale;2026-02-02;2026-02-03;31;5;Franck Lefebvre
TIC-001621;CLI-00054;CTC-005249;Téléphone;Facturation;normale;2024-12-17;2024-12-19;55;2;Catherine Chevalier
TIC-001622;CLI-01538;CTC-002916;Courriel;Produit défectueux;haute;2024-03-28;2024-03-28;1;5;Alain Morel
TIC-001623;CLI-00247;CTC-006032;Courriel;Réclamation;basse;2026-05-13;2026-05-14;28;5;Vincent Richard
TIC-001624;CLI-02438;CTC-001582;Téléphone;Demande d’information;normale;2025-09-07;2025-09-11;98;5;Maxime Muller
TIC-001625;CLI-01402;CTC-007516;Agence;Livraison;basse;2024-10-12;2024-10-13;28;4;Fanny Clément
TIC-001626;CLI-01778;CTC-003602;Courriel;Produit défectueux;normale;2025-03-31;2025-04-02;49;2;Franck Lefebvre
TIC-001627;CLI-00456;CTC-002743;Téléphone;Livraison;normale;2025-09-05;2025-09-06;32;5;Alain Morel
TIC-001628;CLI-01803;;Téléphone;Livraison;normale;2023-10-01;2023-10-02;34;4;Julie Dubois
TIC-001629;CLI-02058;CTC-002020;Formulaire web;Réclamation;normale;2023-09-25;2023-09-25;1;4;Catherine Dumont
TIC-001630;CLI-00194;;Agence;Facturation;normale;2024-09-11;2024-09-11;5;4;Julie Dubois
TIC-001631;CLI-01211;CTC-007417;Téléphone;Retour;normale;2025-07-22;2025-07-24;63;4;Sébastien Mercier
TIC-001632;CLI-01779;CTC-004526;Formulaire web;Facturation;normale;2026-04-13;2026-04-13;1;5;Fanny Clément
TIC-001633;CLI-00586;CTC-005997;Téléphone;Réclamation;normale;2023-12-08;;;;Léa Durand
TIC-001634;CLI-00768;CTC-003589;Courriel;Livraison;normale;2026-05-27;2026-05-27;23;4;Pauline Durand
TIC-001635;CLI-01094;CTC-006973;Formulaire web;Livraison;normale;2023-12-17;2023-12-18;38;4;Alexandre Chevalier
TIC-001636;CLI-01103;;Courriel;Demande d’information;normale;2026-03-09;2026-03-10;40;4;Léa Durand
TIC-001637;CLI-01872;CTC-000404;Agence;Demande d’information;basse;2023-10-23;2023-10-27;104;4;Maxime Muller
TIC-001638;CLI-00045;CTC-007139;Formulaire web;Réclamation;haute;2024-01-30;2024-02-02;91;1;Sébastien Mercier
TIC-001639;CLI-01508;;Agence;Demande d’information;normale;2026-02-27;2026-03-02;85;4;Alexandre Chevalier
TIC-001640;CLI-00756;CTC-004718;Téléphone;Facturation;basse;2025-10-25;2025-10-28;75;3;Franck Lefebvre
TIC-001641;CLI-02154;CTC-000922;Agence;Demande d’information;normale;2024-04-11;2024-04-12;44;2;Alain Morel
TIC-001642;CLI-02486;CTC-004323;Formulaire web;Livraison;normale;2025-08-20;2025-08-20;23;5;Nathalie Michel
TIC-001643;CLI-01867;CTC-003295;Téléphone;Facturation;normale;2025-05-03;2025-05-03;2;4;Camille Bertrand
TIC-001644;CLI-00045;CTC-006285;Courriel;Livraison;normale;2024-05-09;2024-05-12;72;5;Jérôme Blanc
TIC-001645;CLI-00879;CTC-003787;Courriel;Produit défectueux;normale;2025-06-20;2025-06-20;8;5;Vincent Richard
TIC-001646;CLI-00447;;Téléphone;Facturation;haute;2026-03-30;2026-04-02;85;4;Nathalie Michel
TIC-001647;CLI-00338;;Formulaire web;Réclamation;urgent;2025-08-15;2025-08-18;85;3;Virginie Henry
TIC-001648;CLI-01664;CTC-004149;Agence;Produit défectueux;normale;2025-11-29;2025-11-30;46;4;Thomas Morel
TIC-001649;CLI-00373;;Courriel;Livraison;normale;2025-08-27;2025-08-28;43;4;Manon Michel
TIC-001650;CLI-01049;CTC-004412;Agence;Facturation;haute;2024-10-08;2024-10-09;38;3;Jérôme Blanc
TIC-001651;CLI-00441;;Formulaire web;Demande d’information;haute;2023-10-20;2023-10-20;10;4;Pauline Durand
TIC-001652;CLI-01309;CTC-007866;Téléphone;Livraison;haute;2025-11-07;;;;Vincent Richard
TIC-001653;CLI-02116;CTC-007068;Courriel;Retour;normale;2026-03-19;2026-03-19;8;4;Franck Lefebvre
TIC-001654;CLI-01801;;Agence;Livraison;basse;2025-12-27;2025-12-29;61;4;Vincent Richard
TIC-001655;CLI-00034;;Courriel;Produit défectueux;normale;2025-06-12;;;;Manon Michel
TIC-001656;CLI-01738;CTC-007888;Téléphone;Retour;normale;2026-04-01;2026-04-01;23;4;Maxime Muller
TIC-001657;CLI-01857;;Courriel;Réclamation;normale;2024-06-06;;;;Maxime Muller
TIC-001658;CLI-00222;CTC-001302;Courriel;Livraison;P1;2025-09-20;;;;Alain Morel
TIC-001659;CLI-01690;CTC-006907;Formulaire web;Facturation;haute;2025-07-15;2025-07-15;1;5;Alain Morel
TIC-001660;CLI-00740;;Formulaire web;Facturation;normale;2025-05-20;;;;Franck Lefebvre
TIC-001661;CLI-00933;CTC-005344;Courriel;Produit défectueux;normale;2023-12-01;;;;Manon Michel
TIC-001662;CLI-00317;CTC-007101;Téléphone;Demande d’information;normale;2023-11-22;2023-11-24;65;3;Julie Dubois
TIC-001663;CLI-02227;CTC-004462;Formulaire web;Facturation;normale;2026-01-09;2026-01-10;27;5;Alain Morel
TIC-001664;CLI-02005;CTC-004725;Formulaire web;Retour;basse;2026-07-30;2026-07-31;36;5;Thomas Morel
TIC-001665;CLI-00852;CTC-004432;Téléphone;Livraison;normale;2023-11-29;2023-11-29;18;3;Camille Bertrand
TIC-001666;CLI-00544;CTC-007821;Agence;Livraison;normale;2025-01-08;2025-01-10;49;4;Nathalie Michel
TIC-001667;CLI-00386;CTC-007608;Téléphone;Produit défectueux;haute;2026-05-11;;;;Alexandre Chevalier
TIC-001668;CLI-02174;CTC-004447;Agence;Réclamation;basse;2024-03-26;2024-03-26;1;3;Pauline Durand
TIC-001669;CLI-01387;CTC-001468;Courriel;Retour;haute;2024-03-24;2024-03-25;36;4;Vincent Richard
TIC-001670;CLI-01981;CTC-003455;Téléphone;Retour;normale;2024-02-04;2024-02-05;27;5;Virginie Henry
TIC-001671;CLI-01011;;Téléphone;Demande d’information;haute;2024-06-22;2024-06-25;85;4;Manon Michel
TIC-001672;CLI-01522;;Courriel;Retour;basse;2026-04-10;;;;Manon Michel
TIC-001673;CLI-02202;CTC-001541;Formulaire web;Facturation;normale;2024-10-18;;;;Alexandre Chevalier
TIC-001674;CLI-02245;CTC-002547;Courriel;Facturation;normale;2026-08-23;2026-08-25;57;5;Fanny Clément
TIC-001675;CLI-00538;;Téléphone;Retour;critique;2025-07-04;2025-07-04;1;4;Sébastien Mercier
TIC-001676;CLI-01230;CTC-000157;Courriel;Réclamation;normale;2025-08-04;2025-08-04;12;4;Alexandre Chevalier
TIC-001677;CLI-00164;CTC-003271;Agence;Retour;normale;2025-09-14;2025-09-16;69;5;Jérôme Blanc
TIC-001678;CLI-02172;CTC-005483;Formulaire web;Livraison;normale;2026-04-27;2026-04-29;50;4;Julie Dubois
TIC-001679;CLI-00605;;Formulaire web;Produit défectueux;basse;2025-04-20;;;;Julie Dubois
TIC-001680;CLI-02480;;Courriel;Demande d’information;normale;2026-08-24;2026-08-24;13;5;Camille Bertrand
TIC-001681;CLI-00009;CTC-001827;Téléphone;Demande d’information;normale;2026-03-27;2026-03-27;9;5;Alexandre Chevalier
TIC-001682;CLI-01683;CTC-003863;Téléphone;Demande d’information;basse;2024-12-01;2024-12-01;8;4;Nathalie Michel
TIC-001683;CLI-01100;;Courriel;Réclamation;basse;2025-07-31;2025-08-02;51;5;Franck Lefebvre
TIC-001684;CLI-00778;CTC-002868;Courriel;Réclamation;critique;2024-07-23;2024-07-23;15;4;Vincent Richard
TIC-001685;CLI-01839;CTC-007430;Courriel;Réclamation;haute;2024-12-28;2024-12-29;42;4;Léa Durand
TIC-001686;CLI-01606;CTC-004555;Formulaire web;Demande d’information;normale;2024-08-01;2024-08-04;76;5;Alain Morel
TIC-001687;CLI-00599;CTC-000758;Agence;Facturation;normale;2026-02-13;2026-02-16;76;3;Camille Bertrand
TIC-001688;CLI-00217;CTC-006938;Agence;Livraison;normale;2025-07-08;2025-07-10;70;5;Camille Bertrand
TIC-001689;CLI-01537;CTC-004062;Courriel;Facturation;normale;2023-10-30;;;;Catherine Chevalier
TIC-001690;CLI-00651;;Courriel;Réclamation;normale;2026-05-26;2026-05-29;73;5;Jérôme Blanc
TIC-001691;CLI-02303;CTC-004644;Courriel;Produit défectueux;normale;2026-01-14;2026-01-14;1;2;Catherine Chevalier
TIC-001692;CLI-00441;;Courriel;Demande d’information;normale;2023-12-28;2023-12-29;45;5;Camille Bertrand
TIC-001693;CLI-01280;CTC-000171;Formulaire web;Produit défectueux;haute;2024-03-10;2024-03-12;62;5;Jérôme Blanc
TIC-001694;CLI-00876;;Téléphone;Livraison;normale;2024-04-10;;;;Pauline Durand
TIC-001695;CLI-00080;CTC-004240;Agence;Réclamation;normale;2023-12-10;2023-12-10;21;4;Alain Morel
TIC-001696;CLI-01473;;Courriel;Réclamation;normale;2024-04-22;2024-04-25;82;4;Pauline Durand
TIC-001697;CLI-01957;CTC-000390;Formulaire web;Réclamation;normale;2026-05-17;2026-05-22;123;5;Virginie Henry
TIC-001698;CLI-01462;CTC-003142;Agence;Produit défectueux;normale;2024-02-19;2024-02-21;60;4;Pauline Durand
TIC-001699;CLI-00797;;Formulaire web;Réclamation;urgent;2025-10-21;2025-10-21;14;1;Alain Morel
TIC-001700;CLI-00813;CTC-000085;Téléphone;Livraison;haute;2024-02-28;;;;Catherine Chevalier
TIC-001701;CLI-01989;;Agence;Facturation;normale;2025-11-10;2025-11-11;38;5;Catherine Dumont
TIC-001702;CLI-00585;;Formulaire web;Produit défectueux;basse;2023-10-05;2023-10-05;17;5;Maxime Muller
TIC-001703;CLI-01579;;Téléphone;Facturation;normale;2025-02-13;2025-02-15;69;5;Maxime Muller
TIC-001704;CLI-00602;CTC-003017;Courriel;Retour;normale;2023-10-21;2023-10-23;54;2;Jérôme Blanc
TIC-001705;CLI-00901;CTC-002395;Formulaire web;Retour;normale;2025-06-29;2025-07-01;62;5;Julie Dubois
TIC-001706;CLI-00842;CTC-007848;Formulaire web;Réclamation;haute;2025-10-17;2025-10-17;20;2;Nathalie Michel
TIC-001707;CLI-00940;CTC-005610;Agence;Réclamation;normale;2024-03-19;2024-03-22;76;3;Catherine Chevalier
TIC-001708;CLI-01902;CTC-003085;Agence;Livraison;normale;2025-12-27;2025-12-28;39;4;Vincent Richard
TIC-001709;CLI-02012;CTC-000804;Courriel;Facturation;haute;2025-09-28;2025-09-29;33;3;Franck Lefebvre
TIC-001710;CLI-01989;;Courriel;Livraison;normale;2026-07-18;2026-07-20;51;1;Léa Durand
TIC-001711;CLI-00733;CTC-000815;Agence;Réclamation;normale;2026-01-10;2026-01-12;59;5;Nathalie Michel
TIC-001712;CLI-01152;CTC-003409;Formulaire web;Retour;normale;2024-06-04;2024-06-04;2;5;Franck Lefebvre
TIC-001713;CLI-01269;CTC-002998;Formulaire web;Facturation;normale;2026-06-17;2026-06-20;76;2;Pauline Durand
TIC-001714;CLI-01319;;Courriel;Produit défectueux;basse;2024-12-12;2024-12-14;64;5;Virginie Henry
TIC-001715;CLI-00207;CTC-006921;Téléphone;Facturation;normale;2025-07-31;2025-08-02;68;3;Julie Dubois
TIC-001716;CLI-00421;;Téléphone;Demande d’information;basse;2025-09-15;2025-09-16;24;1;Pauline Durand
TIC-001717;CLI-00633;;Courriel;Réclamation;haute;2024-07-08;2024-07-08;16;3;Jérôme Blanc
TIC-001718;CLI-01714;;Formulaire web;Demande d’information;normale;2026-06-10;2026-06-12;56;5;Alexandre Chevalier
TIC-001719;CLI-00255;CTC-006585;Formulaire web;Demande d’information;normale;2026-07-02;;;;Léa Durand
TIC-001720;CLI-01843;CTC-007729;Courriel;Demande d’information;critique;2026-05-07;2026-05-08;46;1;Maxime Muller
TIC-001721;CLI-02045;;Courriel;Réclamation;normale;2026-07-23;2026-07-23;1;5;Alexandre Chevalier
TIC-001722;CLI-02267;CTC-004347;Formulaire web;Livraison;normale;2024-11-28;2024-11-28;1;2;Léa Durand
TIC-001723;CLI-01021;;Courriel;Demande d’information;normale;2024-08-05;2024-08-06;46;1;Catherine Chevalier
TIC-001724;CLI-01888;CTC-001935;Agence;Retour;normale;2026-09-01;2026-09-01;8;4;Nathalie Michel
TIC-001725;CLI-00202;CTC-005458;Courriel;Réclamation;normale;2026-08-10;2026-08-11;34;5;Catherine Chevalier
TIC-001726;CLI-01199;CTC-006115;Téléphone;Facturation;normale;2026-07-04;2026-07-06;62;4;Virginie Henry
TIC-001727;CLI-00890;CTC-002349;Téléphone;Demande d’information;normale;2025-04-03;2025-04-04;47;2;Nathalie Michel
TIC-001728;CLI-01663;CTC-005869;Formulaire web;Retour;normale;2024-07-25;2024-07-27;55;5;Thomas Morel
TIC-001729;CLI-01621;CTC-005034;Téléphone;Demande d’information;basse;2026-02-21;2026-02-22;41;3;Maxime Muller
TIC-001730;CLI-01900;CTC-004388;Agence;Retour;normale;2025-09-11;2025-09-12;41;2;Jérôme Blanc
TIC-001731;CLI-00238;CTC-007945;Courriel;Demande d’information;normale;2024-03-20;2024-03-23;73;4;Virginie Henry
TIC-001732;CLI-00257;CTC-003442;Téléphone;Réclamation;normale;2024-01-29;2024-01-29;23;3;Pauline Durand
TIC-001733;CLI-01016;CTC-005142;Formulaire web;Livraison;haute;2025-08-29;2025-08-29;16;4;Franck Lefebvre
TIC-001734;CLI-00961;CTC-007310;Agence;Livraison;normale;2025-04-06;2025-04-07;45;4;Vincent Richard
TIC-001735;CLI-01063;CTC-007835;Formulaire web;Retour;normale;2024-06-25;;;;Alexandre Chevalier
TIC-001736;CLI-02149;CTC-000170;Agence;Produit défectueux;critique;2026-08-31;2026-08-31;6;4;Léa Durand
TIC-001737;CLI-01361;CTC-000547;Agence;Produit défectueux;haute;2024-11-01;2024-11-01;1;3;Catherine Chevalier
TIC-001738;CLI-01717;CTC-000040;Formulaire web;Demande d’information;normale;2024-09-11;2024-09-11;1;4;Virginie Henry
TIC-001739;CLI-00821;CTC-003537;Formulaire web;Facturation;normale;2026-05-03;2026-05-03;23;4;Pauline Durand
TIC-001740;CLI-01754;;Courriel;Retour;basse;2025-11-04;2025-11-05;35;3;Camille Bertrand
TIC-001741;CLI-00871;CTC-004612;Formulaire web;Réclamation;basse;2024-01-04;2024-01-05;31;4;Nathalie Michel
TIC-001742;CLI-01230;CTC-000946;Courriel;Livraison;haute;2026-03-12;2026-03-12;1;2;Julie Dubois
TIC-001743;CLI-01941;CTC-005361;Agence;Facturation;basse;2025-08-08;2025-08-08;11;4;Alexandre Chevalier
TIC-001744;CLI-02000;;Téléphone;Facturation;normale;2024-10-27;2024-10-30;74;3;Alexandre Chevalier
TIC-001745;CLI-00375;CTC-000013;Courriel;Facturation;normale;2025-09-20;2025-09-21;39;3;Léa Durand
TIC-001746;CLI-01108;;Agence;Demande d’information;normale;2024-12-07;2024-12-09;59;3;Virginie Henry
TIC-001747;CLI-00361;;Agence;Produit défectueux;normale;2025-03-19;2025-03-19;3;3;Manon Michel
TIC-001748;CLI-02303;CTC-001025;Agence;Demande d’information;haute;2024-02-28;2024-03-02;76;4;Franck Lefebvre
TIC-001749;CLI-00783;CTC-004425;Courriel;Réclamation;normale;2026-07-14;2026-07-15;33;5;Alain Morel
TIC-001750;CLI-01104;CTC-002926;Formulaire web;Facturation;normale;2024-10-02;2024-10-04;48;5;Maxime Muller
TIC-001751;CLI-01559;CTC-002579;Agence;Demande d’information;haute;2026-03-10;;;;Alexandre Chevalier
TIC-001752;CLI-00051;;Agence;Livraison;normale;2024-06-06;2024-06-06;1;4;Fanny Clément
TIC-001753;CLI-01338;CTC-003282;Agence;Demande d’information;normale;2026-02-11;2026-02-11;14;3;Alain Morel
TIC-001754;CLI-01658;CTC-006278;Agence;Facturation;basse;2026-06-29;;;;Manon Michel
TIC-001755;CLI-02206;CTC-007983;Téléphone;Produit défectueux;basse;2024-02-20;2024-02-20;1;4;Catherine Dumont
TIC-001756;CLI-02111;CTC-007805;Formulaire web;Produit défectueux;basse;2024-11-04;2024-11-04;1;5;Jérôme Blanc
TIC-001757;CLI-02390;CTC-002274;Courriel;Produit défectueux;haute;2023-12-17;2023-12-19;54;1;Catherine Dumont
TIC-001758;CLI-02452;;Formulaire web;Facturation;NORMALE;2026-06-23;2026-06-23;16;4;Manon Michel
TIC-001759;CLI-00485;CTC-000022;Courriel;Facturation;normale;2024-06-19;2024-06-20;44;4;Pauline Durand
TIC-001760;CLI-02469;CTC-001649;Courriel;Livraison;haute;2026-07-29;2026-07-29;15;2;Julie Dubois
TIC-001761;CLI-00280;CTC-001773;Téléphone;Facturation;normale;2024-02-06;2024-02-07;44;4;Alain Morel
TIC-001762;CLI-01908;;Téléphone;Produit défectueux;critique;2026-04-21;;;;Julie Dubois
TIC-001763;CLI-00660;CTC-003703;Téléphone;Livraison;normale;2025-01-29;2025-02-02;104;5;Alexandre Chevalier
TIC-001764;CLI-01124;;Courriel;Demande d’information;normale;2023-11-16;2023-11-16;16;5;Manon Michel
TIC-001765;CLI-00439;CTC-007763;Téléphone;Réclamation;normale;2024-01-15;2024-01-16;46;4;Fanny Clément
TIC-001766;CLI-00666;CTC-007828;Formulaire web;Facturation;normale;2024-09-28;;;;Nathalie Michel
TIC-001767;CLI-01348;CTC-000687;Téléphone;Produit défectueux;normale;2024-09-27;2024-09-28;43;3;Fanny Clément
TIC-001768;CLI-02317;;Agence;Réclamation;basse;2026-05-19;2026-05-20;47;2;Julie Dubois
TIC-001769;CLI-01137;CTC-002821;Téléphone;Livraison;normale;2026-08-05;2026-08-07;50;5;Virginie Henry
TIC-001770;CLI-00451;;Formulaire web;Produit défectueux;normale;2024-11-13;2024-11-15;61;4;Manon Michel
TIC-001771;CLI-01937;CTC-007838;Formulaire web;Facturation;haute;2023-12-31;2024-01-01;46;3;Alexandre Chevalier
TIC-001772;CLI-00445;CTC-007802;Téléphone;Livraison;normale;2024-09-18;2024-09-18;1;4;Léa Durand
TIC-001773;CLI-01369;CTC-007239;Agence;Produit défectueux;haute;2026-07-02;2026-07-02;16;1;Alain Morel
TIC-001774;CLI-02210;CTC-005329;Formulaire web;Retour;basse;2025-03-26;2025-03-28;54;1;Catherine Chevalier
TIC-001775;CLI-01335;;Agence;Réclamation;basse;2026-07-16;2026-07-20;99;4;Franck Lefebvre
TIC-001776;CLI-01440;CTC-005641;Téléphone;Réclamation;normale;2025-06-30;2025-06-30;12;3;Franck Lefebvre
TIC-001777;CLI-01389;CTC-002146;Agence;Facturation;basse;2024-04-01;2024-04-03;54;5;Manon Michel
TIC-001778;CLI-02217;CTC-004670;Agence;Retour;haute;2024-04-09;2024-04-09;1;4;Sébastien Mercier
TIC-001779;CLI-00277;;Courriel;Demande d’information;critique;2024-04-26;2024-04-28;64;5;Thomas Morel
TIC-001780;CLI-02002;;Formulaire web;Livraison;haute;2024-03-05;2024-03-06;31;5;Nathalie Michel
TIC-001781;CLI-01545;;Agence;Livraison;basse;2024-08-21;2024-08-22;37;4;Maxime Muller
TIC-001782;CLI-00123;;Agence;Retour;basse;2026-01-30;2026-01-30;20;4;Maxime Muller
TIC-001783;CLI-02187;CTC-000195;Agence;Retour;normale;2025-10-12;;;;Catherine Dumont
TIC-001784;CLI-02309;;Formulaire web;Facturation;haute;2024-05-25;2024-05-28;88;3;Alain Morel
TIC-001785;CLI-01258;CTC-001015;Téléphone;Facturation;critique;2023-12-21;2023-12-21;1;3;Sébastien Mercier
TIC-001786;CLI-00667;;Formulaire web;Facturation;critique;2026-08-09;2026-08-09;8;3;Catherine Chevalier
TIC-001787;CLI-00318;CTC-007159;Téléphone;Demande d’information;haute;2024-12-31;2025-01-01;36;4;Maxime Muller
TIC-001788;CLI-00109;CTC-005207;Téléphone;Réclamation;basse;2026-01-23;2026-01-24;26;4;Nathalie Michel
TIC-001789;CLI-02443;CTC-004791;Téléphone;Retour;basse;2025-09-06;;;;Catherine Dumont
TIC-001790;CLI-01467;;Agence;Retour;normale;2024-04-14;2024-04-15;34;5;Julie Dubois
TIC-001791;CLI-02351;CTC-004543;Formulaire web;Facturation;basse;2026-03-15;;;;Sébastien Mercier
TIC-001792;CLI-00881;CTC-004197;Agence;Retour;critique;2025-09-05;2025-09-05;1;3;Vincent Richard
TIC-001793;CLI-00001;;Formulaire web;Demande d’information;normale;2024-08-27;2024-08-29;56;3;Alain Morel
TIC-001794;CLI-01629;CTC-002943;Agence;Facturation;basse;2023-10-19;2023-10-19;1;4;Fanny Clément
TIC-001795;CLI-01443;CTC-004440;Agence;Demande d’information;haute;2023-10-29;2023-10-30;32;5;Catherine Chevalier
TIC-001796;CLI-02361;;Téléphone;Facturation;haute;2024-01-23;2024-01-24;39;1;Nathalie Michel
TIC-001797;CLI-00206;;Courriel;Retour;normale;2026-03-06;2026-03-06;6;3;Alexandre Chevalier
TIC-001798;CLI-01408;;Agence;Réclamation;normale;2024-12-26;2024-12-28;59;5;Jérôme Blanc
TIC-001799;CLI-00205;CTC-007231;Agence;Produit défectueux;critique;2025-10-24;2025-10-25;25;4;Sébastien Mercier
TIC-001800;CLI-00848;;Agence;Livraison;normale;2026-02-24;2026-02-25;39;4;Maxime Muller
TIC-001801;CLI-01406;;Courriel;Réclamation;normale;2023-12-31;2023-12-31;17;2;Vincent Richard
TIC-001802;CLI-00377;;Courriel;Livraison;haute;2024-10-23;2024-10-24;32;4;Virginie Henry
TIC-001803;CLI-00734;;Courriel;Facturation;haute;2025-08-08;2025-08-10;70;5;Vincent Richard
TIC-001804;CLI-01296;;Courriel;Produit défectueux;normale;2024-02-12;2024-02-14;69;4;Fanny Clément
TIC-001805;CLI-01199;CTC-007147;Formulaire web;Facturation;critique;2024-05-28;2024-05-30;60;5;Léa Durand
TIC-001806;CLI-02351;;Agence;Retour;normale;2023-12-27;2023-12-30;73;2;Thomas Morel
TIC-001807;CLI-00909;CTC-003009;Formulaire web;Produit défectueux;normale;2026-01-28;2026-01-28;1;5;Alexandre Chevalier
TIC-001808;CLI-02479;CTC-000343;Formulaire web;Produit défectueux;normale;2026-07-05;2026-07-05;5;4;Nathalie Michel
TIC-001809;CLI-01968;CTC-003977;Téléphone;Réclamation;basse;2026-07-21;2026-07-24;83;5;Vincent Richard
TIC-001810;CLI-02286;CTC-004795;Agence;Produit défectueux;haute;2024-06-23;;;;Jérôme Blanc
TIC-001811;CLI-00060;;Formulaire web;Facturation;normale;2025-01-12;;;;Alexandre Chevalier
TIC-001812;CLI-00094;CTC-002348;Agence;Demande d’information;haute;2025-05-05;2025-05-07;50;2;Camille Bertrand
TIC-001813;CLI-00236;CTC-005264;Formulaire web;Réclamation;normale;2025-12-24;2025-12-24;1;4;Nathalie Michel
TIC-001814;CLI-00362;CTC-007478;Téléphone;Facturation;haute;2023-12-21;2023-12-23;48;5;Vincent Richard
TIC-001815;CLI-01365;CTC-001513;Téléphone;Livraison;normale;2025-08-11;2025-08-13;54;4;Léa Durand
TIC-001816;CLI-00966;;Téléphone;Facturation;haute;2024-12-08;2024-12-10;69;4;Maxime Muller
TIC-001817;CLI-01870;;Formulaire web;Facturation;normale;2025-12-04;2025-12-04;10;3;Thomas Morel
TIC-001818;CLI-02121;;Téléphone;Retour;haute;2025-02-13;2025-02-13;19;5;Sébastien Mercier
TIC-001819;CLI-01605;CTC-007030;Agence;Facturation;haute;2024-04-20;2024-04-22;60;2;Catherine Dumont
TIC-001820;CLI-01725;CTC-006958;Agence;Livraison;haute;2025-02-12;2025-02-12;1;4;Catherine Dumont
TIC-001821;CLI-01631;;Agence;Facturation;basse;2024-06-17;2024-06-17;22;5;Virginie Henry
TIC-001822;CLI-02102;CTC-000602;Téléphone;Facturation;haute;2023-11-18;2023-11-18;8;5;Pauline Durand
TIC-001823;CLI-02406;CTC-005068;Téléphone;Réclamation;normale;2024-03-26;2024-03-26;16;5;Maxime Muller
TIC-001824;CLI-00552;CTC-000599;Formulaire web;Réclamation;normale;2024-03-08;2024-03-09;45;5;Nathalie Michel
TIC-001825;CLI-01493;CTC-007492;Agence;Livraison;normale;2026-01-19;2026-01-20;46;1;Franck Lefebvre
TIC-001826;CLI-01381;;Courriel;Demande d’information;normale;2026-08-19;2026-08-21;54;4;Manon Michel
TIC-001827;CLI-00551;CTC-004434;Courriel;Produit défectueux;normale;2025-01-31;2025-02-01;39;3;Fanny Clément
TIC-001828;CLI-01753;CTC-004957;Courriel;Retour;basse;2024-01-07;2024-01-07;1;1;Nathalie Michel
TIC-001829;CLI-02163;CTC-000728;Agence;Retour;normale;2025-01-30;2025-01-30;1;5;Sébastien Mercier
TIC-001830;CLI-02124;CTC-007115;Formulaire web;Facturation;normale;2024-09-25;2024-09-25;22;3;Julie Dubois
TIC-001831;CLI-01032;;Formulaire web;Facturation;normale;2024-05-14;2024-05-15;33;2;Pauline Durand
TIC-001832;CLI-02243;CTC-004382;Agence;Réclamation;basse;2025-08-20;2025-08-20;1;5;Julie Dubois
TIC-001833;CLI-01722;;Téléphone;Facturation;haute;2025-08-13;2025-08-14;29;5;Julie Dubois
TIC-001834;CLI-01885;CTC-002812;Agence;Produit défectueux;basse;2024-09-26;2024-09-26;12;2;Julie Dubois
TIC-001835;CLI-01057;;Agence;Produit défectueux;haute;2026-03-10;2026-03-10;19;1;Maxime Muller
TIC-001836;CLI-00861;;Formulaire web;Facturation;normale;2024-04-16;2024-04-18;57;1;Virginie Henry
TIC-001837;CLI-00835;CTC-002851;Agence;Retour;normale;2026-05-01;2026-05-01;1;5;Nathalie Michel
TIC-001838;CLI-01369;CTC-005576;Agence;Livraison;basse;2025-11-10;2025-11-10;1;5;Léa Durand
TIC-001839;CLI-00928;CTC-001273;Téléphone;Facturation;haute;2023-10-16;2023-10-16;21;5;Thomas Morel
TIC-001840;CLI-01568;CTC-001610;Agence;Retour;basse;2023-11-16;2023-11-17;35;2;Virginie Henry
TIC-001841;CLI-01478;CTC-001799;Agence;Demande d’information;haute;2025-02-12;2025-02-13;46;4;Virginie Henry
TIC-001842;CLI-02363;CTC-007164;Formulaire web;Demande d’information;normale;2025-03-12;2025-03-14;49;5;Léa Durand
TIC-001843;CLI-01564;;Formulaire web;Produit défectueux;critique;2023-12-20;2023-12-20;1;4;Nathalie Michel
TIC-001844;CLI-01540;;Agence;Retour;normale;2025-01-03;2025-01-03;1;5;Maxime Muller
TIC-001845;CLI-01810;CTC-000133;Téléphone;Réclamation;haute;2025-08-19;2025-08-21;56;4;Léa Durand
TIC-001846;CLI-02278;CTC-002586;Agence;Retour;normale;2025-02-23;2025-02-24;43;5;Franck Lefebvre
TIC-001847;CLI-00167;CTC-000094;Courriel;Retour;normale;2025-01-20;;;;Franck Lefebvre
TIC-001848;CLI-00963;CTC-006612;Agence;Livraison;haute;2024-11-05;2024-11-08;87;4;Nathalie Michel
TIC-001849;CLI-00988;CTC-006245;Formulaire web;Facturation;normale;2024-01-16;2024-01-16;1;5;Jérôme Blanc
TIC-001850;CLI-02134;;Agence;Produit défectueux;haute;2025-08-06;2025-08-07;41;5;Léa Durand
TIC-001851;CLI-01234;;Courriel;Réclamation;haute;2024-07-28;2024-07-29;30;4;Alain Morel
TIC-001852;CLI-00952;;Formulaire web;Livraison;normale;2024-09-30;2024-09-30;1;2;Catherine Dumont
TIC-001853;CLI-00542;CTC-004368;Formulaire web;Produit défectueux;basse;2024-12-16;2024-12-16;17;4;Manon Michel
TIC-001854;CLI-00341;;Courriel;Produit défectueux;normale;2023-10-03;2023-10-03;1;4;Julie Dubois
TIC-001855;CLI-01574;CTC-006873;Téléphone;Retour;normale;2025-02-21;2025-02-24;84;4;Virginie Henry
TIC-001856;CLI-00466;CTC-004279;Courriel;Produit défectueux;normale;2025-11-16;2025-11-17;35;5;Sébastien Mercier
TIC-001857;CLI-02005;CTC-003456;Agence;Demande d’information;normale;2025-05-06;2025-05-07;43;2;Thomas Morel
TIC-001858;CLI-02052;CTC-005939;Formulaire web;Livraison;haute;2024-08-10;;;;Jérôme Blanc
TIC-001859;CLI-01139;CTC-000948;Courriel;Retour;normale;2026-02-22;2026-02-22;19;5;Maxime Muller
TIC-001860;CLI-00672;CTC-000120;Courriel;Retour;haute;2024-08-22;2024-08-25;92;2;Vincent Richard
TIC-001861;CLI-02108;;Courriel;Produit défectueux;normale;2024-12-31;2025-01-01;31;3;Franck Lefebvre
TIC-001862;CLI-01984;CTC-000146;Agence;Livraison;normale;2025-09-08;2025-09-09;33;3;Fanny Clément
TIC-001863;CLI-02434;CTC-006576;Courriel;Demande d’information;normale;2024-01-03;;;;Sébastien Mercier
TIC-001864;CLI-00608;;Agence;Livraison;normale;2024-11-10;2024-11-11;44;5;Sébastien Mercier
TIC-001865;CLI-00365;CTC-000976;Agence;Demande d’information;basse;2025-04-26;2025-04-29;78;5;Vincent Richard
TIC-001866;CLI-00663;CTC-001254;Courriel;Demande d’information;normale;2024-07-24;2024-07-25;45;5;Maxime Muller
TIC-001867;CLI-01574;CTC-007611;Agence;Produit défectueux;basse;2026-02-04;2026-02-05;47;5;Fanny Clément
TIC-001868;CLI-01214;;Formulaire web;Facturation;normale;2024-11-10;2024-11-11;42;1;Maxime Muller
TIC-001869;CLI-02383;CTC-007449;Formulaire web;Réclamation;normale;2025-04-14;2025-04-15;42;5;Virginie Henry
TIC-001870;CLI-02250;CTC-002546;Formulaire web;Réclamation;normale;2026-09-08;2026-09-08;4;4;Julie Dubois
TIC-001871;CLI-01609;CTC-005277;Formulaire web;Facturation;normale;2023-12-12;2023-12-12;1;5;Julie Dubois
TIC-001872;CLI-01195;CTC-004597;Téléphone;Réclamation;normale;2024-06-05;2024-06-05;9;5;Vincent Richard
TIC-001873;CLI-00415;CTC-007518;Formulaire web;Facturation;haute;2026-01-22;;;;Catherine Dumont
TIC-001874;CLI-00795;CTC-003206;Téléphone;Livraison;basse;2026-03-04;2026-03-04;1;3;Nathalie Michel
TIC-001875;CLI-01171;CTC-000835;Formulaire web;Livraison;haute;2025-05-26;2025-05-28;68;4;Franck Lefebvre
TIC-001876;CLI-02121;;Téléphone;Réclamation;haute;2024-09-10;2024-09-13;78;4;Camille Bertrand
TIC-001877;CLI-00666;CTC-006269;Formulaire web;Produit défectueux;normale;2025-02-20;2025-02-20;1;5;Alexandre Chevalier
TIC-001878;CLI-02185;CTC-005247;Téléphone;Produit défectueux;basse;2023-10-07;2023-10-09;68;2;Alexandre Chevalier
TIC-001879;CLI-01622;;Téléphone;Réclamation;P1;2025-05-25;2025-05-26;36;1;Maxime Muller
TIC-001880;CLI-01182;;Formulaire web;Réclamation;basse;2025-04-30;2025-05-02;53;4;Franck Lefebvre
TIC-001881;CLI-01580;CTC-005386;Formulaire web;Facturation;normale;2026-04-23;2026-04-24;34;1;Catherine Chevalier
TIC-001882;CLI-00758;CTC-006830;Formulaire web;Demande d’information;normale;2025-09-19;2025-09-20;36;5;Maxime Muller
TIC-001883;CLI-00397;;Agence;Retour;basse;2026-05-04;2026-05-05;33;5;Franck Lefebvre
TIC-001884;CLI-01041;;Agence;Demande d’information;basse;2024-11-20;2024-11-21;42;3;Catherine Chevalier
TIC-001885;CLI-01588;CTC-003293;Formulaire web;Réclamation;normale;2024-04-16;2024-04-17;24;5;Sébastien Mercier
TIC-001886;CLI-00086;;Téléphone;Demande d’information;normale;2024-11-30;2024-12-01;45;4;Alexandre Chevalier
TIC-001887;CLI-00005;;Courriel;Réclamation;normale;2024-12-24;2024-12-26;52;1;Manon Michel
TIC-001888;CLI-01904;CTC-002735;Courriel;Retour;basse;2024-05-30;2024-05-31;47;4;Maxime Muller
TIC-001889;CLI-00530;CTC-005354;Téléphone;Réclamation;haute;2024-06-08;2024-06-10;59;4;Alexandre Chevalier
TIC-001890;CLI-00022;CTC-001950;Agence;Réclamation;haute;2026-03-01;2026-03-02;33;3;Alexandre Chevalier
TIC-001891;CLI-00367;CTC-006674;Formulaire web;Réclamation;normale;2024-08-01;2024-08-03;69;4;Alain Morel
TIC-001892;CLI-01177;;Formulaire web;Demande d’information;basse;2026-04-26;2026-04-29;75;4;Maxime Muller
TIC-001893;CLI-00783;CTC-006217;Agence;Demande d’information;normale;2024-02-07;;;;Thomas Morel
TIC-001894;CLI-00394;CTC-005298;Courriel;Réclamation;normale;2024-08-14;;;;Thomas Morel
TIC-001895;CLI-00280;CTC-001773;Téléphone;Retour;normale;2025-09-22;2025-09-22;22;4;Alexandre Chevalier
TIC-001896;CLI-00788;CTC-000485;Formulaire web;Demande d’information;critique;2024-06-05;2024-06-05;22;2;Sébastien Mercier
TIC-001897;CLI-01978;;Courriel;Retour;normale;2025-06-22;2025-06-22;8;5;Vincent Richard
TIC-001898;CLI-00236;CTC-007509;Formulaire web;Demande d’information;normale;2024-10-14;2024-10-15;45;4;Jérôme Blanc
TIC-001899;CLI-00412;;Agence;Réclamation;normale;2024-04-15;2024-04-15;1;5;Pauline Durand
TIC-001900;CLI-01682;;Téléphone;Facturation;basse;2026-03-19;2026-03-22;81;4;Nathalie Michel
TIC-001901;CLI-01546;CTC-005446;Courriel;Demande d’information;normale;2024-11-05;2024-11-06;30;4;Maxime Muller
TIC-001902;CLI-00867;CTC-001343;Agence;Retour;normale;2025-05-30;2025-06-01;51;5;Catherine Chevalier
TIC-001903;CLI-00594;CTC-000919;Téléphone;Réclamation;normale;2026-05-15;2026-05-15;1;5;Thomas Morel
TIC-001904;CLI-02252;;Téléphone;Retour;normale;2025-06-12;2025-06-13;36;3;Léa Durand
TIC-001905;CLI-01101;CTC-002591;Agence;Réclamation;basse;2024-08-12;2024-08-12;1;4;Vincent Richard
TIC-001906;CLI-00045;CTC-007139;Courriel;Retour;normale;2026-06-17;2026-06-19;59;5;Julie Dubois
TIC-001907;CLI-00023;CTC-000285;Téléphone;Demande d’information;normale;2024-07-14;2024-07-15;32;3;Alexandre Chevalier
TIC-001908;CLI-01591;CTC-006579;Formulaire web;Produit défectueux;critique;2024-02-18;2024-02-18;13;2;Jérôme Blanc
TIC-001909;CLI-01268;;Agence;Produit défectueux;haute;2024-02-26;2024-02-26;22;4;Maxime Muller
TIC-001910;CLI-00556;CTC-002649;Formulaire web;Réclamation;normale;2025-11-08;2025-11-09;42;5;Alain Morel
TIC-001911;CLI-01539;CTC-005910;Courriel;Facturation;basse;2026-02-11;2026-02-12;26;5;Catherine Chevalier
TIC-001912;CLI-01801;;Téléphone;Livraison;normale;2024-02-27;2024-02-29;67;5;Alain Morel
TIC-001913;CLI-01657;;Agence;Réclamation;normale;2026-07-08;2026-07-08;6;1;Camille Bertrand
TIC-001914;CLI-00185;CTC-004817;Formulaire web;Demande d’information;haute;2024-03-08;2024-03-10;52;4;Julie Dubois
TIC-001915;CLI-00408;CTC-002933;Formulaire web;Réclamation;normale;2024-01-12;;;;Sébastien Mercier
TIC-001916;CLI-00576;CTC-007370;Agence;Réclamation;haute;2024-09-19;2024-09-21;60;2;Maxime Muller
TIC-001917;CLI-01210;CTC-004400;Téléphone;Facturation;normale;2024-03-19;;;;Camille Bertrand
TIC-001918;CLI-01884;;Agence;Livraison;haute;2026-05-29;2026-05-29;14;5;Thomas Morel
TIC-001919;CLI-00216;CTC-001367;Téléphone;Réclamation;basse;2024-08-11;2024-08-12;31;1;Catherine Chevalier
TIC-001920;CLI-02178;CTC-006677;Formulaire web;Retour;normale;2023-12-29;;;;Thomas Morel
TIC-001921;CLI-02026;CTC-006662;Courriel;Réclamation;normale;2024-04-05;2024-04-05;1;4;Manon Michel
TIC-001922;CLI-01959;CTC-001759;Formulaire web;Produit défectueux;critique;2025-01-04;2025-01-05;36;5;Fanny Clément
TIC-001923;CLI-02046;CTC-006801;Courriel;Demande d’information;normale;2026-04-17;2026-04-18;39;4;Thomas Morel
TIC-001924;CLI-00429;CTC-001024;Courriel;Livraison;normale;2026-05-02;2026-05-04;49;3;Manon Michel
TIC-001925;CLI-00042;CTC-002860;Agence;Produit défectueux;normale;2026-03-14;2026-03-16;50;5;Franck Lefebvre
TIC-001926;CLI-02114;;Téléphone;Livraison;normale;2025-09-19;2025-09-22;73;5;Catherine Chevalier
TIC-001927;CLI-00802;;Téléphone;Demande d’information;normale;2024-07-19;;;;Nathalie Michel
TIC-001928;CLI-00165;CTC-004910;Courriel;Livraison;normale;2024-04-01;2024-04-02;25;5;Sébastien Mercier
TIC-001929;CLI-00297;;Agence;Réclamation;normale;2024-06-10;2024-06-10;1;4;Nathalie Michel
TIC-001930;CLI-00854;;Formulaire web;Demande d’information;haute;2025-12-26;2025-12-29;82;1;Nathalie Michel
TIC-001931;CLI-01369;CTC-007239;Téléphone;Demande d’information;normale;2026-08-28;2026-08-28;15;4;Alain Morel
TIC-001932;CLI-01603;CTC-005995;Téléphone;Retour;normale;2025-10-04;2025-10-05;37;3;Camille Bertrand
TIC-001933;CLI-02024;;Agence;Demande d’information;NORMALE;2024-06-26;2024-06-27;26;2;Thomas Morel
TIC-001934;CLI-02380;;Courriel;Facturation;normale;2026-02-18;2026-02-19;42;2;Sébastien Mercier
TIC-001935;CLI-01803;;Courriel;Demande d’information;haute;2026-02-24;2026-02-24;3;4;Virginie Henry
TIC-001936;CLI-01550;CTC-006525;Agence;Réclamation;normale;2025-12-16;2025-12-18;51;5;Jérôme Blanc
TIC-001937;CLI-00124;CTC-003309;Téléphone;Facturation;basse;2024-11-17;2024-11-17;1;5;Catherine Chevalier
TIC-001938;CLI-01176;CTC-007272;Téléphone;Retour;normale;2026-01-07;2026-01-09;54;5;Camille Bertrand
TIC-001939;CLI-02272;CTC-007433;Courriel;Facturation;basse;2026-03-14;2026-03-14;13;4;Thomas Morel
TIC-001940;CLI-00323;;Agence;Facturation;normale;2024-08-03;2024-08-06;85;1;Alexandre Chevalier
TIC-001941;CLI-01512;;Agence;Facturation;normale;2026-06-30;2026-07-02;59;5;Virginie Henry
TIC-001942;CLI-00008;CTC-004121;Courriel;Facturation;haute;2024-06-10;2024-06-11;35;5;Franck Lefebvre
TIC-001943;CLI-01693;;Agence;Facturation;normale;2023-12-05;2023-12-06;27;4;Alexandre Chevalier
TIC-001944;CLI-02481;CTC-002629;Agence;Demande d’information;basse;2024-03-28;2024-03-29;36;4;Franck Lefebvre
TIC-001945;CLI-00780;;Téléphone;Réclamation;haute;2024-12-19;2024-12-19;1;2;Alain Morel
TIC-001946;CLI-01494;CTC-007309;Formulaire web;Retour;haute;2025-07-30;2025-08-03;100;5;Alexandre Chevalier
TIC-001947;CLI-01430;CTC-000035;Téléphone;Réclamation;haute;2026-03-02;;;;Vincent Richard
TIC-001948;CLI-02179;CTC-002013;Agence;Réclamation;basse;2024-03-16;2024-03-17;28;4;Sébastien Mercier
TIC-001949;CLI-01728;;Formulaire web;Facturation;normale;2025-01-26;2025-01-26;17;4;Maxime Muller
TIC-001950;CLI-01394;CTC-000165;Agence;Facturation;normale;2025-07-16;2025-07-17;41;4;Fanny Clément
TIC-001951;CLI-00834;CTC-002329;Agence;Demande d’information;normale;2025-03-03;2025-03-05;70;4;Léa Durand
TIC-001952;CLI-01721;;Formulaire web;Facturation;haute;2024-12-04;2024-12-04;1;2;Nathalie Michel
TIC-001953;CLI-00558;CTC-004839;Téléphone;Produit défectueux;basse;2025-07-21;2025-07-22;34;5;Jérôme Blanc
TIC-001954;CLI-00721;CTC-000047;Courriel;Facturation;basse;2024-02-06;2024-02-08;48;5;Julie Dubois
TIC-001955;CLI-00837;CTC-000368;Téléphone;Produit défectueux;normale;2023-09-26;2023-09-29;81;4;Camille Bertrand
TIC-001956;CLI-01081;;Formulaire web;Réclamation;haute;2026-05-09;2026-05-09;2;5;Julie Dubois
TIC-001957;CLI-00633;CTC-007947;Téléphone;Livraison;haute;2025-09-16;;;;Julie Dubois
TIC-001958;CLI-01505;CTC-000918;Courriel;Demande d’information;haute;2025-01-27;2025-01-27;1;4;Virginie Henry
TIC-001959;CLI-01081;CTC-006699;Courriel;Demande d’information;basse;2025-04-17;2025-04-18;45;3;Léa Durand
TIC-001960;CLI-02425;CTC-002658;Agence;Demande d’information;basse;2023-10-27;2023-10-29;58;4;Manon Michel
TIC-001961;CLI-01444;;Téléphone;Réclamation;normale;2026-08-17;2026-08-19;51;2;Franck Lefebvre
TIC-001962;CLI-00384;;Formulaire web;Produit défectueux;normale;2025-04-02;2025-04-02;14;5;Virginie Henry
TIC-001963;CLI-01542;CTC-000505;Courriel;Facturation;haute;2026-04-03;2026-04-05;55;4;Fanny Clément
TIC-001964;CLI-01784;CTC-006825;Téléphone;Retour;normale;2023-10-31;2023-11-04;111;5;Léa Durand
TIC-001965;CLI-00582;CTC-004330;Téléphone;Demande d’information;normale;2025-09-29;2025-09-30;40;3;Alexandre Chevalier
TIC-001966;CLI-01933;CTC-000319;Agence;Demande d’information;normale;2024-12-26;2024-12-27;37;3;Nathalie Michel
TIC-001967;CLI-00246;CTC-003344;Courriel;Produit défectueux;haute;2024-04-28;2024-04-28;1;5;Pauline Durand
TIC-001968;CLI-01770;CTC-007377;Courriel;Réclamation;haute;2025-02-24;2025-02-25;34;2;Jérôme Blanc
TIC-001969;CLI-01936;CTC-002598;Courriel;Produit défectueux;basse;2026-02-15;;;;Manon Michel
TIC-001970;CLI-00022;CTC-004870;Formulaire web;Retour;normale;2026-06-19;2026-06-20;33;5;Maxime Muller
TIC-001971;CLI-02313;;Courriel;Facturation;normale;2026-07-17;2026-07-17;19;1;Pauline Durand
TIC-001972;CLI-01286;CTC-006470;Agence;Demande d’information;normale;2024-08-25;2024-08-26;35;4;Virginie Henry
TIC-001973;CLI-01939;;Téléphone;Retour;basse;2024-02-16;;;;Jérôme Blanc
TIC-001974;CLI-00411;CTC-005554;Courriel;Réclamation;haute;2025-02-09;2025-02-11;65;4;Fanny Clément
TIC-001975;CLI-00900;CTC-006754;Formulaire web;Retour;normale;2024-04-17;2024-04-19;53;5;Sébastien Mercier
TIC-001976;CLI-00671;CTC-002317;Formulaire web;Réclamation;basse;2025-07-26;2025-07-29;77;5;Fanny Clément
TIC-001977;CLI-02457;CTC-006051;Téléphone;Facturation;normale;2026-01-18;2026-01-18;11;3;Maxime Muller
TIC-001978;CLI-00661;CTC-000517;Formulaire web;Produit défectueux;normale;2026-05-11;2026-05-12;32;5;Nathalie Michel
TIC-001979;CLI-02459;CTC-001143;Agence;Produit défectueux;normale;2025-04-02;2025-04-02;1;5;Jérôme Blanc
TIC-001980;CLI-01317;;Téléphone;Facturation;normale;2024-08-13;;;;Jérôme Blanc
TIC-001981;CLI-02113;;Téléphone;Demande d’information;normale;2025-03-30;2025-03-31;26;5;Thomas Morel
TIC-001982;CLI-00593;CTC-004964;Courriel;Livraison;basse;2026-03-10;2026-03-10;12;4;Franck Lefebvre
TIC-001983;CLI-01559;;Téléphone;Facturation;normale;2026-04-02;2026-04-02;1;5;Franck Lefebvre
TIC-001984;CLI-01978;CTC-005702;Courriel;Produit défectueux;normale;2025-12-08;2025-12-10;67;3;Vincent Richard
TIC-001985;CLI-00788;;Agence;Livraison;basse;2025-03-26;2025-03-28;50;5;Alexandre Chevalier
TIC-001986;CLI-00784;;Agence;Livraison;normale;2023-10-22;2023-10-24;51;5;Camille Bertrand
TIC-001987;CLI-01727;CTC-002182;Formulaire web;Facturation;normale;2025-12-21;2025-12-25;103;1;Alexandre Chevalier
TIC-001988;CLI-02269;CTC-005836;Téléphone;Réclamation;haute;2026-03-02;2026-03-02;1;1;Alexandre Chevalier
TIC-001989;CLI-00017;CTC-002380;Téléphone;Livraison;critique;2025-09-22;2025-09-22;1;2;Catherine Chevalier
TIC-001990;CLI-01528;;Courriel;Demande d’information;normale;2025-11-21;2025-11-23;55;5;Fanny Clément
TIC-001991;CLI-01118;CTC-003846;Agence;Facturation;basse;2025-09-23;2025-09-26;77;4;Pauline Durand
TIC-001992;CLI-02103;CTC-006422;Téléphone;Réclamation;critique;2024-03-17;2024-03-18;37;3;Maxime Muller
TIC-001993;CLI-00982;;Téléphone;Demande d’information;basse;2025-02-15;2025-02-15;1;5;Franck Lefebvre
TIC-001994;CLI-00826;CTC-005698;Agence;Livraison;normale;2026-01-25;2026-01-25;23;4;Alain Morel
TIC-001995;CLI-00815;CTC-001044;Formulaire web;Livraison;normale;2023-09-20;2023-09-22;49;5;Camille Bertrand
TIC-001996;CLI-00607;;Formulaire web;Produit défectueux;normale;2023-12-01;2023-12-02;26;4;Alain Morel
TIC-001997;CLI-00289;CTC-007942;Agence;Retour;normale;2026-05-04;2026-05-04;14;5;Catherine Chevalier
TIC-001998;CLI-01627;CTC-002930;Agence;Retour;normale;2024-04-27;2024-04-29;49;3;Pauline Durand
TIC-001999;CLI-00672;CTC-006344;Formulaire web;Retour;basse;2025-11-28;2025-11-29;39;1;Catherine Chevalier
TIC-002000;CLI-01567;;Téléphone;Facturation;normale;2024-12-28;2024-12-29;32;3;Franck Lefebvre
TIC-002001;CLI-01878;;Agence;Retour;basse;2025-11-12;;;;Pauline Durand
TIC-002002;CLI-01304;;Courriel;Retour;normale;2026-04-24;2026-04-24;1;4;Fanny Clément
TIC-002003;CLI-00237;CTC-002588;Téléphone;Facturation;basse;2026-03-01;2026-03-03;63;3;Vincent Richard
TIC-002004;CLI-01583;CTC-007401;Courriel;Facturation;basse;2023-11-07;2023-11-09;61;1;Alexandre Chevalier
TIC-002005;CLI-00438;CTC-001158;Agence;Livraison;normale;2025-01-02;;;;Vincent Richard
TIC-002006;CLI-01236;CTC-003907;Formulaire web;Livraison;normale;2026-05-21;;;;Virginie Henry
TIC-002007;CLI-00438;;Agence;Réclamation;haute;2024-08-01;2024-08-03;60;10;Manon Michel
TIC-002008;CLI-00115;CTC-004441;Courriel;Produit défectueux;critique;2024-11-10;2024-11-10;1;5;Catherine Dumont
TIC-002009;CLI-01177;CTC-005399;Téléphone;Réclamation;normale;2026-08-29;2026-08-29;2;5;Catherine Chevalier
TIC-002010;CLI-02091;CTC-001013;Téléphone;Livraison;haute;2025-12-20;2025-12-23;83;2;Catherine Chevalier
TIC-002011;CLI-00661;CTC-006672;Formulaire web;Retour;haute;2026-06-18;2026-06-19;25;5;Catherine Chevalier
TIC-002012;CLI-00918;CTC-004266;Agence;Livraison;normale;2024-08-01;;;;Nathalie Michel
TIC-002013;CLI-00647;CTC-006500;Formulaire web;Facturation;normale;2026-03-01;2026-03-01;20;4;Manon Michel
TIC-002014;CLI-00716;CTC-007709;Courriel;Demande d’information;basse;2025-01-02;2025-01-02;1;2;Camille Bertrand
TIC-002015;CLI-01302;CTC-000993;Téléphone;Demande d’information;basse;2025-01-02;2025-01-02;11;5;Pauline Durand
TIC-002016;CLI-00735;CTC-005526;Agence;Livraison;normale;2023-09-25;2023-09-27;56;5;Pauline Durand
TIC-002017;CLI-00532;;Courriel;Facturation;basse;2024-06-26;2024-06-28;54;5;Thomas Morel
TIC-002018;CLI-02454;CTC-002024;Téléphone;Retour;normale;2024-03-28;;;;Jérôme Blanc
TIC-002019;CLI-01925;;Téléphone;Produit défectueux;normale;2023-12-18;2023-12-18;1;1;Léa Durand
TIC-002020;CLI-00975;CTC-007541;Agence;Réclamation;normale;2024-02-26;2024-02-27;40;3;Fanny Clément
TIC-002021;CLI-02329;CTC-004982;Agence;Facturation;haute;2025-02-12;2025-02-12;11;5;Thomas Morel
TIC-002022;CLI-02007;;Téléphone;Facturation;haute;2026-01-26;2026-01-28;53;5;Manon Michel
TIC-002023;CLI-01328;CTC-003650;Courriel;Produit défectueux;normale;2025-10-14;;;;Léa Durand
TIC-002024;CLI-01601;CTC-001725;Téléphone;Retour;basse;2026-05-21;2026-05-23;49;2;Catherine Chevalier
TIC-002025;CLI-00512;CTC-004419;Agence;Facturation;normale;2025-02-09;2025-02-11;54;5;Thomas Morel
TIC-002026;CLI-01259;CTC-001070;Téléphone;Retour;normale;2024-12-08;2024-12-09;30;5;Thomas Morel
TIC-002027;CLI-01587;CTC-003105;Téléphone;Facturation;normale;2024-09-01;2024-09-02;42;5;Manon Michel
TIC-002028;CLI-01640;;Agence;Facturation;haute;2024-02-15;2024-02-16;28;5;Virginie Henry
TIC-002029;CLI-01914;CTC-004417;Téléphone;Réclamation;normale;2025-05-16;2025-05-18;55;3;Maxime Muller
TIC-002030;CLI-02008;;Téléphone;Réclamation;haute;2023-11-25;;;;Manon Michel
TIC-002031;CLI-00345;;Agence;Facturation;normale;2025-11-14;2025-11-15;44;5;Julie Dubois
TIC-002032;CLI-01678;CTC-005437;Courriel;Réclamation;normale;2023-09-24;2023-09-24;21;1;Manon Michel
TIC-002033;CLI-00047;CTC-003071;Agence;Facturation;basse;2024-11-15;2024-11-18;88;5;Vincent Richard
TIC-002034;CLI-01507;CTC-007290;Téléphone;Produit défectueux;normale;2024-06-10;;;;Julie Dubois
TIC-002035;CLI-01741;CTC-007979;Formulaire web;Réclamation;normale;2025-03-09;2025-03-11;53;4;Vincent Richard
TIC-002036;CLI-00238;CTC-007945;Agence;Retour;normale;2024-12-28;2024-12-29;37;5;Vincent Richard
TIC-002037;CLI-01339;CTC-003992;Téléphone;Produit défectueux;normale;2025-12-15;2025-12-17;55;5;Vincent Richard
TIC-002038;CLI-00516;CTC-000907;Agence;Produit défectueux;normale;2023-12-30;2023-12-31;29;5;Catherine Dumont
TIC-002039;CLI-01187;;Courriel;Retour;normale;2023-09-16;2023-09-18;70;3;Fanny Clément
TIC-002040;CLI-01877;;Téléphone;Produit défectueux;normale;2024-08-12;;;;Franck Lefebvre
TIC-002041;CLI-02356;CTC-003509;Courriel;Produit défectueux;haute;2025-11-22;2025-11-25;91;5;Sébastien Mercier
TIC-002042;CLI-00058;CTC-003804;Formulaire web;Produit défectueux;normale;2026-08-01;2026-08-01;15;5;Fanny Clément
TIC-002043;CLI-00596;CTC-006468;Courriel;Demande d’information;normale;2024-02-19;;;;Camille Bertrand
TIC-002044;CLI-02155;CTC-003137;Courriel;Demande d’information;haute;2023-10-20;2023-10-20;1;4;Catherine Dumont
TIC-002045;CLI-01195;CTC-004597;Téléphone;Livraison;basse;2025-10-06;2025-10-11;125;5;Catherine Chevalier
TIC-002046;CLI-01272;;Formulaire web;Réclamation;normale;2024-06-07;2024-06-09;48;3;Pauline Durand
TIC-002047;CLI-00647;CTC-007331;Agence;Facturation;normale;2024-11-02;2024-11-03;37;5;Léa Durand
TIC-002048;CLI-00199;;Agence;Demande d’information;normale;2026-06-12;2026-06-15;73;3;Virginie Henry
TIC-002049;CLI-01939;CTC-006980;Formulaire web;Retour;normale;2024-07-07;2024-07-10;85;5;Nathalie Michel
TIC-002050;CLI-02068;CTC-004913;Formulaire web;Demande d’information;normale;2025-06-09;2025-06-11;50;3;Catherine Dumont
TIC-002051;CLI-00839;CTC-000800;Formulaire web;Demande d’information;normale;2025-03-10;2025-03-11;28;5;Franck Lefebvre
TIC-002052;CLI-00414;;Agence;Demande d’information;normale;2026-02-03;2026-02-03;22;3;Julie Dubois
TIC-002053;CLI-00785;CTC-006922;Téléphone;Retour;normale;2025-10-29;2025-10-29;17;5;Vincent Richard
TIC-002054;CLI-01230;CTC-001519;Téléphone;Demande d’information;basse;2026-05-16;2026-05-18;49;1;Manon Michel
TIC-002055;CLI-00748;CTC-007323;Courriel;Réclamation;haute;2025-04-16;2025-04-18;68;2;Alain Morel
TIC-002056;CLI-02259;;Agence;Demande d’information;normale;2026-06-20;2026-06-22;54;5;Thomas Morel
TIC-002057;CLI-01723;CTC-006765;Formulaire web;Réclamation;normale;2024-12-21;2024-12-21;1;4;Pauline Durand
TIC-002058;CLI-01054;;Agence;Réclamation;normale;2024-04-26;2024-04-26;1;4;Manon Michel
TIC-002059;CLI-00237;CTC-004905;Agence;Retour;normale;2025-08-01;;;;Maxime Muller
TIC-002060;CLI-01707;CTC-005447;Agence;Facturation;basse;2026-07-14;2026-07-15;34;4;Virginie Henry
TIC-002061;CLI-00776;;Agence;Réclamation;urgent;2024-12-14;2024-12-14;8;4;Léa Durand
TIC-002062;CLI-01525;;Téléphone;Réclamation;haute;2025-04-07;2025-04-08;30;4;Maxime Muller
TIC-002063;CLI-00036;CTC-002577;Téléphone;Produit défectueux;basse;2023-11-16;2023-11-16;10;5;Julie Dubois
TIC-002064;CLI-02455;CTC-000392;Téléphone;Réclamation;normale;2024-10-16;2024-10-19;85;5;Virginie Henry
TIC-002065;CLI-01416;CTC-005839;Téléphone;Retour;normale;2025-06-17;2025-06-21;102;3;Thomas Morel
TIC-002066;CLI-00923;CTC-002210;Téléphone;Livraison;haute;2025-07-09;2025-07-10;28;4;Pauline Durand
TIC-002067;CLI-01260;;Agence;Retour;normale;2025-02-12;2025-02-15;85;1;Pauline Durand
TIC-002068;CLI-00405;;Formulaire web;Produit défectueux;basse;2025-06-16;;;;Maxime Muller
TIC-002069;CLI-01380;CTC-001473;Formulaire web;Produit défectueux;normale;2024-07-13;2024-07-13;1;5;Fanny Clément
TIC-002070;CLI-01502;CTC-001135;Téléphone;Livraison;critique;2025-04-25;2025-04-25;1;4;Fanny Clément
TIC-002071;CLI-01608;;Téléphone;Produit défectueux;basse;2025-07-12;2025-07-15;72;2;Alain Morel
TIC-002072;CLI-02124;CTC-006292;Agence;Demande d’information;basse;2024-09-30;2024-10-02;71;5;Catherine Chevalier
TIC-002073;CLI-01954;;Téléphone;Réclamation;haute;2024-10-05;;;;Nathalie Michel
TIC-002074;CLI-00780;;Agence;Réclamation;normale;2026-05-03;2026-05-03;18;5;Fanny Clément
TIC-002075;CLI-01178;;Téléphone;Produit défectueux;basse;2024-11-12;2024-11-12;1;4;Manon Michel
TIC-002076;CLI-00869;;Courriel;Demande d’information;normale;2024-06-24;2024-06-28;111;5;Camille Bertrand
TIC-002077;CLI-01147;CTC-001364;Courriel;Demande d’information;basse;2026-06-08;2026-06-10;63;5;Nathalie Michel
TIC-002078;CLI-02485;CTC-007261;Formulaire web;Livraison;haute;2024-01-30;2024-01-30;20;4;Vincent Richard
TIC-002079;CLI-01348;CTC-002670;Courriel;Livraison;haute;2024-05-11;2024-05-11;4;5;Thomas Morel
TIC-002080;CLI-00837;;Téléphone;Produit défectueux;critique;2026-02-22;2026-02-22;12;5;Sébastien Mercier
TIC-002081;CLI-02039;CTC-003911;Courriel;Produit défectueux;normale;2024-09-07;2024-09-09;67;4;Sébastien Mercier
TIC-002082;CLI-02126;;Courriel;Livraison;normale;2026-05-01;;;;Franck Lefebvre
TIC-002083;CLI-01046;CTC-002102;Téléphone;Retour;normale;2024-08-24;2024-08-25;32;5;Franck Lefebvre
TIC-002084;CLI-01264;;Agence;Livraison;normale;2025-12-13;2025-12-14;43;2;Vincent Richard
TIC-002085;CLI-01533;;Formulaire web;Produit défectueux;critique;2024-11-17;;;;Thomas Morel
TIC-002086;CLI-01348;CTC-000687;Courriel;Réclamation;normale;2024-10-18;2024-10-18;1;5;Pauline Durand
TIC-002087;CLI-00784;CTC-002924;Agence;Retour;haute;2024-11-30;2024-12-02;62;5;Nathalie Michel
TIC-002088;CLI-02434;CTC-007797;Téléphone;Réclamation;haute;2024-12-11;2024-12-11;23;5;Léa Durand
TIC-002089;CLI-01143;CTC-003913;Téléphone;Facturation;haute;2025-04-28;2025-05-01;85;4;Manon Michel
TIC-002090;CLI-01458;CTC-004052;Agence;Produit défectueux;normale;2025-02-08;2025-02-09;36;2;Catherine Dumont
TIC-002091;CLI-00275;;Courriel;Livraison;normale;2024-02-27;2024-03-01;90;3;Sébastien Mercier
TIC-002092;CLI-00503;CTC-001159;Courriel;Livraison;haute;2025-02-24;;;;Sébastien Mercier
TIC-002093;CLI-02426;CTC-000769;Téléphone;Demande d’information;normale;2026-01-17;;;;Pauline Durand
TIC-002094;CLI-02328;CTC-003935;Courriel;Demande d’information;haute;2023-10-22;2023-10-22;8;4;Sébastien Mercier
TIC-002095;CLI-01710;;Formulaire web;Réclamation;normale;2024-12-19;2024-12-22;86;3;Fanny Clément
TIC-002096;CLI-00382;CTC-004452;Formulaire web;Livraison;haute;2025-09-10;2025-09-10;1;5;Catherine Dumont
TIC-002097;CLI-01867;CTC-003295;Agence;Facturation;haute;2024-02-16;2024-02-19;84;10;Catherine Chevalier
TIC-002098;CLI-00030;CTC-005871;Formulaire web;Livraison;haute;2024-12-20;2024-12-21;40;2;Catherine Dumont
TIC-002099;CLI-00298;CTC-005713;Formulaire web;Facturation;haute;2023-09-13;2023-09-13;22;4;Pauline Durand
TIC-002100;CLI-00888;;Agence;Livraison;basse;2024-11-21;2024-11-21;1;3;Jérôme Blanc
TIC-002101;CLI-01497;CTC-003411;Agence;Facturation;basse;2025-05-14;2025-05-16;49;3;Fanny Clément
TIC-002102;CLI-01641;CTC-003958;Formulaire web;Facturation;haute;2024-06-12;2024-06-12;1;3;Catherine Dumont
TIC-002103;CLI-00888;CTC-001524;Courriel;Livraison;normale;2024-11-22;2024-11-22;6;2;Catherine Chevalier
TIC-002104;CLI-00249;CTC-004968;Agence;Produit défectueux;normale;2026-03-02;2026-03-05;80;5;Manon Michel
TIC-002105;CLI-01579;;Formulaire web;Réclamation;normale;2025-07-23;2025-07-26;79;2;Virginie Henry
TIC-002106;CLI-01218;CTC-000921;Agence;Réclamation;haute;2026-04-11;2026-04-13;70;5;Vincent Richard
TIC-002107;CLI-01206;CTC-007250;Formulaire web;Produit défectueux;haute;2026-05-29;2026-05-31;56;5;Sébastien Mercier
TIC-002108;CLI-00616;CTC-001922;Agence;Réclamation;normale;2025-11-22;2025-11-26;99;3;Catherine Dumont
TIC-002109;CLI-00889;;Formulaire web;Facturation;normale;2025-01-23;2025-01-25;53;4;Thomas Morel
TIC-002110;CLI-01955;CTC-006696;Courriel;Réclamation;critique;2024-10-25;2024-10-25;23;3;Fanny Clément
TIC-002111;CLI-01437;CTC-001685;Téléphone;Facturation;basse;2024-01-28;2024-01-30;50;1;Alexandre Chevalier
TIC-002112;CLI-01336;CTC-007515;Agence;Retour;normale;2025-04-19;2025-04-19;17;4;Virginie Henry
TIC-002113;CLI-01916;;Téléphone;Livraison;normale;2025-10-15;;;;Franck Lefebvre
TIC-002114;CLI-00246;CTC-005853;Formulaire web;Produit défectueux;normale;2026-05-19;2026-05-22;76;4;Fanny Clément
TIC-002115;CLI-02358;CTC-000725;Agence;Retour;normale;2024-08-20;2024-08-23;81;5;Nathalie Michel
TIC-002116;CLI-00338;;Agence;Facturation;normale;2023-11-11;2023-11-13;67;4;Sébastien Mercier
TIC-002117;CLI-01948;;Agence;Livraison;haute;2025-01-08;2025-01-11;88;5;Camille Bertrand
TIC-002118;CLI-00714;CTC-006099;Formulaire web;Produit défectueux;normale;2025-04-30;2025-04-30;11;5;Sébastien Mercier
TIC-002119;CLI-01554;;Téléphone;Produit défectueux;normale;2025-12-30;2025-12-30;21;2;Vincent Richard
TIC-002120;CLI-01475;CTC-003919;Formulaire web;Produit défectueux;normale;2026-04-22;2026-04-25;85;2;Camille Bertrand
TIC-002121;CLI-02200;CTC-002136;Formulaire web;Réclamation;normale;2026-08-15;2026-08-17;48;4;Manon Michel
TIC-002122;CLI-00090;;Téléphone;Produit défectueux;normale;2025-07-18;2025-07-18;1;5;Virginie Henry
TIC-002123;CLI-02429;;Courriel;Facturation;basse;2026-04-12;2026-04-12;23;3;Alexandre Chevalier
TIC-002124;CLI-01654;CTC-004585;Agence;Retour;basse;2024-03-29;2024-03-30;44;5;Maxime Muller
TIC-002125;CLI-02131;CTC-005933;Téléphone;Facturation;normale;2023-10-21;2023-10-22;40;4;Vincent Richard
TIC-002126;CLI-01408;;Formulaire web;Produit défectueux;normale;2025-05-24;2025-05-24;1;5;Manon Michel
TIC-002127;CLI-00694;;Formulaire web;Facturation;normale;2025-11-09;2025-11-09;1;5;Vincent Richard
TIC-002128;CLI-01516;CTC-003986;Courriel;Livraison;normale;2025-12-05;2025-12-05;19;5;Sébastien Mercier
TIC-002129;CLI-01233;CTC-001415;Téléphone;Produit défectueux;haute;2025-01-06;;;;Sébastien Mercier
TIC-002130;CLI-01997;;Formulaire web;Produit défectueux;basse;2026-06-10;2026-06-11;45;1;Catherine Chevalier
TIC-002131;CLI-00006;CTC-002974;Courriel;Livraison;normale;2024-05-30;2024-05-31;37;5;Maxime Muller
TIC-002132;CLI-01221;CTC-001215;Agence;Facturation;haute;2025-12-30;2025-12-31;31;4;Pauline Durand
TIC-002133;CLI-01818;;Courriel;Produit défectueux;normale;2024-05-01;2024-05-01;1;5;Nathalie Michel
TIC-002134;CLI-01990;CTC-002830;Agence;Réclamation;normale;2025-07-19;2025-07-19;14;4;Virginie Henry
TIC-002135;CLI-01682;;Agence;Retour;haute;2024-04-12;;;;Camille Bertrand
TIC-002136;CLI-02144;CTC-000541;Courriel;Livraison;basse;2024-04-23;2024-04-24;44;4;Franck Lefebvre
TIC-002137;CLI-01423;CTC-007881;Formulaire web;Produit défectueux;basse;2025-01-29;2025-02-01;79;2;Jérôme Blanc
TIC-002138;CLI-02500;CTC-006398;Formulaire web;Produit défectueux;haute;2025-05-13;2025-05-14;38;3;Maxime Muller
TIC-002139;CLI-02134;CTC-001441;Agence;Facturation;normale;2024-06-11;2024-06-11;10;3;Julie Dubois
TIC-002140;CLI-01293;;Agence;Retour;haute;2025-09-25;2025-09-25;2;4;Léa Durand
TIC-002141;CLI-01879;CTC-002664;Courriel;Demande d’information;basse;2024-04-23;2024-04-24;27;4;Jérôme Blanc
TIC-002142;CLI-00028;CTC-001130;Formulaire web;Réclamation;normale;2024-04-09;2024-04-10;36;4;Julie Dubois
TIC-002143;CLI-01716;CTC-000716;Formulaire web;Facturation;haute;2025-05-23;2025-05-25;53;5;Fanny Clément
TIC-002144;CLI-01312;CTC-007035;Agence;Facturation;normale;2025-02-14;2025-02-16;64;0;Fanny Clément
TIC-002145;CLI-01305;CTC-005487;Téléphone;Demande d’information;haute;2023-12-27;;;;Catherine Chevalier
TIC-002146;CLI-01948;CTC-000122;Téléphone;Demande d’information;basse;2025-09-30;2025-10-03;82;5;Jérôme Blanc
TIC-002147;CLI-00773;CTC-000202;Agence;Facturation;normale;2025-04-01;2025-04-02;30;3;Catherine Dumont
TIC-002148;CLI-02272;CTC-006804;Courriel;Réclamation;haute;2023-11-29;2023-11-29;14;5;Pauline Durand
TIC-002149;CLI-00655;;Courriel;Réclamation;basse;2025-06-19;2025-06-20;38;1;Camille Bertrand
TIC-002150;CLI-02483;CTC-007873;Courriel;Retour;normale;2024-01-21;;;;Léa Durand
TIC-002151;CLI-00627;CTC-004745;Téléphone;Livraison;basse;2024-05-27;2024-05-29;53;5;Nathalie Michel
TIC-002152;CLI-02359;;Téléphone;Réclamation;normale;2024-10-24;2024-10-25;41;4;Vincent Richard
TIC-002153;CLI-02362;;Formulaire web;Livraison;haute;2025-01-30;2025-01-31;26;2;Virginie Henry
TIC-002154;CLI-02477;CTC-001968;Courriel;Produit défectueux;normale;2024-03-21;2024-03-24;75;1;Virginie Henry
TIC-002155;CLI-01906;CTC-003182;Courriel;Facturation;normale;2025-02-10;2025-02-10;18;5;Sébastien Mercier
TIC-002156;CLI-00117;;Formulaire web;Demande d’information;haute;2025-05-28;2025-05-28;5;4;Fanny Clément
TIC-002157;CLI-02026;CTC-006662;Courriel;Livraison;basse;2025-02-13;2025-02-13;10;3;Julie Dubois
TIC-002158;CLI-00716;CTC-003903;Téléphone;Réclamation;P1;2024-03-30;2024-03-31;29;4;Sébastien Mercier
TIC-002159;CLI-01644;;Agence;Facturation;basse;2026-04-08;2026-04-10;49;1;Virginie Henry
TIC-002160;CLI-01854;CTC-001754;Courriel;Facturation;normale;2024-06-18;2024-06-20;69;3;Alain Morel
TIC-002161;CLI-00269;CTC-004175;Formulaire web;Retour;haute;2025-09-27;2025-09-15;59;3;Thomas Morel
TIC-002162;CLI-01010;CTC-002772;Agence;Réclamation;normale;2024-01-03;2024-01-03;5;4;Virginie Henry
TIC-002163;CLI-00596;CTC-004200;Formulaire web;Livraison;haute;2024-02-18;2024-02-18;1;3;Alexandre Chevalier
TIC-002164;CLI-00779;CTC-001307;Téléphone;Produit défectueux;normale;2026-01-19;2026-01-22;90;4;Fanny Clément
TIC-002165;CLI-00977;CTC-005164;Téléphone;Demande d’information;haute;2023-10-03;;;;Manon Michel
TIC-002166;CLI-01812;CTC-002228;Formulaire web;Livraison;normale;2025-03-08;;;;Nathalie Michel
TIC-002167;CLI-01672;;Téléphone;Retour;critique;2024-03-14;2024-03-14;1;5;Virginie Henry
TIC-002168;CLI-00985;CTC-000056;Téléphone;Livraison;normale;2024-06-16;2024-06-16;11;4;Catherine Dumont
TIC-002169;CLI-01828;;Courriel;Réclamation;normale;2025-10-10;2025-10-13;77;5;Alain Morel
TIC-002170;CLI-00741;;Téléphone;Produit défectueux;haute;2025-04-11;;;;Pauline Durand
TIC-002171;CLI-01100;;Courriel;Produit défectueux;basse;2025-06-29;2025-06-30;32;1;Léa Durand
TIC-002172;CLI-01434;CTC-007357;Formulaire web;Livraison;basse;2025-08-29;2025-08-29;1;2;Camille Bertrand
TIC-002173;CLI-01812;CTC-002228;Téléphone;Demande d’information;normale;2026-06-11;2026-06-12;27;4;Julie Dubois
TIC-002174;CLI-02484;CTC-005597;Agence;Retour;normale;2024-12-31;2025-01-02;57;3;Catherine Chevalier
TIC-002175;CLI-01035;CTC-006158;Formulaire web;Retour;normale;2025-03-24;2025-03-27;90;3;Nathalie Michel
TIC-002176;CLI-00495;;Agence;Livraison;normale;2025-08-19;2025-08-21;53;1;Pauline Durand
TIC-002177;CLI-00483;;Téléphone;Réclamation;normale;2023-11-08;2023-11-11;81;3;Catherine Dumont
TIC-002178;CLI-00370;;Courriel;Demande d’information;normale;2024-02-06;2024-02-06;13;4;Catherine Dumont
TIC-002179;CLI-00286;CTC-001615;Formulaire web;Produit défectueux;basse;2024-10-01;2024-10-03;66;3;Sébastien Mercier
TIC-002180;CLI-02282;;Formulaire web;Demande d’information;normale;2025-02-17;2025-02-18;47;2;Camille Bertrand
TIC-002181;CLI-01063;;Agence;Facturation;haute;2025-07-18;2025-07-18;1;5;Sébastien Mercier
TIC-002182;CLI-02062;;Formulaire web;Livraison;basse;2024-04-18;2024-04-18;12;4;Jérôme Blanc
TIC-002183;CLI-01710;CTC-007980;Téléphone;Produit défectueux;normale;2023-09-20;2023-09-22;48;2;Thomas Morel
TIC-002184;CLI-00501;;Téléphone;Réclamation;normale;2025-12-14;2025-12-16;59;5;Manon Michel
TIC-002185;CLI-02257;CTC-005192;Agence;Produit défectueux;normale;2024-09-02;2024-09-02;12;4;Alexandre Chevalier
TIC-002186;CLI-00798;;Téléphone;Livraison;basse;2025-02-08;2025-02-09;43;3;Thomas Morel
TIC-002187;CLI-00397;CTC-000534;Formulaire web;Produit défectueux;basse;2025-12-04;2025-12-05;31;3;Maxime Muller
TIC-002188;CLI-00822;CTC-004551;Agence;Facturation;normale;2026-05-12;2026-05-12;1;5;Catherine Dumont
TIC-002189;CLI-01555;;Courriel;Demande d’information;normale;2024-06-08;2024-06-08;13;2;Julie Dubois
TIC-002190;CLI-02053;CTC-002104;Courriel;Retour;haute;2025-07-21;;;;Nathalie Michel
TIC-002191;CLI-00773;CTC-001724;Courriel;Réclamation;basse;2024-06-28;;;;Vincent Richard
TIC-002192;CLI-00536;CTC-006416;Agence;Livraison;normale;2026-02-06;2026-02-06;15;4;Franck Lefebvre
TIC-002193;CLI-01662;;Téléphone;Produit défectueux;basse;2023-11-05;2023-11-05;17;4;Alain Morel
TIC-002194;CLI-01960;CTC-002287;Agence;Demande d’information;haute;2025-11-27;2025-11-30;91;5;Pauline Durand
TIC-002195;CLI-01954;;Courriel;Retour;haute;2024-01-13;2024-01-13;8;4;Thomas Morel
TIC-002196;CLI-01392;CTC-001476;Téléphone;Produit défectueux;normale;2026-03-12;2026-03-12;1;5;Jérôme Blanc
TIC-002197;CLI-02180;CTC-002239;Téléphone;Livraison;normale;2024-03-23;2024-03-25;49;5;Vincent Richard
TIC-002198;CLI-00357;CTC-000567;Courriel;Demande d’information;haute;2024-11-05;2024-11-05;20;4;Nathalie Michel
TIC-002199;CLI-01719;CTC-002784;Courriel;Livraison;NORMALE;2024-08-15;2024-08-17;53;1;Nathalie Michel
TIC-002200;CLI-00824;CTC-004846;Courriel;Facturation;P1;2024-02-28;2024-02-28;20;5;Vincent Richard
TIC-002201;CLI-02019;CTC-006228;Courriel;Demande d’information;normale;2024-09-28;;;;Pauline Durand
TIC-002202;CLI-01808;CTC-005082;Agence;Produit défectueux;basse;2023-10-14;;;;Virginie Henry
TIC-002203;CLI-00328;CTC-001435;Courriel;Retour;haute;2025-08-05;2025-08-05;8;5;Manon Michel
TIC-002204;CLI-01903;;Courriel;Produit défectueux;critique;2023-10-03;2023-10-06;84;3;Franck Lefebvre
TIC-002205;CLI-00587;;Téléphone;Facturation;normale;2025-04-29;2025-05-02;85;5;Julie Dubois
TIC-002206;CLI-01604;CTC-003634;Téléphone;Réclamation;normale;2024-08-27;2024-08-28;45;4;Manon Michel
TIC-002207;CLI-00604;CTC-003949;Téléphone;Demande d’information;haute;2025-10-23;2025-10-24;45;5;Vincent Richard
TIC-002208;CLI-01881;;Téléphone;Retour;normale;2024-10-20;2024-10-23;86;4;Franck Lefebvre
TIC-002209;CLI-01606;;Téléphone;Demande d’information;haute;2026-05-30;2026-06-01;55;5;Fanny Clément
TIC-002210;CLI-00203;CTC-006276;Formulaire web;Réclamation;basse;2024-09-25;2024-09-26;27;5;Pauline Durand
TIC-002211;CLI-01310;;Courriel;Réclamation;haute;2026-01-31;2026-01-31;1;5;Thomas Morel
TIC-002212;CLI-00037;CTC-002777;Courriel;Livraison;haute;2024-08-25;2024-08-26;24;5;Catherine Chevalier
TIC-002213;CLI-00892;;Formulaire web;Produit défectueux;normale;2024-12-18;2024-12-18;18;3;Camille Bertrand
TIC-002214;CLI-00810;CTC-001113;Téléphone;Retour;basse;2024-11-19;2024-11-21;69;4;Catherine Dumont
TIC-002215;CLI-00077;;Formulaire web;Livraison;normale;2024-01-21;2024-01-23;57;5;Catherine Dumont
TIC-002216;CLI-01319;;Téléphone;Retour;haute;2025-10-20;2025-10-20;13;4;Franck Lefebvre
TIC-002217;CLI-01416;CTC-004537;Formulaire web;Livraison;haute;2026-08-23;;;;Catherine Dumont
TIC-002218;CLI-00532;;Agence;Retour;normale;2025-09-25;2025-09-26;34;1;Pauline Durand
TIC-002219;CLI-02000;CTC-001475;Téléphone;Produit défectueux;normale;2024-12-21;2024-12-21;10;4;Virginie Henry
TIC-002220;CLI-01523;CTC-005200;Courriel;Retour;normale;2026-06-13;2026-06-14;24;4;Jérôme Blanc
TIC-002221;CLI-00068;CTC-004676;Téléphone;Demande d’information;normale;2024-01-28;2024-01-29;37;3;Léa Durand
TIC-002222;CLI-01612;CTC-004703;Courriel;Facturation;normale;2026-08-25;2026-08-26;37;5;Jérôme Blanc
TIC-002223;CLI-01776;CTC-007495;Téléphone;Produit défectueux;normale;2026-04-18;2026-04-19;26;4;Jérôme Blanc
TIC-002224;CLI-00403;CTC-006712;Téléphone;Livraison;critique;2023-09-24;;;;Franck Lefebvre
TIC-002225;CLI-02360;CTC-007871;Agence;Produit défectueux;normale;2025-02-07;2025-02-08;31;3;Catherine Chevalier
TIC-002226;CLI-00271;CTC-000975;Courriel;Livraison;basse;2025-08-30;2025-08-31;44;5;Vincent Richard
TIC-002227;CLI-00329;CTC-006366;Formulaire web;Livraison;normale;2025-08-21;2025-08-23;69;2;Catherine Dumont
TIC-002228;CLI-01475;CTC-004069;Téléphone;Réclamation;normale;2026-08-26;2026-08-27;41;3;Léa Durand
TIC-002229;CLI-00205;CTC-006498;Téléphone;Demande d’information;basse;2026-07-11;2026-07-11;15;1;Catherine Dumont
TIC-002230;CLI-00492;CTC-002671;Téléphone;Livraison;haute;2025-10-04;2025-10-05;47;5;Alexandre Chevalier
TIC-002231;CLI-01596;CTC-006049;Agence;Livraison;normale;2025-08-26;;;;Julie Dubois
TIC-002232;CLI-02036;CTC-005293;Téléphone;Facturation;critique;2024-04-21;2024-04-21;1;1;Nathalie Michel
TIC-002233;CLI-00774;;Téléphone;Retour;normale;2026-02-20;;;;Léa Durand
TIC-002234;CLI-01142;CTC-003113;Agence;Produit défectueux;haute;2024-08-11;2024-08-11;14;4;Pauline Durand
TIC-002235;CLI-02350;CTC-005337;Formulaire web;Livraison;critique;2026-07-17;2026-07-19;66;4;Fanny Clément
TIC-002236;CLI-01646;CTC-007829;Agence;Facturation;normale;2026-02-06;2026-02-09;84;4;Jérôme Blanc
TIC-002237;CLI-01425;;Formulaire web;Réclamation;haute;2025-09-18;2025-09-20;57;4;Manon Michel
TIC-002238;CLI-01904;CTC-004115;Téléphone;Produit défectueux;normale;2026-06-22;2026-06-26;111;4;Fanny Clément
TIC-002239;CLI-01783;CTC-004080;Téléphone;Retour;normale;2026-05-20;2026-05-23;81;5;Camille Bertrand
TIC-002240;CLI-00951;;Formulaire web;Produit défectueux;critique;2026-06-08;2026-06-08;3;3;Camille Bertrand
TIC-002241;CLI-00715;CTC-001850;Formulaire web;Livraison;haute;2025-02-23;2025-02-25;50;3;Maxime Muller
TIC-002242;CLI-00248;CTC-006485;Agence;Livraison;normale;2024-03-02;2024-03-04;64;4;Virginie Henry
TIC-002243;CLI-02357;CTC-003906;Formulaire web;Facturation;normale;2024-12-25;2024-12-26;39;4;Maxime Muller
TIC-002244;CLI-01218;CTC-007140;Téléphone;Retour;critique;2024-08-04;2024-08-04;1;4;Thomas Morel
TIC-002245;CLI-01474;;Formulaire web;Réclamation;normale;2026-06-27;2026-06-28;40;1;Fanny Clément
TIC-002246;CLI-01605;CTC-007030;Agence;Produit défectueux;normale;2023-12-06;2023-12-06;1;4;Manon Michel
TIC-002247;CLI-00794;CTC-007503;Agence;Demande d’information;haute;2026-07-04;2026-07-05;30;4;Pauline Durand
TIC-002248;CLI-00063;CTC-001291;Formulaire web;Retour;normale;2024-12-25;2024-12-25;20;5;Virginie Henry
TIC-002249;CLI-01356;;Agence;Facturation;critique;2025-07-10;2025-07-10;1;4;Alexandre Chevalier
TIC-002250;CLI-01644;;Téléphone;Réclamation;basse;2025-08-27;2025-08-27;1;4;Franck Lefebvre
TIC-002251;CLI-00763;CTC-007247;Courriel;Demande d’information;haute;2026-05-30;2026-06-01;67;4;Jérôme Blanc
TIC-002252;CLI-00058;;Agence;Produit défectueux;normale;2025-08-02;2025-08-02;1;4;Franck Lefebvre
TIC-002253;CLI-02196;;Agence;Facturation;normale;2024-06-15;2024-06-16;41;3;Jérôme Blanc
TIC-002254;CLI-01430;;Agence;Livraison;normale;2026-05-10;;;;Fanny Clément
TIC-002255;CLI-00414;;Formulaire web;Facturation;basse;2025-03-03;;;;Julie Dubois
TIC-002256;CLI-02160;CTC-006595;Agence;Livraison;normale;2024-04-01;2024-04-03;56;4;Pauline Durand
TIC-002257;CLI-01407;;Courriel;Demande d’information;critique;2023-11-12;2023-11-12;22;2;Sébastien Mercier
TIC-002258;CLI-01901;;Téléphone;Retour;haute;2026-02-20;;;;Jérôme Blanc
TIC-002259;CLI-00771;;Agence;Retour;normale;2025-06-04;2025-06-06;50;4;Virginie Henry
TIC-002260;CLI-00698;CTC-005098;Téléphone;Retour;haute;2024-10-28;2024-10-30;49;5;Jérôme Blanc
TIC-002261;CLI-00944;;Téléphone;Retour;haute;2023-11-20;2023-11-21;34;5;Franck Lefebvre
TIC-002262;CLI-01752;CTC-006298;Formulaire web;Demande d’information;P1;2024-03-21;2024-03-22;28;3;Virginie Henry
TIC-002263;CLI-00195;;Téléphone;Facturation;basse;2024-05-20;2024-05-20;10;3;Jérôme Blanc
TIC-002264;CLI-02021;CTC-007070;Agence;Facturation;critique;2026-05-06;2026-05-06;21;3;Camille Bertrand
TIC-002265;CLI-02206;CTC-007983;Agence;Demande d’information;normale;2024-02-24;2024-02-24;1;4;Virginie Henry
TIC-002266;CLI-01771;CTC-005716;Formulaire web;Demande d’information;basse;2026-01-07;2026-01-07;18;3;Sébastien Mercier
TIC-002267;CLI-02375;CTC-002663;Courriel;Retour;critique;2024-09-17;2024-09-17;1;3;Alain Morel
TIC-002268;CLI-01548;CTC-007364;Courriel;Facturation;normale;2024-10-18;2024-10-20;48;1;Camille Bertrand
TIC-002269;CLI-02246;CTC-002474;Agence;Demande d’information;haute;2025-11-13;2025-11-14;32;1;Franck Lefebvre
TIC-002270;CLI-00043;CTC-004479;Téléphone;Produit défectueux;normale;2025-07-01;2025-07-02;31;5;Thomas Morel
TIC-002271;CLI-02272;CTC-007433;Téléphone;Demande d’information;haute;2025-11-12;2025-11-13;34;3;Alain Morel
TIC-002272;CLI-02012;CTC-000804;Formulaire web;Demande d’information;normale;2025-06-07;2025-06-09;63;4;Virginie Henry
TIC-002273;CLI-01772;;Courriel;Facturation;normale;2025-04-17;2025-04-17;8;5;Nathalie Michel
TIC-002274;CLI-01982;CTC-000680;Agence;Produit défectueux;basse;2025-05-28;2025-05-29;30;5;Manon Michel
TIC-002275;CLI-02484;CTC-007527;Courriel;Facturation;normale;2026-08-20;2026-08-21;27;3;Julie Dubois
TIC-002276;CLI-01336;;Agence;Réclamation;critique;2025-01-22;2025-01-22;1;4;Sébastien Mercier
TIC-002277;CLI-01182;;Formulaire web;Facturation;normale;2026-01-19;;;;Camille Bertrand
TIC-002278;CLI-00217;CTC-002584;Formulaire web;Retour;haute;2024-12-11;2024-12-12;26;4;Alain Morel
TIC-002279;CLI-00765;CTC-003410;Téléphone;Livraison;normale;2025-10-24;2025-10-25;36;2;Franck Lefebvre
TIC-002280;CLI-00197;CTC-007298;Courriel;Réclamation;basse;2023-09-11;2023-09-11;12;2;Manon Michel
TIC-002281;CLI-00712;;Téléphone;Réclamation;haute;2024-09-27;2024-09-27;1;4;Alexandre Chevalier
TIC-002282;CLI-01690;;Agence;Réclamation;normale;2024-04-26;2024-04-27;46;4;Alain Morel
TIC-002283;CLI-01189;;Courriel;Retour;haute;2025-10-16;2025-10-18;64;1;Léa Durand
TIC-002284;CLI-01092;;Formulaire web;Facturation;normale;2024-11-29;2024-12-01;52;3;Catherine Dumont
TIC-002285;CLI-01111;CTC-007933;Formulaire web;Facturation;critique;2023-10-24;2023-10-24;1;4;Léa Durand
TIC-002286;CLI-01442;CTC-007286;Téléphone;Facturation;normale;2024-08-26;;;;Sébastien Mercier
TIC-002287;CLI-00975;CTC-006275;Agence;Demande d’information;normale;2025-03-13;2025-03-13;1;3;Pauline Durand
TIC-002288;CLI-01737;CTC-006551;Téléphone;Retour;normale;2025-06-18;2025-06-20;52;4;Fanny Clément
TIC-002289;CLI-00584;CTC-007202;Courriel;Facturation;normale;2026-09-07;2026-09-09;50;4;Jérôme Blanc
TIC-002290;CLI-01390;CTC-002161;Téléphone;Produit défectueux;normale;2023-10-29;2023-10-31;58;3;Catherine Dumont
TIC-002291;CLI-02434;CTC-006576;Agence;Livraison;normale;2025-05-15;2025-05-17;71;5;Pauline Durand
TIC-002292;CLI-00716;CTC-003971;Courriel;Retour;normale;2025-07-23;2025-07-25;59;4;Manon Michel
TIC-002293;CLI-02061;CTC-004236;Téléphone;Produit défectueux;haute;2024-11-28;2024-11-28;12;3;Camille Bertrand
TIC-002294;CLI-02175;CTC-000422;Formulaire web;Livraison;normale;2025-02-05;2025-02-05;16;5;Catherine Dumont
TIC-002295;CLI-00320;;Courriel;Retour;haute;2024-06-03;2024-06-03;12;4;Manon Michel
TIC-002296;CLI-00943;CTC-001488;Courriel;Réclamation;normale;2026-01-31;2026-02-03;82;3;Thomas Morel
TIC-002297;CLI-02290;CTC-002094;Formulaire web;Produit défectueux;basse;2025-12-09;2025-12-12;72;4;Virginie Henry
TIC-002298;CLI-01648;CTC-003515;Téléphone;Produit défectueux;basse;2026-05-05;2026-05-06;34;5;Manon Michel
TIC-002299;CLI-01331;;Téléphone;Facturation;normale;2025-05-10;2025-05-10;19;5;Catherine Dumont
TIC-002300;CLI-02359;CTC-005027;Téléphone;Facturation;basse;2025-11-11;2025-11-12;30;4;Léa Durand
TIC-002301;CLI-02431;CTC-004399;Téléphone;Retour;normale;2023-11-09;2023-11-11;50;5;Nathalie Michel
TIC-002302;CLI-01159;CTC-004384;Formulaire web;Livraison;basse;2024-05-12;2024-05-15;81;3;Catherine Chevalier
TIC-002303;CLI-02013;;Formulaire web;Produit défectueux;normale;2026-04-30;2026-05-02;65;4;Pauline Durand
TIC-002304;CLI-00204;CTC-001014;Courriel;Retour;haute;2026-06-16;;;;Virginie Henry
TIC-002305;CLI-01393;CTC-000942;Courriel;Livraison;normale;2024-08-14;;;;Virginie Henry
TIC-002306;CLI-02046;CTC-006081;Téléphone;Produit défectueux;normale;2023-11-23;2023-11-24;47;4;Nathalie Michel
TIC-002307;CLI-02131;CTC-000743;Téléphone;Demande d’information;normale;2026-03-15;2026-03-16;32;2;Sébastien Mercier
TIC-002308;CLI-00618;CTC-002213;Agence;Livraison;basse;2024-02-15;2024-02-17;61;5;Fanny Clément
TIC-002309;CLI-01216;CTC-005357;Courriel;Demande d’information;normale;2025-11-02;2025-11-04;59;3;Alexandre Chevalier
TIC-002310;CLI-01912;CTC-000299;Courriel;Facturation;normale;2026-05-30;2026-05-30;17;4;Catherine Chevalier
TIC-002311;CLI-00995;CTC-002940;Agence;Retour;normale;2026-05-29;2026-05-31;55;4;Alexandre Chevalier
TIC-002312;CLI-01087;CTC-003875;Formulaire web;Réclamation;normale;2025-05-01;2025-05-01;1;4;Alain Morel
TIC-002313;CLI-00516;CTC-005960;Formulaire web;Demande d’information;normale;2026-02-01;2026-02-02;26;5;Thomas Morel
TIC-002314;CLI-00323;;Téléphone;Réclamation;haute;2026-04-26;2026-04-28;51;3;Sébastien Mercier
TIC-002315;CLI-01435;CTC-001641;Courriel;Facturation;haute;2026-03-23;2026-03-23;15;2;Nathalie Michel
TIC-002316;CLI-01442;CTC-002840;Téléphone;Demande d’information;haute;2025-09-30;2025-10-02;53;5;Vincent Richard
TIC-002317;CLI-01767;CTC-003392;Téléphone;Livraison;haute;2024-08-30;2024-08-31;34;5;Manon Michel
TIC-002318;CLI-02443;CTC-002886;Courriel;Demande d’information;haute;2024-12-10;2024-12-12;51;3;Alexandre Chevalier
TIC-002319;CLI-00595;CTC-001691;Courriel;Réclamation;basse;2024-06-13;2024-06-13;1;3;Pauline Durand
TIC-002320;CLI-00357;CTC-000583;Agence;Réclamation;basse;2026-07-10;2026-07-13;83;3;Catherine Chevalier
TIC-002321;CLI-01228;;Formulaire web;Demande d’information;haute;2024-05-02;2024-05-04;55;2;Fanny Clément
TIC-002322;CLI-00445;CTC-002541;Agence;Demande d’information;normale;2026-06-07;2026-06-08;40;5;Manon Michel
TIC-002323;CLI-00201;;Téléphone;Produit défectueux;basse;2024-08-20;2024-08-18;66;1;Catherine Dumont
TIC-002324;CLI-01597;CTC-007923;Téléphone;Demande d’information;normale;2023-10-02;2023-10-02;1;5;Camille Bertrand
TIC-002325;CLI-00770;;Formulaire web;Retour;basse;2026-07-23;;;;Sébastien Mercier
TIC-002326;CLI-00478;CTC-003914;Courriel;Produit défectueux;basse;2024-06-23;2024-06-24;32;5;Catherine Dumont
TIC-002327;CLI-00754;CTC-000304;Courriel;Retour;normale;2025-11-01;2025-11-02;35;5;Nathalie Michel
TIC-002328;CLI-00399;;Courriel;Produit défectueux;haute;2024-05-27;2024-05-27;1;4;Catherine Dumont
TIC-002329;CLI-01707;CTC-005447;Téléphone;Demande d’information;basse;2024-11-26;2024-11-27;44;3;Camille Bertrand
TIC-002330;CLI-02069;CTC-006597;Courriel;Livraison;normale;2024-05-27;2024-05-29;54;5;Thomas Morel
TIC-002331;CLI-00663;CTC-005870;Courriel;Produit défectueux;normale;2025-08-14;;;;Léa Durand
TIC-002332;CLI-00942;;Courriel;Réclamation;haute;2026-01-26;2026-01-27;30;5;Léa Durand
TIC-002333;CLI-00338;;Agence;Retour;normale;2023-12-01;2023-12-01;1;3;Thomas Morel
TIC-002334;CLI-00135;CTC-007468;Courriel;Réclamation;normale;2023-11-08;2023-11-11;73;3;Julie Dubois
TIC-002335;CLI-00198;CTC-006251;Téléphone;Facturation;normale;2025-12-02;2025-12-05;92;5;Alexandre Chevalier
TIC-002336;CLI-01397;CTC-001774;Formulaire web;Livraison;normale;2024-09-13;2024-09-16;94;5;Julie Dubois
TIC-002337;CLI-01470;CTC-005496;Agence;Réclamation;haute;2024-12-08;2024-12-09;37;5;Vincent Richard
TIC-002338;CLI-02052;CTC-005939;Téléphone;Demande d’information;basse;2023-11-30;;;;Franck Lefebvre
TIC-002339;CLI-00331;CTC-004862;Agence;Facturation;normale;2024-04-09;2024-04-10;41;5;Maxime Muller
TIC-002340;CLI-01565;CTC-005774;Agence;Produit défectueux;normale;2026-02-03;2026-02-06;90;4;Vincent Richard
TIC-002341;CLI-00420;CTC-004965;Téléphone;Réclamation;normale;2023-12-29;2024-01-01;74;4;Catherine Dumont
TIC-002342;CLI-00832;CTC-005155;Agence;Réclamation;haute;2025-07-30;2025-07-31;45;4;Manon Michel
TIC-002343;CLI-00577;;Agence;Facturation;normale;2025-01-21;;;;Nathalie Michel
TIC-002344;CLI-00835;CTC-002851;Téléphone;Demande d’information;normale;2024-08-13;2024-08-15;57;2;Catherine Dumont
TIC-002345;CLI-00694;;Formulaire web;Produit défectueux;basse;2024-09-09;2024-09-09;1;4;Léa Durand
TIC-002346;CLI-02011;CTC-004681;Formulaire web;Retour;critique;2025-03-05;2025-03-05;1;4;Vincent Richard
TIC-002347;CLI-00348;CTC-004137;Agence;Retour;critique;2024-04-21;2024-04-21;1;1;Pauline Durand
TIC-002348;CLI-02406;CTC-001211;Agence;Demande d’information;basse;2026-06-10;2026-06-10;4;3;Camille Bertrand
TIC-002349;CLI-00570;CTC-001360;Agence;Facturation;haute;2024-02-04;2024-02-04;2;5;Jérôme Blanc
TIC-002350;CLI-01468;;Téléphone;Réclamation;normale;2026-06-17;2026-06-17;3;4;Camille Bertrand
TIC-002351;CLI-01724;CTC-000665;Agence;Produit défectueux;normale;2025-07-07;;;;Nathalie Michel
TIC-002352;CLI-02454;CTC-002024;Formulaire web;Livraison;normale;2025-04-10;2025-04-11;39;5;Camille Bertrand
TIC-002353;CLI-01638;CTC-000751;Agence;Livraison;normale;2023-12-10;2023-12-11;34;3;Julie Dubois
TIC-002354;CLI-01017;CTC-001865;Agence;Retour;normale;2025-10-10;2025-10-11;30;5;Franck Lefebvre
TIC-002355;CLI-00913;CTC-001500;Courriel;Facturation;normale;2025-04-23;2025-04-23;1;4;Nathalie Michel
TIC-002356;CLI-01730;CTC-003848;Formulaire web;Facturation;basse;2025-12-14;2025-12-15;33;5;Franck Lefebvre
TIC-002357;CLI-02334;CTC-002594;Téléphone;Retour;basse;2024-11-05;2024-11-05;8;3;Virginie Henry
TIC-002358;CLI-01721;;Agence;Facturation;normale;2024-02-10;;;;Julie Dubois
TIC-002359;CLI-00477;;Formulaire web;Retour;normale;2025-11-23;2025-11-25;55;4;Pauline Durand
TIC-002360;CLI-01459;CTC-005323;Agence;Livraison;haute;2025-03-02;2025-03-03;31;5;Vincent Richard
TIC-002361;CLI-01920;CTC-004098;Agence;Facturation;normale;2024-05-03;;;;Léa Durand
TIC-002362;CLI-00222;CTC-003679;Formulaire web;Facturation;normale;2025-10-19;2025-10-21;70;4;Franck Lefebvre
TIC-002363;CLI-01917;CTC-006673;Téléphone;Demande d’information;normale;2024-03-19;2024-03-23;105;4;Pauline Durand
TIC-002364;CLI-01254;;Agence;Livraison;normale;2024-01-16;2024-01-18;55;5;Manon Michel
TIC-002365;CLI-01874;CTC-006516;Agence;Réclamation;basse;2026-08-20;2026-08-24;105;5;Alexandre Chevalier
TIC-002366;CLI-01608;;Agence;Produit défectueux;normale;2023-11-07;2023-11-07;1;2;Manon Michel
TIC-002367;CLI-01418;CTC-004922;Agence;Produit défectueux;haute;2024-04-27;2024-04-29;52;5;Jérôme Blanc
TIC-002368;CLI-01976;;Formulaire web;Produit défectueux;normale;2026-01-27;2026-01-28;37;3;Pauline Durand
TIC-002369;CLI-01516;CTC-004519;Agence;Réclamation;basse;2025-10-30;2025-10-30;1;5;Léa Durand
TIC-002370;CLI-02330;CTC-000992;Téléphone;Produit défectueux;normale;2024-05-31;2024-06-01;25;4;Manon Michel
TIC-002371;CLI-00692;CTC-007368;Téléphone;Facturation;haute;2025-04-13;2025-04-13;17;3;Manon Michel
TIC-002372;CLI-02268;;Formulaire web;Retour;basse;2023-09-27;;;;Camille Bertrand
TIC-002373;CLI-01880;;Courriel;Facturation;basse;2024-10-14;2024-10-18;97;3;Thomas Morel
TIC-002374;CLI-01696;CTC-001758;Formulaire web;Retour;critique;2024-07-16;2024-07-16;1;5;Manon Michel
TIC-002375;CLI-00593;CTC-005529;Agence;Produit défectueux;normale;2023-11-18;2023-11-18;16;5;Jérôme Blanc
TIC-002376;CLI-00008;CTC-004121;Téléphone;Produit défectueux;NORMALE;2024-07-29;2024-07-30;24;5;Nathalie Michel
TIC-002377;CLI-00549;CTC-000789;Courriel;Réclamation;basse;2024-12-16;2024-12-17;42;5;Camille Bertrand
TIC-002378;CLI-01388;CTC-007337;Courriel;Retour;normale;2024-09-19;2024-09-19;1;5;Virginie Henry
TIC-002379;CLI-01180;CTC-007407;Courriel;Facturation;normale;2025-06-10;2025-06-10;16;5;Maxime Muller
TIC-002380;CLI-00609;;Téléphone;Demande d’information;normale;2026-06-17;2026-06-18;31;4;Pauline Durand
TIC-002381;CLI-01313;CTC-004723;Courriel;Produit défectueux;normale;2025-09-03;2025-09-07;97;5;Fanny Clément
TIC-002382;CLI-01481;CTC-003953;Agence;Produit défectueux;normale;2025-03-25;2025-03-25;2;4;Catherine Chevalier
TIC-002383;CLI-02430;;Courriel;Produit défectueux;haute;2024-06-04;2024-06-04;1;4;Sébastien Mercier
TIC-002384;CLI-00453;CTC-002503;Courriel;Livraison;haute;2026-01-20;2026-01-20;1;5;Catherine Dumont
TIC-002385;CLI-01262;;Courriel;Livraison;normale;2024-05-21;2024-05-21;1;4;Julie Dubois
TIC-002386;CLI-00311;;Formulaire web;Livraison;basse;2023-09-16;2023-09-19;79;5;Camille Bertrand
TIC-002387;CLI-02221;CTC-003824;Formulaire web;Livraison;critique;2024-05-13;2024-05-13;1;4;Maxime Muller
TIC-002388;CLI-00499;;Formulaire web;Livraison;basse;2024-01-13;2024-01-13;17;4;Julie Dubois
TIC-002389;CLI-02385;CTC-000030;Agence;Livraison;haute;2026-02-25;2026-02-25;3;3;Sébastien Mercier
TIC-002390;CLI-00411;CTC-000833;Formulaire web;Produit défectueux;basse;2024-06-10;;;;Catherine Chevalier
TIC-002391;CLI-02140;;Agence;Livraison;normale;2024-01-08;2024-01-09;25;4;Camille Bertrand
TIC-002392;CLI-02277;CTC-006129;Agence;Facturation;basse;2024-10-13;2024-10-13;1;5;Jérôme Blanc
TIC-002393;CLI-00833;CTC-001067;Téléphone;Produit défectueux;normale;2026-08-24;2026-08-24;19;4;Fanny Clément
TIC-002394;CLI-00339;CTC-007387;Courriel;Demande d’information;normale;2025-01-14;2025-01-15;33;3;Catherine Chevalier
TIC-002395;CLI-00516;CTC-005213;Agence;Demande d’information;normale;2025-06-19;;;;Jérôme Blanc
TIC-002396;CLI-01139;;Formulaire web;Demande d’information;normale;2023-12-02;;;;Camille Bertrand
TIC-002397;CLI-00225;;Téléphone;Facturation;normale;2024-08-10;2024-08-10;20;4;Catherine Chevalier
TIC-002398;CLI-02386;;Courriel;Livraison;normale;2025-10-01;2025-10-01;7;1;Catherine Dumont
TIC-002399;CLI-01483;CTC-006983;Téléphone;Produit défectueux;normale;2025-10-13;2025-10-16;88;2;Alain Morel
TIC-002400;CLI-01380;CTC-002979;Agence;Demande d’information;normale;2025-07-07;;;;Alexandre Chevalier
TIC-002401;CLI-02438;CTC-003197;Formulaire web;Réclamation;normale;2024-03-11;2024-03-12;38;1;Manon Michel
TIC-002402;CLI-02135;CTC-000539;Téléphone;Demande d’information;haute;2024-07-13;2024-07-15;58;5;Fanny Clément
TIC-002403;CLI-02034;CTC-004081;Agence;Facturation;normale;2026-09-05;2026-09-05;1;4;Franck Lefebvre
TIC-002404;CLI-01911;CTC-006368;Agence;Retour;basse;2025-10-31;2025-11-01;44;5;Catherine Chevalier
TIC-002405;CLI-01573;;Formulaire web;Réclamation;normale;2026-06-25;;;;Virginie Henry
TIC-002406;CLI-01952;CTC-001544;Formulaire web;Demande d’information;normale;2025-08-25;2025-08-28;86;2;Vincent Richard
TIC-002407;CLI-02343;CTC-000985;Formulaire web;Demande d’information;normale;2024-10-11;2024-10-12;41;4;Jérôme Blanc
TIC-002408;CLI-00371;;Courriel;Produit défectueux;haute;2024-12-18;2024-12-18;1;5;Léa Durand
TIC-002409;CLI-01206;CTC-004135;Courriel;Produit défectueux;basse;2024-06-08;2024-06-08;1;4;Franck Lefebvre
TIC-002410;CLI-00059;;Agence;Livraison;basse;2025-07-09;2025-07-10;41;5;Catherine Chevalier
TIC-002411;CLI-00602;;Courriel;Livraison;haute;2025-06-30;;;;Nathalie Michel
TIC-002412;CLI-00268;CTC-003154;Courriel;Retour;haute;2026-06-13;2026-06-14;29;5;Thomas Morel
TIC-002413;CLI-02348;;Téléphone;Réclamation;normale;2024-12-07;2024-12-09;54;3;Alexandre Chevalier
TIC-002414;CLI-01249;CTC-004427;Formulaire web;Réclamation;normale;2024-10-20;2024-10-21;41;5;Julie Dubois
TIC-002415;CLI-01062;;Agence;Facturation;basse;2026-05-09;2026-05-11;55;4;Jérôme Blanc
TIC-002416;CLI-01730;CTC-003848;Formulaire web;Livraison;haute;2024-04-02;2024-04-02;1;3;Alexandre Chevalier
TIC-002417;CLI-01267;CTC-007273;Courriel;Facturation;normale;2024-05-16;2024-05-18;62;1;Julie Dubois
TIC-002418;CLI-01613;;Courriel;Produit défectueux;haute;2025-12-04;2025-12-04;22;4;Franck Lefebvre
TIC-002419;CLI-01742;CTC-005985;Téléphone;Retour;normale;2024-09-17;2024-09-17;13;4;Thomas Morel
TIC-002420;CLI-01184;CTC-006862;Courriel;Facturation;haute;2026-05-03;2026-05-03;7;5;Catherine Chevalier
TIC-002421;CLI-00699;CTC-000892;Formulaire web;Retour;basse;2025-03-06;2025-03-06;9;3;Vincent Richard
TIC-002422;CLI-00282;CTC-002264;Téléphone;Réclamation;basse;2026-07-06;2026-07-08;56;5;Pauline Durand
TIC-002423;CLI-00879;;Agence;Demande d’information;haute;2026-02-07;2026-02-10;73;3;Thomas Morel
TIC-002424;CLI-00018;;Courriel;Livraison;normale;2025-01-19;2025-01-19;14;5;Franck Lefebvre
TIC-002425;CLI-01196;CTC-001099;Formulaire web;Produit défectueux;normale;2023-11-07;2023-11-07;1;4;Fanny Clément
TIC-002426;CLI-01935;;Agence;Demande d’information;normale;2025-01-23;2025-01-28;120;5;Virginie Henry
TIC-002427;CLI-00527;CTC-004840;Téléphone;Demande d’information;haute;2024-09-02;2024-09-02;1;4;Léa Durand
TIC-002428;CLI-01153;;Formulaire web;Réclamation;basse;2025-03-31;2025-04-02;60;4;Franck Lefebvre
TIC-002429;CLI-02294;CTC-007265;Formulaire web;Produit défectueux;normale;2024-04-05;2024-04-05;1;5;Maxime Muller
TIC-002430;CLI-01484;CTC-002615;Téléphone;Demande d’information;normale;2026-07-24;2026-07-26;54;4;Franck Lefebvre
TIC-002431;CLI-00119;CTC-000685;Courriel;Facturation;normale;2026-09-06;2026-08-30;68;4;Pauline Durand
TIC-002432;CLI-02488;CTC-006839;Téléphone;Produit défectueux;normale;2024-12-30;2025-01-01;57;2;Jérôme Blanc
TIC-002433;CLI-01713;CTC-006369;Formulaire web;Demande d’information;haute;2024-08-22;2024-08-23;31;4;Camille Bertrand
TIC-002434;CLI-02407;CTC-000774;Formulaire web;Réclamation;haute;2026-05-23;2026-05-23;1;5;Alain Morel
TIC-002435;CLI-01074;CTC-005942;Courriel;Livraison;normale;2026-08-10;2026-08-10;9;4;Fanny Clément
TIC-002436;CLI-02425;CTC-002658;Agence;Livraison;normale;2025-02-25;2025-02-25;13;6;Fanny Clément
TIC-002437;CLI-01975;;Téléphone;Produit défectueux;normale;2023-11-06;2023-11-06;20;4;Camille Bertrand
TIC-002438;CLI-01393;CTC-005645;Courriel;Réclamation;normale;2024-10-20;2024-10-22;56;5;Manon Michel
TIC-002439;CLI-00629;CTC-001484;Formulaire web;Demande d’information;basse;2025-03-07;2025-03-09;56;2;Léa Durand
TIC-002440;CLI-02409;CTC-000247;Téléphone;Facturation;normale;2025-11-24;2025-11-25;31;4;Fanny Clément
TIC-002441;CLI-00024;CTC-007879;Courriel;Demande d’information;haute;2023-10-23;2023-10-24;31;3;Vincent Richard
TIC-002442;CLI-01887;;Formulaire web;Facturation;haute;2025-01-05;2025-01-07;60;4;Manon Michel
TIC-002443;CLI-00871;CTC-006996;Agence;Demande d’information;normale;2025-09-10;2025-09-13;75;1;Franck Lefebvre
TIC-002444;CLI-01600;CTC-006059;Formulaire web;Livraison;normale;2024-02-18;2024-02-20;68;5;Jérôme Blanc
TIC-002445;CLI-02352;;Courriel;Demande d’information;normale;2025-07-05;2025-07-07;59;4;Pauline Durand
TIC-002446;CLI-02474;CTC-000595;Courriel;Réclamation;normale;2024-12-18;2024-12-19;25;4;Camille Bertrand
TIC-002447;CLI-01459;CTC-002527;Courriel;Retour;normale;2026-03-18;2026-03-20;56;2;Manon Michel
TIC-002448;CLI-02069;CTC-007922;Agence;Facturation;basse;2024-09-19;2024-09-23;107;5;Manon Michel
TIC-002449;CLI-00965;;Courriel;Livraison;basse;2026-08-23;2026-08-25;50;5;Alain Morel
TIC-002450;CLI-00919;CTC-005503;Courriel;Retour;basse;2025-07-13;2025-07-13;3;4;Julie Dubois
TIC-002451;CLI-02192;;Formulaire web;Facturation;normale;2025-03-10;2025-03-12;49;4;Catherine Chevalier
TIC-002452;CLI-01954;;Agence;Demande d’information;normale;2026-03-18;2026-03-08;21;5;Alexandre Chevalier
TIC-002453;CLI-01191;CTC-002525;Agence;Livraison;normale;2026-04-26;2026-04-28;60;5;Catherine Dumont
TIC-002454;CLI-01620;CTC-006153;Formulaire web;Livraison;critique;2026-07-25;2026-07-26;41;1;Alexandre Chevalier
TIC-002455;CLI-00719;;Agence;Réclamation;normale;2026-04-06;2026-04-07;37;4;Léa Durand
TIC-002456;CLI-02036;CTC-005442;Formulaire web;Réclamation;normale;2026-08-15;2026-08-15;1;5;Thomas Morel
TIC-002457;CLI-00100;CTC-000360;Courriel;Retour;normale;2025-07-18;2025-07-20;55;4;Pauline Durand
TIC-002458;CLI-00108;CTC-006890;Formulaire web;Retour;normale;2026-02-02;2026-02-05;73;4;Alain Morel
TIC-002459;CLI-00968;CTC-007737;Courriel;Retour;normale;2024-09-26;2024-09-28;51;5;Thomas Morel
TIC-002460;CLI-02432;;Téléphone;Réclamation;basse;2024-12-15;2024-12-16;37;5;Franck Lefebvre
TIC-002461;CLI-00574;;Agence;Retour;haute;2025-01-22;2025-01-23;34;4;Fanny Clément
TIC-002462;CLI-00105;;Téléphone;Facturation;basse;2024-09-12;2024-09-14;61;5;Léa Durand
TIC-002463;CLI-00056;;Agence;Réclamation;normale;2025-03-05;2025-03-08;72;3;Alain Morel
TIC-002464;CLI-01460;;Téléphone;Demande d’information;normale;2024-01-14;2024-01-14;21;5;Léa Durand
TIC-002465;CLI-01252;CTC-006972;Téléphone;Retour;normale;2026-02-17;2026-02-18;30;5;Franck Lefebvre
TIC-002466;CLI-01680;CTC-004163;Téléphone;Produit défectueux;normale;2026-07-03;2026-07-04;47;4;Léa Durand
TIC-002467;CLI-00511;CTC-002734;Agence;Produit défectueux;normale;2024-04-22;;;;Léa Durand
TIC-002468;CLI-01561;;Agence;Retour;normale;2026-01-11;2026-01-12;33;3;Jérôme Blanc
TIC-002469;CLI-00332;CTC-000138;Agence;Retour;basse;2024-07-30;;;;Pauline Durand
TIC-002470;CLI-00095;CTC-002409;Téléphone;Demande d’information;basse;2024-07-24;2024-07-24;1;5;Julie Dubois
TIC-002471;CLI-01014;CTC-005222;Courriel;Demande d’information;normale;2024-06-13;2024-06-14;44;5;Alexandre Chevalier
TIC-002472;CLI-02208;;Téléphone;Facturation;basse;2025-01-12;2025-01-12;19;3;Vincent Richard
TIC-002473;CLI-02082;CTC-005367;Téléphone;Facturation;normale;2024-08-17;2024-08-17;17;2;Alexandre Chevalier
TIC-002474;CLI-02046;CTC-001145;Téléphone;Produit défectueux;normale;2026-03-28;2026-03-31;85;4;Franck Lefebvre
TIC-002475;CLI-01840;;Agence;Produit défectueux;normale;2025-10-14;2025-10-17;75;3;Maxime Muller
TIC-002476;CLI-00026;;Courriel;Demande d’information;normale;2026-07-05;2026-07-05;22;5;Pauline Durand
TIC-002477;CLI-01862;;Téléphone;Livraison;normale;2024-11-24;2024-11-26;52;3;Franck Lefebvre
TIC-002478;CLI-01945;CTC-005075;Téléphone;Retour;basse;2026-09-01;2026-09-01;1;2;Camille Bertrand
TIC-002479;CLI-01034;CTC-002333;Téléphone;Produit défectueux;normale;2024-05-31;;;;Jérôme Blanc
TIC-002480;CLI-00782;CTC-007194;Téléphone;Retour;normale;2025-03-21;2025-03-25;111;4;Alexandre Chevalier
TIC-002481;CLI-01457;CTC-002293;Courriel;Livraison;normale;2026-04-15;2026-04-15;14;1;Jérôme Blanc
TIC-002482;CLI-01815;;Téléphone;Réclamation;basse;2026-08-05;2026-08-07;53;5;Maxime Muller
TIC-002483;CLI-01205;;Courriel;Produit défectueux;normale;2024-03-12;;;;Julie Dubois
TIC-002484;CLI-01337;CTC-001889;Formulaire web;Produit défectueux;normale;2024-06-07;2024-06-08;40;4;Catherine Chevalier
TIC-002485;CLI-00748;CTC-007323;Téléphone;Facturation;normale;2025-12-08;2025-12-09;27;4;Pauline Durand
TIC-002486;CLI-00287;CTC-005420;Agence;Facturation;normale;2025-01-07;2025-01-10;91;4;Manon Michel
TIC-002487;CLI-01452;CTC-002332;Formulaire web;Retour;haute;2026-08-29;2026-08-29;3;2;Maxime Muller
TIC-002488;CLI-00172;;Formulaire web;Demande d’information;normale;2025-11-17;2025-11-17;22;3;Camille Bertrand
TIC-002489;CLI-00775;;Agence;Réclamation;normale;2025-07-09;2025-07-09;11;4;Franck Lefebvre
TIC-002490;CLI-00665;;Téléphone;Produit défectueux;haute;2024-08-08;2024-08-09;34;1;Julie Dubois
TIC-002491;CLI-00323;;Agence;Produit défectueux;haute;2025-10-12;2025-10-12;5;5;Camille Bertrand
TIC-002492;CLI-02186;;Formulaire web;Facturation;normale;2026-04-13;2026-04-15;49;2;Camille Bertrand
TIC-002493;CLI-00704;CTC-005019;Agence;Produit défectueux;normale;2024-04-10;2024-04-13;78;4;Franck Lefebvre
TIC-002494;CLI-02104;CTC-000881;Téléphone;Livraison;normale;2024-02-22;2024-02-23;38;3;Virginie Henry
TIC-002495;CLI-01855;CTC-003464;Agence;Réclamation;normale;2024-08-18;2024-08-20;48;1;Sébastien Mercier
TIC-002496;CLI-01831;;Téléphone;Produit défectueux;normale;2025-03-20;2025-03-22;53;5;Maxime Muller
TIC-002497;CLI-01048;CTC-005974;Formulaire web;Produit défectueux;normale;2024-08-18;2024-08-19;37;4;Sébastien Mercier
TIC-002498;CLI-02090;CTC-002424;Formulaire web;Livraison;basse;2026-08-09;2026-08-10;28;1;Pauline Durand
TIC-002499;CLI-01066;CTC-007119;Agence;Réclamation;normale;2025-10-08;2025-10-09;30;3;Jérôme Blanc
TIC-002500;CLI-01155;;Agence;Demande d’information;normale;2024-09-08;2024-09-09;28;5;Catherine Dumont
TIC-002501;CLI-01383;CTC-006563;Téléphone;Demande d’information;critique;2024-07-07;2024-07-07;1;4;Camille Bertrand
TIC-002502;CLI-01537;CTC-004062;Formulaire web;Demande d’information;critique;2024-09-17;2024-09-17;3;5;Alexandre Chevalier
TIC-002503;CLI-00832;CTC-005155;Formulaire web;Retour;haute;2026-04-25;2026-04-28;93;5;Jérôme Blanc
TIC-002504;CLI-01539;CTC-005910;Téléphone;Facturation;basse;2026-08-16;2026-08-17;29;5;Virginie Henry
TIC-002505;CLI-01390;CTC-006073;Courriel;Demande d’information;normale;2024-07-15;2024-07-17;62;5;Franck Lefebvre
TIC-002506;CLI-02039;CTC-005677;Téléphone;Produit défectueux;normale;2026-08-06;2026-08-06;21;5;Sébastien Mercier
TIC-002507;CLI-01984;CTC-001515;Agence;Facturation;normale;2025-08-10;2025-08-10;2;4;Camille Bertrand
TIC-002508;CLI-00527;CTC-004840;Agence;Réclamation;normale;2025-09-01;2025-09-04;76;2;Maxime Muller
TIC-002509;CLI-02125;CTC-007964;Téléphone;Retour;normale;2025-09-04;2025-09-04;4;4;Franck Lefebvre
TIC-002510;CLI-01367;CTC-001175;Formulaire web;Réclamation;basse;2023-11-17;2023-11-17;1;4;Camille Bertrand
TIC-002511;CLI-01835;CTC-001502;Courriel;Retour;critique;2024-05-10;2024-05-10;1;5;Alain Morel
TIC-002512;CLI-01737;CTC-003909;Formulaire web;Produit défectueux;normale;2025-12-16;2025-12-18;63;3;Thomas Morel
TIC-002513;CLI-01602;CTC-007943;Courriel;Retour;normale;2024-05-25;;;;Sébastien Mercier
TIC-002514;CLI-01443;CTC-004440;Formulaire web;Demande d’information;normale;2025-01-04;2025-01-05;26;3;Virginie Henry
TIC-002515;CLI-02295;CTC-007630;Agence;Livraison;basse;2025-03-12;2025-03-14;70;3;Vincent Richard
TIC-002516;CLI-00729;CTC-004897;Agence;Réclamation;basse;2023-12-09;2023-12-11;58;2;Julie Dubois
TIC-002517;CLI-02227;CTC-003940;Agence;Facturation;haute;2024-09-04;2024-09-04;3;5;Nathalie Michel
TIC-002518;CLI-02121;;Agence;Réclamation;normale;2024-08-11;2024-08-14;72;3;Catherine Chevalier
TIC-002519;CLI-00573;CTC-001903;Agence;Retour;normale;2026-05-16;2026-05-19;77;2;Franck Lefebvre
TIC-002520;CLI-01581;;Agence;Demande d’information;normale;2026-04-22;2026-04-22;15;3;Alexandre Chevalier
TIC-002521;CLI-00939;CTC-001461;Formulaire web;Livraison;normale;2025-04-20;2025-04-20;1;5;Vincent Richard
TIC-002522;CLI-02026;;Courriel;Produit défectueux;critique;2024-12-29;2024-12-31;49;3;Léa Durand
TIC-002523;CLI-00956;CTC-002985;Formulaire web;Facturation;normale;2024-04-09;2024-04-11;51;3;Pauline Durand
TIC-002524;CLI-02482;;Agence;Retour;normale;2024-09-21;2024-09-22;29;3;Jérôme Blanc
TIC-002525;CLI-00863;CTC-007725;Téléphone;Produit défectueux;normale;2026-03-06;;;;Pauline Durand
TIC-002526;CLI-02466;CTC-004360;Téléphone;Retour;normale;2025-03-26;2025-03-26;12;0;Nathalie Michel
TIC-002527;CLI-01582;;Courriel;Demande d’information;basse;2026-04-27;2026-04-27;1;3;Nathalie Michel
TIC-002528;CLI-01147;CTC-001364;Formulaire web;Livraison;normale;2024-06-01;2024-06-02;47;5;Jérôme Blanc
TIC-002529;CLI-01714;;Formulaire web;Livraison;haute;2025-09-20;2025-09-22;65;2;Catherine Chevalier
TIC-002530;CLI-01878;;Formulaire web;Livraison;haute;2025-05-06;2025-05-08;53;4;Franck Lefebvre
TIC-002531;CLI-00734;;Courriel;Produit défectueux;normale;2025-08-26;2025-08-28;65;2;Fanny Clément
TIC-002532;CLI-01235;CTC-000811;Téléphone;Retour;normale;2025-12-26;2025-12-27;44;4;Vincent Richard
TIC-002533;CLI-02319;CTC-007730;Formulaire web;Réclamation;basse;2024-01-20;2024-01-20;17;4;Jérôme Blanc
TIC-002534;CLI-01433;CTC-004563;Téléphone;Réclamation;haute;2024-02-27;2024-02-28;44;4;Franck Lefebvre
TIC-002535;CLI-02171;CTC-005689;Téléphone;Réclamation;haute;2025-09-01;2025-09-01;1;0;Thomas Morel
TIC-002536;CLI-02323;CTC-001136;Courriel;Livraison;normale;2025-01-03;2025-01-06;86;4;Virginie Henry
TIC-002537;CLI-01677;;Téléphone;Livraison;normale;2024-08-24;2024-08-26;70;4;Léa Durand
TIC-002538;CLI-01982;CTC-004446;Agence;Livraison;normale;2024-09-22;2024-09-24;54;4;Thomas Morel
TIC-002539;CLI-01511;CTC-001091;Agence;Réclamation;normale;2026-04-11;2026-04-13;55;4;Alexandre Chevalier
TIC-002540;CLI-00742;CTC-003378;Téléphone;Retour;normale;2026-04-17;2026-04-18;34;5;Nathalie Michel
TIC-002541;CLI-01333;;Agence;Demande d’information;normale;2025-04-12;2025-04-14;63;5;Alain Morel
TIC-002542;CLI-00851;CTC-004819;Téléphone;Retour;basse;2026-03-24;2026-03-26;67;4;Franck Lefebvre
TIC-002543;CLI-00581;;Courriel;Produit défectueux;normale;2024-01-01;2024-01-02;46;4;Sébastien Mercier
TIC-002544;CLI-02073;CTC-006505;Téléphone;Demande d’information;haute;2024-09-02;2024-09-03;34;2;Manon Michel
TIC-002545;CLI-00209;;Courriel;Facturation;haute;2025-12-07;;;;Fanny Clément
TIC-002546;CLI-01576;CTC-003843;Agence;Demande d’information;normale;2024-10-16;2024-10-16;18;2;Catherine Chevalier
TIC-002547;CLI-01725;CTC-006235;Téléphone;Livraison;normale;2024-05-02;2024-05-02;1;3;Pauline Durand
TIC-002548;CLI-00237;CTC-002588;Formulaire web;Livraison;haute;2025-11-02;2025-11-04;64;4;Pauline Durand
TIC-002549;CLI-02044;CTC-007568;Téléphone;Facturation;normale;2023-12-22;2023-12-23;36;3;Catherine Dumont
TIC-002550;CLI-01310;CTC-000693;Courriel;Facturation;haute;2023-11-20;2023-11-22;57;3;Julie Dubois
TIC-002551;CLI-01764;;Agence;Retour;normale;2023-12-27;2023-12-29;65;5;Fanny Clément
TIC-002552;CLI-00609;CTC-006978;Agence;Réclamation;basse;2025-10-28;2025-10-29;45;2;Léa Durand
TIC-002553;CLI-01914;CTC-000308;Téléphone;Livraison;haute;2026-01-01;2026-01-03;62;5;Léa Durand
TIC-002554;CLI-01074;CTC-003813;Formulaire web;Réclamation;haute;2025-07-19;2025-07-19;1;4;Camille Bertrand
TIC-002555;CLI-00861;CTC-005113;Formulaire web;Demande d’information;basse;2023-10-06;2023-10-09;74;4;Jérôme Blanc
TIC-002556;CLI-01894;CTC-003816;Téléphone;Facturation;normale;2024-03-18;2024-03-20;64;4;Catherine Chevalier
TIC-002557;CLI-00691;CTC-003653;Formulaire web;Retour;basse;2024-08-08;2024-08-10;63;2;Fanny Clément
TIC-002558;CLI-01065;CTC-003563;Formulaire web;Demande d’information;haute;2026-08-01;2026-08-02;26;5;Léa Durand
TIC-002559;CLI-01504;CTC-005373;Formulaire web;Réclamation;haute;2025-07-06;;;;Vincent Richard
TIC-002560;CLI-02027;CTC-003754;Courriel;Demande d’information;basse;2023-11-21;2023-11-23;58;4;Pauline Durand
TIC-002561;CLI-00959;CTC-002776;Agence;Demande d’information;basse;2026-06-21;2026-06-24;86;3;Alain Morel
TIC-002562;CLI-01642;CTC-006023;Agence;Réclamation;haute;2025-09-08;;;;Catherine Chevalier
TIC-002563;CLI-00442;;Courriel;Réclamation;normale;2024-05-09;2024-05-09;1;5;Catherine Dumont
TIC-002564;CLI-02425;CTC-006041;Agence;Réclamation;basse;2025-09-06;;;;Pauline Durand
TIC-002565;CLI-01891;CTC-006394;Agence;Retour;normale;2026-04-08;2026-04-08;1;4;Sébastien Mercier
TIC-002566;CLI-00953;CTC-007571;Agence;Demande d’information;normale;2025-03-09;2025-03-09;1;5;Manon Michel
TIC-002567;CLI-00019;CTC-004607;Formulaire web;Demande d’information;normale;2025-03-20;2025-03-20;6;3;Julie Dubois
TIC-002568;CLI-00448;CTC-007306;Courriel;Produit défectueux;normale;2025-03-08;2025-03-09;46;5;Franck Lefebvre
TIC-002569;CLI-01142;CTC-001167;Téléphone;Produit défectueux;haute;2024-03-20;2024-03-20;17;3;Jérôme Blanc
TIC-002570;CLI-00414;;Téléphone;Demande d’information;normale;2025-03-28;2025-03-30;58;2;Julie Dubois
TIC-002571;CLI-01573;;Agence;Produit défectueux;normale;2024-09-03;2024-09-03;20;3;Virginie Henry
TIC-002572;CLI-02327;;Agence;Retour;haute;2025-02-14;2025-02-17;85;3;Vincent Richard
TIC-002573;CLI-01515;;Agence;Réclamation;haute;2024-12-27;2024-12-28;24;3;Julie Dubois
TIC-002574;CLI-02286;CTC-004255;Téléphone;Réclamation;critique;2024-02-04;2024-02-06;63;5;Catherine Dumont
TIC-002575;CLI-01398;CTC-002353;Téléphone;Retour;normale;2024-04-14;2024-04-15;31;5;Julie Dubois
TIC-002576;CLI-01949;;Téléphone;Facturation;normale;2025-07-13;2025-07-14;30;3;Catherine Dumont
TIC-002577;CLI-00709;;Téléphone;Facturation;normale;2026-05-21;2026-05-21;21;3;Catherine Dumont
TIC-002578;CLI-01390;CTC-005501;Agence;Réclamation;normale;2024-04-02;2024-04-02;13;5;Catherine Dumont
TIC-002579;CLI-02327;;Téléphone;Livraison;haute;2023-11-17;2023-11-19;62;3;Catherine Chevalier
TIC-002580;CLI-02191;CTC-002621;Agence;Produit défectueux;basse;2025-07-09;;;;Camille Bertrand
TIC-002581;CLI-01448;CTC-007789;Formulaire web;Facturation;basse;2024-11-12;2024-11-14;67;3;Camille Bertrand
TIC-002582;CLI-01826;;Courriel;Livraison;basse;2023-12-30;2023-12-31;28;4;Franck Lefebvre
TIC-002583;CLI-00043;CTC-006072;Agence;Livraison;basse;2023-10-14;2023-10-16;57;4;Manon Michel
TIC-002584;CLI-01611;;Courriel;Retour;basse;2026-01-10;2026-01-10;17;4;Manon Michel
TIC-002585;CLI-01173;CTC-007349;Agence;Réclamation;basse;2024-04-03;2024-04-03;10;5;Fanny Clément
TIC-002586;CLI-02197;;Formulaire web;Demande d’information;normale;2025-03-25;2025-03-28;74;4;Maxime Muller
TIC-002587;CLI-01205;;Courriel;Réclamation;normale;2023-10-20;2023-10-21;43;5;Nathalie Michel
TIC-002588;CLI-00318;CTC-005308;Téléphone;Livraison;haute;2025-10-31;2025-11-01;39;4;Pauline Durand
TIC-002589;CLI-01352;;Agence;Produit défectueux;normale;2025-10-04;2025-10-06;48;5;Thomas Morel
TIC-002590;CLI-01549;CTC-002486;Courriel;Facturation;normale;2023-10-12;2023-10-14;55;4;Alain Morel
TIC-002591;CLI-01188;CTC-005873;Formulaire web;Facturation;normale;2024-02-22;2024-02-23;34;4;Virginie Henry
TIC-002592;CLI-01161;CTC-001702;Courriel;Retour;normale;2025-06-17;2025-06-18;45;4;Alexandre Chevalier
TIC-002593;CLI-00613;;Formulaire web;Facturation;basse;2023-12-16;;;;Fanny Clément
TIC-002594;CLI-00133;CTC-004911;Formulaire web;Livraison;haute;2024-05-11;2024-05-11;1;1;Jérôme Blanc
TIC-002595;CLI-01766;;Téléphone;Demande d’information;normale;2024-08-22;2024-08-22;6;5;Alain Morel
TIC-002596;CLI-02248;CTC-007757;Formulaire web;Retour;basse;2025-07-28;2025-07-29;45;5;Nathalie Michel
TIC-002597;CLI-00495;;Agence;Livraison;basse;2025-02-28;2025-03-02;53;5;Camille Bertrand
TIC-002598;CLI-01795;;Formulaire web;Facturation;basse;2026-03-27;;;;Jérôme Blanc
TIC-002599;CLI-02259;;Agence;Réclamation;haute;2024-03-30;2024-03-30;14;3;Léa Durand
TIC-002600;CLI-00526;CTC-007361;Courriel;Produit défectueux;normale;2024-11-08;2024-11-10;62;5;Maxime Muller
TIC-002601;CLI-00323;;Formulaire web;Livraison;normale;2024-01-08;2024-01-11;80;4;Camille Bertrand
TIC-002602;CLI-00300;CTC-007957;Formulaire web;Facturation;basse;2024-11-13;2024-11-15;52;4;Alain Morel
TIC-002603;CLI-01000;CTC-006584;Agence;Demande d’information;normale;2024-07-25;2024-07-25;1;5;Manon Michel
TIC-002604;CLI-01853;;Agence;Réclamation;basse;2024-09-15;2024-09-17;49;4;Alain Morel
TIC-002605;CLI-01596;CTC-006049;Courriel;Facturation;normale;2025-12-15;2025-12-17;53;3;Camille Bertrand
TIC-002606;CLI-02040;CTC-002971;Téléphone;Réclamation;normale;2023-10-25;2023-10-25;6;5;Léa Durand
TIC-002607;CLI-01275;CTC-006572;Formulaire web;Réclamation;normale;2025-05-02;2025-05-05;80;3;Jérôme Blanc
TIC-002608;CLI-00551;CTC-003363;Agence;Facturation;normale;2025-04-19;2025-04-20;26;3;Catherine Chevalier
TIC-002609;CLI-02312;CTC-004724;Téléphone;Facturation;basse;2025-09-03;2025-09-03;1;4;Catherine Dumont
TIC-002610;CLI-01080;CTC-005220;Formulaire web;Réclamation;haute;2025-01-16;2025-01-16;1;4;Léa Durand
TIC-002611;CLI-02338;CTC-004091;Téléphone;Réclamation;normale;2025-01-27;;;;Sébastien Mercier
TIC-002612;CLI-01697;CTC-004040;Courriel;Demande d’information;basse;2023-12-29;2023-12-29;1;5;Manon Michel
TIC-002613;CLI-01172;CTC-004963;Courriel;Demande d’information;basse;2024-05-29;;;;Sébastien Mercier
TIC-002614;CLI-00634;CTC-002184;Courriel;Retour;normale;2026-08-08;2026-08-08;16;4;Catherine Dumont
TIC-002615;CLI-00418;CTC-003972;Agence;Produit défectueux;basse;2026-03-12;2026-03-12;1;5;Virginie Henry
TIC-002616;CLI-01174;;Courriel;Demande d’information;basse;2026-06-20;2026-06-22;52;5;Fanny Clément
TIC-002617;CLI-01458;CTC-001365;Formulaire web;Demande d’information;normale;2025-04-19;2025-04-19;23;5;Nathalie Michel
TIC-002618;CLI-01781;CTC-006329;Téléphone;Demande d’information;normale;2026-01-20;2026-01-20;1;3;Vincent Richard
TIC-002619;CLI-02324;CTC-006635;Agence;Réclamation;normale;2024-08-04;2024-08-05;43;4;Léa Durand
TIC-002620;CLI-00096;CTC-003269;Agence;Réclamation;haute;2026-05-31;2026-05-31;14;5;Pauline Durand
TIC-002621;CLI-02444;;Téléphone;Produit défectueux;normale;2025-03-10;2025-03-11;27;4;Jérôme Blanc
TIC-002622;CLI-00879;;Agence;Réclamation;basse;2024-05-13;2024-05-15;67;5;Camille Bertrand
TIC-002623;CLI-00178;CTC-001898;Courriel;Facturation;normale;2026-02-18;2026-02-19;33;5;Maxime Muller
TIC-002624;CLI-00824;CTC-003421;Courriel;Facturation;normale;2026-07-16;2026-07-16;1;5;Alain Morel
TIC-002625;CLI-01162;CTC-004198;Téléphone;Retour;normale;2026-02-15;2026-02-17;49;4;Catherine Chevalier
TIC-002626;CLI-01790;;Téléphone;Produit défectueux;basse;2025-04-27;2025-04-28;32;3;Jérôme Blanc
TIC-002627;CLI-00716;CTC-000765;Agence;Retour;normale;2024-10-02;2024-10-04;66;5;Fanny Clément
TIC-002628;CLI-01821;CTC-004476;Courriel;Livraison;basse;2024-05-02;2024-05-03;43;4;Jérôme Blanc
TIC-002629;CLI-00324;;Formulaire web;Réclamation;basse;2026-07-19;2026-07-21;60;5;Vincent Richard
TIC-002630;CLI-01474;CTC-003737;Formulaire web;Produit défectueux;basse;2024-05-20;;;;Alexandre Chevalier
TIC-002631;CLI-02332;CTC-005315;Courriel;Produit défectueux;normale;2025-12-08;;;;Pauline Durand
TIC-002632;CLI-01666;CTC-007274;Téléphone;Réclamation;basse;2025-04-20;2025-04-24;101;5;Fanny Clément
TIC-002633;CLI-00895;CTC-000201;Téléphone;Facturation;normale;2024-08-24;2024-08-26;56;4;Alexandre Chevalier
TIC-002634;CLI-00567;CTC-005756;Téléphone;Livraison;basse;2025-08-08;2025-08-10;54;0;Nathalie Michel
TIC-002635;CLI-01357;CTC-001224;Agence;Retour;normale;2025-10-01;2025-10-03;56;3;Fanny Clément
TIC-002636;CLI-01582;CTC-002113;Téléphone;Facturation;haute;2026-04-06;2026-04-10;99;3;Alexandre Chevalier
TIC-002637;CLI-00359;CTC-002033;Formulaire web;Facturation;critique;2024-03-17;2024-03-17;1;5;Jérôme Blanc
TIC-002638;CLI-01629;CTC-002943;Téléphone;Livraison;normale;2024-01-03;2024-01-05;49;5;Julie Dubois
TIC-002639;CLI-02284;;Agence;Demande d’information;normale;2026-06-29;2026-07-02;86;4;Franck Lefebvre
TIC-002640;CLI-00343;;Formulaire web;Livraison;normale;2025-09-11;2025-09-13;49;4;Léa Durand
TIC-002641;CLI-00048;;Courriel;Produit défectueux;normale;2025-10-09;2025-10-11;63;4;Vincent Richard
TIC-002642;CLI-01614;CTC-007743;Courriel;Retour;critique;2026-01-22;2026-01-23;27;4;Maxime Muller
TIC-002643;CLI-00539;;Courriel;Livraison;critique;2026-06-02;2026-06-02;1;4;Alexandre Chevalier
TIC-002644;CLI-02317;CTC-000112;Agence;Livraison;basse;2025-10-04;;;;Virginie Henry
TIC-002645;CLI-01030;CTC-001714;Téléphone;Retour;basse;2025-05-05;2025-05-06;32;4;Maxime Muller
TIC-002646;CLI-01818;;Courriel;Réclamation;normale;2026-04-16;2026-04-18;53;3;Thomas Morel
TIC-002647;CLI-00140;CTC-002244;Agence;Réclamation;normale;2025-02-14;2025-02-15;25;2;Sébastien Mercier
TIC-002648;CLI-01222;CTC-006889;Téléphone;Facturation;basse;2025-12-30;2025-12-30;14;4;Fanny Clément
TIC-002649;CLI-01192;CTC-003270;Courriel;Facturation;basse;2023-11-12;2023-11-12;1;2;Franck Lefebvre
TIC-002650;CLI-00508;CTC-004890;Courriel;Demande d’information;normale;2023-10-18;2023-10-19;37;5;Vincent Richard
TIC-002651;CLI-01577;CTC-005290;Formulaire web;Produit défectueux;haute;2024-12-07;2024-12-10;74;5;Virginie Henry
TIC-002652;CLI-01775;;Courriel;Réclamation;normale;2024-09-10;2024-09-13;89;2;Manon Michel
TIC-002653;CLI-01109;CTC-003831;Formulaire web;Livraison;basse;2024-03-15;2024-03-17;48;1;Thomas Morel
TIC-002654;CLI-00751;CTC-004005;Agence;Retour;basse;2024-03-17;2024-03-17;1;5;Julie Dubois
TIC-002655;CLI-01493;CTC-003362;Courriel;Réclamation;normale;2024-05-05;2024-05-07;67;5;Franck Lefebvre
TIC-002656;CLI-02423;CTC-005699;Formulaire web;Réclamation;basse;2024-06-21;;;;Virginie Henry
TIC-002657;CLI-01422;CTC-006800;Téléphone;Retour;haute;2023-12-21;2023-12-21;1;5;Manon Michel
TIC-002658;CLI-00697;;Formulaire web;Réclamation;haute;2024-07-08;2024-07-09;26;3;Thomas Morel
TIC-002659;CLI-02091;CTC-003982;Formulaire web;Produit défectueux;normale;2026-06-07;2026-06-08;46;4;Vincent Richard
TIC-002660;CLI-02482;;Téléphone;Livraison;normale;2023-12-05;2023-12-07;66;5;Alexandre Chevalier
TIC-002661;CLI-00382;CTC-007690;Formulaire web;Retour;normale;2026-02-10;2026-02-11;28;5;Alain Morel
TIC-002662;CLI-01278;CTC-004880;Téléphone;Facturation;basse;2025-04-24;2025-04-24;23;5;Alain Morel
TIC-002663;CLI-02137;;Formulaire web;Produit défectueux;normale;2025-09-24;2025-09-25;47;5;Fanny Clément
TIC-002664;CLI-00662;CTC-007788;Agence;Livraison;critique;2026-06-08;2026-06-08;1;3;Alexandre Chevalier
TIC-002665;CLI-01770;CTC-004151;Formulaire web;Produit défectueux;basse;2024-11-18;2024-11-20;54;0;Vincent Richard
TIC-002666;CLI-01937;CTC-006695;Téléphone;Produit défectueux;basse;2026-03-30;2026-04-02;79;4;Thomas Morel
TIC-002667;CLI-01776;CTC-007495;Téléphone;Livraison;basse;2025-12-10;2025-12-13;74;5;Pauline Durand
TIC-002668;CLI-02210;CTC-005329;Téléphone;Facturation;haute;2023-11-14;2023-11-15;45;4;Catherine Chevalier
TIC-002669;CLI-00484;;Téléphone;Facturation;normale;2023-11-24;2023-11-26;49;5;Jérôme Blanc
TIC-002670;CLI-00554;CTC-002359;Téléphone;Produit défectueux;normale;2024-05-09;2024-05-09;21;3;Maxime Muller
TIC-002671;CLI-01236;CTC-003138;Courriel;Réclamation;haute;2026-05-23;2026-05-25;49;4;Thomas Morel
TIC-002672;CLI-00644;;Formulaire web;Retour;normale;2023-12-23;2023-12-25;60;5;Vincent Richard
TIC-002673;CLI-00201;;Formulaire web;Demande d’information;normale;2024-09-21;2024-09-22;44;3;Catherine Chevalier
TIC-002674;CLI-01857;;Courriel;Facturation;haute;2026-08-07;2026-08-07;1;1;Catherine Dumont
TIC-002675;CLI-02216;CTC-003049;Courriel;Demande d’information;normale;2026-04-17;2026-04-18;28;5;Nathalie Michel
TIC-002676;CLI-01197;CTC-004379;Téléphone;Réclamation;basse;2026-06-14;;;;Franck Lefebvre
TIC-002677;CLI-00690;;Téléphone;Retour;normale;2025-05-18;2025-05-19;42;2;Léa Durand
TIC-002678;CLI-00138;CTC-003517;Courriel;Livraison;normale;2024-04-20;;;;Vincent Richard
TIC-002679;CLI-01250;;Agence;Demande d’information;haute;2026-02-24;2026-02-26;50;3;Léa Durand
TIC-002680;CLI-02016;CTC-004529;Formulaire web;Demande d’information;normale;2023-09-17;2023-09-19;71;4;Sébastien Mercier
TIC-002681;CLI-02063;CTC-001298;Agence;Facturation;basse;2024-06-23;2024-06-23;1;5;Catherine Chevalier
TIC-002682;CLI-01777;CTC-007074;Téléphone;Réclamation;critique;2025-04-10;2025-04-11;29;5;Julie Dubois
TIC-002683;CLI-00247;CTC-006032;Courriel;Retour;basse;2025-11-06;2025-11-06;5;5;Jérôme Blanc
TIC-002684;CLI-01406;;Formulaire web;Produit défectueux;basse;2025-10-28;2025-10-28;17;4;Maxime Muller
TIC-002685;CLI-01999;CTC-005223;Agence;Retour;normale;2026-02-07;2026-02-09;51;5;Vincent Richard
TIC-002686;CLI-01769;;Formulaire web;Livraison;basse;2024-01-25;2024-01-27;66;4;Thomas Morel
TIC-002687;CLI-02309;;Courriel;Retour;normale;2024-02-17;2024-02-17;7;4;Vincent Richard
TIC-002688;CLI-01074;CTC-005942;Formulaire web;Livraison;basse;2023-11-07;2023-11-09;64;4;Manon Michel
TIC-002689;CLI-02182;;Formulaire web;Demande d’information;basse;2024-12-11;2024-12-13;68;3;Pauline Durand
TIC-002690;CLI-01898;CTC-007394;Téléphone;Facturation;haute;2025-08-23;2025-08-25;59;3;Thomas Morel
TIC-002691;CLI-00354;CTC-000977;Formulaire web;Demande d’information;normale;2024-08-21;2024-08-21;1;2;Alexandre Chevalier
TIC-002692;CLI-01214;;Courriel;Retour;normale;2025-04-27;2025-04-29;60;2;Fanny Clément
TIC-002693;CLI-00185;CTC-001168;Courriel;Demande d’information;basse;2025-02-04;2025-02-05;32;3;Camille Bertrand
TIC-002694;CLI-00746;;Agence;Retour;basse;2024-12-05;2024-12-05;19;4;Sébastien Mercier
TIC-002695;CLI-00423;CTC-003090;Téléphone;Livraison;normale;2026-06-01;2026-06-02;47;4;Pauline Durand
TIC-002696;CLI-00624;CTC-004435;Formulaire web;Facturation;basse;2025-11-15;2025-11-15;23;3;Sébastien Mercier
TIC-002697;CLI-01703;;Formulaire web;Réclamation;haute;2026-08-05;2026-08-08;79;3;Jérôme Blanc
TIC-002698;CLI-01178;;Agence;Retour;normale;2026-06-21;2026-06-24;72;5;Franck Lefebvre
TIC-002699;CLI-01054;;Formulaire web;Demande d’information;normale;2026-05-12;;;;Alexandre Chevalier
TIC-002700;CLI-01830;CTC-007603;Courriel;Produit défectueux;basse;2025-01-29;;;;Manon Michel
TIC-002701;CLI-01794;CTC-007350;Formulaire web;Retour;haute;2026-01-30;2026-02-01;56;5;Vincent Richard
TIC-002702;CLI-00689;CTC-004579;Agence;Livraison;normale;2026-04-14;2026-04-14;23;4;Maxime Muller
TIC-002703;CLI-01222;CTC-006889;Téléphone;Livraison;normale;2023-10-10;2023-10-11;47;4;Jérôme Blanc
TIC-002704;CLI-02460;CTC-006078;Courriel;Réclamation;haute;2026-08-17;2026-08-18;34;4;Virginie Henry
TIC-002705;CLI-00579;CTC-004369;Formulaire web;Produit défectueux;haute;2024-06-19;2024-06-20;34;5;Vincent Richard
TIC-002706;CLI-02218;;Courriel;Retour;haute;2025-11-02;2025-11-04;50;3;Thomas Morel
TIC-002707;CLI-01934;;Téléphone;Facturation;basse;2023-11-17;2023-11-19;63;3;Catherine Chevalier
TIC-002708;CLI-00090;;Formulaire web;Facturation;normale;2025-05-02;2025-05-02;2;2;Maxime Muller
TIC-002709;CLI-01425;;Téléphone;Livraison;basse;2023-11-12;2023-11-12;1;3;Julie Dubois
TIC-002710;CLI-01228;;Courriel;Produit défectueux;normale;2024-04-05;2024-04-05;23;4;Alain Morel
TIC-002711;CLI-00625;CTC-004481;Agence;Retour;normale;2023-11-19;2023-11-19;5;3;Manon Michel
TIC-002712;CLI-01982;CTC-003835;Téléphone;Facturation;normale;2024-11-10;2024-11-12;49;10;Maxime Muller
TIC-002713;CLI-01010;;Téléphone;Facturation;haute;2026-08-21;2026-08-21;1;5;Alexandre Chevalier
TIC-002714;CLI-01549;CTC-002677;Formulaire web;Réclamation;normale;2024-05-25;2024-05-24;49;4;Pauline Durand
TIC-002715;CLI-00693;CTC-003571;Téléphone;Produit défectueux;basse;2023-09-14;2023-09-18;113;3;Manon Michel
TIC-002716;CLI-00608;;Formulaire web;Livraison;basse;2025-10-05;2025-10-05;20;3;Catherine Dumont
TIC-002717;CLI-00605;;Téléphone;Réclamation;normale;2026-03-03;2026-03-05;66;2;Léa Durand
TIC-002718;CLI-00901;CTC-003731;Formulaire web;Produit défectueux;normale;2025-09-05;2025-09-05;11;3;Catherine Chevalier
TIC-002719;CLI-00103;;Formulaire web;Retour;normale;2025-10-08;2025-10-11;85;3;Nathalie Michel
TIC-002720;CLI-02350;CTC-006633;Formulaire web;Produit défectueux;basse;2025-05-20;2025-05-22;64;3;Fanny Clément
TIC-002721;CLI-02244;CTC-003453;Formulaire web;Produit défectueux;haute;2025-04-23;2025-04-23;5;4;Franck Lefebvre
TIC-002722;CLI-01407;;Formulaire web;Demande d’information;basse;2026-03-03;;;;Maxime Muller
TIC-002723;CLI-01156;CTC-004882;Formulaire web;Réclamation;normale;2026-01-03;2026-01-03;1;1;Nathalie Michel
TIC-002724;CLI-01146;CTC-006568;Agence;Facturation;basse;2026-03-25;2026-03-29;118;4;Sébastien Mercier
TIC-002725;CLI-01237;CTC-001028;Courriel;Retour;normale;2025-02-27;;;;Léa Durand
TIC-002726;CLI-02267;CTC-004347;Courriel;Produit défectueux;normale;2023-12-04;2023-12-04;22;4;Alain Morel
TIC-002727;CLI-00448;CTC-002818;Courriel;Livraison;haute;2023-11-16;2023-11-18;49;4;Sébastien Mercier
TIC-002728;CLI-01349;CTC-000212;Courriel;Réclamation;normale;2025-04-03;2025-04-03;7;2;Manon Michel
TIC-002729;CLI-02368;CTC-006959;Agence;Demande d’information;haute;2024-05-16;2024-05-17;40;5;Franck Lefebvre
TIC-002730;CLI-00660;;Agence;Réclamation;normale;2024-03-03;2024-03-03;8;4;Franck Lefebvre
TIC-002731;CLI-01082;;Formulaire web;Produit défectueux;basse;2026-05-02;2026-05-03;32;1;Manon Michel
TIC-002732;CLI-00195;;Courriel;Livraison;normale;2026-02-15;2026-02-15;13;5;Léa Durand
TIC-002733;CLI-02249;CTC-005002;Agence;Livraison;normale;2024-11-06;2024-11-07;46;5;Léa Durand
TIC-002734;CLI-01814;;Téléphone;Réclamation;basse;2023-12-05;2023-12-06;30;2;Alexandre Chevalier
TIC-002735;CLI-00670;CTC-007845;Agence;Demande d’information;normale;2026-07-08;2026-07-08;1;5;Virginie Henry
TIC-002736;CLI-01465;;Téléphone;Livraison;normale;2024-12-29;2024-12-29;17;3;Alain Morel
TIC-002737;CLI-01707;CTC-005447;Formulaire web;Livraison;normale;2025-01-08;;;;Julie Dubois
TIC-002738;CLI-01183;CTC-006130;Courriel;Livraison;normale;2026-02-17;2026-02-18;25;5;Nathalie Michel
TIC-002739;CLI-01237;CTC-003740;Formulaire web;Retour;normale;2026-01-22;2026-01-24;69;4;Catherine Chevalier
TIC-002740;CLI-01723;CTC-005352;Formulaire web;Retour;critique;2025-09-12;2025-09-13;24;3;Léa Durand
TIC-002741;CLI-00037;CTC-002777;Courriel;Facturation;basse;2026-06-16;2026-06-16;23;3;Vincent Richard
TIC-002742;CLI-01816;CTC-004327;Agence;Facturation;basse;2025-12-11;2025-12-12;24;5;Julie Dubois
TIC-002743;CLI-00154;CTC-003762;Formulaire web;Demande d’information;normale;2026-09-01;2026-09-02;42;4;Jérôme Blanc
TIC-002744;CLI-00642;CTC-005230;Formulaire web;Produit défectueux;basse;2026-07-23;2026-07-25;60;5;Catherine Chevalier
TIC-002745;CLI-00347;;Courriel;Retour;normale;2024-09-11;2024-09-13;69;3;Nathalie Michel
TIC-002746;CLI-01970;CTC-000554;Formulaire web;Livraison;haute;2025-05-03;2025-05-04;31;3;Léa Durand
TIC-002747;CLI-00041;;Formulaire web;Retour;normale;2024-09-09;2024-09-09;14;5;Manon Michel
TIC-002748;CLI-02042;CTC-006993;Formulaire web;Demande d’information;haute;2024-09-13;2024-09-16;83;2;Camille Bertrand
TIC-002749;CLI-00458;;Formulaire web;Livraison;normale;2024-11-25;2024-11-26;31;4;Virginie Henry
TIC-002750;CLI-00446;CTC-000984;Agence;Demande d’information;P1;2026-07-22;2026-07-23;25;4;Vincent Richard
TIC-002751;CLI-01423;CTC-007173;Formulaire web;Produit défectueux;normale;2025-11-29;2025-12-01;54;3;Maxime Muller
TIC-002752;CLI-00778;CTC-007126;Formulaire web;Retour;critique;2025-10-11;2025-10-11;1;5;Pauline Durand
TIC-002753;CLI-00218;;Agence;Livraison;normale;2026-04-10;2026-04-13;78;4;Sébastien Mercier
TIC-002754;CLI-01028;CTC-006847;Téléphone;Produit défectueux;haute;2024-09-25;2024-09-26;33;3;Jérôme Blanc
TIC-002755;CLI-01538;CTC-007409;Courriel;Livraison;normale;2025-05-12;2025-05-13;37;5;Léa Durand
TIC-002756;CLI-01197;CTC-006195;Courriel;Réclamation;basse;2026-06-20;;;;Maxime Muller
TIC-002757;CLI-01220;CTC-005968;Téléphone;Facturation;normale;2025-03-07;2025-03-07;23;5;Léa Durand
TIC-002758;CLI-00707;CTC-007927;Formulaire web;Facturation;haute;2026-03-15;2026-03-18;91;2;Manon Michel
TIC-002759;CLI-00102;CTC-004202;Courriel;Demande d’information;normale;2025-06-22;;;;Julie Dubois
TIC-002760;CLI-01163;CTC-002128;Agence;Produit défectueux;critique;2026-02-26;2026-02-26;1;3;Pauline Durand
TIC-002761;CLI-00507;CTC-003222;Courriel;Réclamation;basse;2026-04-02;2026-04-02;3;5;Pauline Durand
TIC-002762;CLI-02388;;Courriel;Facturation;basse;2025-03-10;2025-03-13;76;5;Sébastien Mercier
TIC-002763;CLI-00507;CTC-002949;Courriel;Réclamation;normale;2024-04-26;2024-04-28;60;5;Manon Michel
TIC-002764;CLI-00529;CTC-007773;Formulaire web;Produit défectueux;normale;2024-11-25;2024-11-26;29;4;Léa Durand
TIC-002765;CLI-02396;;Courriel;Livraison;normale;2024-05-18;2024-05-18;14;3;Catherine Dumont
TIC-002766;CLI-01833;CTC-002759;Agence;Demande d’information;basse;2026-04-17;2026-04-18;42;5;Virginie Henry
TIC-002767;CLI-02098;;Courriel;Facturation;normale;2024-11-26;2024-11-28;62;3;Pauline Durand
TIC-002768;CLI-01497;CTC-002720;Formulaire web;Produit défectueux;basse;2026-09-06;2026-09-07;29;3;Fanny Clément
TIC-002769;CLI-01137;CTC-000374;Téléphone;Retour;normale;2023-11-10;2023-11-12;68;3;Franck Lefebvre
TIC-002770;CLI-00680;CTC-007291;Téléphone;Retour;basse;2025-08-27;;;;Sébastien Mercier
TIC-002771;CLI-02035;CTC-005335;Courriel;Livraison;haute;2026-03-27;2026-04-01;121;5;Pauline Durand
TIC-002772;CLI-00648;;Téléphone;Facturation;basse;2026-07-25;2026-07-25;16;4;Camille Bertrand
TIC-002773;CLI-00508;CTC-004890;Agence;Livraison;basse;2025-06-22;2025-06-25;87;4;Virginie Henry
TIC-002774;CLI-00284;;Téléphone;Demande d’information;basse;2025-01-08;2025-01-09;36;4;Léa Durand
TIC-002775;CLI-02149;CTC-007812;Formulaire web;Retour;haute;2026-04-28;2026-04-30;61;4;Catherine Chevalier
TIC-002776;CLI-01230;CTC-001519;Agence;Facturation;normale;2024-07-14;2024-07-14;1;5;Virginie Henry
TIC-002777;CLI-00520;;Téléphone;Réclamation;normale;2026-05-13;2026-05-13;14;4;Catherine Dumont
TIC-002778;CLI-01858;;Courriel;Livraison;normale;2024-06-29;2024-07-01;70;2;Thomas Morel
TIC-002779;CLI-00561;CTC-007483;Formulaire web;Facturation;haute;2025-06-29;2025-06-29;16;5;Catherine Dumont
TIC-002780;CLI-01533;CTC-002831;Courriel;Réclamation;normale;2025-12-23;2025-12-24;26;4;Fanny Clément
TIC-002781;CLI-02417;;Agence;Produit défectueux;normale;2024-09-24;2024-09-28;102;2;Alexandre Chevalier
TIC-002782;CLI-02307;CTC-007109;Courriel;Retour;normale;2024-12-12;2024-12-13;36;4;Sébastien Mercier
TIC-002783;CLI-02363;CTC-007164;Téléphone;Facturation;normale;2025-11-22;2025-11-24;62;5;Jérôme Blanc
TIC-002784;CLI-00217;CTC-005065;Téléphone;Retour;haute;2024-07-30;2024-07-30;1;5;Julie Dubois
TIC-002785;CLI-01432;CTC-004268;Agence;Réclamation;normale;2025-09-15;2025-09-17;64;4;Fanny Clément
TIC-002786;CLI-01612;CTC-006491;Courriel;Produit défectueux;basse;2024-01-04;2024-01-07;90;5;Thomas Morel
TIC-002787;CLI-01145;CTC-005773;Agence;Produit défectueux;normale;2023-11-17;2023-11-18;42;5;Catherine Dumont
TIC-002788;CLI-01605;CTC-001093;Agence;Livraison;normale;2025-02-11;2025-02-14;82;3;Alain Morel
TIC-002789;CLI-01338;CTC-001201;Agence;Réclamation;normale;2025-08-06;2025-08-06;1;5;Catherine Dumont
TIC-002790;CLI-01231;CTC-002845;Courriel;Produit défectueux;normale;2025-01-24;2025-01-25;44;5;Alexandre Chevalier
TIC-002791;CLI-01209;CTC-006931;Formulaire web;Demande d’information;normale;2025-10-31;2025-11-03;74;4;Vincent Richard
TIC-002792;CLI-00884;CTC-006294;Courriel;Retour;haute;2024-05-13;2024-05-14;41;1;Nathalie Michel
TIC-002793;CLI-00022;CTC-004870;Agence;Produit défectueux;haute;2024-02-08;;;;Sébastien Mercier
TIC-002794;CLI-02488;;Formulaire web;Retour;basse;2025-11-05;2025-11-07;57;2;Virginie Henry
TIC-002795;CLI-00762;CTC-005049;Formulaire web;Livraison;haute;2025-05-02;2025-05-04;56;5;Virginie Henry
TIC-002796;CLI-02108;;Téléphone;Retour;haute;2025-11-24;2025-11-26;68;3;Fanny Clément
TIC-002797;CLI-01118;CTC-003846;Agence;Demande d’information;normale;2024-01-20;;;;Thomas Morel
TIC-002798;CLI-00532;;Agence;Produit défectueux;haute;2025-06-15;2025-06-16;29;4;Manon Michel
TIC-002799;CLI-02107;CTC-003959;Téléphone;Demande d’information;critique;2025-11-12;2025-11-13;46;5;Manon Michel
TIC-002800;CLI-00995;CTC-002940;Téléphone;Réclamation;normale;2024-03-27;;;;Catherine Chevalier
TIC-002801;CLI-00129;;Téléphone;Facturation;normale;2026-05-15;2026-05-18;84;5;Catherine Chevalier
TIC-002802;CLI-01601;CTC-007680;Téléphone;Produit défectueux;normale;2026-05-30;2026-05-31;32;5;Jérôme Blanc
TIC-002803;CLI-00823;;Téléphone;Facturation;normale;2026-03-09;2026-03-10;25;4;Maxime Muller
TIC-002804;CLI-01336;CTC-002965;Courriel;Livraison;basse;2024-08-22;2024-08-25;77;3;Virginie Henry
TIC-002805;CLI-00935;;Agence;Livraison;normale;2024-03-15;2024-03-18;78;2;Pauline Durand
TIC-002806;CLI-01714;;Agence;Retour;haute;2024-10-30;2024-10-30;11;4;Alexandre Chevalier
TIC-002807;CLI-00853;CTC-006990;Agence;Produit défectueux;normale;2024-08-07;2024-08-10;88;2;Sébastien Mercier
TIC-002808;CLI-00279;CTC-003551;Agence;Demande d’information;normale;2024-10-26;;;;Léa Durand
TIC-002809;CLI-02164;;Formulaire web;Réclamation;haute;2025-07-14;2025-07-15;42;5;Thomas Morel
TIC-002810;CLI-01247;CTC-005103;Téléphone;Facturation;normale;2023-10-20;2023-10-22;71;5;Fanny Clément
TIC-002811;CLI-01636;CTC-002377;Courriel;Livraison;basse;2024-12-27;2024-12-27;5;4;Nathalie Michel
TIC-002812;CLI-01006;CTC-004859;Courriel;Produit défectueux;P1;2024-05-01;2024-05-03;51;4;Manon Michel
TIC-002813;CLI-00859;CTC-002694;Agence;Livraison;haute;2024-12-09;2024-12-12;83;5;Jérôme Blanc
TIC-002814;CLI-02278;;Formulaire web;Retour;normale;2026-06-25;2026-06-28;73;3;Thomas Morel
TIC-002815;CLI-01362;CTC-004613;Formulaire web;Retour;normale;2024-07-15;2024-07-17;70;4;Sébastien Mercier
TIC-002816;CLI-01614;;Téléphone;Réclamation;haute;2024-01-09;2024-01-13;110;3;Vincent Richard
TIC-002817;CLI-01637;CTC-007270;Courriel;Livraison;critique;2023-10-23;2023-10-23;1;1;Julie Dubois
TIC-002818;CLI-00830;CTC-002076;Agence;Réclamation;normale;2025-04-19;2025-04-19;1;3;Maxime Muller
TIC-002819;CLI-01280;CTC-004282;Agence;Livraison;basse;2024-05-24;2024-05-24;13;5;Virginie Henry
TIC-002820;CLI-00275;;Téléphone;Retour;normale;2024-09-11;2024-09-12;24;2;Alexandre Chevalier
TIC-002821;CLI-02310;;Courriel;Livraison;normale;2024-05-28;;;;Nathalie Michel
TIC-002822;CLI-00602;;Téléphone;Produit défectueux;haute;2024-01-03;2024-01-05;61;4;Alexandre Chevalier
TIC-002823;CLI-00685;CTC-002354;Formulaire web;Réclamation;normale;2025-07-06;2025-07-08;55;4;Vincent Richard
TIC-002824;CLI-01142;CTC-003113;Téléphone;Produit défectueux;normale;2025-11-03;2025-11-05;61;4;Manon Michel
TIC-002825;CLI-01714;;Courriel;Demande d’information;basse;2023-12-27;;;;Fanny Clément
TIC-002826;CLI-01238;CTC-000041;Courriel;Demande d’information;normale;2025-11-28;2025-11-29;32;5;Léa Durand
TIC-002827;CLI-00992;;Agence;Retour;haute;2025-08-02;;;;Catherine Dumont
TIC-002828;CLI-02228;CTC-006988;Téléphone;Réclamation;haute;2024-10-25;2024-10-27;57;4;Catherine Chevalier
TIC-002829;CLI-00568;CTC-005434;Formulaire web;Produit défectueux;normale;2025-07-07;2025-07-08;40;5;Nathalie Michel
TIC-002830;CLI-01097;CTC-002473;Agence;Réclamation;haute;2026-01-09;2026-01-10;31;3;Maxime Muller
TIC-002831;CLI-02225;CTC-001762;Agence;Retour;normale;2026-03-27;2026-03-27;1;4;Nathalie Michel
TIC-002832;CLI-01832;CTC-001355;Courriel;Produit défectueux;normale;2024-07-10;;;;Franck Lefebvre
TIC-002833;CLI-01884;;Agence;Produit défectueux;basse;2024-07-17;2024-07-17;17;2;Alexandre Chevalier
TIC-002834;CLI-01137;CTC-000337;Agence;Retour;critique;2025-04-11;;;;Catherine Chevalier
TIC-002835;CLI-00944;;Agence;Réclamation;basse;2023-09-13;;;;Fanny Clément
TIC-002836;CLI-00566;CTC-006716;Agence;Réclamation;normale;2026-09-09;;;;Fanny Clément
TIC-002837;CLI-01289;CTC-004191;Courriel;Demande d’information;basse;2025-08-13;;;;Catherine Dumont
TIC-002838;CLI-02394;CTC-007976;Formulaire web;Livraison;critique;2025-06-19;2025-06-19;1;4;Maxime Muller
TIC-002839;CLI-01546;CTC-007345;Formulaire web;Retour;normale;2026-08-02;2026-08-02;1;1;Thomas Morel
TIC-002840;CLI-00196;CTC-001115;Téléphone;Retour;normale;2024-12-09;2024-12-10;35;4;Julie Dubois
TIC-002841;CLI-01113;CTC-005915;Formulaire web;Facturation;basse;2024-06-06;;;;Alain Morel
TIC-002842;CLI-00597;;Téléphone;Livraison;normale;2026-04-16;2026-04-17;45;3;Camille Bertrand
TIC-002843;CLI-01561;CTC-002915;Téléphone;Réclamation;normale;2025-01-19;2025-01-20;37;5;Léa Durand
TIC-002844;CLI-01504;;Courriel;Réclamation;normale;2024-09-04;2024-09-05;29;5;Vincent Richard
TIC-002845;CLI-02255;CTC-001527;Courriel;Facturation;basse;2025-04-30;2025-05-03;74;5;Alexandre Chevalier
TIC-002846;CLI-01116;CTC-005551;Téléphone;Livraison;normale;2025-03-21;2025-03-24;87;5;Alain Morel
TIC-002847;CLI-01659;;Courriel;Livraison;basse;2024-10-27;2024-10-28;40;4;Pauline Durand
TIC-002848;CLI-01836;;Téléphone;Demande d’information;normale;2023-12-28;2023-12-30;49;5;Vincent Richard
TIC-002849;CLI-01308;CTC-004176;Formulaire web;Facturation;normale;2024-10-31;2024-11-02;66;5;Alexandre Chevalier
TIC-002850;CLI-01829;CTC-003629;Agence;Facturation;normale;2025-01-27;2025-01-28;37;2;Alexandre Chevalier
TIC-002851;CLI-01045;;Téléphone;Réclamation;haute;2024-11-29;2024-11-29;1;5;Virginie Henry
TIC-002852;CLI-01431;;Téléphone;Livraison;critique;2026-03-31;2026-04-02;57;5;Léa Durand
TIC-002853;CLI-00675;;Téléphone;Demande d’information;normale;2024-07-01;2024-07-02;43;3;Catherine Chevalier
TIC-002854;CLI-00221;CTC-006126;Courriel;Retour;basse;2024-12-05;2024-12-05;1;3;Julie Dubois
TIC-002855;CLI-01226;CTC-006481;Agence;Retour;normale;2024-08-23;2024-08-26;76;4;Pauline Durand
TIC-002856;CLI-01632;CTC-005759;Agence;Facturation;normale;2025-04-06;2025-04-02;55;2;Catherine Chevalier
TIC-002857;CLI-00984;CTC-001455;Courriel;Facturation;normale;2024-07-31;;;;Nathalie Michel
TIC-002858;CLI-00773;;Courriel;Retour;normale;2025-06-03;2025-06-05;54;5;Maxime Muller
TIC-002859;CLI-01593;CTC-002479;Agence;Produit défectueux;normale;2026-01-25;2026-01-25;1;5;Alain Morel
TIC-002860;CLI-01058;CTC-006816;Téléphone;Livraison;haute;2025-10-28;2025-11-01;100;5;Alexandre Chevalier
TIC-002861;CLI-01050;CTC-006493;Téléphone;Réclamation;basse;2024-08-08;2024-08-08;1;4;Alain Morel
TIC-002862;CLI-00883;;Courriel;Produit défectueux;normale;2024-09-21;2024-09-21;21;5;Vincent Richard
TIC-002863;CLI-00478;CTC-004690;Formulaire web;Demande d’information;normale;2024-06-01;2024-06-02;33;4;Jérôme Blanc
TIC-002864;CLI-00684;CTC-003011;Courriel;Retour;normale;2025-10-05;2025-10-09;97;3;Manon Michel
TIC-002865;CLI-00599;CTC-000758;Téléphone;Retour;normale;2024-09-26;;;;Julie Dubois
TIC-002866;CLI-00358;;Formulaire web;Livraison;haute;2023-10-21;2023-10-22;43;5;Manon Michel
TIC-002867;CLI-01430;;Téléphone;Facturation;haute;2026-08-25;2026-08-26;29;5;Maxime Muller
TIC-002868;CLI-00877;CTC-001596;Courriel;Livraison;normale;2023-12-24;2023-12-26;62;5;Alain Morel
TIC-002869;CLI-00991;;Téléphone;Demande d’information;normale;2024-08-28;2024-08-29;39;2;Virginie Henry
TIC-002870;CLI-00069;CTC-006913;Courriel;Facturation;haute;2024-12-08;2024-12-10;56;5;Julie Dubois
TIC-002871;CLI-00307;CTC-003942;Courriel;Facturation;normale;2025-03-26;2025-03-26;5;5;Alain Morel
TIC-002872;CLI-01611;;Agence;Facturation;normale;2024-01-19;2024-01-19;23;5;Sébastien Mercier
TIC-002873;CLI-00435;CTC-004487;Agence;Retour;normale;2025-11-02;2025-11-02;14;2;Thomas Morel
TIC-002874;CLI-01415;CTC-003161;Téléphone;Réclamation;P1;2023-11-10;2023-11-12;69;4;Virginie Henry
TIC-002875;CLI-01028;CTC-006847;Courriel;Demande d’information;normale;2025-08-10;2025-08-10;1;5;Alexandre Chevalier
TIC-002876;CLI-02184;CTC-004264;Agence;Réclamation;normale;2024-12-02;2024-12-02;1;1;Jérôme Blanc
TIC-002877;CLI-00755;CTC-007206;Formulaire web;Livraison;basse;2026-02-03;2026-02-06;75;5;Virginie Henry
TIC-002878;CLI-01500;CTC-000645;Courriel;Facturation;basse;2026-07-25;2026-07-27;68;5;Manon Michel
TIC-002879;CLI-02250;CTC-002948;Agence;Facturation;haute;2024-11-20;2024-11-22;63;5;Maxime Muller
TIC-002880;CLI-02386;;Téléphone;Réclamation;normale;2026-03-31;2026-03-31;23;5;Pauline Durand
TIC-002881;CLI-01936;CTC-002598;Agence;Livraison;haute;2025-11-25;2025-11-25;1;5;Virginie Henry
TIC-002882;CLI-01339;CTC-002906;Formulaire web;Livraison;haute;2026-03-18;;;;Julie Dubois
TIC-002883;CLI-02172;CTC-005483;Courriel;Livraison;haute;2026-06-19;2026-06-20;34;5;Catherine Chevalier
TIC-002884;CLI-01624;;Téléphone;Produit défectueux;basse;2024-05-26;2024-05-27;28;3;Virginie Henry
TIC-002885;CLI-00692;CTC-002595;Courriel;Livraison;basse;2024-01-20;2024-01-22;55;4;Thomas Morel
TIC-002886;CLI-02240;;Formulaire web;Réclamation;normale;2025-02-15;2025-02-17;56;4;Maxime Muller
TIC-002887;CLI-02484;CTC-006609;Téléphone;Retour;basse;2025-10-02;2025-10-03;40;4;Julie Dubois
TIC-002888;CLI-00227;CTC-003176;Téléphone;Retour;haute;2024-09-14;;;;Catherine Dumont
TIC-002889;CLI-00378;CTC-007232;Courriel;Retour;normale;2025-08-06;2025-08-06;14;5;Jérôme Blanc
TIC-002890;CLI-02457;CTC-005191;Agence;Livraison;normale;2024-10-08;2024-10-09;35;5;Camille Bertrand
TIC-002891;CLI-01526;CTC-000050;Téléphone;Livraison;normale;2025-02-04;2025-02-04;1;5;Nathalie Michel
TIC-002892;CLI-01177;CTC-002921;Téléphone;Réclamation;haute;2026-07-08;2026-07-13;128;4;Pauline Durand
TIC-002893;CLI-00859;CTC-002694;Agence;Réclamation;normale;2024-08-06;2024-08-07;33;1;Maxime Muller
TIC-002894;CLI-02252;CTC-004979;Agence;Réclamation;normale;2024-01-21;2024-01-23;54;3;Alexandre Chevalier
TIC-002895;CLI-02307;CTC-007109;Formulaire web;Retour;normale;2023-10-03;2023-10-04;30;5;Vincent Richard
TIC-002896;CLI-00597;;Courriel;Réclamation;normale;2023-12-25;2023-12-25;1;0;Thomas Morel
TIC-002897;CLI-01777;CTC-007074;Agence;Retour;normale;2024-04-28;2024-04-29;33;4;Thomas Morel
TIC-002898;CLI-02483;;Courriel;Demande d’information;basse;2026-07-21;2026-07-23;64;4;Franck Lefebvre
TIC-002899;CLI-00740;CTC-002532;Téléphone;Réclamation;normale;2026-08-17;2026-08-19;55;4;Manon Michel
TIC-002900;CLI-01986;CTC-003593;Formulaire web;Retour;basse;2024-08-09;2024-08-10;31;3;Alexandre Chevalier
TIC-002901;CLI-02388;CTC-004386;Formulaire web;Retour;haute;2025-08-26;2025-08-28;57;4;Nathalie Michel
TIC-002902;CLI-00518;CTC-000452;Formulaire web;Réclamation;haute;2025-06-12;2025-06-16;106;4;Léa Durand
TIC-002903;CLI-01228;;Formulaire web;Demande d’information;normale;2024-01-16;2024-01-17;41;3;Thomas Morel
TIC-002904;CLI-00054;;Formulaire web;Produit défectueux;haute;2026-05-07;2026-05-08;25;5;Virginie Henry
TIC-002905;CLI-01050;CTC-006493;Agence;Facturation;haute;2026-04-14;2026-04-14;1;5;Pauline Durand
TIC-002906;CLI-00984;CTC-000254;Agence;Réclamation;haute;2026-07-04;;;;Jérôme Blanc
TIC-002907;CLI-02446;CTC-003032;Formulaire web;Réclamation;normale;2024-05-25;2024-05-25;1;5;Vincent Richard
TIC-002908;CLI-00068;CTC-004676;Agence;Livraison;normale;2026-08-25;2026-08-27;60;5;Maxime Muller
TIC-002909;CLI-01981;;Courriel;Demande d’information;haute;2025-03-30;2025-03-31;37;5;Camille Bertrand
TIC-002910;CLI-00220;CTC-002330;Formulaire web;Réclamation;normale;2025-02-18;2025-02-20;57;5;Virginie Henry
TIC-002911;CLI-02221;CTC-001548;Courriel;Demande d’information;haute;2026-08-26;2026-08-26;1;4;Franck Lefebvre
TIC-002912;CLI-00761;CTC-003841;Téléphone;Retour;basse;2025-02-12;2025-02-13;37;5;Maxime Muller
TIC-002913;CLI-00320;;Formulaire web;Facturation;normale;2024-01-28;;;;Catherine Dumont
TIC-002914;CLI-01088;CTC-002495;Agence;Facturation;NORMALE;2024-12-02;2024-12-03;28;5;Fanny Clément
TIC-002915;CLI-01621;CTC-004224;Téléphone;Demande d’information;normale;2025-11-08;2025-11-08;1;4;Sébastien Mercier
TIC-002916;CLI-01548;CTC-007364;Téléphone;Livraison;normale;2025-02-07;2025-02-08;36;5;Camille Bertrand
TIC-002917;CLI-01084;CTC-001463;Formulaire web;Livraison;haute;2025-04-02;2025-04-03;31;3;Alexandre Chevalier
TIC-002918;CLI-00488;;Agence;Réclamation;normale;2024-08-26;2024-08-27;36;4;Maxime Muller
TIC-002919;CLI-02471;CTC-000672;Téléphone;Produit défectueux;basse;2025-04-04;2025-04-06;62;3;Léa Durand
TIC-002920;CLI-01660;;Courriel;Livraison;normale;2025-01-01;2025-01-05;112;4;Virginie Henry
TIC-002921;CLI-00169;CTC-007263;Courriel;Demande d’information;normale;2024-06-05;;;;Pauline Durand
TIC-002922;CLI-01192;CTC-006046;Agence;Demande d’information;haute;2025-08-13;2025-08-14;40;2;Franck Lefebvre
TIC-002923;CLI-00635;CTC-002566;Téléphone;Réclamation;basse;2025-02-15;2025-02-15;15;3;Catherine Chevalier
TIC-002924;CLI-01429;CTC-002405;Courriel;Livraison;basse;2024-07-06;2024-07-06;12;1;Pauline Durand
TIC-002925;CLI-01194;CTC-007764;Formulaire web;Demande d’information;critique;2026-02-12;;;;Jérôme Blanc
TIC-002926;CLI-00818;;Agence;Produit défectueux;normale;2025-07-02;2025-07-02;17;5;Pauline Durand
TIC-002927;CLI-00848;;Courriel;Demande d’information;normale;2025-05-27;;;;Sébastien Mercier
TIC-002928;CLI-00404;CTC-001438;Téléphone;Facturation;critique;2023-12-05;2023-12-05;1;4;Sébastien Mercier
TIC-002929;CLI-00277;CTC-005502;Téléphone;Produit défectueux;basse;2025-07-15;2025-07-18;77;5;Franck Lefebvre
TIC-002930;CLI-02078;CTC-006904;Agence;Retour;normale;2026-05-19;2026-05-21;64;4;Julie Dubois
TIC-002931;CLI-01995;;Formulaire web;Retour;basse;2025-05-09;2025-05-11;54;4;Vincent Richard
TIC-002932;CLI-00904;CTC-007023;Formulaire web;Réclamation;haute;2026-01-07;2026-01-07;10;3;Alain Morel
TIC-002933;CLI-02333;;Agence;Livraison;haute;2026-07-09;2026-07-11;63;5;Thomas Morel
TIC-002934;CLI-02415;;Courriel;Réclamation;basse;2026-08-11;2026-08-14;76;4;Catherine Dumont
TIC-002935;CLI-00274;CTC-002364;Courriel;Livraison;basse;2024-11-24;2024-11-26;53;3;Alexandre Chevalier
TIC-002936;CLI-01218;CTC-000921;Formulaire web;Retour;basse;2024-05-28;2024-05-29;28;3;Vincent Richard
TIC-002937;CLI-01644;;Agence;Livraison;normale;2024-01-23;2024-01-24;39;3;Manon Michel
TIC-002938;CLI-00485;CTC-005613;Agence;Facturation;normale;2024-02-02;2024-02-03;29;4;Sébastien Mercier
TIC-002939;CLI-00756;CTC-006544;Formulaire web;Demande d’information;basse;2025-12-19;2025-12-20;46;4;Jérôme Blanc
TIC-002940;CLI-01529;CTC-007580;Formulaire web;Réclamation;haute;2024-09-18;2024-09-20;57;5;Léa Durand
TIC-002941;CLI-00557;CTC-005409;Agence;Réclamation;basse;2026-05-11;2026-05-11;1;5;Nathalie Michel
TIC-002942;CLI-02172;CTC-005483;Agence;Facturation;normale;2026-06-07;2026-06-08;33;3;Catherine Chevalier
TIC-002943;CLI-01021;;Téléphone;Retour;basse;2026-08-05;;;;Thomas Morel
TIC-002944;CLI-01181;CTC-001162;Courriel;Réclamation;basse;2023-09-25;2023-09-26;25;4;Pauline Durand
TIC-002945;CLI-00337;;Téléphone;Réclamation;basse;2023-11-29;2023-11-30;31;4;Alain Morel
TIC-002946;CLI-00322;;Formulaire web;Réclamation;normale;2024-05-12;2024-05-14;50;3;Franck Lefebvre
TIC-002947;CLI-02146;;Téléphone;Réclamation;basse;2026-08-09;2026-08-11;69;5;Manon Michel
TIC-002948;CLI-01823;;Formulaire web;Facturation;haute;2023-11-01;2023-11-04;79;3;Franck Lefebvre
TIC-002949;CLI-02025;CTC-006892;Formulaire web;Produit défectueux;haute;2024-06-20;2024-06-20;22;1;Catherine Chevalier
TIC-002950;CLI-01204;CTC-005747;Courriel;Demande d’information;normale;2024-11-16;2024-11-18;50;4;Alexandre Chevalier
TIC-002951;CLI-00452;;Courriel;Facturation;basse;2024-10-10;2024-10-14;119;5;Camille Bertrand
TIC-002952;CLI-01822;;Téléphone;Demande d’information;normale;2024-05-13;;;;Catherine Chevalier
TIC-002953;CLI-01147;CTC-004220;Téléphone;Demande d’information;normale;2025-11-29;2025-11-29;23;4;Manon Michel
TIC-002954;CLI-00906;;Téléphone;Livraison;normale;2025-06-26;2025-06-28;65;5;Alexandre Chevalier
TIC-002955;CLI-01187;CTC-005656;Agence;Réclamation;normale;2026-08-27;2026-08-30;94;2;Catherine Dumont
TIC-002956;CLI-00070;CTC-000818;Agence;Réclamation;normale;2024-11-11;2024-11-12;30;1;Pauline Durand
TIC-002957;CLI-02227;CTC-001520;Formulaire web;Demande d’information;haute;2023-11-03;2023-11-04;32;4;Julie Dubois
TIC-002958;CLI-01005;;Téléphone;Produit défectueux;critique;2025-03-23;2025-03-24;25;4;Nathalie Michel
TIC-002959;CLI-00553;CTC-005849;Formulaire web;Facturation;haute;2025-09-06;2025-09-07;34;3;Alain Morel
TIC-002960;CLI-01265;CTC-006942;Courriel;Demande d’information;haute;2026-03-22;2026-03-24;48;5;Pauline Durand
TIC-002961;CLI-01554;CTC-005584;Courriel;Livraison;normale;2026-06-09;2026-06-11;60;2;Fanny Clément
TIC-002962;CLI-00856;CTC-006761;Courriel;Demande d’information;normale;2026-09-06;2026-09-06;1;4;Manon Michel
TIC-002963;CLI-01031;CTC-001718;Formulaire web;Livraison;normale;2025-02-10;2025-02-12;53;5;Catherine Dumont
TIC-002964;CLI-01474;CTC-003737;Formulaire web;Produit défectueux;basse;2024-01-26;2024-01-26;1;5;Fanny Clément
TIC-002965;CLI-01747;CTC-004256;Agence;Produit défectueux;normale;2024-04-02;2024-04-02;16;3;Camille Bertrand
TIC-002966;CLI-02193;;Téléphone;Demande d’information;basse;2025-08-15;;;;Alain Morel
TIC-002967;CLI-01549;CTC-002677;Téléphone;Livraison;normale;2026-03-05;;;;Sébastien Mercier
TIC-002968;CLI-00818;;Courriel;Retour;normale;2025-12-04;2025-12-04;8;3;Alexandre Chevalier
TIC-002969;CLI-00808;CTC-006125;Formulaire web;Livraison;normale;2024-10-22;2024-10-25;78;4;Catherine Dumont
TIC-002970;CLI-01226;;Formulaire web;Livraison;normale;2025-02-04;2025-02-07;79;4;Catherine Chevalier
TIC-002971;CLI-02068;CTC-006184;Formulaire web;Facturation;haute;2024-12-09;;;;Camille Bertrand
TIC-002972;CLI-01294;;Formulaire web;Réclamation;basse;2024-08-12;2024-08-12;1;4;Thomas Morel
TIC-002973;CLI-02427;CTC-006506;Agence;Livraison;normale;2023-12-19;2023-12-20;32;5;Camille Bertrand
TIC-002974;CLI-02371;CTC-007525;Formulaire web;Demande d’information;normale;2024-06-22;2024-06-24;63;5;Catherine Dumont
TIC-002975;CLI-02149;CTC-000170;Agence;Produit défectueux;haute;2025-03-22;2025-03-24;57;4;Thomas Morel
TIC-002976;CLI-00185;CTC-004817;Formulaire web;Retour;critique;2023-11-15;2023-11-16;29;1;Virginie Henry
TIC-002977;CLI-02135;;Courriel;Facturation;basse;2024-05-07;2024-05-11;98;3;Sébastien Mercier
TIC-002978;CLI-01876;CTC-002414;Courriel;Livraison;normale;2026-02-16;;;;Alexandre Chevalier
TIC-002979;CLI-00969;CTC-002757;Téléphone;Livraison;haute;2025-11-19;2025-11-20;41;5;Catherine Dumont
TIC-002980;CLI-00598;;Agence;Livraison;critique;2025-10-30;2025-10-30;1;1;Léa Durand
TIC-002981;CLI-02498;CTC-004460;Téléphone;Retour;normale;2025-05-05;2025-05-06;33;5;Jérôme Blanc
TIC-002982;CLI-02278;CTC-003777;Formulaire web;Demande d’information;basse;2026-04-04;2026-04-07;88;1;Catherine Chevalier
TIC-002983;CLI-00430;CTC-005540;Courriel;Facturation;normale;2024-04-26;2024-04-28;49;4;Camille Bertrand
TIC-002984;CLI-02283;;Téléphone;Demande d’information;normale;2024-01-13;2024-01-15;67;2;Franck Lefebvre
TIC-002985;CLI-01233;CTC-004087;Formulaire web;Livraison;critique;2026-07-07;2026-07-07;1;3;Catherine Chevalier
TIC-002986;CLI-01301;CTC-001954;Formulaire web;Facturation;basse;2026-06-29;2026-07-01;64;6;Fanny Clément
TIC-002987;CLI-02188;;Agence;Demande d’information;normale;2025-01-25;2025-01-27;60;5;Manon Michel
TIC-002988;CLI-00570;CTC-000083;Courriel;Demande d’information;haute;2026-08-21;2026-08-22;31;4;Franck Lefebvre
TIC-002989;CLI-00818;;Téléphone;Retour;normale;2024-12-06;2024-12-07;43;3;Franck Lefebvre
TIC-002990;CLI-00546;;Agence;Retour;haute;2026-07-26;;;;Jérôme Blanc
TIC-002991;CLI-00780;;Formulaire web;Réclamation;haute;2025-05-05;;;;Catherine Chevalier
TIC-002992;CLI-02268;;Courriel;Réclamation;normale;2026-04-18;2026-04-18;3;5;Léa Durand
TIC-002993;CLI-01044;CTC-004970;Courriel;Livraison;normale;2026-03-08;2026-03-09;40;5;Pauline Durand
TIC-002994;CLI-01994;CTC-001021;Formulaire web;Facturation;haute;2024-07-29;2024-07-29;18;1;Catherine Dumont
TIC-002995;CLI-00375;CTC-006772;Formulaire web;Réclamation;normale;2024-02-27;2024-02-29;49;5;Camille Bertrand
TIC-002996;CLI-01811;CTC-003597;Courriel;Retour;normale;2026-07-09;2026-07-09;17;4;Catherine Dumont
TIC-002997;CLI-00543;CTC-000965;Courriel;Livraison;basse;2025-07-05;2025-07-06;29;3;Sébastien Mercier
TIC-002998;CLI-02267;;Téléphone;Livraison;normale;2024-07-10;2024-07-11;27;5;Alexandre Chevalier
TIC-002999;CLI-01362;CTC-004613;Courriel;Retour;normale;2025-06-18;2025-06-18;5;5;Vincent Richard
TIC-003000;CLI-01972;CTC-005953;Agence;Réclamation;basse;2025-10-08;2025-10-09;43;5;Manon Michel
TIC-003001;CLI-01702;CTC-002799;Formulaire web;Retour;haute;2023-11-05;2023-11-06;34;5;Alexandre Chevalier
TIC-003002;CLI-01079;CTC-004017;Formulaire web;Réclamation;basse;2025-10-19;2025-10-20;28;4;Alexandre Chevalier
TIC-003003;CLI-01511;CTC-007960;Agence;Retour;normale;2025-08-27;2025-08-30;85;1;Alexandre Chevalier
TIC-003004;CLI-00749;CTC-000186;Courriel;Réclamation;normale;2025-06-14;2025-06-17;74;4;Vincent Richard
TIC-003005;CLI-00994;;Téléphone;Retour;normale;2023-09-13;2023-09-18;128;4;Catherine Dumont
TIC-003006;CLI-01925;CTC-002748;Téléphone;Livraison;normale;2026-02-22;2026-02-22;9;2;Catherine Dumont
TIC-003007;CLI-02278;CTC-003777;Formulaire web;Livraison;critique;2026-05-19;2026-05-19;1;2;Julie Dubois
TIC-003008;CLI-00401;CTC-006413;Téléphone;Facturation;normale;2023-11-25;2023-11-26;39;3;Alain Morel
TIC-003009;CLI-02113;;Agence;Demande d’information;normale;2025-02-22;2025-02-24;57;4;Catherine Dumont
TIC-003010;CLI-02326;;Agence;Demande d’information;haute;2024-03-07;2024-03-08;42;5;Vincent Richard
TIC-003011;CLI-01182;;Courriel;Retour;haute;2024-05-02;2024-05-03;25;5;Catherine Dumont
TIC-003012;CLI-01533;CTC-002831;Courriel;Livraison;normale;2024-02-21;;;;Léa Durand
TIC-003013;CLI-01075;CTC-007436;Agence;Retour;basse;2024-04-22;2024-04-24;49;5;Manon Michel
TIC-003014;CLI-01379;CTC-000548;Formulaire web;Demande d’information;basse;2026-04-14;;;;Léa Durand
TIC-003015;CLI-02354;;Courriel;Demande d’information;P1;2026-03-31;2026-04-04;99;4;Virginie Henry
TIC-003016;CLI-02079;CTC-006774;Agence;Produit défectueux;haute;2025-08-09;2025-08-09;1;5;Sébastien Mercier
TIC-003017;CLI-02299;CTC-003218;Téléphone;Livraison;normale;2026-05-27;2026-05-27;1;5;Camille Bertrand
TIC-003018;CLI-01602;;Téléphone;Facturation;basse;2024-08-29;;;;Nathalie Michel
TIC-003019;CLI-01674;CTC-007405;Formulaire web;Réclamation;basse;2025-05-07;2025-05-08;28;3;Pauline Durand
TIC-003020;CLI-00965;;Téléphone;Livraison;normale;2025-07-10;2025-07-10;5;5;Vincent Richard
TIC-003021;CLI-01588;CTC-005351;Formulaire web;Livraison;critique;2024-11-15;2024-11-15;12;1;Thomas Morel
TIC-003022;CLI-01863;CTC-006231;Agence;Demande d’information;normale;2024-12-31;2024-12-31;1;4;Thomas Morel
TIC-003023;CLI-00497;CTC-004009;Téléphone;Facturation;normale;2024-07-03;2024-07-05;60;4;Catherine Chevalier
TIC-003024;CLI-01503;CTC-001467;Courriel;Produit défectueux;normale;2026-07-03;2026-07-04;43;2;Julie Dubois
TIC-003025;CLI-01714;;Agence;Livraison;haute;2026-01-29;2026-01-30;30;4;Sébastien Mercier
TIC-003026;CLI-00689;CTC-004579;Formulaire web;Facturation;normale;2024-06-11;2024-06-11;1;5;Léa Durand
TIC-003027;CLI-01122;CTC-002363;Agence;Retour;basse;2024-05-02;2024-05-04;48;5;Nathalie Michel
TIC-003028;CLI-00822;CTC-007800;Courriel;Demande d’information;haute;2023-10-08;2023-10-10;49;3;Léa Durand
TIC-003029;CLI-01746;;Téléphone;Produit défectueux;normale;2024-10-22;2024-10-22;12;3;Maxime Muller
TIC-003030;CLI-00225;CTC-002241;Courriel;Réclamation;normale;2024-07-02;2024-07-05;72;3;Franck Lefebvre
TIC-003031;CLI-00906;;Courriel;Facturation;normale;2026-03-08;2026-03-09;30;5;Catherine Dumont
TIC-003032;CLI-00293;;Courriel;Demande d’information;basse;2026-06-18;2026-06-21;80;5;Jérôme Blanc
TIC-003033;CLI-00992;;Courriel;Livraison;normale;2025-09-21;2025-09-21;1;1;Thomas Morel
TIC-003034;CLI-00025;CTC-004083;Téléphone;Livraison;normale;2025-10-16;2025-10-16;11;5;Franck Lefebvre
TIC-003035;CLI-01401;CTC-004639;Téléphone;Réclamation;basse;2026-03-30;;;;Sébastien Mercier
TIC-003036;CLI-00741;CTC-004119;Courriel;Livraison;haute;2023-10-22;2023-10-23;39;4;Léa Durand
TIC-003037;CLI-02294;CTC-002090;Formulaire web;Retour;basse;2026-08-01;2026-08-03;49;4;Maxime Muller
TIC-003038;CLI-00235;;Téléphone;Facturation;haute;2026-04-27;2026-04-28;38;4;Thomas Morel
TIC-003039;CLI-00855;CTC-003967;Courriel;Produit défectueux;haute;2026-07-20;2026-07-21;43;5;Catherine Chevalier
TIC-003040;CLI-01622;;Téléphone;Retour;basse;2025-08-18;2025-08-20;57;5;Catherine Chevalier
TIC-003041;CLI-00241;CTC-002590;Formulaire web;Livraison;normale;2024-12-10;2024-12-11;25;5;Léa Durand
TIC-003042;CLI-02080;CTC-004395;Courriel;Réclamation;normale;2025-04-27;;;;Catherine Chevalier
TIC-003043;CLI-00110;CTC-004527;Téléphone;Retour;normale;2024-08-13;2024-08-16;73;5;Catherine Dumont
TIC-003044;CLI-01117;CTC-000865;Formulaire web;Demande d’information;haute;2025-10-16;2025-10-19;76;3;Thomas Morel
TIC-003045;CLI-02018;;Agence;Retour;normale;2026-03-23;2026-03-24;37;5;Alexandre Chevalier
TIC-003046;CLI-01419;CTC-007344;Courriel;Livraison;haute;2025-02-14;2025-02-14;22;5;Virginie Henry
TIC-003047;CLI-02023;CTC-001498;Agence;Facturation;haute;2025-01-31;2025-02-02;68;4;Vincent Richard
TIC-003048;CLI-02248;CTC-007757;Formulaire web;Retour;normale;2024-03-22;;;;Catherine Dumont
TIC-003049;CLI-01401;CTC-006737;Téléphone;Produit défectueux;normale;2025-03-12;2025-03-14;59;4;Julie Dubois
TIC-003050;CLI-02346;CTC-007352;Courriel;Facturation;haute;2026-04-01;2026-04-02;35;5;Sébastien Mercier
TIC-003051;CLI-00867;;Agence;Demande d’information;haute;2026-05-06;2026-05-09;72;4;Virginie Henry
TIC-003052;CLI-01005;CTC-003358;Agence;Livraison;haute;2024-02-08;2024-02-10;63;4;Alain Morel
TIC-003053;CLI-00376;CTC-000498;Téléphone;Retour;normale;2025-12-02;;;;Franck Lefebvre
TIC-003054;CLI-00260;CTC-002464;Téléphone;Retour;normale;2023-11-15;2023-11-17;66;4;Léa Durand
TIC-003055;CLI-02498;CTC-004460;Formulaire web;Produit défectueux;normale;2023-11-09;;;;Pauline Durand
TIC-003056;CLI-00960;CTC-007134;Agence;Retour;basse;2024-08-25;2024-08-27;69;3;Nathalie Michel
TIC-003057;CLI-00983;CTC-005734;Téléphone;Demande d’information;normale;2026-07-13;2026-07-15;67;4;Nathalie Michel
TIC-003058;CLI-00060;;Agence;Livraison;normale;2024-02-02;2024-02-02;1;3;Fanny Clément
TIC-003059;CLI-00516;;Téléphone;Réclamation;normale;2025-01-29;2025-01-29;2;5;Vincent Richard
TIC-003060;CLI-01501;;Téléphone;Demande d’information;haute;2024-08-18;2024-08-18;1;5;Fanny Clément
TIC-003061;CLI-01058;;Formulaire web;Livraison;basse;2026-08-05;2026-08-07;49;2;Jérôme Blanc
TIC-003062;CLI-00650;CTC-001193;Agence;Produit défectueux;haute;2024-08-14;2024-08-16;52;4;Jérôme Blanc
TIC-003063;CLI-01753;CTC-004957;Courriel;Réclamation;critique;2024-07-05;2024-07-06;29;5;Thomas Morel
TIC-003064;CLI-02240;;Formulaire web;Facturation;normale;2024-06-08;2024-06-10;53;5;Alain Morel
TIC-003065;CLI-00916;CTC-007312;Courriel;Produit défectueux;normale;2025-12-26;;;;Jérôme Blanc
TIC-003066;CLI-00767;CTC-001046;Courriel;Produit défectueux;critique;2026-05-26;2026-05-26;1;5;Nathalie Michel
TIC-003067;CLI-02487;;Téléphone;Retour;normale;2024-04-23;2024-04-25;50;3;Catherine Chevalier
TIC-003068;CLI-00903;CTC-004799;Formulaire web;Réclamation;normale;2025-07-17;2025-07-17;1;4;Pauline Durand
TIC-003069;CLI-00176;;Formulaire web;Facturation;haute;2025-01-28;2025-01-28;1;3;Camille Bertrand
TIC-003070;CLI-00322;;Courriel;Retour;normale;2023-10-26;2023-10-22;1;5;Léa Durand
TIC-003071;CLI-00888;CTC-003568;Téléphone;Réclamation;normale;2023-09-30;2023-10-02;70;4;Catherine Dumont
TIC-003072;CLI-00537;CTC-001640;Formulaire web;Demande d’information;normale;2024-05-01;2024-05-03;55;5;Sébastien Mercier
TIC-003073;CLI-01770;CTC-007377;Téléphone;Réclamation;normale;2023-09-17;2023-09-18;43;2;Manon Michel
TIC-003074;CLI-01091;;Formulaire web;Facturation;basse;2025-05-11;2025-05-12;36;4;Fanny Clément
TIC-003075;CLI-02116;CTC-007068;Formulaire web;Produit défectueux;normale;2023-11-09;2023-11-09;7;5;Léa Durand
TIC-003076;CLI-00322;;Courriel;Réclamation;normale;2025-05-04;2025-05-04;8;5;Alexandre Chevalier
TIC-003077;CLI-00937;;Téléphone;Facturation;basse;2024-12-13;2024-12-13;14;3;Virginie Henry
TIC-003078;CLI-02301;CTC-002901;Formulaire web;Réclamation;critique;2024-02-16;2024-02-16;1;5;Catherine Dumont
TIC-003079;CLI-00652;CTC-004035;Téléphone;Retour;normale;2024-05-22;2024-05-24;51;5;Camille Bertrand
TIC-003080;CLI-00234;CTC-003300;Courriel;Facturation;basse;2026-05-21;2026-05-23;59;2;Pauline Durand
TIC-003081;CLI-00173;CTC-002618;Téléphone;Facturation;basse;2025-04-05;2025-04-07;70;4;Fanny Clément
TIC-003082;CLI-01358;CTC-001346;Formulaire web;Réclamation;critique;2023-11-24;2023-11-26;52;3;Catherine Chevalier
TIC-003083;CLI-00506;CTC-000905;Agence;Demande d’information;normale;2025-05-25;2025-05-26;45;4;Franck Lefebvre
TIC-003084;CLI-02110;;Agence;Livraison;normale;2025-09-20;2025-09-22;65;3;Catherine Dumont
TIC-003085;CLI-02182;;Formulaire web;Facturation;normale;2023-11-18;2023-11-20;59;3;Vincent Richard
TIC-003086;CLI-00793;CTC-001928;Formulaire web;Facturation;normale;2024-01-16;2024-01-18;55;5;Nathalie Michel
TIC-003087;CLI-01478;CTC-001799;Courriel;Demande d’information;haute;2024-01-11;2024-01-13;53;4;Julie Dubois
TIC-003088;CLI-00488;;Formulaire web;Livraison;normale;2024-10-05;2024-10-06;45;4;Vincent Richard
TIC-003089;CLI-01615;;Téléphone;Demande d’information;haute;2025-05-25;2025-05-26;27;5;Catherine Chevalier
TIC-003090;CLI-01025;;Agence;Facturation;basse;2024-12-19;2024-12-23;99;3;Vincent Richard
TIC-003091;CLI-00262;CTC-000164;Courriel;Livraison;haute;2025-04-16;2025-04-17;42;3;Jérôme Blanc
TIC-003092;CLI-01683;;Formulaire web;Réclamation;normale;2026-03-05;2026-03-07;63;5;Franck Lefebvre
TIC-003093;CLI-01137;CTC-007759;Téléphone;Produit défectueux;normale;2024-09-09;2024-09-10;27;4;Alain Morel
TIC-003094;CLI-00999;CTC-002107;Courriel;Demande d’information;normale;2025-02-27;2025-02-28;26;5;Manon Michel
TIC-003095;CLI-00886;;Courriel;Facturation;normale;2025-12-31;2026-01-01;44;3;Pauline Durand
TIC-003096;CLI-00324;;Agence;Réclamation;normale;2025-09-13;2025-09-14;25;1;Alain Morel
TIC-003097;CLI-02434;CTC-006576;Agence;Retour;normale;2026-07-17;2026-07-18;47;4;Thomas Morel
TIC-003098;CLI-01036;CTC-000393;Formulaire web;Retour;critique;2024-06-25;2024-06-25;1;5;Camille Bertrand
TIC-003099;CLI-01573;;Courriel;Réclamation;normale;2025-05-16;2025-05-16;1;2;Camille Bertrand
TIC-003100;CLI-01523;CTC-001809;Téléphone;Facturation;normale;2023-10-20;2023-10-21;37;5;Catherine Chevalier
TIC-003101;CLI-02014;CTC-005676;Téléphone;Produit défectueux;normale;2024-01-28;2024-01-28;1;4;Julie Dubois
TIC-003102;CLI-01694;CTC-000576;Courriel;Demande d’information;haute;2026-04-23;2026-04-24;44;4;Nathalie Michel
TIC-003103;CLI-00054;CTC-005249;Téléphone;Livraison;normale;2024-02-06;2024-02-09;86;4;Sébastien Mercier
TIC-003104;CLI-00545;;Agence;Retour;haute;2024-10-05;2024-10-05;18;3;Nathalie Michel
TIC-003105;CLI-02355;CTC-000641;Formulaire web;Facturation;haute;2025-07-02;2025-07-07;126;2;Léa Durand
TIC-003106;CLI-02301;CTC-007882;Agence;Réclamation;haute;2025-06-25;2025-06-25;15;4;Catherine Chevalier
TIC-003107;CLI-01410;CTC-005876;Courriel;Réclamation;normale;2024-06-11;2024-06-12;27;3;Camille Bertrand
TIC-003108;CLI-00241;CTC-003064;Agence;Réclamation;basse;2025-09-24;2025-09-24;2;4;Alexandre Chevalier
TIC-003109;CLI-02169;CTC-001700;Agence;Facturation;normale;2024-09-02;2024-09-03;30;5;Maxime Muller
TIC-003110;CLI-00407;CTC-002585;Agence;Facturation;basse;2023-12-07;2023-12-07;1;2;Franck Lefebvre
TIC-003111;CLI-01500;CTC-005785;Formulaire web;Produit défectueux;basse;2025-05-22;2025-05-22;16;4;Alexandre Chevalier
TIC-003112;CLI-02345;CTC-007063;Courriel;Demande d’information;normale;2025-03-10;2025-03-13;73;3;Thomas Morel
TIC-003113;CLI-02314;;Téléphone;Retour;normale;2026-04-19;2026-04-19;10;1;Catherine Dumont
TIC-003114;CLI-01091;CTC-004989;Formulaire web;Retour;normale;2026-03-17;2026-03-17;21;3;Thomas Morel
TIC-003115;CLI-00331;CTC-004862;Téléphone;Demande d’information;haute;2026-05-03;2026-05-05;50;5;Virginie Henry
TIC-003116;CLI-00781;CTC-002351;Téléphone;Retour;basse;2025-02-26;2025-02-27;40;3;Alain Morel
TIC-003117;CLI-00021;CTC-002100;Téléphone;Livraison;basse;2026-08-27;2026-08-27;1;5;Virginie Henry
TIC-003118;CLI-01177;;Agence;Demande d’information;normale;2024-02-10;2024-02-12;69;5;Maxime Muller
TIC-003119;CLI-01319;;Courriel;Réclamation;critique;2023-12-12;2023-12-13;28;4;Maxime Muller
TIC-003120;CLI-00287;;Courriel;Produit défectueux;basse;2026-08-08;2026-08-08;1;5;Camille Bertrand
TIC-003121;CLI-01598;CTC-007085;Formulaire web;Livraison;normale;2026-05-16;2026-05-18;57;5;Nathalie Michel
TIC-003122;CLI-00746;;Téléphone;Demande d’information;basse;2024-05-18;2024-05-19;29;4;Pauline Durand
TIC-003123;CLI-00036;;Agence;Demande d’information;normale;2026-03-18;2026-03-21;72;5;Nathalie Michel
TIC-003124;CLI-00361;;Formulaire web;Retour;basse;2024-09-28;2024-09-30;48;3;Alexandre Chevalier
TIC-003125;CLI-02275;CTC-000123;Formulaire web;Livraison;normale;2024-02-01;2024-02-03;64;4;Manon Michel
TIC-003126;CLI-01911;CTC-004180;Formulaire web;Produit défectueux;normale;2024-06-28;2024-06-28;1;4;Alain Morel
TIC-003127;CLI-01834;;Formulaire web;Réclamation;normale;2024-12-06;2024-12-07;44;3;Nathalie Michel
TIC-003128;CLI-02484;CTC-006609;Téléphone;Livraison;normale;2025-03-26;2025-03-26;11;5;Maxime Muller
TIC-003129;CLI-01100;;Courriel;Demande d’information;normale;2025-09-21;2025-09-24;72;5;Manon Michel
TIC-003130;CLI-02396;;Agence;Retour;normale;2026-07-15;2026-07-15;12;4;Thomas Morel
TIC-003131;CLI-00978;;Courriel;Livraison;normale;2026-02-24;2026-02-26;54;1;Nathalie Michel
TIC-003132;CLI-01443;CTC-004440;Formulaire web;Produit défectueux;haute;2025-02-19;2025-02-21;56;5;Franck Lefebvre
TIC-003133;CLI-01713;CTC-004158;Téléphone;Facturation;basse;2025-02-21;2025-02-21;1;5;Sébastien Mercier
TIC-003134;CLI-00174;CTC-000334;Courriel;Demande d’information;critique;2025-04-10;2025-04-10;1;4;Franck Lefebvre
TIC-003135;CLI-00153;CTC-003223;Courriel;Réclamation;haute;2024-11-28;2024-11-30;66;4;Catherine Dumont
TIC-003136;CLI-00483;;Formulaire web;Facturation;normale;2024-09-04;2024-09-05;45;5;Jérôme Blanc
TIC-003137;CLI-01114;CTC-004916;Formulaire web;Retour;basse;2024-05-14;2024-05-15;26;5;Thomas Morel
TIC-003138;CLI-01913;CTC-004186;Téléphone;Produit défectueux;normale;2024-06-16;2024-06-17;47;4;Julie Dubois
TIC-003139;CLI-02212;;Courriel;Réclamation;normale;2025-03-14;2025-03-17;89;5;Julie Dubois
TIC-003140;CLI-02038;;Agence;Livraison;normale;2025-02-24;2025-02-26;49;1;Virginie Henry
TIC-003141;CLI-00916;CTC-004608;Formulaire web;Réclamation;normale;2023-10-20;2023-10-21;44;3;Jérôme Blanc
TIC-003142;CLI-01866;CTC-001590;Téléphone;Retour;haute;2025-06-14;2025-06-16;51;4;Julie Dubois
TIC-003143;CLI-02347;CTC-002519;Formulaire web;Retour;normale;2026-02-16;2026-02-18;58;4;Léa Durand
TIC-003144;CLI-01454;CTC-004215;Courriel;Réclamation;normale;2024-12-30;2024-12-30;10;5;Franck Lefebvre
TIC-003145;CLI-01508;;Téléphone;Réclamation;normale;2026-04-01;2026-04-01;22;2;Manon Michel
TIC-003146;CLI-01587;CTC-003105;Formulaire web;Réclamation;normale;2025-01-12;2025-01-12;22;5;Manon Michel
TIC-003147;CLI-02256;CTC-006956;Téléphone;Réclamation;normale;2026-06-16;2026-06-19;73;5;Pauline Durand
TIC-003148;CLI-00155;CTC-004363;Formulaire web;Livraison;normale;2024-07-05;2024-07-06;24;1;Vincent Richard
TIC-003149;CLI-00392;CTC-007532;Agence;Livraison;basse;2026-01-01;2026-01-02;37;4;Léa Durand
TIC-003150;CLI-00139;CTC-000537;Courriel;Produit défectueux;normale;2024-06-02;2024-06-05;73;5;Pauline Durand
TIC-003151;CLI-00694;;Formulaire web;Facturation;haute;2026-06-24;2026-06-25;40;5;Thomas Morel
TIC-003152;CLI-01714;;Formulaire web;Retour;basse;2024-07-11;2024-07-13;67;5;Virginie Henry
TIC-003153;CLI-00499;;Courriel;Livraison;normale;2025-06-10;2025-06-10;23;5;Pauline Durand
TIC-003154;CLI-01860;;Agence;Facturation;haute;2024-10-21;2024-10-21;23;5;Catherine Chevalier
TIC-003155;CLI-02043;CTC-002012;Téléphone;Demande d’information;basse;2026-03-07;2026-03-08;25;4;Vincent Richard
TIC-003156;CLI-00166;CTC-007716;Agence;Retour;normale;2024-03-21;;;;Vincent Richard
TIC-003157;CLI-02012;CTC-003039;Formulaire web;Facturation;normale;2026-07-03;2026-07-04;32;4;Alain Morel
TIC-003158;CLI-02077;;Téléphone;Livraison;normale;2026-05-27;2026-05-30;93;4;Catherine Dumont
TIC-003159;CLI-02313;;Formulaire web;Livraison;haute;2026-05-19;2026-05-19;6;5;Camille Bertrand
TIC-003160;CLI-01253;;Formulaire web;Produit défectueux;normale;2025-10-22;2025-10-23;25;3;Pauline Durand
TIC-003161;CLI-00028;CTC-001130;Formulaire web;Facturation;normale;2026-03-17;2026-03-17;19;3;Catherine Chevalier
TIC-003162;CLI-00496;CTC-003030;Courriel;Livraison;normale;2024-02-05;2024-02-07;51;5;Thomas Morel
TIC-003163;CLI-00527;;Agence;Réclamation;normale;2023-09-30;;;;Virginie Henry
TIC-003164;CLI-00107;CTC-004001;Formulaire web;Réclamation;normale;2026-07-05;2026-07-06;46;1;Nathalie Michel
TIC-003165;CLI-02251;CTC-000669;Agence;Facturation;haute;2024-02-15;2024-02-16;29;5;Catherine Dumont
TIC-003166;CLI-01785;;Formulaire web;Retour;haute;2025-08-14;2025-08-15;28;5;Alain Morel
TIC-003167;CLI-02125;CTC-002961;Formulaire web;Produit défectueux;haute;2025-05-09;2025-05-09;1;5;Maxime Muller
TIC-003168;CLI-01211;CTC-005451;Courriel;Demande d’information;normale;2025-01-14;2025-01-17;85;5;Catherine Chevalier
TIC-003169;CLI-01164;CTC-002857;Agence;Demande d’information;haute;2024-07-12;2024-07-14;50;4;Catherine Chevalier
TIC-003170;CLI-01661;CTC-006629;Téléphone;Facturation;normale;2025-02-25;2025-02-26;42;2;Franck Lefebvre
TIC-003171;CLI-00997;CTC-001442;Formulaire web;Retour;normale;2026-07-07;2026-07-10;93;4;Jérôme Blanc
TIC-003172;CLI-00321;CTC-006273;Agence;Facturation;haute;2025-05-08;2025-05-10;66;3;Camille Bertrand
TIC-003173;CLI-02117;;Formulaire web;Produit défectueux;normale;2025-05-25;2025-05-25;15;5;Maxime Muller
TIC-003174;CLI-00612;;Courriel;Produit défectueux;normale;2024-05-07;2024-05-08;32;2;Jérôme Blanc
TIC-003175;CLI-00500;CTC-002129;Courriel;Retour;basse;2024-03-06;2024-03-07;25;5;Franck Lefebvre
TIC-003176;CLI-02072;CTC-004010;Formulaire web;Produit défectueux;normale;2025-07-18;2025-07-20;52;5;Léa Durand
TIC-003177;CLI-02417;CTC-005231;Formulaire web;Réclamation;normale;2024-07-17;2024-07-19;59;2;Catherine Chevalier
TIC-003178;CLI-00692;CTC-007368;Courriel;Retour;basse;2026-03-20;;;;Camille Bertrand
TIC-003179;CLI-01428;;Formulaire web;Réclamation;normale;2025-06-22;;;;Vincent Richard
TIC-003180;CLI-01235;;Agence;Demande d’information;basse;2024-03-19;2024-03-20;28;5;Thomas Morel
TIC-003181;CLI-02270;CTC-000037;Agence;Réclamation;basse;2026-02-17;2026-02-18;46;3;Pauline Durand
TIC-003182;CLI-02401;CTC-004829;Téléphone;Demande d’information;normale;2024-09-20;2024-09-22;48;2;Maxime Muller
TIC-003183;CLI-00283;;Téléphone;Retour;normale;2024-03-23;2024-03-25;64;5;Catherine Dumont
TIC-003184;CLI-02261;CTC-004054;Téléphone;Facturation;haute;2023-09-30;2023-10-02;70;5;Manon Michel
TIC-003185;CLI-01117;CTC-006929;Agence;Demande d’information;basse;2025-08-30;;;;Julie Dubois
TIC-003186;CLI-00827;CTC-000001;Téléphone;Facturation;haute;2025-07-17;2025-07-17;15;3;Fanny Clément
TIC-003187;CLI-00191;CTC-001085;Courriel;Livraison;normale;2024-04-11;2024-04-13;66;5;Alexandre Chevalier
TIC-003188;CLI-01998;CTC-003751;Formulaire web;Demande d’information;basse;2023-11-02;2023-11-02;1;2;Alexandre Chevalier
TIC-003189;CLI-02429;;Formulaire web;Retour;normale;2025-10-05;2025-10-08;92;3;Pauline Durand
TIC-003190;CLI-00494;CTC-002616;Téléphone;Demande d’information;basse;2024-08-16;2024-08-17;40;5;Pauline Durand
TIC-003191;CLI-00714;;Formulaire web;Retour;basse;2026-08-25;2026-08-25;7;4;Sébastien Mercier
TIC-003192;CLI-01934;;Courriel;Produit défectueux;basse;2026-03-16;2026-03-16;1;4;Catherine Dumont
TIC-003193;CLI-01926;;Téléphone;Demande d’information;normale;2024-01-02;2024-01-03;39;5;Camille Bertrand
TIC-003194;CLI-00858;CTC-003207;Formulaire web;Retour;basse;2026-02-14;2026-02-14;4;3;Camille Bertrand
TIC-003195;CLI-00410;;Formulaire web;Produit défectueux;normale;2025-12-21;2025-12-21;23;3;Jérôme Blanc
TIC-003196;CLI-00643;;Formulaire web;Livraison;critique;2025-03-23;2025-03-24;37;5;Virginie Henry
TIC-003197;CLI-01633;CTC-007218;Courriel;Livraison;basse;2024-03-01;2024-03-04;77;3;Thomas Morel
TIC-003198;CLI-01449;CTC-003310;Agence;Réclamation;normale;2025-10-02;2025-10-03;38;4;Alain Morel
TIC-003199;CLI-00951;CTC-007340;Formulaire web;Réclamation;normale;2024-05-29;2024-06-01;74;4;Pauline Durand
TIC-003200;CLI-02194;;Formulaire web;Réclamation;basse;2024-01-15;2024-01-15;1;4;Léa Durand
TIC-003201;CLI-02339;CTC-005508;Formulaire web;Facturation;critique;2025-08-20;2025-08-20;1;5;Maxime Muller
TIC-003202;CLI-00002;CTC-002794;Agence;Facturation;normale;2025-04-30;2025-04-30;8;1;Manon Michel
TIC-003203;CLI-01066;CTC-003998;Agence;Demande d’information;normale;2025-07-10;2025-07-10;11;5;Manon Michel
TIC-003204;CLI-00307;;Téléphone;Retour;haute;2025-10-20;2025-10-20;1;4;Jérôme Blanc
TIC-003205;CLI-02402;CTC-004303;Téléphone;Facturation;haute;2025-07-29;2025-07-29;1;3;Manon Michel
TIC-003206;CLI-00592;CTC-007969;Formulaire web;Produit défectueux;basse;2023-12-03;2023-12-03;4;4;Nathalie Michel
TIC-003207;CLI-02152;;Formulaire web;Facturation;normale;2025-06-30;2025-06-30;1;5;Alexandre Chevalier
TIC-003208;CLI-02118;CTC-000183;Formulaire web;Produit défectueux;critique;2026-02-11;2026-02-11;1;5;Virginie Henry
TIC-003209;CLI-00005;;Téléphone;Facturation;basse;2025-05-28;;;;Manon Michel
TIC-003210;CLI-01857;;Agence;Retour;haute;2025-08-08;2025-08-08;1;2;Maxime Muller
TIC-003211;CLI-00606;CTC-004216;Formulaire web;Réclamation;normale;2025-01-24;2025-01-24;1;4;Catherine Chevalier
TIC-003212;CLI-01714;;Agence;Facturation;basse;2024-12-08;2024-12-09;34;1;Catherine Dumont
TIC-003213;CLI-02350;CTC-006633;Téléphone;Demande d’information;normale;2025-04-11;2025-04-11;9;3;Thomas Morel
TIC-003214;CLI-01879;CTC-002664;Formulaire web;Livraison;haute;2024-06-28;2024-06-28;1;3;Julie Dubois
TIC-003215;CLI-01245;CTC-000606;Formulaire web;Réclamation;basse;2024-06-09;2024-06-10;25;2;Pauline Durand
TIC-003216;CLI-00569;;Courriel;Demande d’information;normale;2026-05-10;2026-05-13;85;4;Thomas Morel
TIC-003217;CLI-00127;CTC-006528;Téléphone;Réclamation;haute;2024-01-11;2024-01-11;18;2;Maxime Muller
TIC-003218;CLI-01760;CTC-004629;Courriel;Retour;basse;2024-08-31;2024-09-03;87;5;Thomas Morel
TIC-003219;CLI-01870;CTC-003068;Téléphone;Demande d’information;basse;2024-09-27;2024-09-28;37;4;Virginie Henry
TIC-003220;CLI-00182;CTC-002750;Agence;Livraison;critique;2025-12-01;2025-12-01;17;3;Maxime Muller
TIC-003221;CLI-02376;;Formulaire web;Livraison;haute;2024-04-30;2024-05-01;32;5;Maxime Muller
TIC-003222;CLI-01151;;Téléphone;Réclamation;critique;2025-01-11;2025-01-12;45;3;Alexandre Chevalier
TIC-003223;CLI-01786;CTC-003337;Téléphone;Facturation;normale;2024-11-03;2024-11-05;57;5;Virginie Henry
TIC-003224;CLI-01692;CTC-006992;Courriel;Produit défectueux;normale;2025-04-26;2025-04-27;40;5;Alexandre Chevalier
TIC-003225;CLI-00615;CTC-007954;Formulaire web;Facturation;normale;2025-08-15;2025-08-16;36;4;Catherine Chevalier
TIC-003226;CLI-01994;CTC-001021;Téléphone;Produit défectueux;normale;2024-06-20;2024-06-21;43;5;Franck Lefebvre
TIC-003227;CLI-00379;CTC-006406;Téléphone;Livraison;normale;2025-07-24;2025-07-26;63;4;Manon Michel
TIC-003228;CLI-02096;CTC-002296;Téléphone;Retour;normale;2025-11-16;2025-11-18;48;2;Catherine Chevalier
TIC-003229;CLI-01227;CTC-001464;Courriel;Produit défectueux;basse;2024-11-01;2024-11-02;27;4;Fanny Clément
TIC-003230;CLI-01173;CTC-003252;Téléphone;Demande d’information;haute;2026-06-26;2026-06-26;20;5;Camille Bertrand
TIC-003231;CLI-01743;CTC-000782;Téléphone;Produit défectueux;normale;2026-02-15;2026-02-17;69;5;Manon Michel
TIC-003232;CLI-00834;CTC-002329;Courriel;Livraison;haute;2026-08-16;2026-08-17;39;3;Fanny Clément
TIC-003233;CLI-00299;CTC-007734;Téléphone;Demande d’information;critique;2025-04-08;2025-04-08;1;4;Thomas Morel
TIC-003234;CLI-01052;CTC-005729;Courriel;Réclamation;haute;2023-10-02;2023-10-06;96;1;Alexandre Chevalier
TIC-003235;CLI-00513;CTC-000736;Téléphone;Retour;haute;2025-10-20;2025-10-22;55;5;Alain Morel
TIC-003236;CLI-00180;;Téléphone;Retour;normale;2023-12-18;2023-12-19;36;4;Jérôme Blanc
TIC-003237;CLI-00293;CTC-004144;Formulaire web;Facturation;basse;2025-12-07;2025-12-09;48;3;Catherine Chevalier
TIC-003238;CLI-01432;CTC-002313;Agence;Livraison;normale;2024-02-25;2024-02-26;27;4;Vincent Richard
TIC-003239;CLI-00803;;Formulaire web;Réclamation;normale;2024-06-13;;;;Julie Dubois
TIC-003240;CLI-00998;CTC-000839;Courriel;Retour;P1;2024-01-06;;;;Maxime Muller
TIC-003241;CLI-00104;CTC-001514;Formulaire web;Demande d’information;haute;2025-03-14;2025-03-16;52;4;Alexandre Chevalier
TIC-003242;CLI-00950;CTC-006411;Agence;Retour;normale;2023-11-02;2023-11-05;79;4;Thomas Morel
TIC-003243;CLI-01405;CTC-000971;Agence;Facturation;normale;2023-11-07;;;;Maxime Muller
TIC-003244;CLI-00139;CTC-004566;Téléphone;Réclamation;basse;2025-11-19;2025-11-20;37;5;Manon Michel
TIC-003245;CLI-00783;CTC-004425;Téléphone;Demande d’information;basse;2024-01-16;2024-01-17;28;5;Nathalie Michel
TIC-003246;CLI-02241;CTC-007796;Courriel;Réclamation;haute;2025-02-16;2025-02-18;50;3;Alexandre Chevalier
TIC-003247;CLI-01719;;Téléphone;Facturation;basse;2026-09-02;2026-09-04;56;3;Nathalie Michel
TIC-003248;CLI-00826;CTC-005698;Formulaire web;Facturation;normale;2024-09-12;2024-09-15;80;2;Manon Michel
TIC-003249;CLI-01477;;Téléphone;Livraison;basse;2025-11-04;2025-11-04;21;2;Fanny Clément
TIC-003250;CLI-00378;;Téléphone;Réclamation;basse;2024-02-17;2024-02-17;1;4;Franck Lefebvre
TIC-003251;CLI-00653;CTC-001279;Agence;Livraison;basse;2025-11-06;2025-11-08;53;5;Sébastien Mercier
TIC-003252;CLI-00852;CTC-005767;Agence;Retour;haute;2025-02-03;2025-02-04;43;5;Manon Michel
TIC-003253;CLI-00181;CTC-007555;Courriel;Demande d’information;haute;2023-10-30;2023-11-01;63;5;Maxime Muller
TIC-003254;CLI-01643;;Formulaire web;Retour;normale;2025-06-26;2025-06-26;16;5;Catherine Chevalier
TIC-003255;CLI-01270;CTC-000656;Téléphone;Produit défectueux;critique;2025-08-11;2025-08-11;1;4;Sébastien Mercier
TIC-003256;CLI-01701;CTC-005750;Courriel;Produit défectueux;basse;2024-07-15;2024-07-16;31;4;Alexandre Chevalier
TIC-003257;CLI-00338;;Courriel;Produit défectueux;basse;2025-02-26;;;;Julie Dubois
TIC-003258;CLI-01327;CTC-002768;Courriel;Produit défectueux;normale;2026-04-26;2026-04-27;32;3;Alexandre Chevalier
TIC-003259;CLI-00221;CTC-007161;Courriel;Facturation;basse;2023-10-28;2023-10-31;85;5;Franck Lefebvre
TIC-003260;CLI-02284;;Téléphone;Réclamation;critique;2024-04-29;;;;Catherine Chevalier
TIC-003261;CLI-01558;CTC-005586;Agence;Produit défectueux;haute;2024-05-28;2024-05-30;53;4;Pauline Durand
TIC-003262;CLI-02115;CTC-006035;Téléphone;Livraison;normale;2025-07-11;2025-07-12;43;2;Camille Bertrand
TIC-003263;CLI-00865;CTC-005416;Courriel;Réclamation;normale;2025-03-29;2025-03-29;1;4;Léa Durand
TIC-003264;CLI-00684;CTC-007450;Courriel;Demande d’information;basse;2024-09-23;2024-09-24;26;1;Franck Lefebvre
TIC-003265;CLI-00715;CTC-002763;Formulaire web;Facturation;normale;2024-04-25;2024-04-25;22;4;Maxime Muller
TIC-003266;CLI-00347;;Téléphone;Facturation;normale;2026-03-15;2026-03-19;107;1;Manon Michel
TIC-003267;CLI-01862;;Formulaire web;Livraison;basse;2024-03-26;2024-03-29;79;3;Manon Michel
TIC-003268;CLI-01848;CTC-000219;Agence;Livraison;normale;2024-10-02;2024-10-02;17;2;Alain Morel
TIC-003269;CLI-01020;CTC-004123;Courriel;Réclamation;normale;2025-02-10;2025-02-13;84;2;Catherine Dumont
TIC-003270;CLI-00657;CTC-001295;Courriel;Facturation;normale;2026-02-25;2026-02-26;28;4;Fanny Clément
TIC-003271;CLI-02242;;Téléphone;Réclamation;normale;2023-12-04;2023-12-05;37;4;Julie Dubois
TIC-003272;CLI-02323;CTC-001136;Agence;Retour;critique;2026-04-25;2026-04-25;1;5;Camille Bertrand
TIC-003273;CLI-01419;CTC-005927;Courriel;Retour;normale;2024-03-20;2024-03-20;8;1;Fanny Clément
TIC-003274;CLI-00718;;Formulaire web;Réclamation;normale;2024-09-21;2024-09-21;22;3;Jérôme Blanc
TIC-003275;CLI-01352;CTC-004552;Téléphone;Livraison;haute;2023-11-29;2023-11-29;13;4;Manon Michel
TIC-003276;CLI-01483;CTC-006983;Agence;Livraison;basse;2024-03-20;2024-03-21;25;3;Alain Morel
TIC-003277;CLI-01701;CTC-000648;Courriel;Demande d’information;normale;2025-07-25;2025-07-25;3;4;Pauline Durand
TIC-003278;CLI-00647;CTC-000667;Téléphone;Produit défectueux;normale;2024-03-02;2024-03-03;34;5;Fanny Clément
TIC-003279;CLI-01155;CTC-001293;Agence;Demande d’information;haute;2025-10-02;2025-10-03;32;4;Nathalie Michel
TIC-003280;CLI-00709;;Téléphone;Livraison;haute;2025-08-06;2025-08-08;54;5;Virginie Henry
TIC-003281;CLI-00970;CTC-001941;Agence;Facturation;haute;2024-07-31;2024-08-01;35;1;Alain Morel
TIC-003282;CLI-00440;CTC-003614;Formulaire web;Produit défectueux;haute;2025-03-10;2025-03-10;1;4;Catherine Dumont
TIC-003283;CLI-00857;CTC-006113;Téléphone;Facturation;haute;2025-06-26;2025-06-28;66;3;Fanny Clément
TIC-003284;CLI-00296;CTC-002034;Téléphone;Livraison;basse;2024-06-10;;;;Nathalie Michel
TIC-003285;CLI-00737;;Formulaire web;Retour;normale;2023-11-02;;;;Alexandre Chevalier
TIC-003286;CLI-01753;CTC-004957;Téléphone;Facturation;normale;2026-02-08;;;;Alexandre Chevalier
TIC-003287;CLI-02123;CTC-003089;Téléphone;Demande d’information;haute;2025-10-06;2025-10-06;12;3;Virginie Henry
TIC-003288;CLI-00490;CTC-001557;Formulaire web;Retour;normale;2026-08-19;2026-08-19;4;4;Pauline Durand
TIC-003289;CLI-01000;CTC-006584;Formulaire web;Retour;basse;2023-12-03;2023-12-04;34;5;Fanny Clément
TIC-003290;CLI-00702;CTC-004532;Téléphone;Réclamation;normale;2025-09-08;2025-09-08;22;1;Vincent Richard
TIC-003291;CLI-02230;CTC-002112;Formulaire web;Demande d’information;normale;2026-03-25;2026-03-26;31;3;Alain Morel
TIC-003292;CLI-02283;;Téléphone;Demande d’information;haute;2024-10-23;2024-10-23;1;5;Sébastien Mercier
TIC-003293;CLI-01673;;Formulaire web;Produit défectueux;critique;2024-11-20;2024-11-21;25;5;Nathalie Michel
TIC-003294;CLI-01768;;Formulaire web;Facturation;haute;2025-01-26;2025-01-26;1;3;Maxime Muller
TIC-003295;CLI-02491;CTC-001728;Téléphone;Demande d’information;normale;2026-04-24;2026-04-24;1;3;Alexandre Chevalier
TIC-003296;CLI-00702;CTC-002052;Courriel;Retour;normale;2026-01-19;2026-01-21;48;4;Vincent Richard
TIC-003297;CLI-01119;CTC-000884;Agence;Réclamation;normale;2025-11-25;2025-11-25;1;5;Fanny Clément
TIC-003298;CLI-00414;;Téléphone;Livraison;normale;2024-04-29;2024-04-29;18;5;Franck Lefebvre
TIC-003299;CLI-02479;;Téléphone;Retour;normale;2026-01-07;2026-01-09;57;3;Manon Michel
TIC-003300;CLI-01643;;Courriel;Réclamation;normale;2026-06-07;2026-06-08;33;5;Pauline Durand
TIC-003301;CLI-01658;CTC-001363;Formulaire web;Livraison;normale;2024-03-13;2024-03-14;30;5;Virginie Henry
TIC-003302;CLI-02075;CTC-003769;Courriel;Retour;basse;2023-10-21;2023-10-22;40;1;Pauline Durand
TIC-003303;CLI-00835;CTC-002851;Agence;Réclamation;haute;2024-12-27;2024-12-29;61;3;Manon Michel
TIC-003304;CLI-00869;;Téléphone;Livraison;normale;2025-03-24;2025-03-25;36;5;Fanny Clément
TIC-003305;CLI-00247;CTC-006032;Agence;Réclamation;normale;2023-10-12;2023-10-12;19;5;Julie Dubois
TIC-003306;CLI-01087;CTC-006534;Formulaire web;Retour;basse;2024-10-26;2024-10-27;42;4;Catherine Dumont
TIC-003307;CLI-01202;CTC-001974;Formulaire web;Demande d’information;normale;2025-01-19;2025-01-22;79;2;Léa Durand
TIC-003308;CLI-01259;CTC-005959;Courriel;Retour;basse;2023-10-24;;;;Franck Lefebvre
TIC-003309;CLI-00097;CTC-002558;Formulaire web;Demande d’information;haute;2025-12-19;2025-12-19;19;4;Manon Michel
TIC-003310;CLI-02181;CTC-002059;Formulaire web;Réclamation;haute;2026-03-01;;;;Maxime Muller
TIC-003311;CLI-01251;CTC-005911;Formulaire web;Réclamation;normale;2026-01-29;2026-01-30;34;2;Fanny Clément
TIC-003312;CLI-01371;CTC-002556;Téléphone;Réclamation;normale;2025-02-15;2025-02-18;79;4;Manon Michel
TIC-003313;CLI-01261;;Courriel;Retour;normale;2024-06-04;2024-06-05;31;5;Catherine Dumont
TIC-003314;CLI-00865;CTC-005416;Agence;Livraison;haute;2025-04-29;2025-04-29;11;1;Pauline Durand
TIC-003315;CLI-01759;;Courriel;Demande d’information;haute;2024-06-24;2024-06-25;40;2;Vincent Richard
TIC-003316;CLI-00839;CTC-007508;Téléphone;Réclamation;normale;2024-07-16;2024-07-17;24;4;Alain Morel
TIC-003317;CLI-01833;CTC-002141;Formulaire web;Facturation;critique;2026-06-23;2026-06-24;27;2;Catherine Dumont
TIC-003318;CLI-01246;;Téléphone;Demande d’information;haute;2025-07-23;2025-07-24;42;4;Alain Morel
TIC-003319;CLI-00631;;Téléphone;Réclamation;basse;2024-11-02;2024-11-02;1;5;Julie Dubois
TIC-003320;CLI-01983;;Courriel;Produit défectueux;critique;2024-10-30;2024-10-30;1;2;Nathalie Michel
TIC-003321;CLI-01448;CTC-000105;Formulaire web;Réclamation;basse;2023-10-03;2023-10-03;21;4;Maxime Muller
TIC-003322;CLI-01685;CTC-001737;Formulaire web;Produit défectueux;normale;2026-08-14;2026-08-14;7;1;Alexandre Chevalier
TIC-003323;CLI-00641;;Agence;Retour;haute;2025-02-28;2025-02-28;2;5;Jérôme Blanc
TIC-003324;CLI-01327;CTC-006723;Agence;Retour;basse;2025-02-25;2025-02-28;76;5;Pauline Durand
TIC-003325;CLI-00908;CTC-002850;Téléphone;Livraison;normale;2026-04-02;2026-04-04;50;5;Catherine Chevalier
TIC-003326;CLI-01105;CTC-007221;Agence;Produit défectueux;basse;2025-01-24;;;;Thomas Morel
TIC-003327;CLI-00353;CTC-005235;Courriel;Facturation;normale;2026-03-13;2026-03-13;1;4;Manon Michel
TIC-003328;CLI-00609;CTC-001806;Téléphone;Réclamation;haute;2024-09-14;2024-09-14;17;3;Léa Durand
TIC-003329;CLI-02360;CTC-007871;Courriel;Retour;haute;2024-06-08;;;;Léa Durand
TIC-003330;CLI-01488;CTC-002528;Formulaire web;Demande d’information;normale;2025-05-21;2025-05-24;88;4;Fanny Clément
TIC-003331;CLI-00875;CTC-004677;Formulaire web;Demande d’information;normale;2025-11-02;2025-11-03;36;3;Catherine Dumont
TIC-003332;CLI-01957;CTC-000390;Courriel;Livraison;normale;2026-04-21;2026-04-22;24;5;Alain Morel
TIC-003333;CLI-01188;CTC-000616;Agence;Retour;normale;2026-04-15;2026-04-15;12;5;Vincent Richard
TIC-003334;CLI-00400;CTC-002537;Courriel;Produit défectueux;critique;2025-08-14;2025-08-15;32;5;Fanny Clément
TIC-003335;CLI-01753;CTC-004957;Agence;Facturation;normale;2026-07-19;;;;Pauline Durand
TIC-003336;CLI-01980;;Courriel;Demande d’information;basse;2025-01-02;2025-01-03;33;3;Alain Morel
TIC-003337;CLI-01785;;Formulaire web;Retour;normale;2024-05-30;2024-05-30;1;4;Jérôme Blanc
TIC-003338;CLI-01483;CTC-000555;Courriel;Facturation;critique;2024-05-12;;;;Sébastien Mercier
TIC-003339;CLI-01630;;Courriel;Facturation;normale;2024-09-12;2024-09-14;51;3;Julie Dubois
TIC-003340;CLI-01833;CTC-002141;Agence;Facturation;normale;2024-05-25;2024-05-25;7;5;Vincent Richard
TIC-003341;CLI-01900;CTC-001946;Téléphone;Demande d’information;haute;2024-06-06;2024-06-08;51;4;Sébastien Mercier
TIC-003342;CLI-00809;CTC-001286;Formulaire web;Facturation;normale;2024-10-16;;;;Vincent Richard
TIC-003343;CLI-00259;CTC-005751;Téléphone;Produit défectueux;normale;2024-10-20;2024-10-23;81;3;Nathalie Michel
TIC-003344;CLI-00880;CTC-004021;Agence;Demande d’information;normale;2024-06-29;2024-07-01;51;5;Alexandre Chevalier
TIC-003345;CLI-00525;CTC-000230;Téléphone;Livraison;haute;2025-03-01;2025-03-03;62;5;Fanny Clément
TIC-003346;CLI-02269;CTC-002602;Téléphone;Demande d’information;normale;2025-11-10;2025-11-10;14;5;Vincent Richard
TIC-003347;CLI-02148;CTC-002203;Courriel;Retour;normale;2025-10-17;2025-10-19;53;2;Jérôme Blanc
TIC-003348;CLI-02215;CTC-003038;Formulaire web;Retour;normale;2025-01-01;2025-01-03;49;4;Maxime Muller
TIC-003349;CLI-01458;CTC-005128;Agence;Facturation;basse;2024-07-12;2024-07-13;29;4;Franck Lefebvre
TIC-003350;CLI-02295;CTC-002729;Agence;Facturation;normale;2025-11-30;;;;Catherine Dumont
TIC-003351;CLI-01943;CTC-003195;Formulaire web;Réclamation;basse;2026-05-02;;;;Nathalie Michel
TIC-003352;CLI-02290;CTC-002094;Agence;Réclamation;basse;2024-01-24;2024-01-25;38;2;Manon Michel
TIC-003353;CLI-01962;;Formulaire web;Produit défectueux;haute;2023-12-06;2023-12-08;48;2;Maxime Muller
TIC-003354;CLI-00336;CTC-005912;Formulaire web;Facturation;normale;2025-04-29;2025-04-30;45;3;Vincent Richard
TIC-003355;CLI-01117;CTC-005062;Courriel;Demande d’information;normale;2024-09-06;2024-09-06;1;5;Camille Bertrand
TIC-003356;CLI-00192;;Agence;Facturation;haute;2024-06-13;2024-06-13;13;3;Catherine Chevalier
TIC-003357;CLI-01014;;Agence;Demande d’information;normale;2025-07-05;2025-07-05;1;1;Maxime Muller
TIC-003358;CLI-00991;;Agence;Produit défectueux;basse;2026-04-13;;;;Jérôme Blanc
TIC-003359;CLI-01200;;Agence;Livraison;critique;2023-10-11;2023-10-13;48;4;Alain Morel
TIC-003360;CLI-00849;CTC-004239;Téléphone;Réclamation;normale;2024-02-23;2024-02-23;20;3;Nathalie Michel
TIC-003361;CLI-00364;CTC-001266;Téléphone;Réclamation;haute;2024-01-13;;;;Camille Bertrand
TIC-003362;CLI-01229;CTC-002624;Courriel;Réclamation;normale;2024-03-18;;;;Catherine Chevalier
TIC-003363;CLI-01856;;Formulaire web;Produit défectueux;normale;2026-02-23;2026-02-23;1;3;Virginie Henry
TIC-003364;CLI-00623;;Formulaire web;Demande d’information;normale;2025-01-28;2025-02-01;115;3;Jérôme Blanc
TIC-003365;CLI-00208;CTC-005858;Courriel;Livraison;normale;2026-08-03;2026-08-05;48;4;Catherine Chevalier
TIC-003366;CLI-01091;;Courriel;Livraison;haute;2026-04-14;2026-04-14;11;3;Alain Morel
TIC-003367;CLI-00542;CTC-004368;Agence;Produit défectueux;normale;2024-08-17;2024-08-18;28;4;Pauline Durand
TIC-003368;CLI-00758;;Téléphone;Réclamation;basse;2024-07-27;2024-07-28;32;5;Jérôme Blanc
TIC-003369;CLI-00998;CTC-000179;Téléphone;Livraison;critique;2024-05-11;2024-05-14;72;5;Franck Lefebvre
TIC-003370;CLI-01819;CTC-005126;Téléphone;Retour;normale;2026-03-09;2026-03-11;52;10;Sébastien Mercier
TIC-003371;CLI-01530;;Agence;Facturation;basse;2024-04-24;2024-04-27;74;4;Fanny Clément
TIC-003372;CLI-01442;CTC-007286;Agence;Facturation;normale;2026-02-14;2026-02-15;30;2;Maxime Muller
TIC-003373;CLI-01159;CTC-004384;Téléphone;Retour;normale;2024-12-20;2024-12-23;90;3;Catherine Dumont
TIC-003374;CLI-00552;;Formulaire web;Produit défectueux;critique;2025-09-18;2025-09-18;1;4;Franck Lefebvre
TIC-003375;CLI-02463;;Téléphone;Produit défectueux;normale;2025-01-11;2025-01-11;1;4;Pauline Durand
TIC-003376;CLI-00785;;Formulaire web;Produit défectueux;normale;2024-10-12;2024-10-12;11;5;Nathalie Michel
TIC-003377;CLI-02205;CTC-000313;Formulaire web;Facturation;haute;2024-11-30;2024-12-03;76;5;Camille Bertrand
TIC-003378;CLI-00657;CTC-001295;Formulaire web;Produit défectueux;normale;2024-12-29;2025-01-02;109;5;Thomas Morel
TIC-003379;CLI-00881;;Formulaire web;Facturation;normale;2023-10-23;2023-10-24;26;5;Maxime Muller
TIC-003380;CLI-02406;CTC-001211;Téléphone;Retour;haute;2025-12-02;2025-12-05;72;3;Virginie Henry
TIC-003381;CLI-01224;CTC-001547;Agence;Facturation;basse;2025-07-17;2025-07-19;60;5;Camille Bertrand
TIC-003382;CLI-02390;CTC-003070;Téléphone;Retour;normale;2026-07-09;2026-07-09;10;5;Pauline Durand
TIC-003383;CLI-00359;CTC-002928;Formulaire web;Demande d’information;normale;2025-09-27;;;;Thomas Morel
TIC-003384;CLI-01244;CTC-006815;Courriel;Facturation;haute;2025-09-23;2025-09-26;76;5;Jérôme Blanc
TIC-003385;CLI-02334;CTC-006392;Agence;Facturation;normale;2024-02-14;2024-02-14;1;4;Manon Michel
TIC-003386;CLI-02302;CTC-003434;Agence;Retour;haute;2024-03-05;2024-03-06;46;2;Virginie Henry
TIC-003387;CLI-01766;;Agence;Livraison;normale;2026-07-04;2026-07-06;56;5;Maxime Muller
TIC-003388;CLI-00621;CTC-003603;Agence;Facturation;basse;2026-02-27;2026-02-27;1;3;Manon Michel
TIC-003389;CLI-00733;CTC-000815;Téléphone;Réclamation;normale;2026-07-06;2026-07-07;43;4;Franck Lefebvre
TIC-003390;CLI-01055;;Formulaire web;Facturation;normale;2026-06-30;2026-07-05;128;5;Fanny Clément
TIC-003391;CLI-01606;CTC-000519;Courriel;Demande d’information;normale;2024-03-21;2024-03-21;8;5;Alexandre Chevalier
TIC-003392;CLI-00730;CTC-002858;Téléphone;Demande d’information;normale;2026-04-23;2026-04-25;62;4;Vincent Richard
TIC-003393;CLI-00609;CTC-006978;Agence;Livraison;normale;2024-09-08;2024-09-09;33;5;Franck Lefebvre
TIC-003394;CLI-00650;CTC-001193;Téléphone;Produit défectueux;normale;2024-11-26;2024-11-27;32;4;Léa Durand
TIC-003395;CLI-00522;CTC-001019;Téléphone;Demande d’information;normale;2024-07-10;2024-07-11;43;4;Pauline Durand
TIC-003396;CLI-02374;;Téléphone;Facturation;normale;2024-09-23;2024-09-25;67;4;Alexandre Chevalier
TIC-003397;CLI-01429;CTC-002405;Téléphone;Livraison;basse;2025-05-20;2025-05-21;24;4;Alain Morel
TIC-003398;CLI-00303;;Courriel;Retour;basse;2023-12-01;2023-12-03;60;5;Nathalie Michel
TIC-003399;CLI-00006;CTC-002974;Téléphone;Retour;basse;2026-01-10;2026-01-11;31;4;Nathalie Michel
TIC-003400;CLI-00290;CTC-004053;Téléphone;Produit défectueux;normale;2026-02-04;2026-02-04;19;3;Julie Dubois
TIC-003401;CLI-02204;;Téléphone;Facturation;haute;2026-01-31;2026-02-03;74;3;Pauline Durand
TIC-003402;CLI-00953;CTC-002268;Téléphone;Retour;haute;2025-11-10;2025-11-12;70;10;Virginie Henry
TIC-003403;CLI-00196;CTC-001115;Courriel;Livraison;normale;2025-10-06;2025-10-06;12;5;Camille Bertrand
TIC-003404;CLI-00215;CTC-007902;Courriel;Réclamation;normale;2026-06-10;2026-06-11;29;3;Léa Durand
TIC-003405;CLI-01642;CTC-006023;Courriel;Demande d’information;haute;2024-02-12;2024-02-13;27;5;Fanny Clément
TIC-003406;CLI-00603;;Formulaire web;Livraison;normale;2024-03-02;2024-03-04;52;5;Alain Morel
TIC-003407;CLI-01006;;Agence;Retour;normale;2025-12-07;;;;Camille Bertrand
TIC-003408;CLI-01812;CTC-002228;Téléphone;Demande d’information;normale;2026-08-29;2026-08-30;38;5;Jérôme Blanc
TIC-003409;CLI-00773;CTC-001907;Courriel;Facturation;normale;2023-11-03;2023-11-03;11;3;Catherine Dumont
TIC-003410;CLI-02361;;Téléphone;Facturation;basse;2025-10-25;2025-10-26;39;4;Jérôme Blanc
TIC-003411;CLI-01165;CTC-004311;Courriel;Produit défectueux;basse;2025-01-22;2025-01-23;29;3;Vincent Richard
TIC-003412;CLI-00671;CTC-000290;Téléphone;Retour;normale;2026-05-06;2026-05-08;58;4;Jérôme Blanc
TIC-003413;CLI-01423;;Formulaire web;Produit défectueux;normale;2024-05-05;2024-05-07;48;5;Catherine Chevalier
TIC-003414;CLI-01066;CTC-007119;Téléphone;Demande d’information;critique;2026-07-07;2026-07-07;1;4;Maxime Muller
TIC-003415;CLI-02200;CTC-002136;Formulaire web;Produit défectueux;normale;2024-12-04;2024-12-05;29;4;Alexandre Chevalier
TIC-003416;CLI-00433;CTC-003687;Formulaire web;Facturation;basse;2025-02-02;2025-02-02;15;4;Camille Bertrand
TIC-003417;CLI-00916;CTC-004608;Formulaire web;Réclamation;normale;2024-03-01;2024-03-03;49;2;Nathalie Michel
TIC-003418;CLI-01054;;Courriel;Livraison;basse;2025-11-15;2025-11-16;38;4;Fanny Clément
TIC-003419;CLI-01752;CTC-002276;Agence;Demande d’information;normale;2024-12-23;2024-12-25;59;3;Alexandre Chevalier
TIC-003420;CLI-02049;CTC-002209;Téléphone;Livraison;normale;2026-07-02;2026-07-03;45;3;Fanny Clément
TIC-003421;CLI-01575;CTC-007230;Agence;Demande d’information;normale;2024-08-18;2024-08-20;68;5;Catherine Dumont
TIC-003422;CLI-01116;;Téléphone;Facturation;normale;2026-04-26;2026-04-26;19;5;Sébastien Mercier
TIC-003423;CLI-01679;CTC-002908;Agence;Livraison;basse;2025-10-23;2025-10-24;36;4;Sébastien Mercier
TIC-003424;CLI-00550;CTC-007479;Formulaire web;Demande d’information;normale;2025-01-09;;;;Thomas Morel
TIC-003425;CLI-00726;CTC-002788;Courriel;Livraison;normale;2026-05-09;2026-05-11;56;3;Sébastien Mercier
TIC-003426;CLI-00644;;Agence;Produit défectueux;normale;2026-09-07;2026-09-07;8;4;Virginie Henry
TIC-003427;CLI-01041;;Téléphone;Demande d’information;haute;2025-02-27;2025-02-28;31;3;Pauline Durand
TIC-003428;CLI-02410;;Formulaire web;Livraison;normale;2025-06-12;2025-06-16;97;5;Julie Dubois
TIC-003429;CLI-02355;CTC-001788;Téléphone;Produit défectueux;haute;2023-10-20;2023-10-20;13;4;Franck Lefebvre
TIC-003430;CLI-00679;CTC-004133;Téléphone;Demande d’information;normale;2024-04-30;2024-04-30;1;3;Nathalie Michel
TIC-003431;CLI-02258;CTC-006000;Courriel;Produit défectueux;haute;2026-05-22;2026-05-25;89;4;Fanny Clément
TIC-003432;CLI-00149;CTC-005872;Courriel;Réclamation;normale;2026-04-17;2026-04-17;8;3;Virginie Henry
TIC-003433;CLI-00058;CTC-004320;Agence;Produit défectueux;normale;2026-02-21;2026-02-23;60;3;Thomas Morel
TIC-003434;CLI-02356;CTC-000544;Formulaire web;Produit défectueux;normale;2025-11-18;2025-11-18;8;4;Pauline Durand
TIC-003435;CLI-00462;CTC-005711;Courriel;Produit défectueux;basse;2024-03-16;2024-03-18;68;5;Catherine Chevalier
TIC-003436;CLI-00039;CTC-007093;Agence;Demande d’information;basse;2023-10-15;2023-10-15;19;3;Catherine Chevalier
TIC-003437;CLI-00229;CTC-003335;Téléphone;Retour;normale;2026-04-02;;;;Léa Durand
TIC-003438;CLI-00153;CTC-002804;Courriel;Produit défectueux;normale;2024-02-23;2024-02-23;6;4;Camille Bertrand
TIC-003439;CLI-00387;CTC-001116;Formulaire web;Facturation;haute;2024-05-28;;;;Alain Morel
TIC-003440;CLI-02269;CTC-002602;Courriel;Retour;critique;2025-05-10;2025-05-10;19;10;Pauline Durand
TIC-003441;CLI-02493;;Courriel;Demande d’information;normale;2026-01-03;2026-01-03;1;3;Virginie Henry
TIC-003442;CLI-01529;CTC-007580;Téléphone;Facturation;basse;2026-03-29;;;;Alexandre Chevalier
TIC-003443;CLI-01445;CTC-006621;Courriel;Réclamation;haute;2025-05-21;;;;Catherine Dumont
TIC-003444;CLI-00828;CTC-005320;Courriel;Réclamation;basse;2025-03-08;2025-03-11;86;4;Catherine Dumont
TIC-003445;CLI-01120;CTC-004491;Courriel;Demande d’information;normale;2026-03-21;2026-03-24;72;3;Catherine Chevalier
TIC-003446;CLI-01732;CTC-002498;Agence;Produit défectueux;normale;2026-03-10;2026-03-13;90;5;Maxime Muller
TIC-003447;CLI-01101;CTC-002591;Courriel;Facturation;haute;2024-02-02;2024-02-03;35;4;Jérôme Blanc
TIC-003448;CLI-02422;CTC-004332;Formulaire web;Livraison;normale;2025-04-07;2025-04-07;18;4;Nathalie Michel
TIC-003449;CLI-02210;CTC-004663;Téléphone;Retour;basse;2024-11-07;;;;Catherine Dumont
TIC-003450;CLI-01260;;Formulaire web;Produit défectueux;normale;2024-05-30;2024-05-30;1;3;Thomas Morel
TIC-003451;CLI-00856;;Courriel;Livraison;basse;2025-04-16;2025-04-16;11;4;Thomas Morel
TIC-003452;CLI-01013;CTC-000106;Courriel;Réclamation;normale;2025-11-26;2025-11-27;39;4;Alain Morel
TIC-003453;CLI-02405;;Courriel;Produit défectueux;normale;2026-08-05;;;;Franck Lefebvre
TIC-003454;CLI-01144;CTC-001076;Courriel;Livraison;normale;2025-05-27;2025-05-27;1;5;Léa Durand
TIC-003455;CLI-01163;CTC-002337;Agence;Retour;haute;2025-08-25;2025-08-27;54;5;Camille Bertrand
TIC-003456;CLI-01141;;Courriel;Facturation;haute;2023-11-07;2023-11-11;100;5;Fanny Clément
TIC-003457;CLI-02460;CTC-005389;Agence;Retour;normale;2025-03-21;;;;Sébastien Mercier
TIC-003458;CLI-01906;;Courriel;Demande d’information;haute;2025-03-14;2025-03-16;53;4;Sébastien Mercier
TIC-003459;CLI-01881;;Formulaire web;Livraison;normale;2024-10-11;2024-10-12;27;1;Camille Bertrand
TIC-003460;CLI-02298;CTC-001822;Agence;Demande d’information;normale;2025-10-09;2025-10-10;33;3;Camille Bertrand
TIC-003461;CLI-01803;;Formulaire web;Retour;normale;2023-12-24;2023-12-27;89;4;Sébastien Mercier
TIC-003462;CLI-01734;;Téléphone;Retour;normale;2025-02-02;2025-02-02;18;1;Franck Lefebvre
TIC-003463;CLI-01828;;Agence;Livraison;basse;2026-02-08;2026-02-08;19;4;Camille Bertrand
TIC-003464;CLI-00199;;Téléphone;Facturation;normale;2025-05-31;2025-06-01;32;3;Vincent Richard
TIC-003465;CLI-01975;;Courriel;Demande d’information;haute;2025-03-03;2025-03-03;2;5;Alexandre Chevalier
TIC-003466;CLI-00993;;Formulaire web;Réclamation;basse;2025-08-18;2025-08-19;46;4;Camille Bertrand
TIC-003467;CLI-00678;CTC-006339;Téléphone;Demande d’information;normale;2026-08-10;2026-08-10;13;5;Virginie Henry
TIC-003468;CLI-01764;;Courriel;Retour;normale;2025-06-06;2025-06-07;39;4;Sébastien Mercier
TIC-003469;CLI-00810;CTC-001110;Téléphone;Produit défectueux;haute;2025-12-07;2025-12-09;50;4;Fanny Clément
TIC-003470;CLI-02080;CTC-003372;Formulaire web;Facturation;basse;2025-10-01;2025-10-01;5;2;Jérôme Blanc
TIC-003471;CLI-00938;;Agence;Retour;normale;2026-07-06;2026-07-07;42;3;Catherine Dumont
TIC-003472;CLI-01421;CTC-004076;Téléphone;Produit défectueux;normale;2026-07-16;2026-07-16;11;4;Alain Morel
TIC-003473;CLI-01109;CTC-003831;Formulaire web;Produit défectueux;normale;2025-11-13;2025-11-13;1;4;Nathalie Michel
TIC-003474;CLI-01055;CTC-003899;Formulaire web;Facturation;normale;2025-01-22;2025-01-23;42;5;Catherine Chevalier
TIC-003475;CLI-02339;CTC-002467;Téléphone;Produit défectueux;haute;2026-03-24;2026-03-25;28;4;Fanny Clément
TIC-003476;CLI-00960;CTC-002922;Agence;Retour;basse;2025-05-03;2025-05-05;62;1;Virginie Henry
TIC-003477;CLI-00264;CTC-007072;Courriel;Demande d’information;normale;2025-04-26;2025-04-29;86;4;Alain Morel
TIC-003478;CLI-00230;CTC-005708;Formulaire web;Retour;basse;2024-11-10;2024-11-10;1;4;Pauline Durand
TIC-003479;CLI-00616;CTC-002145;Courriel;Facturation;basse;2024-10-19;2024-10-20;43;2;Nathalie Michel
TIC-003480;CLI-02152;CTC-003586;Agence;Produit défectueux;haute;2023-12-08;2023-12-08;7;5;Alexandre Chevalier
TIC-003481;CLI-02453;CTC-002826;Formulaire web;Livraison;normale;2023-12-27;2023-12-29;50;4;Léa Durand
TIC-003482;CLI-01235;CTC-000811;Formulaire web;Retour;normale;2025-09-30;;;;Alain Morel
TIC-003483;CLI-02380;CTC-007678;Agence;Produit défectueux;basse;2024-02-07;2024-02-07;14;1;Nathalie Michel
TIC-003484;CLI-01568;CTC-001610;Téléphone;Livraison;normale;2026-04-28;2026-04-29;40;4;Vincent Richard
TIC-003485;CLI-01849;CTC-006503;Courriel;Livraison;haute;2024-07-15;2024-07-17;52;4;Vincent Richard
TIC-003486;CLI-00026;;Courriel;Réclamation;haute;2025-08-09;2025-08-11;63;5;Manon Michel
TIC-003487;CLI-01537;CTC-004062;Courriel;Facturation;normale;2023-12-11;2023-12-12;30;4;Sébastien Mercier
TIC-003488;CLI-00738;CTC-000472;Formulaire web;Produit défectueux;basse;2024-11-02;;;;Manon Michel
TIC-003489;CLI-01293;;Téléphone;Facturation;normale;2025-01-20;;;;Pauline Durand
TIC-003490;CLI-00807;CTC-001284;Téléphone;Retour;basse;2026-02-09;2026-02-12;75;4;Catherine Dumont
TIC-003491;CLI-01981;CTC-003455;Courriel;Demande d’information;normale;2024-12-17;;;;Fanny Clément
TIC-003492;CLI-00756;CTC-004718;Téléphone;Facturation;critique;2024-07-21;2024-07-21;1;3;Catherine Dumont
TIC-003493;CLI-00222;CTC-003679;Téléphone;Réclamation;basse;2024-12-31;2025-01-01;29;4;Léa Durand
TIC-003494;CLI-01394;;Formulaire web;Livraison;normale;2026-03-26;;;;Alain Morel
TIC-003495;CLI-00280;CTC-001773;Formulaire web;Produit défectueux;normale;2026-09-07;;;;Nathalie Michel
TIC-003496;CLI-00809;CTC-003278;Courriel;Produit défectueux;normale;2024-11-06;2024-11-07;31;5;Camille Bertrand
TIC-003497;CLI-02246;CTC-001549;Agence;Retour;basse;2025-08-16;2025-08-20;97;5;Pauline Durand
TIC-003498;CLI-01863;CTC-006231;Courriel;Demande d’information;basse;2024-11-16;2024-11-17;46;4;Nathalie Michel
TIC-003499;CLI-02241;CTC-007796;Téléphone;Livraison;normale;2026-06-22;2026-06-23;26;2;Franck Lefebvre
TIC-003500;CLI-00836;;Téléphone;Demande d’information;normale;2026-06-15;;;;Pauline Durand
TIC-003501;CLI-01872;CTC-004247;Formulaire web;Retour;normale;2026-05-12;2026-05-12;17;2;Thomas Morel
TIC-003502;CLI-01961;;Courriel;Demande d’information;haute;2024-01-25;2024-01-28;75;4;Léa Durand
TIC-003503;CLI-01554;CTC-005584;Agence;Livraison;normale;2025-09-21;;;;Julie Dubois
TIC-003504;CLI-00462;CTC-003892;Formulaire web;Retour;basse;2025-07-01;2025-07-02;39;4;Catherine Chevalier
TIC-003505;CLI-00492;CTC-002119;Téléphone;Réclamation;haute;2024-12-27;;;;Catherine Chevalier
TIC-003506;CLI-00124;CTC-006147;Courriel;Retour;basse;2024-11-21;2024-11-22;28;2;Alain Morel
TIC-003507;CLI-02240;;Agence;Retour;critique;2024-07-08;2024-07-08;3;3;Thomas Morel
TIC-003508;CLI-00855;CTC-005405;Formulaire web;Retour;normale;2024-10-04;;;;Vincent Richard
TIC-003509;CLI-01128;;Agence;Facturation;normale;2026-05-29;2026-06-01;80;2;Catherine Chevalier
TIC-003510;CLI-00188;CTC-001171;Agence;Produit défectueux;basse;2023-12-23;2023-12-23;7;1;Alain Morel
TIC-003511;CLI-01568;;Formulaire web;Produit défectueux;haute;2025-06-24;2025-06-25;41;4;Catherine Chevalier
TIC-003512;CLI-00863;;Courriel;Demande d’information;basse;2025-09-16;2025-09-18;49;2;Manon Michel
TIC-003513;CLI-02161;CTC-001462;Agence;Produit défectueux;normale;2024-02-20;2024-02-21;35;4;Sébastien Mercier
TIC-003514;CLI-01319;;Agence;Facturation;basse;2024-01-22;2024-01-24;49;3;Fanny Clément
TIC-003515;CLI-01877;CTC-007067;Téléphone;Retour;normale;2025-01-08;2025-01-08;18;3;Nathalie Michel
TIC-003516;CLI-01767;;Formulaire web;Produit défectueux;normale;2026-04-03;2026-04-06;76;5;Sébastien Mercier
TIC-003517;CLI-01323;;Agence;Facturation;haute;2025-02-21;2025-02-24;80;4;Catherine Dumont
TIC-003518;CLI-00291;;Formulaire web;Demande d’information;basse;2026-05-22;2026-05-23;36;4;Pauline Durand
TIC-003519;CLI-00888;CTC-005006;Téléphone;Réclamation;normale;2026-01-30;2026-02-01;58;5;Pauline Durand
TIC-003520;CLI-01034;CTC-005818;Courriel;Réclamation;normale;2026-03-07;2026-03-10;83;3;Sébastien Mercier
TIC-003521;CLI-01216;CTC-005357;Téléphone;Retour;haute;2024-09-28;2024-09-28;1;5;Pauline Durand
TIC-003522;CLI-02263;CTC-001945;Courriel;Facturation;normale;2025-08-31;2025-09-01;42;5;Jérôme Blanc
TIC-003523;CLI-01381;CTC-002160;Courriel;Demande d’information;basse;2026-08-13;2026-08-15;61;4;Thomas Morel
TIC-003524;CLI-01582;CTC-003243;Téléphone;Retour;normale;2025-06-09;2025-06-12;88;2;Camille Bertrand
TIC-003525;CLI-00588;CTC-002423;Téléphone;Facturation;basse;2024-07-06;2024-07-07;42;5;Virginie Henry
TIC-003526;CLI-01931;;Téléphone;Réclamation;basse;2025-01-16;2025-01-17;37;4;Julie Dubois
TIC-003527;CLI-00734;;Courriel;Retour;haute;2024-12-30;2024-12-30;12;5;Vincent Richard
TIC-003528;CLI-00049;;Formulaire web;Retour;normale;2023-12-26;2023-12-28;54;1;Sébastien Mercier
TIC-003529;CLI-01573;;Agence;Réclamation;basse;2025-02-22;2025-02-23;30;3;Jérôme Blanc
TIC-003530;CLI-02133;;Téléphone;Demande d’information;normale;2024-08-04;2024-08-08;114;5;Thomas Morel
TIC-003531;CLI-02381;;Agence;Livraison;normale;2025-07-25;2025-07-25;1;4;Franck Lefebvre
TIC-003532;CLI-02095;;Téléphone;Livraison;basse;2023-12-08;2023-12-09;35;3;Vincent Richard
TIC-003533;CLI-00449;CTC-000523;Formulaire web;Livraison;basse;2025-04-20;2025-04-21;24;3;Fanny Clément
TIC-003534;CLI-00237;CTC-004905;Courriel;Facturation;normale;2024-12-30;2025-01-01;55;3;Nathalie Michel
TIC-003535;CLI-00155;CTC-004363;Courriel;Retour;basse;2024-04-09;2024-04-10;40;5;Vincent Richard
TIC-003536;CLI-02043;CTC-003470;Téléphone;Retour;haute;2025-11-18;;;;Nathalie Michel
TIC-003537;CLI-00116;CTC-003418;Agence;Facturation;basse;2024-04-01;2024-04-05;114;4;Alexandre Chevalier
TIC-003538;CLI-02301;;Téléphone;Facturation;haute;2024-01-04;2024-01-05;33;4;Sébastien Mercier
TIC-003539;CLI-02307;CTC-006307;Courriel;Retour;critique;2024-06-26;2024-06-26;10;3;Maxime Muller
TIC-003540;CLI-00038;;Formulaire web;Facturation;normale;2025-07-30;2025-07-30;1;4;Camille Bertrand
TIC-003541;CLI-00218;CTC-001416;Courriel;Produit défectueux;normale;2023-12-23;2023-12-26;74;4;Catherine Chevalier
TIC-003542;CLI-02406;CTC-005068;Courriel;Réclamation;normale;2024-03-09;2024-03-09;13;3;Virginie Henry
TIC-003543;CLI-01825;;Courriel;Facturation;normale;2024-08-23;2024-08-23;22;4;Franck Lefebvre
TIC-003544;CLI-01414;CTC-007713;Courriel;Réclamation;haute;2025-08-02;2025-08-06;119;4;Fanny Clément
TIC-003545;CLI-01010;CTC-001994;Téléphone;Produit défectueux;normale;2024-01-15;2024-01-15;5;4;Catherine Chevalier
TIC-003546;CLI-00298;CTC-005547;Téléphone;Livraison;normale;2025-08-25;;;;Camille Bertrand
TIC-003547;CLI-01593;CTC-000029;Courriel;Produit défectueux;haute;2024-06-01;2024-06-02;27;3;Maxime Muller
TIC-003548;CLI-01850;CTC-000939;Courriel;Réclamation;haute;2023-10-18;2023-10-18;1;5;Manon Michel
TIC-003549;CLI-00154;CTC-001969;Téléphone;Facturation;normale;2026-02-06;2026-02-07;40;1;Catherine Dumont
TIC-003550;CLI-02322;CTC-007638;Téléphone;Facturation;normale;2023-12-04;2023-12-04;1;4;Fanny Clément
TIC-003551;CLI-01620;;Formulaire web;Réclamation;normale;2026-01-02;2026-01-04;58;3;Pauline Durand
TIC-003552;CLI-01461;CTC-005725;Téléphone;Produit défectueux;normale;2026-08-09;2026-08-11;66;4;Franck Lefebvre
TIC-003553;CLI-01020;CTC-004123;Formulaire web;Demande d’information;normale;2025-12-28;2025-12-28;22;5;Léa Durand
TIC-003554;CLI-01355;;Téléphone;Produit défectueux;normale;2025-05-15;2025-05-15;17;5;Camille Bertrand
TIC-003555;CLI-00301;;Formulaire web;Réclamation;normale;2024-05-27;2024-05-28;42;5;Jérôme Blanc
TIC-003556;CLI-00827;;Formulaire web;Retour;normale;2025-07-16;2025-07-17;27;5;Catherine Dumont
TIC-003557;CLI-01552;CTC-006637;Téléphone;Réclamation;haute;2024-10-14;2024-10-15;29;4;Léa Durand
TIC-003558;CLI-00884;CTC-003248;Agence;Facturation;normale;2024-09-02;2024-09-02;1;5;Léa Durand
TIC-003559;CLI-00343;;Formulaire web;Facturation;normale;2025-06-01;2025-06-04;82;4;Catherine Dumont
TIC-003560;CLI-02121;;Courriel;Facturation;normale;2025-08-05;2025-08-07;54;3;Julie Dubois
TIC-003561;CLI-00112;CTC-006966;Formulaire web;Facturation;normale;2025-08-22;;;;Manon Michel
TIC-003562;CLI-00820;CTC-001456;Agence;Produit défectueux;normale;2025-04-29;2025-05-01;69;5;Jérôme Blanc
TIC-003563;CLI-01309;CTC-007866;Agence;Produit défectueux;normale;2026-08-26;2026-08-27;41;3;Alexandre Chevalier
TIC-003564;CLI-01342;CTC-006614;Formulaire web;Facturation;basse;2024-11-14;2024-11-16;55;4;Camille Bertrand
TIC-003565;CLI-02210;CTC-005329;Formulaire web;Facturation;normale;2024-01-20;2024-01-21;25;3;Franck Lefebvre
TIC-003566;CLI-00940;CTC-003042;Courriel;Réclamation;basse;2025-04-14;2025-04-15;38;5;Virginie Henry
TIC-003567;CLI-00349;CTC-001828;Courriel;Réclamation;basse;2026-09-04;2026-09-05;24;1;Franck Lefebvre
TIC-003568;CLI-00706;CTC-006314;Téléphone;Facturation;haute;2025-10-01;2025-10-04;72;4;Thomas Morel
TIC-003569;CLI-02222;CTC-000897;Agence;Demande d’information;basse;2026-03-22;2026-03-25;82;2;Alexandre Chevalier
TIC-003570;CLI-00986;;Téléphone;Produit défectueux;normale;2025-07-10;2025-07-10;4;5;Camille Bertrand
TIC-003571;CLI-01723;CTC-006765;Formulaire web;Facturation;normale;2024-03-05;2024-03-05;1;4;Franck Lefebvre
TIC-003572;CLI-00363;;Agence;Retour;normale;2025-12-10;2025-12-11;29;5;Catherine Chevalier
TIC-003573;CLI-01026;CTC-004849;Formulaire web;Livraison;normale;2026-02-18;2026-02-18;14;3;Maxime Muller
TIC-003574;CLI-01125;CTC-007779;Formulaire web;Demande d’information;basse;2023-11-05;2023-11-05;1;3;Léa Durand
TIC-003575;CLI-01682;;Téléphone;Retour;normale;2025-05-25;2025-05-26;43;4;Pauline Durand
TIC-003576;CLI-01531;CTC-005537;Téléphone;Retour;normale;2025-06-09;2025-06-09;1;5;Jérôme Blanc
TIC-003577;CLI-02013;;Formulaire web;Retour;normale;2024-03-22;2024-03-22;15;3;Julie Dubois
TIC-003578;CLI-02346;CTC-007352;Téléphone;Demande d’information;normale;2026-03-11;2026-03-12;44;4;Catherine Dumont
TIC-003579;CLI-02280;;Courriel;Demande d’information;normale;2024-10-21;2024-10-25;113;3;Alain Morel
TIC-003580;CLI-00036;CTC-002688;Agence;Demande d’information;normale;2026-04-04;2026-04-06;57;5;Fanny Clément
TIC-003581;CLI-00270;CTC-003885;Courriel;Livraison;normale;2024-08-29;2024-08-31;60;5;Nathalie Michel
TIC-003582;CLI-02209;CTC-001695;Agence;Réclamation;normale;2024-03-23;2024-03-26;76;1;Nathalie Michel
TIC-003583;CLI-01708;CTC-003744;Courriel;Facturation;normale;2026-03-17;2026-03-17;15;5;Franck Lefebvre
TIC-003584;CLI-00001;;Courriel;Facturation;critique;2023-10-23;2023-10-23;16;1;Thomas Morel
TIC-003585;CLI-00870;CTC-001071;Téléphone;Produit défectueux;haute;2024-06-01;2024-06-01;23;4;Alexandre Chevalier
TIC-003586;CLI-01835;CTC-003677;Agence;Demande d’information;basse;2024-03-24;2024-03-27;89;10;Fanny Clément
TIC-003587;CLI-00631;;Formulaire web;Produit défectueux;basse;2025-07-30;2025-07-30;1;1;Thomas Morel
TIC-003588;CLI-00804;CTC-004554;Agence;Retour;normale;2026-03-04;2026-03-08;100;5;Maxime Muller
TIC-003589;CLI-02034;CTC-004081;Agence;Demande d’information;basse;2026-06-01;2026-06-01;1;5;Pauline Durand
TIC-003590;CLI-00573;;Courriel;Demande d’information;critique;2025-01-08;2025-01-08;1;3;Julie Dubois
TIC-003591;CLI-01733;CTC-005450;Courriel;Facturation;haute;2023-09-16;2023-09-19;73;4;Jérôme Blanc
TIC-003592;CLI-01020;CTC-006139;Agence;Facturation;normale;2024-03-12;2024-03-13;24;4;Jérôme Blanc
TIC-003593;CLI-01455;CTC-002647;Formulaire web;Retour;normale;2024-06-08;2024-06-10;69;4;Nathalie Michel
TIC-003594;CLI-01691;CTC-000492;Téléphone;Livraison;haute;2024-10-23;2024-10-24;26;5;Léa Durand
TIC-003595;CLI-02366;CTC-004685;Téléphone;Réclamation;normale;2026-05-03;;;;Franck Lefebvre
TIC-003596;CLI-01671;CTC-004589;Courriel;Livraison;normale;2025-02-11;2025-02-14;83;4;Sébastien Mercier
TIC-003597;CLI-00833;CTC-001067;Courriel;Facturation;normale;2025-10-20;2025-10-20;1;5;Julie Dubois
TIC-003598;CLI-02414;CTC-001966;Agence;Demande d’information;basse;2025-01-30;2025-01-30;17;2;Maxime Muller
TIC-003599;CLI-01358;CTC-000055;Téléphone;Demande d’information;normale;2024-12-13;2024-12-14;47;4;Camille Bertrand
TIC-003600;CLI-00413;CTC-000062;Formulaire web;Facturation;normale;2024-12-22;2024-12-23;40;4;Catherine Chevalier
TIC-003601;CLI-00962;CTC-007452;Agence;Produit défectueux;normale;2024-08-11;2024-08-12;47;3;Julie Dubois
TIC-003602;CLI-00032;CTC-005572;Courriel;Facturation;normale;2024-11-29;2024-12-01;69;3;Camille Bertrand
TIC-003603;CLI-02221;CTC-003824;Courriel;Facturation;normale;2026-08-15;2026-08-16;41;3;Franck Lefebvre
TIC-003604;CLI-00352;;Téléphone;Retour;normale;2024-07-16;2024-07-16;14;1;Catherine Dumont
TIC-003605;CLI-01115;CTC-005486;Courriel;Demande d’information;normale;2024-10-27;2024-10-30;85;2;Léa Durand
TIC-003606;CLI-01168;CTC-003850;Agence;Réclamation;haute;2026-04-08;2026-04-10;57;5;Camille Bertrand
TIC-003607;CLI-00181;CTC-007555;Téléphone;Produit défectueux;basse;2023-10-29;2023-10-31;68;5;Catherine Chevalier
TIC-003608;CLI-02471;CTC-004647;Formulaire web;Demande d’information;normale;2025-01-27;2025-01-28;46;4;Sébastien Mercier
TIC-003609;CLI-01827;CTC-005828;Formulaire web;Facturation;normale;2026-03-22;2026-03-23;45;5;Léa Durand
TIC-003610;CLI-00981;CTC-003478;Agence;Réclamation;haute;2024-04-17;2024-04-17;4;3;Vincent Richard
TIC-003611;CLI-01243;CTC-001975;Formulaire web;Réclamation;normale;2025-12-28;2025-12-31;84;2;Pauline Durand
TIC-003612;CLI-00411;;Agence;Retour;normale;2023-10-22;2023-10-24;57;5;Julie Dubois
TIC-003613;CLI-00227;CTC-002343;Téléphone;Facturation;haute;2023-12-30;;;;Franck Lefebvre
TIC-003614;CLI-02025;CTC-006892;Téléphone;Retour;normale;2024-02-24;2024-02-25;40;5;Vincent Richard
TIC-003615;CLI-00713;CTC-004351;Agence;Livraison;haute;2026-08-12;2026-08-12;23;6;Catherine Chevalier
TIC-003616;CLI-01026;CTC-005302;Téléphone;Livraison;normale;2026-09-10;;;;Pauline Durand
TIC-003617;CLI-01271;;Formulaire web;Retour;normale;2026-08-27;2026-08-29;48;4;Fanny Clément
TIC-003618;CLI-00918;CTC-004266;Agence;Demande d’information;normale;2026-04-18;;;;Camille Bertrand
TIC-003619;CLI-00634;CTC-004918;Courriel;Facturation;normale;2024-04-15;2024-04-17;55;2;Manon Michel
TIC-003620;CLI-01933;CTC-000319;Formulaire web;Livraison;haute;2025-06-22;;;;Manon Michel
TIC-003621;CLI-01507;CTC-007290;Formulaire web;Retour;basse;2025-10-06;2025-10-08;69;3;Maxime Muller
TIC-003622;CLI-00786;CTC-003760;Formulaire web;Livraison;basse;2026-05-26;2026-05-28;50;4;Catherine Chevalier
TIC-003623;CLI-00449;CTC-007837;Agence;Livraison;normale;2025-03-31;2025-04-03;83;4;Pauline Durand
TIC-003624;CLI-02093;CTC-007689;Téléphone;Demande d’information;normale;2024-08-10;2024-08-14;103;4;Léa Durand
TIC-003625;CLI-00268;CTC-005080;Agence;Facturation;normale;2024-01-17;2024-01-19;63;5;Manon Michel
TIC-003626;CLI-00969;CTC-002757;Téléphone;Demande d’information;normale;2025-01-19;2025-01-20;41;3;Camille Bertrand
TIC-003627;CLI-00040;CTC-006404;Téléphone;Demande d’information;normale;2026-02-14;2026-02-17;82;4;Jérôme Blanc
TIC-003628;CLI-01280;CTC-000171;Téléphone;Réclamation;basse;2025-10-18;2025-10-18;12;4;Maxime Muller
TIC-003629;CLI-00433;CTC-001342;Téléphone;Facturation;haute;2023-11-21;2023-11-24;76;4;Vincent Richard
TIC-003630;CLI-01098;CTC-003329;Agence;Facturation;normale;2024-10-07;2024-10-10;92;3;Manon Michel
TIC-003631;CLI-02383;CTC-004664;Téléphone;Réclamation;haute;2024-06-06;2024-06-08;63;5;Julie Dubois
TIC-003632;CLI-00111;CTC-004167;Formulaire web;Produit défectueux;normale;2025-10-28;2025-10-29;43;5;Vincent Richard
TIC-003633;CLI-00433;;Courriel;Produit défectueux;haute;2024-01-25;2024-01-27;49;4;Catherine Dumont
TIC-003634;CLI-00043;;Courriel;Livraison;normale;2026-03-23;2026-03-24;28;2;Alain Morel
TIC-003635;CLI-01622;;Agence;Demande d’information;normale;2024-12-20;;;;Sébastien Mercier
TIC-003636;CLI-01024;CTC-003180;Téléphone;Retour;normale;2024-04-05;2024-04-07;48;4;Catherine Chevalier
TIC-003637;CLI-00571;CTC-003318;Téléphone;Réclamation;normale;2026-07-12;2026-07-14;67;3;Alain Morel
TIC-003638;CLI-00009;;Courriel;Demande d’information;normale;2025-11-09;2025-11-10;33;5;Catherine Chevalier
TIC-003639;CLI-01265;CTC-006942;Téléphone;Réclamation;normale;2024-05-02;2024-05-04;53;4;Catherine Chevalier
TIC-003640;CLI-01859;;Téléphone;Produit défectueux;normale;2024-02-25;2024-02-28;74;3;Manon Michel
TIC-003641;CLI-00385;;Téléphone;Facturation;normale;2025-10-14;2025-10-19;125;5;Maxime Muller
TIC-003642;CLI-00264;CTC-006750;Agence;Réclamation;haute;2024-02-04;2024-02-06;57;5;Pauline Durand
TIC-003643;CLI-00788;CTC-001105;Téléphone;Réclamation;basse;2026-01-15;2026-01-16;42;1;Fanny Clément
TIC-003644;CLI-00499;;Courriel;Livraison;normale;2023-11-26;2023-11-26;17;4;Léa Durand
TIC-003645;CLI-00492;CTC-002119;Agence;Demande d’information;critique;2025-02-11;2025-02-12;34;4;Pauline Durand
TIC-003646;CLI-01461;CTC-003233;Agence;Demande d’information;haute;2024-09-25;2024-09-25;5;5;Thomas Morel
TIC-003647;CLI-01321;CTC-005254;Agence;Réclamation;normale;2025-05-30;2025-05-30;10;3;Léa Durand
TIC-003648;CLI-01878;;Formulaire web;Livraison;basse;2026-08-11;;;;Nathalie Michel
TIC-003649;CLI-00593;CTC-005529;Formulaire web;Demande d’information;normale;2024-07-19;2024-07-19;15;4;Nathalie Michel
TIC-003650;CLI-01048;CTC-005974;Formulaire web;Facturation;critique;2025-11-19;2025-11-19;9;5;Catherine Dumont
TIC-003651;CLI-01777;CTC-007074;Agence;Produit défectueux;haute;2024-08-03;2024-08-05;68;4;Alexandre Chevalier
TIC-003652;CLI-01590;CTC-002596;Téléphone;Facturation;normale;2025-10-05;2025-10-05;1;5;Alain Morel
TIC-003653;CLI-01910;CTC-005810;Formulaire web;Facturation;basse;2025-07-21;2025-07-22;39;2;Alain Morel
TIC-003654;CLI-01893;CTC-001321;Formulaire web;Produit défectueux;haute;2025-07-08;2025-07-08;21;2;Maxime Muller
TIC-003655;CLI-00091;;Formulaire web;Facturation;haute;2024-11-15;2024-11-18;86;5;Manon Michel
TIC-003656;CLI-02383;;Téléphone;Livraison;haute;2025-08-01;;;;Léa Durand
TIC-003657;CLI-01040;;Téléphone;Produit défectueux;normale;2025-08-16;2025-08-17;26;4;Jérôme Blanc
TIC-003658;CLI-01302;CTC-006216;Téléphone;Livraison;normale;2023-11-07;2023-11-09;58;5;Manon Michel
TIC-003659;CLI-01528;;Formulaire web;Produit défectueux;basse;2024-08-21;;;;Pauline Durand
TIC-003660;CLI-02475;;Agence;Facturation;normale;2026-05-09;2026-05-11;52;4;Julie Dubois
TIC-003661;CLI-01353;CTC-005025;Formulaire web;Livraison;haute;2025-08-27;2025-08-29;61;5;Camille Bertrand
TIC-003662;CLI-00270;CTC-000727;Courriel;Livraison;basse;2026-03-24;2026-03-24;1;5;Pauline Durand
TIC-003663;CLI-02403;CTC-001601;Courriel;Retour;normale;2026-04-04;2026-04-04;12;4;Alain Morel
TIC-003664;CLI-01890;CTC-001155;Agence;Facturation;basse;2025-01-23;2025-01-25;64;2;Alain Morel
TIC-003665;CLI-00343;;Agence;Facturation;haute;2026-06-21;;;;Jérôme Blanc
TIC-003666;CLI-01529;CTC-007580;Courriel;Produit défectueux;basse;2024-06-06;2024-06-07;47;4;Thomas Morel
TIC-003667;CLI-02197;;Formulaire web;Produit défectueux;normale;2026-06-05;2026-06-06;37;5;Virginie Henry
TIC-003668;CLI-00180;CTC-004038;Téléphone;Produit défectueux;normale;2024-09-12;2024-09-13;26;5;Fanny Clément
TIC-003669;CLI-02491;CTC-000378;Formulaire web;Demande d’information;basse;2026-05-01;2026-05-03;61;4;Thomas Morel
TIC-003670;CLI-01197;CTC-004772;Téléphone;Produit défectueux;normale;2024-12-26;2024-12-28;50;2;Pauline Durand
TIC-003671;CLI-01250;;Agence;Réclamation;haute;2025-08-19;;;;Jérôme Blanc
TIC-003672;CLI-00059;;Formulaire web;Facturation;normale;2026-02-08;2026-02-12;99;4;Vincent Richard
TIC-003673;CLI-02001;CTC-004393;Téléphone;Retour;haute;2026-06-29;;;;Pauline Durand
TIC-003674;CLI-02316;;Téléphone;Réclamation;normale;2025-02-04;2025-02-07;82;4;Franck Lefebvre
TIC-003675;CLI-00705;CTC-006527;Agence;Produit défectueux;normale;2024-02-11;2024-02-12;38;2;Nathalie Michel
TIC-003676;CLI-00874;;Téléphone;Demande d’information;basse;2025-10-27;;;;Pauline Durand
TIC-003677;CLI-00217;CTC-006938;Formulaire web;Produit défectueux;basse;2026-05-16;2026-05-18;52;4;Pauline Durand
TIC-003678;CLI-00586;CTC-005997;Courriel;Retour;basse;2025-12-15;2025-12-15;11;5;Nathalie Michel
TIC-003679;CLI-01030;CTC-007073;Téléphone;Réclamation;normale;2025-09-15;2025-09-17;70;4;Catherine Dumont
TIC-003680;CLI-00074;;Courriel;Demande d’information;haute;2025-02-27;;;;Maxime Muller
TIC-003681;CLI-01345;CTC-003302;Agence;Facturation;basse;2024-03-08;2024-03-11;91;4;Catherine Chevalier
TIC-003682;CLI-00751;CTC-005032;Courriel;Produit défectueux;critique;2026-03-14;2026-03-14;1;5;Fanny Clément
TIC-003683;CLI-02492;CTC-006435;Courriel;Réclamation;basse;2024-03-21;2024-03-22;28;3;Jérôme Blanc
TIC-003684;CLI-00309;;Téléphone;Réclamation;normale;2024-06-21;;;;Thomas Morel
TIC-003685;CLI-01375;CTC-003690;Agence;Livraison;critique;2026-06-09;2026-06-10;30;1;Pauline Durand
TIC-003686;CLI-02476;;Courriel;Facturation;normale;2026-03-14;2026-03-15;28;4;Catherine Chevalier
TIC-003687;CLI-01504;CTC-004540;Téléphone;Réclamation;normale;2023-10-19;2023-10-20;28;2;Fanny Clément
TIC-003688;CLI-02363;CTC-007164;Formulaire web;Demande d’information;basse;2024-05-09;2024-05-10;32;4;Vincent Richard
TIC-003689;CLI-02150;;Courriel;Produit défectueux;normale;2024-02-07;2024-02-07;4;5;Sébastien Mercier
TIC-003690;CLI-00202;CTC-004490;Formulaire web;Produit défectueux;normale;2026-02-12;2026-02-14;52;5;Catherine Chevalier
TIC-003691;CLI-02132;;Courriel;Facturation;haute;2025-08-01;2025-08-02;34;5;Catherine Dumont
TIC-003692;CLI-02145;;Téléphone;Livraison;critique;2025-10-19;2025-10-19;8;1;Catherine Chevalier
TIC-003693;CLI-01606;CTC-007774;Courriel;Produit défectueux;haute;2026-06-15;2026-06-16;41;4;Camille Bertrand
TIC-003694;CLI-00074;CTC-001802;Téléphone;Demande d’information;haute;2026-01-01;2026-01-03;52;5;Pauline Durand
TIC-003695;CLI-00797;;Téléphone;Réclamation;basse;2026-03-04;2026-03-05;29;4;Fanny Clément
TIC-003696;CLI-00369;;Téléphone;Demande d’information;normale;2025-06-28;2025-06-28;1;4;Sébastien Mercier
TIC-003697;CLI-00027;CTC-006424;Formulaire web;Retour;normale;2025-06-06;2025-06-08;64;5;Maxime Muller
TIC-003698;CLI-01919;CTC-005895;Formulaire web;Facturation;haute;2025-01-05;2025-01-08;83;5;Franck Lefebvre
TIC-003699;CLI-00677;;Formulaire web;Facturation;normale;2024-09-28;2024-09-29;45;5;Julie Dubois
TIC-003700;CLI-01197;CTC-004772;Courriel;Facturation;haute;2026-08-04;2026-08-05;38;5;Sébastien Mercier
TIC-003701;CLI-01040;;Courriel;Demande d’information;normale;2024-10-20;2024-10-20;1;4;Franck Lefebvre
TIC-003702;CLI-02207;;Agence;Demande d’information;normale;2025-12-25;2025-12-27;62;4;Fanny Clément
TIC-003703;CLI-02386;CTC-004155;Courriel;Facturation;haute;2025-08-24;2025-08-24;1;3;Julie Dubois
TIC-003704;CLI-01776;CTC-007495;Téléphone;Produit défectueux;normale;2025-08-16;;;;Alain Morel
TIC-003705;CLI-01445;CTC-006621;Formulaire web;Retour;normale;2025-05-08;2025-05-09;40;4;Camille Bertrand
TIC-003706;CLI-01134;;Téléphone;Réclamation;haute;2026-08-23;2026-08-24;24;3;Thomas Morel
TIC-003707;CLI-02397;CTC-005227;Agence;Livraison;basse;2025-06-26;2025-06-26;1;3;Sébastien Mercier
TIC-003708;CLI-00155;CTC-002091;Formulaire web;Facturation;normale;2025-01-24;2025-01-26;49;4;Manon Michel
TIC-003709;CLI-00480;CTC-002887;Agence;Facturation;normale;2023-12-06;;;;Alain Morel
TIC-003710;CLI-01467;;Formulaire web;Produit défectueux;haute;2025-02-17;2025-02-18;47;4;Franck Lefebvre
TIC-003711;CLI-00837;CTC-007042;Téléphone;Produit défectueux;normale;2023-09-20;2023-09-22;57;4;Maxime Muller
TIC-003712;CLI-00060;;Formulaire web;Demande d’information;basse;2026-04-23;2026-04-26;93;2;Léa Durand
TIC-003713;CLI-01040;CTC-003164;Téléphone;Demande d’information;normale;2024-07-31;2024-08-03;94;3;Alain Morel
TIC-003714;CLI-00776;CTC-000630;Formulaire web;Livraison;urgent;2024-10-21;2024-10-21;14;5;Vincent Richard
TIC-003715;CLI-00345;;Courriel;Livraison;normale;2024-10-27;2024-10-29;63;4;Virginie Henry
TIC-003716;CLI-02106;CTC-004813;Agence;Produit défectueux;normale;2024-05-01;2024-05-05;106;4;Fanny Clément
TIC-003717;CLI-00905;CTC-005847;Agence;Demande d’information;haute;2024-12-05;2024-12-05;23;4;Pauline Durand
TIC-003718;CLI-01922;CTC-002408;Agence;Retour;normale;2025-10-30;2025-10-31;44;5;Virginie Henry
TIC-003719;CLI-02188;CTC-004558;Téléphone;Produit défectueux;normale;2024-04-04;2024-04-04;1;4;Sébastien Mercier
TIC-003720;CLI-00088;;Agence;Produit défectueux;critique;2024-01-29;2024-01-29;1;2;Pauline Durand
TIC-003721;CLI-01015;;Téléphone;Facturation;normale;2025-03-23;2025-03-25;50;4;Jérôme Blanc
TIC-003722;CLI-01378;CTC-003943;Agence;Demande d’information;normale;2026-03-14;;;;Catherine Dumont
TIC-003723;CLI-00329;CTC-007659;Formulaire web;Réclamation;normale;2024-12-28;2024-12-28;13;2;Franck Lefebvre
TIC-003724;CLI-01189;;Agence;Retour;normale;2026-04-26;2026-04-27;33;1;Léa Durand
TIC-003725;CLI-01610;CTC-000956;Téléphone;Réclamation;haute;2026-08-02;2026-08-03;46;5;Pauline Durand
TIC-003726;CLI-01861;CTC-005317;Téléphone;Facturation;basse;2024-07-27;2024-07-28;29;4;Julie Dubois
TIC-003727;CLI-00639;CTC-004687;Agence;Produit défectueux;basse;2023-11-14;2023-11-14;1;5;Nathalie Michel
TIC-003728;CLI-00070;CTC-004206;Téléphone;Retour;normale;2026-03-06;2026-03-07;35;4;Julie Dubois
TIC-003729;CLI-00341;;Téléphone;Facturation;haute;2026-07-30;;;;Sébastien Mercier
TIC-003730;CLI-00614;CTC-005288;Téléphone;Retour;basse;2025-03-17;;;;Catherine Chevalier
TIC-003731;CLI-01008;;Courriel;Livraison;normale;2026-05-13;;;;Maxime Muller
TIC-003732;CLI-01928;;Formulaire web;Livraison;normale;2025-06-02;2025-06-02;1;4;Alain Morel
TIC-003733;CLI-01390;CTC-005501;Téléphone;Livraison;normale;2026-04-09;2026-04-10;31;3;Fanny Clément
TIC-003734;CLI-02333;;Formulaire web;Réclamation;normale;2025-12-08;2025-12-09;34;5;Alexandre Chevalier
TIC-003735;CLI-01717;;Agence;Facturation;normale;2026-05-10;2026-05-13;73;3;Thomas Morel
TIC-003736;CLI-02182;;Courriel;Facturation;normale;2025-07-08;2025-07-11;78;3;Sébastien Mercier
TIC-003737;CLI-01432;CTC-004803;Courriel;Demande d’information;normale;2026-03-29;2026-03-29;1;4;Julie Dubois
TIC-003738;CLI-01698;CTC-001620;Agence;Demande d’information;normale;2025-05-11;2025-05-11;15;5;Sébastien Mercier
TIC-003739;CLI-00377;;Téléphone;Facturation;basse;2026-03-24;2026-03-25;27;2;Pauline Durand
TIC-003740;CLI-01450;CTC-005276;Téléphone;Produit défectueux;normale;2023-11-05;2023-11-05;13;5;Virginie Henry
TIC-003741;CLI-02024;;Formulaire web;Demande d’information;normale;2025-03-02;2025-03-03;41;3;Catherine Chevalier
TIC-003742;CLI-01039;CTC-002623;Courriel;Facturation;critique;2026-04-04;2026-04-06;52;4;Julie Dubois
TIC-003743;CLI-02363;CTC-003778;Téléphone;Produit défectueux;basse;2024-11-04;;;;Catherine Dumont
TIC-003744;CLI-01916;;Courriel;Facturation;haute;2025-10-15;2025-10-19;106;4;Léa Durand
TIC-003745;CLI-00262;CTC-000164;Formulaire web;Facturation;critique;2023-11-06;2023-11-07;31;4;Virginie Henry
TIC-003746;CLI-02040;CTC-002971;Téléphone;Réclamation;normale;2024-05-30;2024-05-31;29;5;Jérôme Blanc
TIC-003747;CLI-00963;CTC-005520;Agence;Produit défectueux;normale;2025-03-28;2025-03-28;1;5;Camille Bertrand
TIC-003748;CLI-00653;;Formulaire web;Réclamation;normale;2025-04-11;;;;Thomas Morel
TIC-003749;CLI-00485;CTC-000353;Téléphone;Produit défectueux;haute;2025-03-14;2025-03-14;1;5;Maxime Muller
TIC-003750;CLI-02031;CTC-002632;Téléphone;Livraison;normale;2024-09-29;;;;Sébastien Mercier
TIC-003751;CLI-00527;CTC-004096;Formulaire web;Demande d’information;normale;2026-06-11;2026-06-12;41;2;Catherine Chevalier
TIC-003752;CLI-01543;CTC-005180;Formulaire web;Réclamation;haute;2024-07-04;;;;Maxime Muller
TIC-003753;CLI-01800;CTC-002124;Formulaire web;Produit défectueux;haute;2025-04-23;2025-04-25;52;2;Sébastien Mercier
TIC-003754;CLI-02200;CTC-002136;Téléphone;Facturation;basse;2025-05-01;2025-05-01;1;5;Fanny Clément
TIC-003755;CLI-00254;CTC-004643;Téléphone;Produit défectueux;haute;2024-09-06;2024-09-08;48;4;Alain Morel
TIC-003756;CLI-01128;;Formulaire web;Produit défectueux;normale;2024-12-20;2024-12-20;23;5;Catherine Chevalier
TIC-003757;CLI-00373;CTC-006430;Formulaire web;Réclamation;basse;2024-05-22;2024-05-22;1;1;Julie Dubois
TIC-003758;CLI-00859;CTC-004227;Courriel;Produit défectueux;normale;2024-07-21;2024-07-23;59;5;Fanny Clément
TIC-003759;CLI-00309;;Agence;Retour;normale;2024-01-23;2024-01-24;41;6;Virginie Henry
TIC-003760;CLI-01661;CTC-006629;Formulaire web;Livraison;normale;2025-02-13;2025-02-17;100;3;Camille Bertrand
TIC-003761;CLI-00198;CTC-006251;Téléphone;Livraison;critique;2024-12-23;;;;Jérôme Blanc
TIC-003762;CLI-00153;CTC-002665;Courriel;Livraison;normale;2024-05-08;2024-05-10;62;5;Franck Lefebvre
TIC-003763;CLI-00541;;Agence;Réclamation;normale;2025-09-02;2025-09-03;46;3;Alain Morel
TIC-003764;CLI-01697;CTC-004040;Courriel;Retour;normale;2023-11-29;;;;Jérôme Blanc
TIC-003765;CLI-02417;CTC-003782;Courriel;Facturation;normale;2025-11-09;2025-11-11;53;5;Virginie Henry
TIC-003766;CLI-01902;CTC-000828;Courriel;Retour;basse;2025-06-27;2025-06-29;51;3;Julie Dubois
TIC-003767;CLI-01140;;Formulaire web;Livraison;normale;2023-09-24;2023-09-24;6;5;Franck Lefebvre
TIC-003768;CLI-01731;CTC-005206;Agence;Produit défectueux;basse;2026-03-15;2026-03-16;40;4;Léa Durand
TIC-003769;CLI-00247;CTC-006032;Agence;Demande d’information;basse;2024-08-21;;;;Catherine Dumont
TIC-003770;CLI-01346;CTC-004463;Courriel;Retour;normale;2024-04-22;2024-04-23;40;4;Virginie Henry
TIC-003771;CLI-01840;CTC-003312;Courriel;Produit défectueux;normale;2024-02-01;;;;Maxime Muller
TIC-003772;CLI-01240;CTC-003817;Agence;Produit défectueux;normale;2023-11-27;2023-11-27;1;4;Catherine Dumont
TIC-003773;CLI-01844;;Formulaire web;Demande d’information;normale;2024-12-22;2024-12-24;52;1;Virginie Henry
TIC-003774;CLI-00626;CTC-001399;Téléphone;Demande d’information;haute;2024-02-03;2024-02-04;29;5;Jérôme Blanc
TIC-003775;CLI-01702;;Téléphone;Livraison;normale;2024-05-19;2024-05-21;50;5;Virginie Henry
TIC-003776;CLI-00497;CTC-003970;Téléphone;Réclamation;normale;2025-08-28;2025-08-29;31;3;Julie Dubois
TIC-003777;CLI-00907;CTC-007643;Agence;Facturation;normale;2024-10-08;2024-10-08;7;2;Alexandre Chevalier
TIC-003778;CLI-02104;CTC-005421;Courriel;Réclamation;critique;2025-06-10;2025-06-10;1;5;Virginie Henry
TIC-003779;CLI-01150;CTC-003390;Courriel;Demande d’information;normale;2024-01-05;2024-01-05;17;1;Thomas Morel
TIC-003780;CLI-01516;CTC-000898;Formulaire web;Réclamation;basse;2026-04-21;2026-04-21;23;3;Catherine Dumont
TIC-003781;CLI-00535;;Courriel;Facturation;normale;2024-05-10;2024-05-10;12;1;Virginie Henry
TIC-003782;CLI-01075;CTC-006263;Formulaire web;Facturation;normale;2024-02-15;2024-02-15;2;5;Virginie Henry
TIC-003783;CLI-01976;;Formulaire web;Livraison;haute;2023-12-31;2023-12-31;14;5;Maxime Muller
TIC-003784;CLI-01865;CTC-005814;Téléphone;Retour;critique;2026-06-26;;;;Léa Durand
TIC-003785;CLI-00372;;Agence;Retour;normale;2026-05-12;2026-05-13;33;1;Catherine Chevalier
TIC-003786;CLI-01487;CTC-004074;Courriel;Réclamation;basse;2026-05-09;2026-05-12;74;3;Maxime Muller
TIC-003787;CLI-01140;CTC-000902;Courriel;Produit défectueux;haute;2024-10-24;2024-10-25;33;3;Jérôme Blanc
TIC-003788;CLI-01841;CTC-006792;Formulaire web;Facturation;haute;2024-09-06;2024-09-08;71;3;Nathalie Michel
TIC-003789;CLI-00420;CTC-004965;Agence;Livraison;normale;2025-06-10;2025-06-12;49;5;Julie Dubois
TIC-003790;CLI-02133;;Formulaire web;Réclamation;haute;2024-10-13;2024-10-14;26;5;Manon Michel
TIC-003791;CLI-01075;CTC-006263;Agence;Produit défectueux;haute;2024-01-23;2024-01-25;55;2;Fanny Clément
TIC-003792;CLI-02471;CTC-004647;Courriel;Produit défectueux;normale;2025-04-03;2025-04-03;23;5;Pauline Durand
TIC-003793;CLI-01118;CTC-003846;Agence;Demande d’information;normale;2026-06-11;2026-06-11;2;2;Camille Bertrand
TIC-003794;CLI-02383;;Formulaire web;Réclamation;normale;2025-06-12;2025-06-13;30;4;Pauline Durand
TIC-003795;CLI-00726;CTC-006119;Courriel;Réclamation;normale;2025-01-23;2025-01-25;63;4;Sébastien Mercier
TIC-003796;CLI-01214;;Agence;Livraison;haute;2025-01-28;2025-01-29;35;2;Léa Durand
TIC-003797;CLI-00909;;Agence;Réclamation;normale;2023-12-02;2023-12-03;31;4;Jérôme Blanc
TIC-003798;CLI-00485;CTC-000022;Agence;Demande d’information;normale;2026-05-07;;;;Jérôme Blanc
TIC-003799;CLI-01546;CTC-007345;Courriel;Réclamation;haute;2025-11-19;2025-11-20;46;0;Sébastien Mercier
TIC-003800;CLI-01855;CTC-001679;Agence;Réclamation;haute;2023-11-26;2023-11-26;1;5;Sébastien Mercier
TIC-003801;CLI-01664;CTC-004149;Formulaire web;Produit défectueux;haute;2025-03-14;2025-03-15;33;1;Camille Bertrand
TIC-003802;CLI-01406;;Agence;Réclamation;critique;2025-05-27;2025-05-27;17;5;Catherine Chevalier
TIC-003803;CLI-00289;CTC-007942;Agence;Demande d’information;critique;2024-10-19;2024-10-20;29;5;Thomas Morel
TIC-003804;CLI-00511;;Formulaire web;Facturation;normale;2025-05-01;2025-05-05;106;5;Fanny Clément
TIC-003805;CLI-01093;;Téléphone;Réclamation;critique;2025-04-15;2025-04-15;9;4;Catherine Dumont
TIC-003806;CLI-00671;CTC-002317;Téléphone;Livraison;haute;2023-09-13;;;;Alexandre Chevalier
TIC-003807;CLI-00313;;Courriel;Livraison;haute;2026-02-03;2026-02-03;7;4;Pauline Durand
TIC-003808;CLI-00095;CTC-002409;Formulaire web;Réclamation;normale;2025-03-16;2025-03-17;42;4;Pauline Durand
TIC-003809;CLI-02448;CTC-007046;Courriel;Réclamation;normale;2026-05-05;2026-05-06;35;4;Nathalie Michel
TIC-003810;CLI-00001;;Téléphone;Facturation;normale;2024-10-02;2024-10-03;42;4;Alexandre Chevalier
TIC-003811;CLI-02427;CTC-004642;Agence;Réclamation;normale;2025-03-11;;;;Nathalie Michel
TIC-003812;CLI-01895;CTC-007437;Téléphone;Facturation;normale;2025-08-04;2025-08-06;63;3;Camille Bertrand
TIC-003813;CLI-00736;;Courriel;Facturation;normale;2025-03-01;2025-03-01;5;5;Pauline Durand
TIC-003814;CLI-01878;;Courriel;Produit défectueux;basse;2023-09-26;2023-09-27;27;5;Alexandre Chevalier
TIC-003815;CLI-01447;CTC-005448;Agence;Livraison;normale;2025-11-22;2025-11-23;45;2;Camille Bertrand
TIC-003816;CLI-00319;CTC-003657;Agence;Facturation;haute;2024-01-25;2024-01-25;6;3;Julie Dubois
TIC-003817;CLI-02331;;Formulaire web;Produit défectueux;critique;2025-12-20;2025-12-20;1;5;Alain Morel
TIC-003818;CLI-00046;CTC-001732;Téléphone;Facturation;haute;2025-07-03;2025-07-04;34;3;Franck Lefebvre
TIC-003819;CLI-01721;;Formulaire web;Produit défectueux;critique;2026-02-28;2026-02-28;1;5;Léa Durand
TIC-003820;CLI-00772;CTC-007461;Formulaire web;Facturation;haute;2025-03-10;;;;Virginie Henry
TIC-003821;CLI-01804;CTC-005149;Courriel;Facturation;haute;2024-06-13;2024-06-14;40;1;Alexandre Chevalier
TIC-003822;CLI-01872;CTC-004247;Agence;Retour;haute;2025-04-30;;;;Julie Dubois
TIC-003823;CLI-00070;CTC-001257;Courriel;Demande d’information;basse;2024-07-27;2024-07-28;42;4;Manon Michel
TIC-003824;CLI-01507;CTC-007290;Téléphone;Facturation;normale;2024-12-10;2024-12-12;51;3;Franck Lefebvre
TIC-003825;CLI-01383;;Courriel;Retour;haute;2026-05-22;2026-05-24;68;3;Julie Dubois
TIC-003826;CLI-01883;CTC-007028;Courriel;Réclamation;normale;2025-02-13;2025-02-14;44;1;Maxime Muller
TIC-003827;CLI-02480;;Courriel;Demande d’information;haute;2024-07-19;2024-07-22;78;4;Alexandre Chevalier
TIC-003828;CLI-02487;;Agence;Demande d’information;normale;2024-05-17;2024-05-17;6;2;Pauline Durand
TIC-003829;CLI-00045;CTC-006285;Formulaire web;Facturation;normale;2026-02-22;2026-02-25;86;3;Camille Bertrand
TIC-003830;CLI-02001;CTC-003141;Agence;Livraison;normale;2025-03-02;2025-03-06;111;5;Catherine Chevalier
TIC-003831;CLI-01093;;Agence;Retour;basse;2026-08-12;2026-08-13;33;5;Maxime Muller
TIC-003832;CLI-00519;CTC-006244;Agence;Facturation;normale;2024-06-01;;;;Camille Bertrand
TIC-003833;CLI-00920;CTC-007440;Agence;Demande d’information;haute;2025-08-04;;;;Jérôme Blanc
TIC-003834;CLI-01183;;Formulaire web;Facturation;normale;2026-08-17;2026-08-19;58;5;Virginie Henry
TIC-003835;CLI-00174;CTC-004484;Courriel;Demande d’information;basse;2025-11-20;2025-11-20;15;5;Julie Dubois
TIC-003836;CLI-02177;;Agence;Produit défectueux;haute;2026-06-28;2026-06-28;17;4;Camille Bertrand
TIC-003837;CLI-00614;CTC-005288;Agence;Livraison;normale;2024-12-26;2024-12-28;55;2;Léa Durand
TIC-003838;CLI-01835;CTC-003677;Téléphone;Demande d’information;basse;2025-11-14;2025-11-15;27;4;Manon Michel
TIC-003839;CLI-01637;CTC-004524;Téléphone;Produit défectueux;basse;2025-04-26;;;;Nathalie Michel
TIC-003840;CLI-02359;CTC-007601;Courriel;Retour;haute;2025-06-30;2025-07-01;28;4;Fanny Clément
TIC-003841;CLI-00091;CTC-003266;Agence;Demande d’information;normale;2024-04-17;2024-04-19;62;5;Alain Morel
TIC-003842;CLI-02442;CTC-007104;Formulaire web;Produit défectueux;haute;2025-09-07;2025-09-11;116;5;Nathalie Michel
TIC-003843;CLI-02363;CTC-007164;Formulaire web;Facturation;normale;2025-10-25;2025-10-26;32;4;Virginie Henry
TIC-003844;CLI-00444;CTC-005350;Téléphone;Retour;normale;2024-11-24;;;;Alain Morel
TIC-003845;CLI-00695;;Agence;Facturation;normale;2025-06-16;2025-06-16;11;4;Catherine Chevalier
TIC-003846;CLI-01289;;Agence;Facturation;haute;2023-10-23;2023-10-23;23;5;Julie Dubois
TIC-003847;CLI-02186;CTC-006575;Agence;Produit défectueux;haute;2026-06-26;2026-06-26;5;4;Catherine Dumont
TIC-003848;CLI-01247;CTC-003668;Courriel;Demande d’information;haute;2025-08-21;2025-08-23;61;2;Nathalie Michel
TIC-003849;CLI-00695;CTC-002192;Formulaire web;Demande d’information;normale;2026-08-06;2026-08-06;5;5;Vincent Richard
TIC-003850;CLI-01992;CTC-003642;Téléphone;Produit défectueux;normale;2026-05-17;2026-05-17;1;5;Catherine Chevalier
TIC-003851;CLI-02288;CTC-005252;Téléphone;Livraison;critique;2025-10-18;;;;Julie Dubois
TIC-003852;CLI-00583;CTC-002372;Formulaire web;Produit défectueux;basse;2025-09-24;2025-09-25;47;4;Thomas Morel
TIC-003853;CLI-01049;CTC-004855;Agence;Retour;normale;2025-05-31;2025-05-31;1;5;Alain Morel
TIC-003854;CLI-00621;CTC-004050;Agence;Livraison;haute;2024-11-19;2024-11-20;24;5;Alain Morel
TIC-003855;CLI-01256;CTC-007867;Courriel;Produit défectueux;normale;2025-07-26;2025-07-27;38;4;Nathalie Michel
TIC-003856;CLI-02087;;Agence;Demande d’information;haute;2024-08-20;2024-08-20;16;5;Pauline Durand
TIC-003857;CLI-00777;CTC-002176;Téléphone;Demande d’information;normale;2025-12-31;2025-12-31;1;4;Camille Bertrand
TIC-003858;CLI-00398;CTC-000328;Téléphone;Demande d’information;critique;2024-03-04;2024-03-04;14;5;Manon Michel
TIC-003859;CLI-01611;;Formulaire web;Retour;basse;2026-03-31;2026-04-02;52;5;Camille Bertrand
TIC-003860;CLI-01911;CTC-002026;Formulaire web;Retour;haute;2026-08-10;2026-08-11;40;5;Pauline Durand
TIC-003861;CLI-01571;CTC-001208;Agence;Réclamation;normale;2024-09-21;2024-09-23;69;5;Virginie Henry
TIC-003862;CLI-00002;CTC-002794;Agence;Facturation;haute;2025-04-30;2025-04-19;63;5;Léa Durand
TIC-003863;CLI-00041;CTC-007699;Courriel;Demande d’information;normale;2025-09-25;2025-09-25;22;4;Sébastien Mercier
TIC-003864;CLI-00899;CTC-002554;Formulaire web;Retour;haute;2026-05-22;2026-05-24;56;5;Camille Bertrand
TIC-003865;CLI-00501;;Téléphone;Facturation;normale;2026-01-09;2026-01-09;22;4;Alexandre Chevalier
TIC-003866;CLI-01628;;Formulaire web;Demande d’information;normale;2024-10-18;2024-10-22;100;5;Alain Morel
TIC-003867;CLI-01466;CTC-000692;Formulaire web;Retour;basse;2023-12-24;2023-12-27;76;5;Alexandre Chevalier
TIC-003868;CLI-01873;CTC-000796;Formulaire web;Demande d’information;basse;2025-07-09;2025-07-10;34;5;Jérôme Blanc
TIC-003869;CLI-01383;CTC-003485;Courriel;Produit défectueux;critique;2025-05-31;2025-06-01;42;5;Catherine Dumont
TIC-003870;CLI-00552;CTC-000599;Formulaire web;Demande d’information;normale;2025-10-31;2025-11-01;36;1;Alain Morel
TIC-003871;CLI-01898;;Formulaire web;Demande d’information;haute;2024-08-27;2024-08-29;48;5;Camille Bertrand
TIC-003872;CLI-02425;CTC-006041;Courriel;Demande d’information;haute;2026-01-11;2026-01-11;1;5;Julie Dubois
TIC-003873;CLI-00196;CTC-001115;Courriel;Facturation;normale;2024-12-18;2024-12-21;76;4;Virginie Henry
TIC-003874;CLI-00633;CTC-001236;Téléphone;Réclamation;critique;2026-03-22;2026-03-22;13;5;Jérôme Blanc
TIC-003875;CLI-00064;;Courriel;Produit défectueux;normale;2026-07-06;2026-07-08;55;5;Manon Michel
TIC-003876;CLI-01237;CTC-001550;Téléphone;Produit défectueux;normale;2024-11-03;2024-11-04;28;2;Vincent Richard
TIC-003877;CLI-01946;CTC-000089;Agence;Livraison;normale;2024-07-07;2024-07-09;50;3;Léa Durand
TIC-003878;CLI-02036;CTC-007400;Téléphone;Livraison;basse;2025-11-21;2025-11-23;71;4;Vincent Richard
TIC-003879;CLI-01674;CTC-007405;Téléphone;Produit défectueux;haute;2026-05-11;;;;Sébastien Mercier
TIC-003880;CLI-02364;CTC-007625;Formulaire web;Produit défectueux;basse;2025-12-07;;;;Virginie Henry
TIC-003881;CLI-02201;CTC-000141;Courriel;Réclamation;haute;2024-01-23;2024-01-25;52;5;Camille Bertrand
TIC-003882;CLI-01016;CTC-004868;Agence;Produit défectueux;normale;2024-10-18;2024-10-20;60;4;Catherine Dumont
TIC-003883;CLI-00108;CTC-006890;Téléphone;Produit défectueux;haute;2025-05-19;2025-05-19;11;2;Virginie Henry
TIC-003884;CLI-00816;CTC-000448;Courriel;Produit défectueux;basse;2024-01-10;2024-01-11;24;4;Thomas Morel
TIC-003885;CLI-00146;CTC-001036;Formulaire web;Facturation;critique;2025-05-07;;;;Maxime Muller
TIC-003886;CLI-01648;CTC-003515;Formulaire web;Produit défectueux;normale;2026-07-26;2026-07-28;60;4;Alexandre Chevalier
TIC-003887;CLI-00768;CTC-005112;Formulaire web;Demande d’information;normale;2025-04-01;2025-04-01;5;4;Virginie Henry
TIC-003888;CLI-00353;CTC-005235;Agence;Réclamation;haute;2026-05-07;2026-05-08;38;3;Fanny Clément
TIC-003889;CLI-01727;CTC-007674;Téléphone;Facturation;haute;2024-04-20;;;;Jérôme Blanc
TIC-003890;CLI-00900;CTC-000906;Agence;Retour;normale;2024-02-03;2024-02-04;45;5;Jérôme Blanc
TIC-003891;CLI-00357;CTC-004008;Courriel;Livraison;normale;2025-09-11;2025-09-12;44;4;Franck Lefebvre
TIC-003892;CLI-02330;CTC-001063;Agence;Livraison;haute;2026-08-11;2026-08-14;77;4;Léa Durand
TIC-003893;CLI-02419;CTC-001268;Téléphone;Retour;urgent;2025-12-03;2025-12-03;4;3;Catherine Dumont
TIC-003894;CLI-01111;CTC-007933;Agence;Livraison;basse;2024-05-21;2024-05-21;12;2;Jérôme Blanc
TIC-003895;CLI-02180;;Courriel;Facturation;basse;2025-08-23;2025-08-11;65;4;Virginie Henry
TIC-003896;CLI-00682;CTC-002478;Courriel;Facturation;normale;2024-07-10;;;;Thomas Morel
TIC-003897;CLI-02246;CTC-002474;Courriel;Réclamation;basse;2024-12-23;2024-12-24;43;1;Thomas Morel
TIC-003898;CLI-00748;CTC-006698;Téléphone;Réclamation;basse;2025-03-03;2025-03-04;46;2;Catherine Chevalier
TIC-003899;CLI-00873;;Téléphone;Facturation;haute;2026-02-02;;;;Alexandre Chevalier
TIC-003900;CLI-00819;;Agence;Livraison;normale;2025-02-03;2025-02-04;31;4;Sébastien Mercier
TIC-003901;CLI-01858;;Agence;Livraison;normale;2024-02-16;;;;Sébastien Mercier
TIC-003902;CLI-00363;;Courriel;Facturation;haute;2026-06-26;2026-06-27;36;4;Vincent Richard
TIC-003903;CLI-00765;CTC-001161;Formulaire web;Facturation;normale;2024-10-23;2024-10-25;56;3;Nathalie Michel
TIC-003904;CLI-02396;;Téléphone;Produit défectueux;NORMALE;2026-05-04;2026-05-04;5;4;Maxime Muller
TIC-003905;CLI-02402;CTC-004303;Téléphone;Produit défectueux;normale;2025-02-24;2025-02-24;17;5;Vincent Richard
TIC-003906;CLI-01566;CTC-006812;Formulaire web;Facturation;basse;2024-11-17;2024-11-18;41;5;Alain Morel
TIC-003907;CLI-01733;CTC-006444;Agence;Réclamation;normale;2024-12-13;2024-12-15;49;5;Catherine Chevalier
TIC-003908;CLI-02354;;Formulaire web;Livraison;normale;2023-12-22;2023-12-23;25;4;Alain Morel
TIC-003909;CLI-01038;;Téléphone;Demande d’information;haute;2026-09-06;2026-09-08;53;5;Léa Durand
TIC-003910;CLI-00855;CTC-005405;Formulaire web;Demande d’information;normale;2025-11-11;2025-11-11;1;2;Virginie Henry
TIC-003911;CLI-02172;CTC-005483;Agence;Produit défectueux;normale;2025-01-06;2025-01-07;28;3;Catherine Dumont
TIC-003912;CLI-02094;CTC-005081;Agence;Retour;normale;2025-10-20;2025-10-22;58;5;Jérôme Blanc
TIC-003913;CLI-02062;;Courriel;Demande d’information;basse;2024-05-22;;;;Fanny Clément
TIC-003914;CLI-00455;CTC-001200;Téléphone;Livraison;basse;2025-12-21;2025-12-21;19;2;Léa Durand
TIC-003915;CLI-01615;;Téléphone;Livraison;haute;2026-03-25;2026-03-25;1;5;Camille Bertrand
TIC-003916;CLI-01533;CTC-005169;Courriel;Produit défectueux;normale;2024-03-12;2024-03-12;2;5;Maxime Muller
TIC-003917;CLI-01931;;Agence;Produit défectueux;normale;2026-06-26;2026-06-27;35;3;Julie Dubois
TIC-003918;CLI-01405;CTC-003510;Agence;Réclamation;normale;2025-05-24;2025-05-25;39;3;Franck Lefebvre
TIC-003919;CLI-01978;CTC-005702;Formulaire web;Retour;haute;2026-03-07;2026-03-09;67;5;Vincent Richard
TIC-003920;CLI-01763;CTC-007243;Agence;Livraison;basse;2025-07-29;;;;Jérôme Blanc
TIC-003921;CLI-01717;CTC-006655;Téléphone;Demande d’information;normale;2026-02-03;2026-02-04;44;3;Catherine Chevalier
TIC-003922;CLI-00544;CTC-002817;Téléphone;Demande d’information;critique;2024-03-31;2024-03-31;2;4;Léa Durand
TIC-003923;CLI-01390;;Formulaire web;Demande d’information;normale;2024-04-07;2024-04-07;17;5;Maxime Muller
TIC-003924;CLI-02425;CTC-002658;Téléphone;Produit défectueux;basse;2025-04-21;2025-04-21;1;4;Virginie Henry
TIC-003925;CLI-00632;CTC-004990;Courriel;Livraison;normale;2025-04-18;2025-04-21;94;3;Maxime Muller
TIC-003926;CLI-02364;;Agence;Livraison;haute;2026-02-10;2026-02-14;113;4;Thomas Morel
TIC-003927;CLI-01918;;Courriel;Facturation;haute;2025-11-22;;;;Fanny Clément
TIC-003928;CLI-01981;CTC-003455;Formulaire web;Réclamation;critique;2024-02-17;2024-02-17;1;5;Catherine Dumont
TIC-003929;CLI-01495;CTC-002905;Téléphone;Demande d’information;basse;2025-12-27;2025-12-30;88;5;Jérôme Blanc
TIC-003930;CLI-01591;;Téléphone;Demande d’information;normale;2025-12-16;2025-12-01;52;0;Thomas Morel
TIC-003931;CLI-00320;;Formulaire web;Retour;basse;2026-04-10;2026-04-11;31;3;Thomas Morel
TIC-003932;CLI-02191;CTC-004168;Formulaire web;Réclamation;basse;2025-07-07;2025-07-07;2;4;Thomas Morel
TIC-003933;CLI-01122;CTC-005636;Téléphone;Réclamation;basse;2025-06-06;2025-06-09;88;5;Virginie Henry
TIC-003934;CLI-01903;;Courriel;Demande d’information;haute;2023-11-19;2023-11-20;46;5;Thomas Morel
TIC-003935;CLI-01138;;Formulaire web;Livraison;normale;2025-10-23;;;;Sébastien Mercier
TIC-003936;CLI-02308;;Formulaire web;Livraison;normale;2025-10-19;2025-10-19;19;3;Manon Michel
TIC-003937;CLI-00677;;Téléphone;Réclamation;basse;2026-08-12;2026-08-15;76;4;Nathalie Michel
TIC-003938;CLI-00514;CTC-000173;Agence;Livraison;normale;2024-10-19;2024-10-21;52;5;Fanny Clément
TIC-003939;CLI-02435;;Courriel;Livraison;normale;2026-03-24;2026-03-27;80;2;Maxime Muller
TIC-003940;CLI-01277;CTC-005553;Courriel;Facturation;normale;2025-03-01;2025-03-01;14;4;Catherine Dumont
TIC-003941;CLI-01318;CTC-003202;Téléphone;Livraison;normale;2023-11-08;2023-11-08;1;5;Franck Lefebvre
TIC-003942;CLI-00235;;Courriel;Demande d’information;basse;2024-05-08;2024-05-10;57;4;Julie Dubois
TIC-003943;CLI-00590;CTC-004449;Formulaire web;Demande d’information;basse;2025-01-19;2025-01-22;80;5;Alexandre Chevalier
TIC-003944;CLI-02389;CTC-001283;Agence;Retour;haute;2025-02-27;2025-02-27;1;4;Thomas Morel
TIC-003945;CLI-02044;CTC-007568;Formulaire web;Réclamation;haute;2024-12-20;2024-12-23;87;5;Jérôme Blanc
TIC-003946;CLI-02365;CTC-002298;Formulaire web;Produit défectueux;normale;2026-08-11;2026-08-12;45;2;Franck Lefebvre
TIC-003947;CLI-00680;CTC-007291;Agence;Réclamation;normale;2026-04-02;2026-04-02;1;5;Jérôme Blanc
TIC-003948;CLI-01081;CTC-007190;Agence;Facturation;normale;2025-09-26;2025-09-27;38;1;Vincent Richard
TIC-003949;CLI-01684;;Formulaire web;Retour;normale;2023-12-23;2023-12-24;36;4;Catherine Dumont
TIC-003950;CLI-00359;;Téléphone;Facturation;haute;2025-12-23;2025-12-23;1;5;Pauline Durand
TIC-003951;CLI-02303;CTC-001896;Courriel;Produit défectueux;haute;2026-02-03;2026-02-06;73;4;Catherine Chevalier
TIC-003952;CLI-02097;CTC-004528;Courriel;Livraison;normale;2023-09-12;2023-09-12;1;5;Virginie Henry
TIC-003953;CLI-01578;;Courriel;Réclamation;basse;2024-11-19;;;;Thomas Morel
TIC-003954;CLI-01128;;Téléphone;Livraison;basse;2026-05-17;;;;Vincent Richard
TIC-003955;CLI-00400;CTC-002537;Courriel;Produit défectueux;normale;2023-10-06;2023-10-07;29;5;Sébastien Mercier
TIC-003956;CLI-01096;;Courriel;Réclamation;normale;2024-02-22;2024-02-23;32;4;Léa Durand
TIC-003957;CLI-01955;CTC-005461;Formulaire web;Demande d’information;basse;2024-05-19;;;;Catherine Chevalier
TIC-003958;CLI-00514;CTC-000929;Formulaire web;Demande d’information;normale;2025-09-21;2025-09-22;37;4;Julie Dubois
TIC-003959;CLI-01473;CTC-002082;Téléphone;Demande d’information;normale;2024-05-11;2024-05-12;35;3;Camille Bertrand
TIC-003960;CLI-02419;CTC-004631;Courriel;Réclamation;basse;2024-10-26;2024-10-28;56;5;Maxime Muller
TIC-003961;CLI-01891;CTC-006394;Courriel;Retour;basse;2026-07-01;2026-07-01;1;5;Franck Lefebvre
TIC-003962;CLI-00105;;Téléphone;Réclamation;normale;2026-03-17;2026-03-17;1;3;Nathalie Michel
TIC-003963;CLI-00402;CTC-004287;Formulaire web;Retour;normale;2024-08-06;2024-08-07;28;1;Catherine Chevalier
TIC-003964;CLI-02311;CTC-002115;Courriel;Livraison;normale;2023-11-27;2023-11-27;5;5;Camille Bertrand
TIC-003965;CLI-01198;;Agence;Facturation;normale;2025-10-09;2025-10-13;103;5;Julie Dubois
TIC-003966;CLI-00812;CTC-000359;Courriel;Produit défectueux;normale;2023-12-23;2023-12-24;45;4;Léa Durand
TIC-003967;CLI-01924;;Formulaire web;Livraison;normale;2025-03-02;2025-03-04;61;4;Léa Durand
TIC-003968;CLI-00369;;Téléphone;Réclamation;normale;2025-08-09;2025-08-10;42;3;Léa Durand
TIC-003969;CLI-00522;CTC-006565;Téléphone;Réclamation;normale;2024-09-21;2024-09-21;8;4;Catherine Chevalier
TIC-003970;CLI-01836;CTC-006540;Courriel;Produit défectueux;normale;2025-07-19;2025-07-19;1;4;Catherine Dumont
TIC-003971;CLI-02139;CTC-002461;Formulaire web;Retour;normale;2024-03-11;2024-03-13;55;4;Sébastien Mercier
TIC-003972;CLI-01598;CTC-006044;Agence;Demande d’information;haute;2026-04-21;;;;Sébastien Mercier
TIC-003973;CLI-02222;;Courriel;Facturation;normale;2023-10-24;2023-10-25;45;4;Catherine Chevalier
TIC-003974;CLI-02463;CTC-003576;Courriel;Livraison;normale;2025-11-13;2025-11-14;36;5;Nathalie Michel
TIC-003975;CLI-01680;CTC-000653;Courriel;Livraison;basse;2025-05-21;2025-05-23;49;5;Alexandre Chevalier
TIC-003976;CLI-00583;CTC-001851;Agence;Produit défectueux;critique;2025-09-05;2025-09-07;64;4;Léa Durand
TIC-003977;CLI-01921;CTC-005647;Agence;Facturation;normale;2025-01-19;2025-01-20;36;5;Julie Dubois
TIC-003978;CLI-00790;CTC-004152;Agence;Demande d’information;normale;2025-08-18;2025-08-18;1;5;Pauline Durand
TIC-003979;CLI-01621;CTC-004224;Téléphone;Livraison;haute;2026-07-03;2026-07-06;73;5;Maxime Muller
TIC-003980;CLI-01211;CTC-006445;Courriel;Livraison;normale;2025-09-10;2025-09-11;47;3;Thomas Morel
TIC-003981;CLI-00606;;Courriel;Produit défectueux;normale;2025-04-07;2025-04-07;3;3;Thomas Morel
TIC-003982;CLI-01735;CTC-004812;Agence;Demande d’information;normale;2025-01-10;2025-01-14;98;3;Sébastien Mercier
TIC-003983;CLI-01539;CTC-007731;Agence;Demande d’information;normale;2023-11-27;;;;Maxime Muller
TIC-003984;CLI-00127;CTC-000433;Agence;Demande d’information;basse;2023-11-24;2023-11-26;54;4;Léa Durand
TIC-003985;CLI-02461;;Courriel;Retour;haute;2024-10-29;2024-10-31;68;5;Franck Lefebvre
TIC-003986;CLI-01857;;Formulaire web;Réclamation;normale;2026-03-03;2026-03-06;93;5;Alain Morel
TIC-003987;CLI-02432;;Courriel;Facturation;critique;2023-11-02;2023-11-02;1;5;Virginie Henry
TIC-003988;CLI-02357;CTC-003906;Courriel;Retour;normale;2024-11-20;2024-11-21;30;3;Manon Michel
TIC-003989;CLI-00541;CTC-001457;Courriel;Livraison;normale;2025-08-11;2025-08-12;31;4;Maxime Muller
TIC-003990;CLI-01247;CTC-005103;Courriel;Retour;normale;2024-02-27;2024-02-29;56;5;Virginie Henry
TIC-003991;CLI-02430;;Formulaire web;Facturation;normale;2025-07-07;;;;Thomas Morel
TIC-003992;CLI-01256;CTC-007867;Téléphone;Livraison;basse;2026-03-05;2026-03-06;30;3;Franck Lefebvre
TIC-003993;CLI-00187;CTC-006388;Agence;Produit défectueux;normale;2025-09-05;2025-09-07;53;3;Maxime Muller
TIC-003994;CLI-02323;CTC-001537;Courriel;Retour;critique;2024-10-28;;;;Léa Durand
TIC-003995;CLI-02421;CTC-002809;Formulaire web;Réclamation;haute;2024-03-28;2024-03-29;45;4;Fanny Clément
TIC-003996;CLI-00286;CTC-004634;Formulaire web;Réclamation;normale;2025-09-10;2025-09-11;26;5;Fanny Clément
TIC-003997;CLI-00999;CTC-003048;Agence;Facturation;basse;2025-06-17;2025-06-18;28;3;Manon Michel
TIC-003998;CLI-01537;CTC-004062;Formulaire web;Demande d’information;normale;2024-07-14;2024-07-14;10;5;Maxime Muller
TIC-003999;CLI-01915;CTC-003412;Agence;Demande d’information;normale;2025-03-29;2025-03-31;58;5;Virginie Henry
TIC-004000;CLI-01438;;Formulaire web;Demande d’information;normale;2024-01-06;2024-01-08;58;2;Virginie Henry
TIC-004001;CLI-02200;CTC-002136;Téléphone;Livraison;normale;2023-09-26;2023-09-28;50;1;Alain Morel
TIC-004002;CLI-01172;CTC-003765;Téléphone;Retour;normale;2024-09-01;2024-09-02;30;2;Alain Morel
TIC-004003;CLI-02023;CTC-004781;Courriel;Produit défectueux;normale;2026-08-27;2026-08-28;46;5;Camille Bertrand
TIC-004004;CLI-02248;CTC-007757;Téléphone;Retour;haute;2023-10-11;;;;Alexandre Chevalier
TIC-004005;CLI-00650;CTC-001193;Courriel;Demande d’information;basse;2025-04-29;;;;Pauline Durand
TIC-004006;CLI-01427;CTC-007842;Courriel;Réclamation;normale;2025-05-14;2025-05-15;33;3;Vincent Richard
TIC-004007;CLI-02347;CTC-007710;Téléphone;Facturation;normale;2026-02-18;2026-02-19;29;4;Léa Durand
TIC-004008;CLI-00558;CTC-002828;Formulaire web;Réclamation;normale;2024-10-08;2024-10-08;7;5;Manon Michel
TIC-004009;CLI-01251;CTC-005285;Agence;Facturation;basse;2025-02-13;2025-02-17;104;2;Franck Lefebvre
TIC-004010;CLI-02358;CTC-000707;Agence;Produit défectueux;normale;2024-10-04;2024-10-04;23;5;Alain Morel
TIC-004011;CLI-00092;;Courriel;Livraison;normale;2024-06-20;2024-06-22;50;4;Catherine Dumont
TIC-004012;CLI-01983;CTC-003633;Formulaire web;Facturation;critique;2024-06-25;;;;Camille Bertrand
TIC-004013;CLI-00689;;Agence;Livraison;basse;2023-10-14;2023-10-14;1;5;Alain Morel
TIC-004014;CLI-02201;CTC-006345;Téléphone;Réclamation;haute;2023-11-14;;;;Jérôme Blanc
TIC-004015;CLI-02248;CTC-007757;Formulaire web;Réclamation;haute;2024-03-06;2024-03-09;72;3;Vincent Richard
TIC-004016;CLI-00767;CTC-003902;Téléphone;Facturation;normale;2025-01-30;2025-01-31;43;2;Jérôme Blanc
TIC-004017;CLI-02034;CTC-004081;Téléphone;Réclamation;haute;2024-02-12;2024-02-15;86;5;Léa Durand
TIC-004018;CLI-01998;CTC-006293;Agence;Facturation;normale;2025-08-21;2025-08-23;69;2;Franck Lefebvre
TIC-004019;CLI-02311;CTC-002115;Agence;Facturation;basse;2026-08-17;2026-08-19;63;3;Vincent Richard
TIC-004020;CLI-01643;;Courriel;Retour;normale;2025-03-03;2025-03-06;88;1;Camille Bertrand
TIC-004021;CLI-00288;CTC-006492;Agence;Réclamation;haute;2026-05-21;2026-05-22;38;5;Camille Bertrand
TIC-004022;CLI-00801;CTC-003452;Formulaire web;Demande d’information;normale;2024-05-20;2024-05-21;44;4;Franck Lefebvre
TIC-004023;CLI-00892;;Téléphone;Produit défectueux;basse;2025-08-04;2025-08-06;65;4;Maxime Muller
TIC-004024;CLI-01230;CTC-000157;Formulaire web;Demande d’information;haute;2026-07-03;2026-07-07;97;4;Catherine Dumont
TIC-004025;CLI-00653;CTC-006622;Courriel;Facturation;basse;2023-11-16;2023-11-17;41;5;Fanny Clément
TIC-004026;CLI-01973;CTC-000297;Courriel;Retour;basse;2023-09-23;2023-09-26;90;5;Thomas Morel
TIC-004027;CLI-00210;CTC-006950;Agence;Demande d’information;basse;2025-02-08;2025-02-10;60;4;Thomas Morel
TIC-004028;CLI-01224;CTC-001547;Agence;Réclamation;normale;2024-10-18;2024-10-19;42;4;Fanny Clément
TIC-004029;CLI-01967;CTC-005696;Agence;Produit défectueux;haute;2024-05-05;2024-05-05;9;4;Camille Bertrand
TIC-004030;CLI-00538;;Formulaire web;Retour;critique;2024-02-07;2024-02-09;49;5;Virginie Henry
TIC-004031;CLI-01526;CTC-006353;Téléphone;Livraison;basse;2026-05-06;2026-05-06;1;2;Alexandre Chevalier
TIC-004032;CLI-02062;;Agence;Retour;basse;2023-12-23;2023-12-24;30;5;Catherine Chevalier
TIC-004033;CLI-00232;CTC-002805;Téléphone;Retour;normale;2025-08-17;2025-08-19;58;5;Julie Dubois
TIC-004034;CLI-00511;CTC-002734;Formulaire web;Facturation;basse;2026-02-05;2026-02-08;75;4;Franck Lefebvre
TIC-004035;CLI-01706;CTC-003708;Courriel;Facturation;normale;2024-03-01;2024-03-04;91;4;Camille Bertrand
TIC-004036;CLI-02418;CTC-000477;Agence;Réclamation;basse;2025-10-18;2025-10-19;32;5;Alexandre Chevalier
TIC-004037;CLI-02140;;Courriel;Produit défectueux;basse;2026-04-03;2026-04-05;67;2;Pauline Durand
TIC-004038;CLI-00483;;Téléphone;Facturation;normale;2025-01-29;2025-01-29;7;1;Camille Bertrand
TIC-004039;CLI-02029;;Téléphone;Livraison;basse;2025-12-18;2025-12-20;51;1;Fanny Clément
TIC-004040;CLI-02004;;Agence;Réclamation;haute;2026-02-16;2026-02-17;45;5;Sébastien Mercier
TIC-004041;CLI-02149;CTC-006820;Courriel;Retour;basse;2024-11-19;2024-11-23;98;3;Fanny Clément
TIC-004042;CLI-01377;CTC-006213;Courriel;Demande d’information;normale;2025-12-24;2025-12-26;66;4;Catherine Chevalier
TIC-004043;CLI-02331;;Courriel;Demande d’information;normale;2023-10-26;2023-10-26;22;3;Thomas Morel
TIC-004044;CLI-01794;CTC-007350;Formulaire web;Retour;normale;2024-08-08;2024-07-31;50;3;Fanny Clément
TIC-004045;CLI-00841;CTC-006548;Formulaire web;Réclamation;basse;2024-02-18;2024-02-20;67;5;Thomas Morel
TIC-004046;CLI-01434;CTC-007357;Formulaire web;Livraison;basse;2024-08-29;2024-08-30;34;5;Vincent Richard
TIC-004047;CLI-00207;CTC-007335;Courriel;Livraison;normale;2025-03-26;2025-03-26;1;4;Léa Durand
TIC-004048;CLI-01121;CTC-005074;Formulaire web;Demande d’information;normale;2025-10-26;2025-10-26;8;4;Thomas Morel
TIC-004049;CLI-02056;CTC-006522;Formulaire web;Réclamation;normale;2025-02-03;2025-02-03;18;5;Alain Morel
TIC-004050;CLI-00661;;Formulaire web;Produit défectueux;normale;2023-10-25;2023-10-27;53;4;Alexandre Chevalier
TIC-004051;CLI-01150;CTC-005559;Agence;Réclamation;basse;2026-08-27;2026-08-28;31;5;Maxime Muller
TIC-004052;CLI-01828;;Téléphone;Facturation;normale;2025-01-16;2025-01-18;49;2;Maxime Muller
TIC-004053;CLI-00909;;Téléphone;Retour;basse;2025-03-21;2025-03-24;93;5;Virginie Henry
TIC-004054;CLI-02082;CTC-000941;Téléphone;Demande d’information;basse;2024-08-27;2024-08-27;1;2;Léa Durand
TIC-004055;CLI-00383;CTC-007556;Agence;Facturation;basse;2026-07-08;2026-07-09;34;5;Camille Bertrand
TIC-004056;CLI-00110;CTC-001394;Courriel;Facturation;normale;2026-07-26;2026-07-26;17;5;Virginie Henry
TIC-004057;CLI-01159;CTC-004384;Courriel;Retour;normale;2026-05-11;2026-05-12;39;4;Alain Morel
TIC-004058;CLI-01044;;Téléphone;Retour;haute;2023-12-18;2023-12-05;58;5;Catherine Dumont
TIC-004059;CLI-01260;;Téléphone;Livraison;normale;2024-06-25;2024-06-26;31;5;Alain Morel
TIC-004060;CLI-00581;CTC-000686;Formulaire web;Facturation;normale;2025-10-19;2025-10-19;1;5;Nathalie Michel
TIC-004061;CLI-00082;CTC-000468;Téléphone;Réclamation;normale;2026-03-04;2026-03-06;60;4;Vincent Richard
TIC-004062;CLI-01966;CTC-002470;Agence;Facturation;normale;2026-03-01;2026-03-03;68;2;Pauline Durand
TIC-004063;CLI-02476;CTC-005979;Courriel;Produit défectueux;normale;2025-08-11;2025-08-14;94;5;Virginie Henry
TIC-004064;CLI-01466;CTC-000232;Courriel;Livraison;normale;2026-03-29;2026-03-31;57;5;Pauline Durand
TIC-004065;CLI-00360;CTC-004219;Téléphone;Facturation;normale;2024-01-11;2024-01-11;1;4;Franck Lefebvre
TIC-004066;CLI-01680;CTC-005541;Téléphone;Réclamation;basse;2023-11-16;2023-11-16;13;2;Catherine Chevalier
TIC-004067;CLI-01685;CTC-001737;Téléphone;Demande d’information;normale;2025-01-27;2025-01-28;44;4;Alexandre Chevalier
TIC-004068;CLI-02294;CTC-003450;Agence;Livraison;normale;2025-10-27;2025-10-29;59;4;Nathalie Michel
TIC-004069;CLI-01985;CTC-007470;Agence;Livraison;basse;2025-11-23;2025-11-25;51;4;Jérôme Blanc
TIC-004070;CLI-02390;CTC-006611;Formulaire web;Facturation;normale;2024-07-26;;;;Nathalie Michel
TIC-004071;CLI-00418;CTC-003651;Agence;Produit défectueux;normale;2023-11-02;2023-11-04;66;3;Manon Michel
TIC-004072;CLI-02279;CTC-000526;Courriel;Réclamation;normale;2025-01-03;2025-01-04;44;4;Manon Michel
TIC-004073;CLI-01146;CTC-001250;Téléphone;Demande d’information;basse;2024-01-24;2024-01-25;31;5;Catherine Dumont
TIC-004074;CLI-01953;CTC-001009;Courriel;Réclamation;NORMALE;2025-07-17;;;;Franck Lefebvre
TIC-004075;CLI-01050;CTC-006493;Courriel;Demande d’information;normale;2026-05-21;2026-05-22;35;4;Nathalie Michel
TIC-004076;CLI-01670;CTC-003685;Téléphone;Réclamation;basse;2026-01-22;2026-01-22;11;4;Catherine Chevalier
TIC-004077;CLI-01779;CTC-000711;Courriel;Réclamation;haute;2026-04-11;2026-04-11;11;4;Catherine Chevalier
TIC-004078;CLI-01048;CTC-001414;Courriel;Produit défectueux;normale;2025-08-31;2025-09-02;48;5;Pauline Durand
TIC-004079;CLI-02287;;Formulaire web;Produit défectueux;basse;2025-09-01;2025-09-03;56;3;Thomas Morel
TIC-004080;CLI-00674;CTC-004657;Courriel;Produit défectueux;normale;2025-06-02;2025-06-05;86;5;Catherine Chevalier
TIC-004081;CLI-00893;CTC-001703;Formulaire web;Produit défectueux;basse;2025-04-01;2025-04-02;38;1;Catherine Chevalier
TIC-004082;CLI-00731;CTC-006725;Agence;Livraison;basse;2024-10-16;;;;Thomas Morel
TIC-004083;CLI-00948;CTC-001163;Formulaire web;Produit défectueux;haute;2024-06-07;2024-06-07;4;5;Camille Bertrand
TIC-004084;CLI-00553;CTC-007661;Téléphone;Retour;normale;2026-03-16;2026-03-18;63;2;Virginie Henry
TIC-004085;CLI-01992;CTC-003642;Téléphone;Réclamation;normale;2023-10-15;;;;Alexandre Chevalier
TIC-004086;CLI-02333;;Téléphone;Livraison;basse;2026-06-26;2026-06-26;16;3;Vincent Richard
TIC-004087;CLI-00354;CTC-007011;Courriel;Livraison;basse;2025-02-04;2025-02-05;36;4;Thomas Morel
TIC-004088;CLI-00310;;Agence;Facturation;basse;2024-08-16;2024-08-19;81;5;Franck Lefebvre
TIC-004089;CLI-01636;;Agence;Réclamation;normale;2024-10-14;2024-10-16;66;4;Camille Bertrand
TIC-004090;CLI-00146;CTC-003739;Téléphone;Produit défectueux;basse;2026-05-10;2026-05-11;29;5;Léa Durand
TIC-004091;CLI-02354;CTC-000176;Téléphone;Retour;normale;2024-10-25;2024-10-25;8;4;Franck Lefebvre
TIC-004092;CLI-00731;CTC-002885;Téléphone;Demande d’information;haute;2023-09-19;2023-09-19;1;4;Thomas Morel
TIC-004093;CLI-01566;CTC-003960;Formulaire web;Livraison;normale;2026-03-26;2026-03-27;36;1;Julie Dubois
TIC-004094;CLI-00679;CTC-003331;Agence;Livraison;basse;2024-07-06;2024-07-08;61;4;Catherine Dumont
TIC-004095;CLI-00364;CTC-007442;Formulaire web;Réclamation;normale;2024-11-12;2024-11-15;80;3;Alexandre Chevalier
TIC-004096;CLI-01428;CTC-002505;Agence;Demande d’information;haute;2026-09-05;2026-09-05;6;4;Nathalie Michel
TIC-004097;CLI-02205;;Téléphone;Livraison;basse;2024-10-23;2024-10-24;44;2;Catherine Dumont
TIC-004098;CLI-01199;CTC-007147;Agence;Livraison;haute;2026-05-03;2026-05-04;47;2;Sébastien Mercier
TIC-004099;CLI-01903;;Formulaire web;Livraison;basse;2024-05-18;2024-05-19;36;4;Nathalie Michel
TIC-004100;CLI-01922;;Formulaire web;Livraison;normale;2026-04-24;2026-04-25;27;4;Fanny Clément
TIC-004101;CLI-01291;;Formulaire web;Demande d’information;haute;2026-05-09;2026-05-09;1;4;Franck Lefebvre
TIC-004102;CLI-00763;;Agence;Retour;basse;2024-01-01;2024-01-02;27;5;Franck Lefebvre
TIC-004103;CLI-00007;;Formulaire web;Facturation;normale;2026-09-06;2026-09-07;29;4;Julie Dubois
TIC-004104;CLI-02234;CTC-006851;Courriel;Demande d’information;normale;2025-10-11;2025-10-11;1;4;Catherine Chevalier
TIC-004105;CLI-01673;;Formulaire web;Facturation;haute;2023-10-27;2023-10-27;5;5;Sébastien Mercier
TIC-004106;CLI-01931;;Agence;Facturation;normale;2025-07-16;2025-07-16;7;5;Virginie Henry
TIC-004107;CLI-00359;CTC-003241;Courriel;Demande d’information;basse;2026-02-07;2026-02-09;53;5;Vincent Richard
TIC-004108;CLI-01806;CTC-003540;Courriel;Demande d’information;normale;2023-09-21;2023-09-22;40;4;Vincent Richard
TIC-004109;CLI-00090;;Formulaire web;Retour;basse;2025-10-15;;;;Fanny Clément
TIC-004110;CLI-01780;CTC-001587;Formulaire web;Retour;normale;2024-11-11;2024-11-11;6;1;Nathalie Michel
TIC-004111;CLI-00335;CTC-001305;Courriel;Réclamation;haute;2024-10-13;2024-10-16;75;5;Pauline Durand
TIC-004112;CLI-02441;CTC-006798;Formulaire web;Retour;normale;2023-10-14;2023-10-15;33;4;Camille Bertrand
TIC-004113;CLI-01136;CTC-005536;Téléphone;Retour;haute;2025-05-09;2025-05-10;33;1;Catherine Chevalier
TIC-004114;CLI-00642;CTC-005230;Formulaire web;Retour;normale;2025-09-10;2025-09-11;36;2;Maxime Muller
TIC-004115;CLI-01882;CTC-005273;Formulaire web;Réclamation;critique;2025-12-13;2025-12-13;1;4;Fanny Clément
TIC-004116;CLI-01253;CTC-004935;Courriel;Livraison;haute;2024-07-23;2024-07-26;92;5;Julie Dubois
TIC-004117;CLI-01418;CTC-000198;Agence;Produit défectueux;critique;2025-07-28;2025-07-28;1;3;Nathalie Michel
TIC-004118;CLI-00517;CTC-007006;Formulaire web;Produit défectueux;normale;2025-06-26;2025-06-26;10;2;Fanny Clément
TIC-004119;CLI-01240;;Téléphone;Produit défectueux;basse;2024-11-11;2024-11-16;128;3;Sébastien Mercier
TIC-004120;CLI-01094;CTC-006973;Téléphone;Retour;normale;2025-06-05;2025-06-07;53;4;Franck Lefebvre
TIC-004121;CLI-00122;;Formulaire web;Demande d’information;basse;2026-01-14;2026-01-16;67;3;Jérôme Blanc
TIC-004122;CLI-02283;;Formulaire web;Facturation;normale;2025-01-02;2025-01-02;16;4;Fanny Clément
TIC-004123;CLI-01643;;Agence;Produit défectueux;normale;2024-03-02;2024-03-03;27;4;Alain Morel
TIC-004124;CLI-02432;;Téléphone;Facturation;basse;2026-06-19;2026-06-21;70;5;Manon Michel
TIC-004125;CLI-00383;CTC-004925;Téléphone;Facturation;critique;2023-12-29;2023-12-29;1;5;Pauline Durand
TIC-004126;CLI-00812;CTC-001149;Agence;Demande d’information;normale;2025-12-27;2025-12-27;1;2;Manon Michel
TIC-004127;CLI-00292;CTC-005167;Formulaire web;Réclamation;haute;2025-03-23;2025-03-25;50;4;Vincent Richard
TIC-004128;CLI-00941;CTC-003569;Formulaire web;Réclamation;normale;2025-10-30;2025-11-03;103;5;Virginie Henry
TIC-004129;CLI-00451;CTC-000560;Courriel;Réclamation;basse;2026-02-22;2026-02-22;17;4;Manon Michel
TIC-004130;CLI-01669;;Formulaire web;Demande d’information;basse;2024-11-20;;;;Nathalie Michel
TIC-004131;CLI-01562;;Formulaire web;Livraison;haute;2023-11-08;2023-11-10;50;5;Pauline Durand
TIC-004132;CLI-00610;;Courriel;Produit défectueux;critique;2025-03-23;2025-03-23;7;4;Vincent Richard
TIC-004133;CLI-00574;;Formulaire web;Produit défectueux;normale;2026-06-20;2026-06-20;15;5;Léa Durand
TIC-004134;CLI-00221;CTC-007161;Agence;Demande d’information;haute;2024-10-03;2024-10-05;71;2;Franck Lefebvre
TIC-004135;CLI-01111;CTC-000704;Téléphone;Facturation;normale;2026-05-27;2026-05-29;51;3;Léa Durand
TIC-004136;CLI-00158;CTC-003525;Courriel;Produit défectueux;normale;2023-12-18;2023-12-18;20;4;Catherine Chevalier
TIC-004137;CLI-01631;CTC-001413;Courriel;Produit défectueux;basse;2025-08-03;2025-08-03;7;5;Julie Dubois
TIC-004138;CLI-01757;;Téléphone;Demande d’information;normale;2025-03-30;2025-04-01;59;4;Manon Michel
TIC-004139;CLI-01032;;Téléphone;Demande d’information;normale;2023-09-25;2023-09-26;27;4;Maxime Muller
TIC-004140;CLI-00013;CTC-002114;Téléphone;Livraison;basse;2025-05-05;2025-05-08;92;5;Léa Durand
TIC-004141;CLI-02494;CTC-004777;Courriel;Livraison;normale;2024-09-08;2024-09-08;22;5;Nathalie Michel
TIC-004142;CLI-00594;CTC-002692;Courriel;Demande d’information;normale;2025-11-29;2025-11-29;5;5;Thomas Morel
TIC-004143;CLI-02374;;Téléphone;Livraison;normale;2024-01-18;2024-01-19;26;5;Fanny Clément
TIC-004144;CLI-00094;CTC-002348;Agence;Produit défectueux;normale;2025-03-05;2025-03-05;23;4;Léa Durand
TIC-004145;CLI-00254;CTC-004761;Téléphone;Facturation;normale;2025-07-05;2025-07-05;20;2;Maxime Muller
TIC-004146;CLI-02246;CTC-005573;Téléphone;Demande d’information;normale;2023-12-24;2023-12-28;108;5;Jérôme Blanc
TIC-004147;CLI-02048;CTC-000269;Courriel;Facturation;basse;2026-01-06;2026-01-08;51;4;Manon Michel
TIC-004148;CLI-01133;CTC-005726;Formulaire web;Réclamation;basse;2025-04-14;2025-04-14;2;3;Sébastien Mercier
TIC-004149;CLI-00082;CTC-001730;Agence;Retour;normale;2025-10-04;2025-10-06;66;5;Sébastien Mercier
TIC-004150;CLI-02043;CTC-005697;Téléphone;Livraison;haute;2026-07-31;;;;Léa Durand
TIC-004151;CLI-02197;;Agence;Produit défectueux;normale;2025-09-20;2025-09-20;5;4;Pauline Durand
TIC-004152;CLI-01260;;Formulaire web;Produit défectueux;normale;2024-10-19;2024-10-21;61;5;Julie Dubois
TIC-004153;CLI-01818;;Téléphone;Demande d’information;normale;2025-11-17;2025-11-18;27;4;Sébastien Mercier
TIC-004154;CLI-02225;CTC-000423;Formulaire web;Facturation;haute;2024-04-10;2024-04-11;31;4;Catherine Dumont
TIC-004155;CLI-01319;;Agence;Demande d’information;normale;2025-10-16;2025-10-17;37;5;Alain Morel
TIC-004156;CLI-00248;CTC-006284;Courriel;Demande d’information;normale;2025-11-12;2025-11-12;1;4;Manon Michel
TIC-004157;CLI-01450;CTC-007144;Agence;Réclamation;basse;2025-11-12;;;;Alain Morel
TIC-004158;CLI-01074;CTC-007637;Courriel;Réclamation;basse;2025-06-04;2025-06-05;41;2;Maxime Muller
TIC-004159;CLI-00962;CTC-001083;Courriel;Produit défectueux;normale;2024-06-13;2024-06-13;22;4;Thomas Morel
TIC-004160;CLI-01827;CTC-007595;Agence;Retour;normale;2026-07-20;2026-07-21;34;5;Pauline Durand
TIC-004161;CLI-01284;CTC-007219;Formulaire web;Facturation;haute;2026-01-11;2026-01-13;51;2;Camille Bertrand
TIC-004162;CLI-00784;CTC-001619;Agence;Produit défectueux;basse;2023-09-17;2023-09-17;1;3;Maxime Muller
TIC-004163;CLI-01390;CTC-003050;Formulaire web;Produit défectueux;normale;2025-04-10;2025-04-14;111;2;Vincent Richard
TIC-004164;CLI-02050;CTC-000067;Agence;Réclamation;haute;2023-11-12;2023-11-13;37;5;Alain Morel
TIC-004165;CLI-00686;;Formulaire web;Produit défectueux;haute;2024-05-27;2024-05-28;28;3;Alain Morel
TIC-004166;CLI-01649;;Agence;Facturation;basse;2026-01-31;;;;Catherine Dumont
TIC-004167;CLI-02323;;Courriel;Retour;normale;2023-09-21;2023-09-21;1;5;Vincent Richard
TIC-004168;CLI-00187;CTC-006301;Agence;Réclamation;normale;2025-10-21;2025-10-23;65;5;Alain Morel
TIC-004169;CLI-02253;;Courriel;Facturation;normale;2024-01-20;2024-01-21;42;4;Maxime Muller
TIC-004170;CLI-01257;CTC-002489;Formulaire web;Retour;normale;2025-11-27;2025-11-28;47;5;Virginie Henry
TIC-004171;CLI-00977;;Téléphone;Livraison;haute;2026-06-03;2026-06-04;25;3;Sébastien Mercier
TIC-004172;CLI-01456;;Courriel;Produit défectueux;normale;2025-11-02;2025-11-05;78;4;Franck Lefebvre
TIC-004173;CLI-01925;CTC-004779;Formulaire web;Produit défectueux;basse;2023-11-26;2023-11-28;66;5;Pauline Durand
TIC-004174;CLI-02356;CTC-003509;Téléphone;Facturation;normale;2024-01-17;;;;Maxime Muller
TIC-004175;CLI-00468;CTC-004394;Téléphone;Réclamation;normale;2025-07-28;2025-07-28;1;4;Vincent Richard
TIC-004176;CLI-01643;CTC-001090;Courriel;Facturation;normale;2025-04-30;2025-05-01;30;5;Nathalie Michel
TIC-004177;CLI-00045;CTC-006285;Formulaire web;Facturation;normale;2025-10-14;2025-10-17;89;4;Jérôme Blanc
TIC-004178;CLI-01872;CTC-007673;Formulaire web;Demande d’information;normale;2025-06-11;2025-06-12;25;4;Sébastien Mercier
TIC-004179;CLI-01695;CTC-001309;Agence;Retour;normale;2024-10-12;2024-10-15;79;2;Alain Morel
TIC-004180;CLI-01511;CTC-001209;Formulaire web;Facturation;normale;2024-12-26;2024-12-28;65;5;Léa Durand
TIC-004181;CLI-01147;CTC-004220;Courriel;Réclamation;haute;2024-11-06;2024-11-08;63;4;Julie Dubois
TIC-004182;CLI-00252;CTC-001096;Courriel;Produit défectueux;haute;2023-11-08;2023-11-09;44;5;Nathalie Michel
TIC-004183;CLI-00211;CTC-002159;Courriel;Retour;normale;2025-08-24;2025-08-25;42;5;Sébastien Mercier
TIC-004184;CLI-01088;CTC-003231;Courriel;Demande d’information;normale;2025-07-21;2025-07-26;121;2;Vincent Richard
TIC-004185;CLI-00451;CTC-003761;Agence;Réclamation;normale;2025-11-20;2025-11-22;65;3;Vincent Richard
TIC-004186;CLI-00954;;Agence;Facturation;basse;2026-01-23;2026-01-24;43;2;Maxime Muller
TIC-004187;CLI-01652;;Téléphone;Produit défectueux;normale;2026-09-04;2026-09-05;29;5;Sébastien Mercier
TIC-004188;CLI-00433;CTC-002984;Formulaire web;Produit défectueux;haute;2025-12-25;2025-12-26;40;5;Sébastien Mercier
TIC-004189;CLI-02059;CTC-005534;Agence;Demande d’information;haute;2023-12-26;2023-12-25;47;5;Léa Durand
TIC-004190;CLI-01990;CTC-001431;Courriel;Facturation;haute;2024-03-23;2024-03-24;32;4;Thomas Morel
TIC-004191;CLI-00435;CTC-006652;Formulaire web;Facturation;normale;2025-04-24;2025-04-24;13;2;Franck Lefebvre
TIC-004192;CLI-02239;CTC-002927;Formulaire web;Réclamation;normale;2023-12-04;2023-12-04;1;2;Manon Michel
TIC-004193;CLI-01797;CTC-002350;Téléphone;Réclamation;basse;2025-07-01;2025-07-01;1;3;Camille Bertrand
TIC-004194;CLI-00129;;Téléphone;Demande d’information;normale;2024-12-19;2024-12-22;82;4;Virginie Henry
TIC-004195;CLI-01868;CTC-005763;Formulaire web;Retour;haute;2024-08-01;;;;Alexandre Chevalier
TIC-004196;CLI-00170;CTC-000511;Agence;Réclamation;normale;2026-07-24;2026-07-25;29;4;Fanny Clément
TIC-004197;CLI-01248;CTC-004118;Formulaire web;Réclamation;normale;2025-12-26;2025-12-26;1;4;Léa Durand
TIC-004198;CLI-00474;CTC-007416;Téléphone;Produit défectueux;normale;2025-03-23;2025-03-25;64;4;Manon Michel
TIC-004199;CLI-00408;CTC-003123;Formulaire web;Retour;normale;2024-07-15;2024-07-16;39;5;Manon Michel
TIC-004200;CLI-01260;;Téléphone;Produit défectueux;critique;2023-12-06;2023-12-06;7;1;Léa Durand
TIC-004201;CLI-01452;;Agence;Demande d’information;haute;2026-05-11;2026-05-12;24;5;Alain Morel
TIC-004202;CLI-02013;CTC-003864;Téléphone;Demande d’information;normale;2024-06-03;2024-06-04;40;2;Sébastien Mercier
TIC-004203;CLI-00669;CTC-002173;Formulaire web;Retour;haute;2024-11-29;2024-12-02;78;5;Thomas Morel
TIC-004204;CLI-02292;;Courriel;Livraison;haute;2026-03-23;2026-03-24;40;4;Thomas Morel
TIC-004205;CLI-01934;;Courriel;Retour;normale;2025-03-13;2025-03-15;50;5;Maxime Muller
TIC-004206;CLI-00063;CTC-001291;Formulaire web;Produit défectueux;normale;2024-04-18;2024-04-18;12;4;Jérôme Blanc
TIC-004207;CLI-01512;CTC-002989;Courriel;Retour;basse;2025-12-23;2025-12-24;42;3;Franck Lefebvre
TIC-004208;CLI-01502;;Formulaire web;Demande d’information;normale;2025-09-01;2025-09-01;23;4;Vincent Richard
TIC-004209;CLI-01604;CTC-006533;Agence;Réclamation;normale;2025-06-02;;;;Pauline Durand
TIC-004210;CLI-01569;;Téléphone;Produit défectueux;normale;2024-10-19;2024-10-19;17;5;Franck Lefebvre
TIC-004211;CLI-02411;CTC-005967;Agence;Facturation;normale;2025-03-18;2025-03-18;13;5;Jérôme Blanc
TIC-004212;CLI-02161;CTC-001462;Courriel;Facturation;haute;2024-01-12;2024-01-14;63;5;Léa Durand
TIC-004213;CLI-00632;CTC-004990;Agence;Produit défectueux;basse;2026-08-21;2026-08-23;53;3;Manon Michel
TIC-004214;CLI-00854;CTC-006471;Téléphone;Livraison;normale;2024-11-14;2024-11-16;48;3;Catherine Dumont
TIC-004215;CLI-00265;CTC-007944;Courriel;Facturation;basse;2026-04-07;;;;Virginie Henry
TIC-004216;CLI-00919;CTC-004483;Formulaire web;Demande d’information;haute;2025-07-14;2025-07-14;22;5;Pauline Durand
TIC-004217;CLI-01868;CTC-001961;Courriel;Produit défectueux;haute;2024-01-16;2024-01-18;68;2;Manon Michel
TIC-004218;CLI-02041;;Courriel;Facturation;haute;2025-10-25;2025-10-26;46;4;Nathalie Michel
TIC-004219;CLI-01750;CTC-004392;Formulaire web;Produit défectueux;critique;2024-07-03;2024-07-05;60;4;Léa Durand
TIC-004220;CLI-00148;CTC-007531;Téléphone;Livraison;basse;2025-03-09;2025-03-11;53;4;Léa Durand
TIC-004221;CLI-02271;CTC-003401;Téléphone;Livraison;normale;2025-07-20;2025-07-21;33;2;Léa Durand
TIC-004222;CLI-01708;CTC-005543;Formulaire web;Facturation;normale;2025-09-21;2025-09-23;60;1;Maxime Muller
TIC-004223;CLI-00368;CTC-000607;Courriel;Demande d’information;haute;2026-05-17;2026-05-18;39;4;Pauline Durand
TIC-004224;CLI-02196;;Courriel;Facturation;normale;2023-12-18;2023-12-18;15;3;Catherine Chevalier
TIC-004225;CLI-00439;CTC-000017;Courriel;Réclamation;basse;2023-10-08;2023-10-11;93;3;Manon Michel
TIC-004226;CLI-00329;CTC-006237;Agence;Réclamation;basse;2024-06-08;;;;Vincent Richard
TIC-004227;CLI-01318;CTC-003202;Agence;Retour;haute;2024-05-07;2024-05-08;34;5;Fanny Clément
TIC-004228;CLI-01540;;Formulaire web;Demande d’information;critique;2025-11-01;;;;Thomas Morel
TIC-004229;CLI-00494;CTC-002616;Courriel;Demande d’information;normale;2026-01-30;;;;Catherine Dumont
TIC-004230;CLI-00661;;Courriel;Facturation;normale;2026-02-13;2026-02-13;6;5;Julie Dubois
TIC-004231;CLI-00672;CTC-000120;Agence;Produit défectueux;normale;2023-10-06;2023-10-08;69;3;Léa Durand
TIC-004232;CLI-01217;CTC-005894;Formulaire web;Demande d’information;normale;2026-01-30;2026-02-02;74;4;Léa Durand
TIC-004233;CLI-02349;CTC-003675;Formulaire web;Livraison;normale;2026-07-14;2026-07-14;10;4;Pauline Durand
TIC-004234;CLI-00719;;Téléphone;Livraison;normale;2023-11-27;2023-11-28;36;5;Léa Durand
TIC-004235;CLI-00882;CTC-004920;Courriel;Retour;normale;2025-04-23;2025-04-24;34;5;Julie Dubois
TIC-004236;CLI-01235;CTC-000811;Téléphone;Retour;basse;2024-06-23;2024-06-23;7;4;Camille Bertrand
TIC-004237;CLI-00398;;Agence;Facturation;normale;2025-03-30;2025-04-01;51;1;Fanny Clément
TIC-004238;CLI-01775;CTC-002806;Agence;Retour;haute;2025-04-11;2025-04-12;38;4;Catherine Dumont
TIC-004239;CLI-01532;;Courriel;Produit défectueux;basse;2024-01-27;2024-01-29;52;4;Franck Lefebvre
TIC-004240;CLI-01526;CTC-007913;Agence;Retour;normale;2024-05-26;2024-05-27;47;4;Catherine Chevalier
TIC-004241;CLI-02418;CTC-000477;Agence;Demande d’information;normale;2023-09-29;2023-10-01;66;5;Nathalie Michel
TIC-004242;CLI-02054;CTC-006239;Téléphone;Demande d’information;haute;2025-11-20;2025-11-20;22;4;Camille Bertrand
TIC-004243;CLI-01517;CTC-006303;Agence;Retour;haute;2025-04-16;2025-04-19;80;4;Virginie Henry
TIC-004244;CLI-01489;;Téléphone;Demande d’information;haute;2026-02-09;2026-02-10;37;5;Alain Morel
TIC-004245;CLI-02123;CTC-007499;Formulaire web;Facturation;basse;2025-04-08;2025-04-11;74;4;Jérôme Blanc
TIC-004246;CLI-01599;CTC-002562;Formulaire web;Facturation;normale;2025-07-07;2025-07-09;61;4;Manon Michel
TIC-004247;CLI-01426;CTC-003174;Courriel;Livraison;haute;2024-10-03;2024-10-05;62;1;Fanny Clément
TIC-004248;CLI-02420;;Formulaire web;Produit défectueux;haute;2026-01-27;;;;Sébastien Mercier
TIC-004249;CLI-02365;CTC-002243;Agence;Demande d’information;normale;2025-10-31;2025-11-01;41;3;Virginie Henry
TIC-004250;CLI-00083;CTC-000935;Téléphone;Livraison;normale;2025-03-12;2025-03-15;81;4;Catherine Dumont
TIC-004251;CLI-01890;CTC-002181;Formulaire web;Livraison;basse;2024-09-11;2024-09-11;18;5;Maxime Muller
TIC-004252;CLI-01005;CTC-002036;Téléphone;Facturation;basse;2024-08-26;2024-08-29;95;5;Vincent Richard
TIC-004253;CLI-02063;CTC-001298;Téléphone;Produit défectueux;basse;2025-03-19;2025-03-19;13;5;Fanny Clément
TIC-004254;CLI-02464;CTC-002631;Courriel;Retour;haute;2026-02-14;2026-02-18;99;4;Julie Dubois
TIC-004255;CLI-01716;CTC-000716;Agence;Facturation;normale;2025-09-04;2025-09-06;65;4;Vincent Richard
TIC-004256;CLI-01429;CTC-000032;Téléphone;Retour;normale;2026-06-09;2026-06-12;85;5;Nathalie Michel
TIC-004257;CLI-00247;CTC-002714;Agence;Facturation;basse;2024-03-31;2024-04-01;33;4;Alain Morel
TIC-004258;CLI-02472;;Courriel;Livraison;normale;2025-10-05;2025-10-06;41;1;Alexandre Chevalier
TIC-004259;CLI-01449;CTC-005851;Téléphone;Demande d’information;normale;2024-05-04;2024-05-04;1;4;Nathalie Michel
TIC-004260;CLI-00392;CTC-004105;Agence;Réclamation;normale;2024-06-01;2024-06-02;40;4;Sébastien Mercier
TIC-004261;CLI-00871;CTC-003802;Agence;Produit défectueux;normale;2025-07-09;2025-07-10;32;4;Jérôme Blanc
TIC-004262;CLI-01361;CTC-003838;Agence;Retour;critique;2024-10-30;2024-10-31;47;3;Fanny Clément
TIC-004263;CLI-01177;CTC-002921;Courriel;Réclamation;normale;2026-03-19;2026-03-22;76;4;Sébastien Mercier
TIC-004264;CLI-01553;;Courriel;Livraison;P1;2026-07-26;2026-07-30;99;4;Thomas Morel
TIC-004265;CLI-01141;;Agence;Retour;haute;2025-12-10;2025-12-13;76;1;Camille Bertrand
TIC-004266;CLI-02392;CTC-000604;Formulaire web;Livraison;basse;2026-07-26;;;;Vincent Richard
TIC-004267;CLI-00692;CTC-002595;Téléphone;Retour;normale;2025-11-18;;;;Virginie Henry
TIC-004268;CLI-00415;CTC-002261;Formulaire web;Retour;normale;2025-05-13;2025-05-13;21;4;Virginie Henry
TIC-004269;CLI-00414;;Agence;Réclamation;haute;2026-08-08;2026-08-08;22;4;Franck Lefebvre
TIC-004270;CLI-00787;CTC-002222;Courriel;Réclamation;normale;2025-07-31;2025-08-02;59;5;Maxime Muller
TIC-004271;CLI-01047;CTC-002204;Formulaire web;Produit défectueux;normale;2024-03-04;2024-03-06;70;5;Thomas Morel
TIC-004272;CLI-01331;;Téléphone;Retour;basse;2025-05-24;2025-05-25;25;5;Nathalie Michel
TIC-004273;CLI-02007;CTC-002737;Agence;Retour;normale;2026-04-06;2026-04-06;11;3;Léa Durand
TIC-004274;CLI-02477;CTC-003053;Agence;Réclamation;haute;2025-08-11;2025-08-12;26;4;Thomas Morel
TIC-004275;CLI-02352;;Agence;Réclamation;normale;2026-06-12;2026-06-12;1;4;Franck Lefebvre
TIC-004276;CLI-00818;;Téléphone;Retour;basse;2024-08-02;2024-08-02;1;4;Catherine Chevalier
TIC-004277;CLI-00991;CTC-001303;Formulaire web;Facturation;normale;2025-04-19;;;;Virginie Henry
TIC-004278;CLI-01198;;Téléphone;Réclamation;normale;2026-03-12;2026-03-12;1;1;Catherine Chevalier
TIC-004279;CLI-01475;CTC-004166;Agence;Retour;basse;2025-01-13;2025-01-15;52;5;Sébastien Mercier
TIC-004280;CLI-02304;CTC-004488;Courriel;Réclamation;normale;2023-09-27;2023-09-28;38;3;Catherine Chevalier
TIC-004281;CLI-01565;CTC-005774;Agence;Facturation;normale;2024-07-02;2024-07-04;52;3;Catherine Chevalier
TIC-004282;CLI-01786;;Téléphone;Facturation;normale;2025-04-02;2025-04-05;78;3;Sébastien Mercier
TIC-004283;CLI-01091;CTC-004492;Téléphone;Produit défectueux;normale;2025-03-07;;;;Virginie Henry
TIC-004284;CLI-02225;;Courriel;Retour;normale;2025-01-12;2025-01-13;45;1;Léa Durand
TIC-004285;CLI-01991;CTC-004414;Téléphone;Réclamation;normale;2026-06-03;2026-06-05;69;4;Maxime Muller
TIC-004286;CLI-00529;CTC-007773;Formulaire web;Demande d’information;haute;2025-08-11;2025-08-11;1;2;Fanny Clément
TIC-004287;CLI-00609;CTC-006978;Courriel;Livraison;normale;2026-05-25;2026-05-28;77;4;Manon Michel
TIC-004288;CLI-01571;CTC-002786;Courriel;Réclamation;haute;2026-06-25;2026-06-25;1;4;Manon Michel
TIC-004289;CLI-00453;CTC-002711;Courriel;Produit défectueux;basse;2024-11-06;2024-11-06;20;3;Catherine Dumont
TIC-004290;CLI-00790;CTC-004152;Téléphone;Demande d’information;normale;2025-03-06;2025-03-08;53;4;Thomas Morel
TIC-004291;CLI-00523;;Formulaire web;Retour;normale;2024-01-19;2024-01-20;26;5;Alain Morel
TIC-004292;CLI-00962;CTC-007259;Formulaire web;Livraison;haute;2025-10-27;2025-10-31;109;4;Jérôme Blanc
TIC-004293;CLI-00736;;Téléphone;Produit défectueux;basse;2026-07-22;2026-07-22;1;4;Catherine Chevalier
TIC-004294;CLI-00843;;Agence;Retour;haute;2024-05-08;2024-05-10;67;2;Léa Durand
TIC-004295;CLI-00438;CTC-001158;Agence;Livraison;normale;2025-05-27;2025-05-27;20;4;Sébastien Mercier
TIC-004296;CLI-01448;CTC-000105;Courriel;Retour;haute;2025-06-30;2025-07-01;29;4;Catherine Chevalier
TIC-004297;CLI-00649;CTC-006900;Formulaire web;Livraison;normale;2024-12-20;2024-12-22;53;4;Nathalie Michel
TIC-004298;CLI-01643;CTC-006821;Formulaire web;Demande d’information;haute;2023-12-11;2023-12-11;11;1;Maxime Muller
TIC-004299;CLI-00524;CTC-000600;Courriel;Facturation;haute;2025-10-06;2025-10-07;28;4;Julie Dubois
TIC-004300;CLI-00768;;Courriel;Réclamation;normale;2025-01-27;2025-01-27;17;4;Alain Morel
TIC-004301;CLI-00097;;Courriel;Facturation;normale;2024-08-12;2024-08-15;86;3;Alain Morel
TIC-004302;CLI-01926;;Agence;Produit défectueux;basse;2024-11-19;;;;Vincent Richard
TIC-004303;CLI-00818;;Formulaire web;Retour;normale;2024-06-25;2024-06-25;1;3;Alain Morel
TIC-004304;CLI-01270;;Téléphone;Réclamation;normale;2026-08-14;2026-08-17;82;5;Alain Morel
TIC-004305;CLI-01426;CTC-007928;Courriel;Réclamation;normale;2024-07-07;2024-07-09;61;4;Catherine Chevalier
TIC-004306;CLI-00101;CTC-003158;Téléphone;Réclamation;normale;2026-02-15;2026-02-16;47;1;Sébastien Mercier
TIC-004307;CLI-00941;CTC-003569;Formulaire web;Facturation;normale;2025-04-13;2025-04-13;19;2;Fanny Clément
TIC-004308;CLI-01610;CTC-005091;Courriel;Retour;normale;2025-04-25;2025-04-25;1;5;Alain Morel
TIC-004309;CLI-01203;;Agence;Retour;haute;2025-05-29;2025-06-03;128;3;Alain Morel
TIC-004310;CLI-02003;CTC-003612;Formulaire web;Facturation;haute;2025-01-23;2025-01-25;59;4;Camille Bertrand
TIC-004311;CLI-00476;CTC-001244;Agence;Produit défectueux;normale;2024-06-23;2024-06-25;67;5;Pauline Durand
TIC-004312;CLI-01864;CTC-000043;Courriel;Livraison;basse;2025-11-15;2025-11-16;39;4;Manon Michel
TIC-004313;CLI-01572;;Courriel;Livraison;normale;2025-01-15;2025-01-17;63;4;Virginie Henry
TIC-004314;CLI-00861;CTC-005113;Agence;Livraison;normale;2023-12-05;2023-12-05;1;4;Julie Dubois
TIC-004315;CLI-02328;CTC-004090;Téléphone;Produit défectueux;normale;2025-10-21;;;;Franck Lefebvre
TIC-004316;CLI-00728;CTC-000436;Courriel;Retour;normale;2025-08-30;2025-09-01;71;4;Alain Morel
TIC-004317;CLI-00612;CTC-000882;Téléphone;Produit défectueux;normale;2025-07-31;2025-07-31;23;4;Fanny Clément
TIC-004318;CLI-01881;CTC-006910;Formulaire web;Facturation;normale;2024-01-19;;;;Julie Dubois
TIC-004319;CLI-01433;CTC-001440;Courriel;Demande d’information;normale;2025-11-25;2025-11-25;2;2;Nathalie Michel
TIC-004320;CLI-00541;CTC-001457;Courriel;Produit défectueux;normale;2023-09-28;2023-09-28;4;4;Nathalie Michel
TIC-004321;CLI-00101;;Formulaire web;Réclamation;normale;2025-02-12;2025-02-16;97;2;Fanny Clément
TIC-004322;CLI-01312;CTC-001621;Agence;Réclamation;basse;2026-05-23;2026-05-24;38;4;Fanny Clément
TIC-004323;CLI-02498;;Téléphone;Réclamation;haute;2024-05-17;2024-05-17;1;5;Catherine Dumont
TIC-004324;CLI-00901;CTC-002395;Formulaire web;Demande d’information;haute;2023-12-31;2023-12-31;18;3;Julie Dubois
TIC-004325;CLI-01482;CTC-005381;Formulaire web;Retour;normale;2025-11-10;2025-11-12;55;4;Maxime Muller
TIC-004326;CLI-01172;CTC-003091;Courriel;Produit défectueux;normale;2024-02-21;2024-02-23;51;5;Julie Dubois
TIC-004327;CLI-01718;;Courriel;Retour;normale;2024-02-22;;;;Catherine Dumont
TIC-004328;CLI-00149;CTC-007053;Téléphone;Demande d’information;normale;2025-01-27;2025-01-30;84;4;Sébastien Mercier
TIC-004329;CLI-02191;CTC-002888;Agence;Livraison;normale;2025-03-21;2025-03-22;42;5;Léa Durand
TIC-004330;CLI-00125;CTC-006766;Courriel;Facturation;normale;2025-09-17;2025-09-19;60;1;Manon Michel
TIC-004331;CLI-01721;;Courriel;Réclamation;basse;2026-05-09;2026-05-11;53;2;Vincent Richard
TIC-004332;CLI-00643;;Courriel;Facturation;normale;2025-06-28;2025-06-30;70;5;Catherine Dumont
TIC-004333;CLI-02249;CTC-005741;Agence;Demande d’information;normale;2024-02-14;2024-02-13;62;4;Sébastien Mercier
TIC-004334;CLI-01073;CTC-003002;Téléphone;Livraison;normale;2025-08-20;2025-08-21;36;5;Julie Dubois
TIC-004335;CLI-01084;CTC-001463;Courriel;Retour;haute;2025-06-22;2025-06-23;28;5;Franck Lefebvre
TIC-004336;CLI-00604;CTC-003949;Agence;Produit défectueux;normale;2024-11-02;2024-11-02;1;2;Fanny Clément
TIC-004337;CLI-01492;;Courriel;Produit défectueux;normale;2025-10-02;2025-10-02;1;4;Catherine Dumont
TIC-004338;CLI-00648;;Téléphone;Réclamation;normale;2024-09-23;2024-09-23;23;3;Catherine Chevalier
TIC-004339;CLI-01406;;Téléphone;Facturation;normale;2024-07-04;2024-07-05;43;4;Sébastien Mercier
TIC-004340;CLI-02191;CTC-002888;Courriel;Réclamation;haute;2025-03-10;2025-03-11;24;3;Alexandre Chevalier
TIC-004341;CLI-01371;;Courriel;Retour;normale;2024-01-15;2024-01-15;1;2;Sébastien Mercier
TIC-004342;CLI-01347;CTC-004674;Courriel;Produit défectueux;normale;2025-12-13;2025-12-14;46;5;Sébastien Mercier
TIC-004343;CLI-01121;CTC-002095;Formulaire web;Réclamation;normale;2026-07-14;2026-07-15;47;1;Jérôme Blanc
TIC-004344;CLI-00453;CTC-002711;Formulaire web;Livraison;normale;2024-01-28;;;;Camille Bertrand
TIC-004345;CLI-01409;CTC-003284;Téléphone;Facturation;haute;2026-04-30;2026-04-25;35;4;Alexandre Chevalier
TIC-004346;CLI-00215;CTC-005239;Téléphone;Retour;basse;2023-09-22;2023-09-23;45;5;Manon Michel
TIC-004347;CLI-00950;CTC-005017;Agence;Livraison;normale;2026-03-28;2026-03-29;47;4;Léa Durand
TIC-004348;CLI-00996;;Formulaire web;Réclamation;normale;2025-11-05;2025-11-08;87;3;Alain Morel
TIC-004349;CLI-01062;;Courriel;Produit défectueux;haute;2024-11-26;2024-11-28;52;1;Virginie Henry
TIC-004350;CLI-01549;CTC-002677;Téléphone;Facturation;normale;2026-05-25;2026-05-25;4;4;Catherine Dumont
TIC-004351;CLI-00759;CTC-003951;Formulaire web;Produit défectueux;normale;2024-03-25;2024-03-25;19;4;Manon Michel
TIC-004352;CLI-00704;CTC-001419;Courriel;Livraison;normale;2025-10-22;2025-10-22;15;3;Julie Dubois
TIC-004353;CLI-01378;CTC-003519;Courriel;Réclamation;basse;2025-08-26;2025-08-27;39;5;Alain Morel
TIC-004354;CLI-01937;CTC-007201;Courriel;Demande d’information;haute;2025-02-12;2025-02-13;37;4;Catherine Chevalier
TIC-004355;CLI-00720;CTC-005563;Courriel;Facturation;normale;2024-04-28;2024-04-29;32;5;Maxime Muller
TIC-004356;CLI-02252;CTC-001748;Agence;Retour;basse;2025-12-11;2025-12-11;14;4;Julie Dubois
TIC-004357;CLI-02055;CTC-005965;Téléphone;Livraison;normale;2024-06-27;2024-06-27;2;1;Vincent Richard
TIC-004358;CLI-00661;;Téléphone;Livraison;basse;2024-12-06;2024-12-08;58;5;Catherine Dumont
TIC-004359;CLI-00807;CTC-001284;Téléphone;Produit défectueux;normale;2025-03-06;2025-03-06;1;5;Julie Dubois
TIC-004360;CLI-02483;CTC-001726;Agence;Facturation;critique;2024-05-27;2024-05-27;1;3;Virginie Henry
TIC-004361;CLI-00321;CTC-006330;Formulaire web;Facturation;normale;2023-09-25;2023-09-25;2;5;Alexandre Chevalier
TIC-004362;CLI-01247;CTC-005103;Courriel;Retour;haute;2025-02-07;2025-02-08;43;3;Fanny Clément
TIC-004363;CLI-01112;CTC-005617;Agence;Demande d’information;normale;2024-01-29;2024-01-29;19;2;Sébastien Mercier
TIC-004364;CLI-01393;CTC-000942;Formulaire web;Facturation;basse;2025-08-15;;;;Franck Lefebvre
TIC-004365;CLI-01981;CTC-003924;Agence;Réclamation;normale;2025-04-11;2025-04-11;1;5;Vincent Richard
TIC-004366;CLI-00905;CTC-005908;Formulaire web;Produit défectueux;haute;2026-01-09;2026-01-09;1;2;Sébastien Mercier
TIC-004367;CLI-00089;CTC-004397;Téléphone;Demande d’information;normale;2023-11-16;2023-11-17;34;3;Vincent Richard
TIC-004368;CLI-00321;CTC-006273;Agence;Réclamation;basse;2026-07-17;2026-07-18;40;4;Léa Durand
TIC-004369;CLI-01871;CTC-001121;Agence;Demande d’information;normale;2024-01-26;2024-01-26;1;5;Jérôme Blanc
TIC-004370;CLI-00760;;Agence;Retour;normale;2026-04-05;2026-04-06;46;3;Léa Durand
TIC-004371;CLI-00126;CTC-007455;Courriel;Livraison;normale;2024-01-31;2024-02-02;52;4;Maxime Muller
TIC-004372;CLI-00637;CTC-002827;Formulaire web;Réclamation;normale;2023-10-26;2023-10-26;13;4;Catherine Dumont
TIC-004373;CLI-00715;CTC-004544;Formulaire web;Facturation;normale;2026-06-26;2026-06-27;47;5;Fanny Clément
TIC-004374;CLI-00185;CTC-001168;Téléphone;Facturation;normale;2024-06-30;2024-07-01;35;4;Fanny Clément
TIC-004375;CLI-00928;CTC-005728;Agence;Réclamation;basse;2024-03-10;2024-03-10;22;4;Léa Durand
TIC-004376;CLI-01161;CTC-003422;Téléphone;Réclamation;basse;2025-09-18;2025-09-21;76;5;Maxime Muller
TIC-004377;CLI-00334;;Formulaire web;Livraison;normale;2026-05-24;2026-05-27;77;3;Sébastien Mercier
TIC-004378;CLI-00184;;Téléphone;Retour;basse;2024-05-03;2024-05-05;67;5;Jérôme Blanc
TIC-004379;CLI-01261;;Courriel;Livraison;normale;2025-07-06;2025-07-08;62;3;Sébastien Mercier
TIC-004380;CLI-00070;CTC-003939;Téléphone;Retour;normale;2026-03-27;2026-03-29;51;5;Virginie Henry
TIC-004381;CLI-01628;CTC-006986;Agence;Retour;normale;2026-03-10;2026-03-10;19;2;Thomas Morel
TIC-004382;CLI-02026;CTC-006662;Téléphone;Réclamation;normale;2025-01-15;2025-01-16;35;2;Catherine Dumont
TIC-004383;CLI-00840;CTC-006974;Formulaire web;Réclamation;normale;2024-12-04;2024-12-05;28;4;Pauline Durand
TIC-004384;CLI-00613;CTC-004719;Courriel;Facturation;normale;2025-07-28;2025-07-28;1;3;Léa Durand
TIC-004385;CLI-01118;CTC-006427;Courriel;Produit défectueux;normale;2023-12-11;2023-12-12;38;3;Franck Lefebvre
TIC-004386;CLI-00027;CTC-002211;Formulaire web;Facturation;basse;2025-02-19;;;;Nathalie Michel
TIC-004387;CLI-02404;CTC-004315;Courriel;Retour;basse;2026-08-25;;;;Manon Michel
TIC-004388;CLI-01034;CTC-000893;Agence;Retour;basse;2024-01-07;;;;Camille Bertrand
TIC-004389;CLI-01335;CTC-004917;Agence;Demande d’information;haute;2025-09-28;2025-09-28;20;4;Alain Morel
TIC-004390;CLI-00858;CTC-002046;Courriel;Réclamation;haute;2024-08-25;2024-08-27;71;3;Fanny Clément
TIC-004391;CLI-00109;CTC-005207;Agence;Facturation;haute;2025-06-08;2025-06-08;5;4;Thomas Morel
TIC-004392;CLI-01459;CTC-003404;Courriel;Demande d’information;normale;2025-10-29;2025-10-31;68;5;Thomas Morel
TIC-004393;CLI-01896;CTC-000253;Téléphone;Produit défectueux;haute;2026-07-28;;;;Jérôme Blanc
TIC-004394;CLI-02320;CTC-000515;Courriel;Produit défectueux;normale;2024-09-24;2024-09-27;86;4;Alexandre Chevalier
TIC-004395;CLI-00075;;Téléphone;Livraison;normale;2024-07-01;2024-07-03;58;4;Pauline Durand
TIC-004396;CLI-00295;CTC-001561;Téléphone;Facturation;haute;2026-02-06;2026-02-09;93;5;Catherine Chevalier
TIC-004397;CLI-00718;CTC-001271;Courriel;Livraison;normale;2024-06-07;2024-06-07;1;4;Catherine Dumont
TIC-004398;CLI-02350;CTC-006633;Agence;Demande d’information;basse;2026-04-05;2026-04-05;3;5;Catherine Chevalier
TIC-004399;CLI-00307;CTC-003942;Agence;Livraison;normale;2024-08-23;2024-08-23;14;4;Maxime Muller
TIC-004400;CLI-02233;CTC-007639;Formulaire web;Réclamation;haute;2026-08-24;2026-08-27;79;3;Sébastien Mercier
TIC-004401;CLI-00795;;Agence;Réclamation;basse;2025-06-03;2025-06-03;15;4;Vincent Richard
TIC-004402;CLI-00124;CTC-006147;Courriel;Produit défectueux;normale;2025-08-30;2025-08-30;3;5;Sébastien Mercier
TIC-004403;CLI-01229;;Formulaire web;Demande d’information;normale;2026-09-07;;;;Alain Morel
TIC-004404;CLI-02213;;Courriel;Facturation;normale;2025-09-08;2025-09-09;36;3;Vincent Richard
TIC-004405;CLI-00451;CTC-001198;Courriel;Réclamation;basse;2025-01-02;2025-01-03;36;2;Vincent Richard
TIC-004406;CLI-01583;CTC-004248;Agence;Livraison;haute;2026-01-22;2026-01-23;41;4;Thomas Morel
TIC-004407;CLI-01434;CTC-007357;Formulaire web;Demande d’information;critique;2025-01-21;2025-01-21;23;2;Catherine Chevalier
TIC-004408;CLI-01193;CTC-007153;Courriel;Produit défectueux;basse;2026-05-23;2026-05-23;7;5;Alain Morel
TIC-004409;CLI-00954;CTC-001396;Agence;Livraison;normale;2024-03-19;2024-03-20;36;4;Nathalie Michel
TIC-004410;CLI-00853;CTC-006990;Courriel;Livraison;normale;2023-11-13;2023-11-13;15;2;Alain Morel
TIC-004411;CLI-01520;CTC-002651;Téléphone;Demande d’information;normale;2025-09-30;2025-09-30;18;1;Nathalie Michel
TIC-004412;CLI-02013;CTC-001910;Téléphone;Livraison;normale;2025-06-13;2025-06-13;21;4;Virginie Henry
TIC-004413;CLI-00029;CTC-003229;Téléphone;Demande d’information;normale;2025-04-10;2025-04-11;25;5;Maxime Muller
TIC-004414;CLI-01108;CTC-001229;Courriel;Livraison;basse;2023-09-29;2023-09-30;30;4;Nathalie Michel
TIC-004415;CLI-01541;CTC-003952;Agence;Produit défectueux;normale;2025-11-09;2025-11-09;5;5;Léa Durand
TIC-004416;CLI-01891;CTC-006394;Formulaire web;Produit défectueux;basse;2025-04-17;2025-04-17;23;1;Julie Dubois
TIC-004417;CLI-02178;CTC-002325;Courriel;Retour;normale;2025-01-13;2025-01-14;27;5;Catherine Chevalier
TIC-004418;CLI-01004;CTC-003566;Agence;Retour;haute;2024-09-22;2024-09-23;45;4;Catherine Dumont
TIC-004419;CLI-01354;CTC-007590;Agence;Demande d’information;normale;2025-07-10;2025-07-10;10;5;Thomas Morel
TIC-004420;CLI-00340;;Agence;Facturation;NORMALE;2024-03-21;2024-03-21;1;4;Jérôme Blanc
TIC-004421;CLI-00457;CTC-004300;Courriel;Facturation;haute;2024-02-15;2024-02-17;55;3;Julie Dubois
TIC-004422;CLI-01188;CTC-004661;Agence;Demande d’information;normale;2023-10-08;2023-10-10;53;5;Manon Michel
TIC-004423;CLI-01210;CTC-004400;Formulaire web;Produit défectueux;critique;2026-08-02;2026-08-02;1;4;Léa Durand
TIC-004424;CLI-00105;;Agence;Réclamation;normale;2026-02-21;2026-02-22;28;1;Thomas Morel
TIC-004425;CLI-01907;CTC-007294;Courriel;Facturation;normale;2026-01-31;2026-02-03;88;3;Pauline Durand
TIC-004426;CLI-00038;;Agence;Demande d’information;basse;2024-04-20;2024-04-21;29;5;Maxime Muller
TIC-004427;CLI-00555;CTC-007843;Courriel;Réclamation;normale;2026-08-10;2026-08-11;27;3;Alain Morel
TIC-004428;CLI-02378;CTC-007465;Téléphone;Demande d’information;basse;2024-11-17;2024-11-18;46;4;Julie Dubois
TIC-004429;CLI-00093;;Agence;Demande d’information;basse;2025-03-20;2025-03-22;52;4;Franck Lefebvre
TIC-004430;CLI-00886;;Courriel;Réclamation;normale;2024-02-28;;;;Nathalie Michel
TIC-004431;CLI-01151;;Téléphone;Livraison;normale;2026-08-04;2026-08-06;66;5;Pauline Durand
TIC-004432;CLI-00834;CTC-002883;Agence;Facturation;normale;2024-07-04;2024-07-04;23;3;Julie Dubois
TIC-004433;CLI-02227;;Téléphone;Produit défectueux;basse;2026-06-29;2026-07-02;82;4;Julie Dubois
TIC-004434;CLI-01477;;Agence;Réclamation;normale;2026-03-03;2026-03-03;22;5;Alain Morel
TIC-004435;CLI-00366;;Courriel;Facturation;normale;2026-09-06;;;;Léa Durand
TIC-004436;CLI-01620;CTC-006865;Téléphone;Facturation;normale;2024-04-22;2024-04-22;20;3;Franck Lefebvre
TIC-004437;CLI-01113;CTC-005915;Téléphone;Réclamation;normale;2025-06-09;2025-06-12;76;4;Julie Dubois
TIC-004438;CLI-01046;CTC-002102;Courriel;Produit défectueux;normale;2026-03-19;2026-03-20;24;4;Alexandre Chevalier
TIC-004439;CLI-00790;;Téléphone;Retour;haute;2024-04-23;2024-04-24;26;3;Catherine Chevalier
TIC-004440;CLI-01333;;Courriel;Produit défectueux;normale;2024-07-25;2024-07-27;54;4;Camille Bertrand
TIC-004441;CLI-01984;CTC-000146;Téléphone;Demande d’information;critique;2026-04-29;2026-04-30;31;3;Vincent Richard
TIC-004442;CLI-01009;CTC-002514;Courriel;Produit défectueux;basse;2024-02-27;;;;Vincent Richard
TIC-004443;CLI-00520;;Courriel;Livraison;normale;2025-10-20;2025-10-21;24;4;Alexandre Chevalier
TIC-004444;CLI-00375;;Téléphone;Demande d’information;normale;2024-07-19;2024-07-21;70;5;Maxime Muller
TIC-004445;CLI-01749;;Formulaire web;Facturation;normale;2024-01-09;;;;Franck Lefebvre
TIC-004446;CLI-01995;CTC-005709;Téléphone;Demande d’information;normale;2025-07-04;2025-07-04;1;2;Camille Bertrand
TIC-004447;CLI-00181;;Agence;Retour;basse;2024-10-20;2024-10-21;30;5;Julie Dubois
TIC-004448;CLI-00161;CTC-003383;Formulaire web;Facturation;normale;2024-11-17;2024-11-17;1;5;Léa Durand
TIC-004449;CLI-02134;CTC-002303;Courriel;Demande d’information;haute;2024-04-07;2024-04-07;1;5;Pauline Durand
TIC-004450;CLI-00221;CTC-002037;Téléphone;Réclamation;normale;2026-04-13;;;;Maxime Muller
TIC-004451;CLI-01442;CTC-002840;Agence;Produit défectueux;normale;2025-05-08;2025-05-09;27;5;Virginie Henry
TIC-004452;CLI-00886;;Courriel;Réclamation;normale;2025-08-01;;;;Virginie Henry
TIC-004453;CLI-01568;CTC-000876;Téléphone;Facturation;normale;2025-12-09;2025-12-09;1;5;Vincent Richard
TIC-004454;CLI-00007;CTC-005010;Agence;Livraison;normale;2025-09-28;;;;Alexandre Chevalier
TIC-004455;CLI-01487;CTC-000010;Formulaire web;Livraison;normale;2026-06-13;2026-06-16;79;3;Manon Michel
TIC-004456;CLI-00884;CTC-003248;Formulaire web;Produit défectueux;basse;2025-09-09;2025-09-09;1;2;Alexandre Chevalier
TIC-004457;CLI-00854;CTC-003746;Formulaire web;Retour;basse;2023-11-12;2023-11-12;7;4;Vincent Richard
TIC-004458;CLI-00237;CTC-003577;Téléphone;Demande d’information;normale;2026-02-02;2026-02-03;26;2;Alain Morel
TIC-004459;CLI-02152;CTC-005286;Agence;Facturation;haute;2024-09-19;2024-09-19;1;4;Fanny Clément
TIC-004460;CLI-01899;;Courriel;Facturation;normale;2025-12-18;2025-12-19;39;1;Sébastien Mercier
TIC-004461;CLI-00272;;Formulaire web;Facturation;normale;2024-08-06;2024-08-06;21;5;Julie Dubois
TIC-004462;CLI-00520;;Agence;Produit défectueux;basse;2026-08-10;;;;Vincent Richard
TIC-004463;CLI-00294;;Téléphone;Produit défectueux;haute;2024-09-04;2024-09-06;53;5;Jérôme Blanc
TIC-004464;CLI-00811;;Formulaire web;Livraison;haute;2025-05-19;2025-05-20;45;5;Fanny Clément
TIC-004465;CLI-00378;CTC-005687;Courriel;Produit défectueux;basse;2024-12-28;2024-12-29;38;5;Alexandre Chevalier
TIC-004466;CLI-01331;;Téléphone;Livraison;normale;2025-05-23;2025-05-23;5;3;Thomas Morel
TIC-004467;CLI-01812;CTC-003697;Agence;Facturation;basse;2026-02-08;2026-02-09;30;3;Thomas Morel
TIC-004468;CLI-02099;CTC-003700;Téléphone;Demande d’information;basse;2025-10-16;2025-10-19;85;5;Sébastien Mercier
TIC-004469;CLI-01968;CTC-005257;Courriel;Facturation;haute;2024-12-02;2024-12-04;49;1;Julie Dubois
TIC-004470;CLI-01441;CTC-004717;Agence;Facturation;basse;2025-10-20;2025-10-22;71;4;Catherine Chevalier
TIC-004471;CLI-00388;;Agence;Facturation;normale;2025-09-23;;;;Camille Bertrand
TIC-004472;CLI-00413;CTC-007372;Téléphone;Produit défectueux;normale;2024-09-27;2024-10-01;96;3;Julie Dubois
TIC-004473;CLI-00031;CTC-000126;Courriel;Livraison;normale;2026-01-06;2026-01-09;73;4;Alain Morel
TIC-004474;CLI-02014;CTC-000528;Agence;Réclamation;normale;2025-02-09;2025-02-10;38;3;Pauline Durand
TIC-004475;CLI-01339;CTC-002055;Formulaire web;Retour;critique;2024-07-14;2024-07-14;1;2;Vincent Richard
TIC-004476;CLI-01784;CTC-003447;Téléphone;Produit défectueux;basse;2023-11-26;2023-11-28;55;4;Franck Lefebvre
TIC-004477;CLI-02321;CTC-007236;Formulaire web;Livraison;basse;2024-06-08;2024-06-10;54;4;Fanny Clément
TIC-004478;CLI-01600;CTC-006385;Formulaire web;Demande d’information;normale;2025-03-16;2025-03-18;53;5;Franck Lefebvre
TIC-004479;CLI-00172;;Téléphone;Demande d’information;basse;2023-09-16;2023-09-17;37;5;Fanny Clément
TIC-004480;CLI-00616;CTC-006138;Courriel;Produit défectueux;haute;2026-06-09;2026-06-12;79;4;Franck Lefebvre
TIC-004481;CLI-02134;CTC-002303;Courriel;Demande d’information;normale;2025-05-07;2025-05-08;43;5;Franck Lefebvre
TIC-004482;CLI-00407;;Téléphone;Produit défectueux;haute;2025-05-21;2025-05-21;23;4;Pauline Durand
TIC-004483;CLI-00053;CTC-003701;Formulaire web;Facturation;normale;2023-12-14;2023-12-15;29;5;Julie Dubois
TIC-004484;CLI-00320;;Courriel;Facturation;normale;2025-07-17;2025-07-18;44;4;Vincent Richard
TIC-004485;CLI-02495;CTC-007036;Agence;Réclamation;normale;2025-04-21;2025-04-21;6;5;Fanny Clément
TIC-004486;CLI-01694;CTC-001871;Agence;Facturation;haute;2023-11-19;2023-11-19;5;4;Franck Lefebvre
TIC-004487;CLI-02269;CTC-002019;Téléphone;Réclamation;haute;2026-04-06;2026-04-07;27;5;Pauline Durand
TIC-004488;CLI-02308;;Courriel;Demande d’information;haute;2025-04-16;2025-04-16;1;3;Maxime Muller
TIC-004489;CLI-00689;;Téléphone;Retour;normale;2026-05-18;2026-05-20;58;4;Pauline Durand
TIC-004490;CLI-00855;CTC-002224;Courriel;Demande d’information;haute;2025-06-24;2025-06-27;79;5;Sébastien Mercier
TIC-004491;CLI-01894;CTC-002853;Courriel;Réclamation;normale;2024-08-27;;;;Manon Michel
TIC-004492;CLI-00299;CTC-002899;Formulaire web;Demande d’information;normale;2023-10-12;2023-10-13;32;2;Catherine Chevalier
TIC-004493;CLI-01197;CTC-004379;Téléphone;Retour;normale;2025-04-24;2025-04-27;72;3;Pauline Durand
TIC-004494;CLI-00284;;Formulaire web;Livraison;basse;2023-09-29;2023-10-03;96;5;Léa Durand
TIC-004495;CLI-01756;CTC-007127;Agence;Retour;normale;2023-11-15;2023-11-16;33;5;Camille Bertrand
TIC-004496;CLI-00698;CTC-005186;Téléphone;Demande d’information;basse;2023-09-21;2023-09-24;90;2;Sébastien Mercier
TIC-004497;CLI-00852;CTC-004646;Courriel;Livraison;haute;2024-04-13;2024-04-14;25;4;Alexandre Chevalier
TIC-004498;CLI-02203;CTC-004361;Courriel;Produit défectueux;normale;2025-11-03;2025-11-05;61;2;Catherine Dumont
TIC-004499;CLI-00615;CTC-007954;Agence;Livraison;normale;2024-08-14;2024-08-16;48;5;Alain Morel
TIC-004500;CLI-00779;CTC-007460;Courriel;Réclamation;haute;2026-08-23;2026-08-23;14;5;Nathalie Michel
TIC-004501;CLI-02437;CTC-004060;Téléphone;Produit défectueux;normale;2026-02-12;2026-02-13;47;5;Camille Bertrand
TIC-004502;CLI-02462;;Téléphone;Retour;normale;2024-03-02;2024-03-04;70;5;Nathalie Michel
TIC-004503;CLI-02105;CTC-006797;Formulaire web;Retour;normale;2025-07-02;2025-07-02;16;5;Nathalie Michel
TIC-004504;CLI-01146;;Formulaire web;Livraison;normale;2025-06-26;2025-06-28;58;5;Nathalie Michel
TIC-004505;CLI-00984;CTC-001455;Agence;Retour;haute;2024-04-02;;;;Thomas Morel
TIC-004506;CLI-01057;;Courriel;Réclamation;normale;2025-11-01;2025-11-01;1;4;Sébastien Mercier
TIC-004507;CLI-01771;CTC-005716;Téléphone;Facturation;basse;2025-02-16;;;;Catherine Chevalier
TIC-004508;CLI-02383;CTC-001042;Formulaire web;Retour;normale;2025-04-29;2025-05-02;85;2;Sébastien Mercier
TIC-004509;CLI-02201;CTC-006345;Courriel;Retour;haute;2023-11-20;2023-11-20;17;1;Léa Durand
TIC-004510;CLI-00719;;Agence;Livraison;haute;2026-05-04;2026-05-06;59;4;Julie Dubois
TIC-004511;CLI-00173;CTC-002230;Téléphone;Retour;haute;2024-12-08;2024-12-08;1;2;Manon Michel
TIC-004512;CLI-01886;;Agence;Réclamation;haute;2025-01-22;2025-01-23;40;5;Alain Morel
TIC-004513;CLI-00202;CTC-005458;Formulaire web;Livraison;basse;2023-11-22;2023-11-23;33;4;Pauline Durand
TIC-004514;CLI-01472;CTC-006686;Agence;Livraison;critique;2026-03-12;2026-03-12;1;5;Jérôme Blanc
TIC-004515;CLI-01779;CTC-004526;Courriel;Retour;normale;2025-03-27;2025-03-28;38;3;Julie Dubois
TIC-004516;CLI-01573;;Courriel;Livraison;basse;2023-09-27;2023-09-29;70;4;Pauline Durand
TIC-004517;CLI-00150;;Téléphone;Réclamation;basse;2026-09-10;;;;Catherine Chevalier
TIC-004518;CLI-00450;CTC-006531;Formulaire web;Livraison;normale;2026-05-26;2026-05-27;37;4;Pauline Durand
TIC-004519;CLI-01215;CTC-005692;Téléphone;Réclamation;critique;2024-08-27;;;;Catherine Dumont
TIC-004520;CLI-00850;CTC-006419;Formulaire web;Retour;haute;2026-09-04;;;;Manon Michel
TIC-004521;CLI-00603;;Formulaire web;Retour;normale;2023-12-03;2023-12-05;58;5;Catherine Dumont
TIC-004522;CLI-01313;CTC-005201;Courriel;Livraison;normale;2024-06-21;2024-06-22;40;4;Léa Durand
TIC-004523;CLI-00063;CTC-004289;Courriel;Facturation;normale;2024-10-17;2024-10-18;46;2;Julie Dubois
TIC-004524;CLI-02463;;Téléphone;Demande d’information;critique;2024-07-25;2024-07-25;16;4;Camille Bertrand
TIC-004525;CLI-00026;;Courriel;Réclamation;haute;2023-12-10;2023-12-10;1;3;Léa Durand
TIC-004526;CLI-00798;;Courriel;Retour;normale;2025-08-04;2025-08-06;52;4;Catherine Chevalier
TIC-004527;CLI-01269;CTC-000754;Agence;Retour;normale;2024-07-12;2024-07-13;27;5;Maxime Muller
TIC-004528;CLI-02131;CTC-005933;Formulaire web;Retour;haute;2026-09-01;2026-09-02;42;3;Pauline Durand
TIC-004529;CLI-01249;CTC-001885;Courriel;Facturation;normale;2026-07-12;2026-07-13;26;4;Fanny Clément
TIC-004530;CLI-01001;;Courriel;Réclamation;normale;2024-11-12;2024-11-14;48;3;Alexandre Chevalier
TIC-004531;CLI-01901;;Agence;Retour;critique;2025-01-26;2025-01-27;31;2;Léa Durand
TIC-004532;CLI-01246;CTC-003320;Formulaire web;Réclamation;basse;2026-05-11;2026-05-11;1;4;Virginie Henry
TIC-004533;CLI-01919;CTC-007589;Courriel;Facturation;haute;2025-09-09;2025-09-12;75;3;Camille Bertrand
TIC-004534;CLI-00045;CTC-006285;Courriel;Facturation;normale;2024-09-14;2024-09-15;25;4;Nathalie Michel
TIC-004535;CLI-01744;CTC-006822;Formulaire web;Retour;basse;2025-08-20;2025-08-20;11;2;Franck Lefebvre
TIC-004536;CLI-02329;CTC-004982;Courriel;Retour;normale;2024-11-23;2024-11-27;102;5;Jérôme Blanc
TIC-004537;CLI-01017;CTC-003069;Agence;Facturation;basse;2026-01-06;2026-01-07;31;5;Virginie Henry
TIC-004538;CLI-01312;;Formulaire web;Retour;normale;2024-07-14;2024-07-15;25;5;Thomas Morel
TIC-004539;CLI-01469;CTC-005348;Téléphone;Livraison;normale;2023-09-17;2023-09-17;17;4;Alexandre Chevalier
TIC-004540;CLI-02382;CTC-001559;Formulaire web;Retour;basse;2026-04-24;2026-04-25;25;1;Alexandre Chevalier
TIC-004541;CLI-00648;;Téléphone;Facturation;normale;2023-10-30;2023-10-31;44;4;Thomas Morel
TIC-004542;CLI-01613;;Formulaire web;Retour;normale;2025-03-09;2025-03-11;51;4;Vincent Richard
TIC-004543;CLI-00877;CTC-001596;Formulaire web;Livraison;normale;2026-07-18;;;;Sébastien Mercier
TIC-004544;CLI-01108;CTC-007967;Courriel;Réclamation;normale;2026-06-24;2026-06-24;21;4;Alain Morel
TIC-004545;CLI-01341;CTC-007992;Formulaire web;Produit défectueux;normale;2025-11-20;2025-11-21;26;5;Alexandre Chevalier
TIC-004546;CLI-00034;;Formulaire web;Demande d’information;normale;2025-07-31;2025-08-01;29;4;Fanny Clément
TIC-004547;CLI-00741;;Téléphone;Livraison;normale;2025-07-10;2025-07-12;67;5;Virginie Henry
TIC-004548;CLI-01519;CTC-004667;Courriel;Demande d’information;critique;2025-01-02;2025-01-03;36;5;Manon Michel
TIC-004549;CLI-01539;CTC-004383;Formulaire web;Retour;normale;2026-04-25;2026-04-25;1;5;Catherine Chevalier
TIC-004550;CLI-01027;CTC-005707;Formulaire web;Facturation;haute;2025-07-25;2025-07-25;11;4;Camille Bertrand
TIC-004551;CLI-01212;CTC-005838;Courriel;Réclamation;haute;2025-01-11;2025-01-13;52;5;Alain Morel
TIC-004552;CLI-00547;CTC-002196;Agence;Retour;haute;2024-12-23;2024-12-23;1;5;Alexandre Chevalier
TIC-004553;CLI-00646;CTC-006254;Formulaire web;Demande d’information;normale;2026-04-16;2026-04-17;29;2;Virginie Henry
TIC-004554;CLI-01664;CTC-000502;Agence;Demande d’information;basse;2023-11-11;2023-11-14;77;3;Vincent Richard
TIC-004555;CLI-00639;CTC-004687;Agence;Facturation;normale;2024-10-24;2024-10-25;41;4;Alain Morel
TIC-004556;CLI-01596;CTC-005530;Agence;Réclamation;basse;2025-03-26;2025-03-30;105;3;Franck Lefebvre
TIC-004557;CLI-01495;;Courriel;Livraison;normale;2024-05-24;2024-05-25;35;2;Maxime Muller
TIC-004558;CLI-00032;CTC-002529;Téléphone;Retour;normale;2024-03-28;2024-03-29;44;4;Pauline Durand
TIC-004559;CLI-02121;;Courriel;Produit défectueux;haute;2024-11-30;2024-11-30;15;4;Fanny Clément
TIC-004560;CLI-01853;;Courriel;Demande d’information;critique;2026-04-18;2026-04-18;1;5;Catherine Dumont
TIC-004561;CLI-00208;CTC-002029;Courriel;Retour;normale;2024-05-06;2024-05-06;6;4;Virginie Henry
TIC-004562;CLI-01926;;Courriel;Facturation;haute;2024-06-07;2024-06-07;16;5;Sébastien Mercier
TIC-004563;CLI-00081;CTC-001614;Téléphone;Réclamation;critique;2026-02-09;2026-02-09;5;5;Catherine Dumont
TIC-004564;CLI-02175;;Courriel;Facturation;normale;2025-02-22;2025-02-22;5;5;Alexandre Chevalier
TIC-004565;CLI-01629;CTC-004673;Courriel;Produit défectueux;haute;2023-11-16;2023-11-17;42;4;Nathalie Michel
TIC-004566;CLI-00198;;Courriel;Livraison;normale;2024-12-13;2024-12-14;36;5;Catherine Chevalier
TIC-004567;CLI-02100;CTC-004426;Téléphone;Réclamation;normale;2026-03-31;2026-03-31;1;3;Julie Dubois
TIC-004568;CLI-00144;CTC-006809;Formulaire web;Produit défectueux;normale;2024-10-26;2024-10-26;1;5;Jérôme Blanc
TIC-004569;CLI-01107;CTC-000871;Agence;Réclamation;normale;2025-02-24;2025-02-24;1;3;Sébastien Mercier
TIC-004570;CLI-01746;;Téléphone;Produit défectueux;normale;2025-09-15;2025-09-16;29;2;Fanny Clément
TIC-004571;CLI-02311;CTC-002115;Formulaire web;Facturation;critique;2025-04-24;2025-04-24;1;5;Alain Morel
TIC-004572;CLI-00309;;Téléphone;Demande d’information;normale;2025-09-08;2025-09-11;85;4;Léa Durand
TIC-004573;CLI-00797;;Agence;Réclamation;normale;2026-04-14;2026-04-15;45;5;Léa Durand
TIC-004574;CLI-01519;CTC-006360;Agence;Facturation;basse;2024-04-14;2024-04-15;25;5;Nathalie Michel
TIC-004575;CLI-00811;CTC-002869;Courriel;Produit défectueux;normale;2026-06-25;2026-06-26;30;5;Camille Bertrand
TIC-004576;CLI-01498;CTC-002232;Formulaire web;Réclamation;basse;2025-12-27;;;;Manon Michel
TIC-004577;CLI-00013;CTC-000104;Formulaire web;Facturation;basse;2024-10-10;;;;Maxime Muller
TIC-004578;CLI-01987;CTC-007020;Formulaire web;Produit défectueux;critique;2025-10-25;2025-10-26;37;4;Fanny Clément
TIC-004579;CLI-00857;CTC-006113;Courriel;Retour;critique;2026-06-29;2026-06-29;11;3;Vincent Richard
TIC-004580;CLI-01140;CTC-002260;Agence;Facturation;normale;2026-02-17;2026-02-18;36;3;Catherine Dumont
TIC-004581;CLI-01416;CTC-005839;Téléphone;Réclamation;basse;2026-06-01;2026-06-02;33;4;Fanny Clément
TIC-004582;CLI-00531;;Formulaire web;Retour;critique;2025-11-13;2025-11-13;2;5;Manon Michel
TIC-004583;CLI-00773;CTC-000202;Agence;Produit défectueux;basse;2025-12-24;2025-12-24;8;4;Alexandre Chevalier
TIC-004584;CLI-02254;CTC-005295;Courriel;Réclamation;normale;2026-07-20;;;;Fanny Clément
TIC-004585;CLI-00569;;Courriel;Réclamation;normale;2025-08-05;2025-08-07;49;1;Catherine Dumont
TIC-004586;CLI-00105;;Agence;Facturation;normale;2025-09-09;2025-09-10;33;4;Fanny Clément
TIC-004587;CLI-02254;CTC-000118;Courriel;Facturation;normale;2024-02-25;2024-02-28;84;4;Vincent Richard
TIC-004588;CLI-02409;;Agence;Livraison;basse;2024-05-07;2024-05-08;27;3;Alain Morel
TIC-004589;CLI-00310;;Courriel;Retour;normale;2025-05-11;;;;Thomas Morel
TIC-004590;CLI-00610;;Agence;Facturation;normale;2023-09-14;2023-09-14;1;5;Alexandre Chevalier
TIC-004591;CLI-00850;CTC-006478;Agence;Facturation;normale;2025-05-08;2025-05-10;51;5;Thomas Morel
TIC-004592;CLI-01102;CTC-000689;Téléphone;Demande d’information;normale;2025-11-15;2025-11-16;45;4;Manon Michel
TIC-004593;CLI-00056;;Courriel;Retour;normale;2025-12-08;2025-12-08;22;1;Maxime Muller
TIC-004594;CLI-00107;CTC-007339;Agence;Facturation;haute;2024-03-02;2024-03-03;41;1;Franck Lefebvre
TIC-004595;CLI-01487;CTC-000987;Agence;Livraison;normale;2025-02-19;2025-02-20;45;3;Virginie Henry
TIC-004596;CLI-01666;CTC-004246;Téléphone;Livraison;haute;2025-08-17;2025-08-17;1;5;Maxime Muller
TIC-004597;CLI-02221;CTC-003824;Téléphone;Demande d’information;normale;2026-02-19;;;;Sébastien Mercier
TIC-004598;CLI-00243;;Courriel;Produit défectueux;haute;2023-11-11;2023-11-12;25;4;Thomas Morel
TIC-004599;CLI-01071;;Agence;Livraison;haute;2025-08-17;2025-08-19;62;1;Jérôme Blanc
TIC-004600;CLI-01375;CTC-005808;Courriel;Réclamation;basse;2023-10-26;;;;Maxime Muller
TIC-004601;CLI-00579;CTC-007302;Téléphone;Livraison;normale;2023-09-20;;;;Catherine Chevalier
TIC-004602;CLI-01189;;Agence;Produit défectueux;basse;2024-01-29;2024-01-29;10;4;Alain Morel
TIC-004603;CLI-00343;;Agence;Produit défectueux;normale;2024-04-02;2024-04-03;36;5;Camille Bertrand
TIC-004604;CLI-02400;CTC-007198;Agence;Livraison;basse;2026-04-14;2026-04-14;23;2;Camille Bertrand
TIC-004605;CLI-02196;;Agence;Facturation;normale;2023-09-12;2023-09-14;62;5;Alexandre Chevalier
TIC-004606;CLI-01263;;Agence;Facturation;basse;2024-10-26;2024-10-26;16;3;Manon Michel
TIC-004607;CLI-00748;CTC-007323;Formulaire web;Livraison;critique;2024-07-18;2024-07-18;1;1;Sébastien Mercier
TIC-004608;CLI-02143;CTC-006721;Téléphone;Réclamation;normale;2026-03-17;2026-03-20;84;5;Franck Lefebvre
TIC-004609;CLI-02003;CTC-003443;Courriel;Demande d’information;normale;2025-05-02;;;;Franck Lefebvre
TIC-004610;CLI-01976;;Téléphone;Réclamation;basse;2024-12-02;;;;Catherine Chevalier
TIC-004611;CLI-00141;;Courriel;Facturation;normale;2025-03-03;2025-03-06;75;3;Camille Bertrand
TIC-004612;CLI-00369;;Agence;Facturation;basse;2025-01-02;2025-01-05;72;1;Manon Michel
TIC-004613;CLI-01496;CTC-005236;Formulaire web;Produit défectueux;normale;2025-04-18;2025-04-21;84;4;Pauline Durand
TIC-004614;CLI-01657;CTC-000703;Agence;Facturation;normale;2025-12-14;2025-12-15;43;5;Virginie Henry
TIC-004615;CLI-01194;CTC-003041;Courriel;Retour;basse;2024-12-12;2024-12-14;71;4;Alexandre Chevalier
TIC-004616;CLI-01576;CTC-000318;Formulaire web;Facturation;basse;2026-04-21;2026-04-21;4;4;Virginie Henry
TIC-004617;CLI-01239;CTC-000847;Courriel;Réclamation;normale;2024-11-09;2024-11-11;49;1;Pauline Durand
TIC-004618;CLI-01992;CTC-002227;Courriel;Retour;haute;2025-05-05;2025-05-05;1;2;Franck Lefebvre
TIC-004619;CLI-01953;CTC-001195;Courriel;Produit défectueux;haute;2025-09-19;2025-09-19;13;4;Camille Bertrand
TIC-004620;CLI-02454;CTC-002024;Formulaire web;Retour;normale;2024-09-25;2024-09-25;19;4;Alexandre Chevalier
TIC-004621;CLI-01906;CTC-003522;Agence;Facturation;basse;2025-11-10;2025-11-11;39;5;Catherine Chevalier
TIC-004622;CLI-00377;;Agence;Réclamation;normale;2025-12-18;2025-12-18;1;5;Julie Dubois
TIC-004623;CLI-01778;CTC-003602;Formulaire web;Produit défectueux;normale;2025-02-04;2025-02-06;60;5;Catherine Chevalier
TIC-004624;CLI-00928;CTC-005728;Formulaire web;Livraison;normale;2024-07-25;2024-07-25;1;3;Thomas Morel
TIC-004625;CLI-00444;CTC-001816;Formulaire web;Retour;normale;2024-09-05;2024-09-07;49;4;Nathalie Michel
TIC-004626;CLI-01420;;Formulaire web;Réclamation;normale;2023-10-08;2023-10-09;47;5;Vincent Richard
TIC-004627;CLI-00546;CTC-000339;Téléphone;Facturation;basse;2025-12-17;2025-12-19;67;5;Alexandre Chevalier
TIC-004628;CLI-01135;;Téléphone;Livraison;basse;2025-01-19;2025-01-21;62;4;Vincent Richard
TIC-004629;CLI-01862;;Agence;Produit défectueux;normale;2025-12-12;2025-12-04;61;2;Virginie Henry
TIC-004630;CLI-01258;CTC-004344;Téléphone;Réclamation;normale;2025-12-06;;;;Catherine Dumont
TIC-004631;CLI-01070;CTC-003109;Courriel;Facturation;haute;2025-10-08;2025-10-10;71;4;Pauline Durand
TIC-004632;CLI-02348;;Courriel;Réclamation;normale;2025-03-08;2025-03-10;59;5;Camille Bertrand
TIC-004633;CLI-02126;;Courriel;Demande d’information;haute;2026-04-23;2026-04-24;43;4;Julie Dubois
TIC-004634;CLI-01260;;Téléphone;Retour;normale;2024-03-29;2024-03-29;16;5;Franck Lefebvre
TIC-004635;CLI-01802;CTC-005649;Formulaire web;Produit défectueux;normale;2025-01-26;2025-01-27;46;5;Alain Morel
TIC-004636;CLI-00415;CTC-002308;Formulaire web;Livraison;haute;2023-09-30;2023-10-02;63;5;Alain Morel
TIC-004637;CLI-00380;CTC-004798;Agence;Produit défectueux;haute;2025-12-27;2025-12-28;46;2;Catherine Dumont
TIC-004638;CLI-02183;;Téléphone;Réclamation;normale;2024-07-15;2024-07-19;101;4;Sébastien Mercier
TIC-004639;CLI-02020;CTC-004522;Courriel;Demande d’information;normale;2026-06-21;2026-06-24;78;4;Pauline Durand
TIC-004640;CLI-01656;CTC-000314;Formulaire web;Retour;normale;2026-05-12;2026-05-12;6;4;Manon Michel
TIC-004641;CLI-00478;CTC-003914;Courriel;Produit défectueux;haute;2023-12-22;;;;Alain Morel
TIC-004642;CLI-00959;CTC-002776;Courriel;Réclamation;normale;2024-02-02;2024-02-03;36;4;Franck Lefebvre
TIC-004643;CLI-01330;CTC-005674;Téléphone;Demande d’information;critique;2026-07-03;2026-07-03;1;4;Nathalie Michel
TIC-004644;CLI-01591;CTC-006513;Courriel;Demande d’information;haute;2023-12-18;2023-12-19;32;4;Virginie Henry
TIC-004645;CLI-00503;CTC-001159;Agence;Réclamation;normale;2026-04-04;2026-04-05;47;4;Catherine Dumont
TIC-004646;CLI-00365;CTC-001060;Téléphone;Produit défectueux;normale;2025-01-18;2025-01-18;19;5;Julie Dubois
TIC-004647;CLI-01459;CTC-003404;Formulaire web;Réclamation;normale;2026-03-14;2026-03-17;75;4;Catherine Dumont
TIC-004648;CLI-00594;;Agence;Demande d’information;haute;2025-11-28;2025-11-29;26;5;Alain Morel
TIC-004649;CLI-02196;;Formulaire web;Retour;haute;2023-11-21;2023-11-25;99;4;Vincent Richard
TIC-004650;CLI-01758;CTC-004045;Agence;Facturation;normale;2025-02-14;2025-02-14;1;3;Camille Bertrand
TIC-004651;CLI-01338;CTC-002675;Formulaire web;Facturation;normale;2026-08-27;2026-08-27;1;5;Maxime Muller
TIC-004652;CLI-01259;CTC-005609;Courriel;Facturation;haute;2025-08-28;2025-08-29;28;5;Thomas Morel
TIC-004653;CLI-00698;;Agence;Demande d’information;normale;2023-11-06;2023-11-08;49;4;Thomas Morel
TIC-004654;CLI-01832;CTC-001355;Formulaire web;Facturation;basse;2025-11-25;2025-11-26;31;4;Virginie Henry
TIC-004655;CLI-00328;CTC-001869;Courriel;Demande d’information;haute;2025-02-13;2025-02-14;24;5;Fanny Clément
TIC-004656;CLI-01088;CTC-002495;Téléphone;Retour;normale;2026-07-03;2026-07-03;1;5;Thomas Morel
TIC-004657;CLI-02102;CTC-001424;Courriel;Facturation;critique;2024-08-03;2024-08-03;1;4;Franck Lefebvre
TIC-004658;CLI-01193;CTC-002266;Agence;Retour;normale;2025-07-05;2025-07-05;10;4;Thomas Morel
TIC-004659;CLI-01814;;Courriel;Demande d’information;normale;2024-01-12;2024-01-13;32;5;Fanny Clément
TIC-004660;CLI-00963;CTC-005520;Formulaire web;Facturation;haute;2025-03-30;2025-03-30;7;4;Catherine Chevalier
TIC-004661;CLI-01074;;Agence;Livraison;basse;2024-11-16;2024-11-20;105;5;Alain Morel
TIC-004662;CLI-01979;CTC-006050;Téléphone;Produit défectueux;P1;2025-02-03;2025-02-04;31;1;Virginie Henry
TIC-004663;CLI-02281;CTC-002538;Formulaire web;Produit défectueux;normale;2024-10-04;2024-10-04;19;4;Camille Bertrand
TIC-004664;CLI-00247;;Formulaire web;Retour;normale;2024-04-02;;;;Nathalie Michel
TIC-004665;CLI-01851;CTC-004975;Téléphone;Produit défectueux;critique;2024-06-27;2024-06-27;1;4;Sébastien Mercier
TIC-004666;CLI-01176;CTC-006715;Téléphone;Livraison;normale;2023-10-07;2023-10-08;47;4;Nathalie Michel
TIC-004667;CLI-01207;CTC-004380;Agence;Réclamation;normale;2023-12-26;2023-12-27;33;2;Thomas Morel
TIC-004668;CLI-02053;CTC-002104;Formulaire web;Produit défectueux;normale;2025-12-27;2025-12-28;30;5;Virginie Henry
TIC-004669;CLI-01454;CTC-004215;Formulaire web;Réclamation;normale;2025-05-26;;;;Catherine Dumont
TIC-004670;CLI-01768;CTC-003256;Agence;Retour;basse;2026-05-19;;;;Sébastien Mercier
TIC-004671;CLI-02264;CTC-000699;Formulaire web;Retour;normale;2023-10-19;2023-10-19;9;5;Nathalie Michel
TIC-004672;CLI-01748;;Courriel;Retour;normale;2024-06-29;2024-06-30;47;4;Sébastien Mercier
TIC-004673;CLI-00396;CTC-001877;Agence;Produit défectueux;normale;2023-10-13;2023-10-14;31;3;Pauline Durand
TIC-004674;CLI-02160;CTC-003228;Téléphone;Retour;normale;2025-12-24;2025-12-24;1;4;Nathalie Michel
TIC-004675;CLI-01060;CTC-006793;Agence;Livraison;haute;2024-02-03;2024-02-05;53;5;Catherine Chevalier
TIC-004676;CLI-00910;CTC-005431;Téléphone;Produit défectueux;basse;2025-08-03;;;;Nathalie Michel
TIC-004677;CLI-00522;CTC-006565;Agence;Produit défectueux;basse;2023-09-20;2023-09-23;72;4;Manon Michel
TIC-004678;CLI-00702;CTC-004532;Agence;Demande d’information;normale;2024-04-06;2024-04-07;46;3;Catherine Dumont
TIC-004679;CLI-02190;;Agence;Demande d’information;normale;2024-12-09;;;;Camille Bertrand
TIC-004680;CLI-00740;CTC-002880;Formulaire web;Réclamation;normale;2023-12-22;2023-12-23;46;5;Jérôme Blanc
TIC-004681;CLI-01769;;Formulaire web;Retour;basse;2024-09-14;2024-09-15;45;5;Julie Dubois
TIC-004682;CLI-01297;CTC-005072;Formulaire web;Retour;normale;2025-05-31;2025-06-01;34;2;Alain Morel
TIC-004683;CLI-01275;CTC-006572;Téléphone;Facturation;basse;2024-06-07;2024-06-07;19;3;Alain Morel
TIC-004684;CLI-01330;CTC-006705;Téléphone;Produit défectueux;normale;2025-04-18;2025-04-19;47;3;Pauline Durand
TIC-004685;CLI-00666;CTC-003871;Agence;Produit défectueux;haute;2024-01-03;2024-01-05;56;4;Julie Dubois
TIC-004686;CLI-01932;;Formulaire web;Demande d’information;haute;2024-04-03;2024-04-03;21;4;Léa Durand
TIC-004687;CLI-00412;;Formulaire web;Produit défectueux;critique;2024-10-19;2024-10-19;19;5;Vincent Richard
TIC-004688;CLI-02233;CTC-004006;Agence;Réclamation;normale;2026-06-17;2026-06-19;48;5;Vincent Richard
TIC-004689;CLI-01026;CTC-005302;Agence;Retour;normale;2026-07-18;2026-07-19;44;4;Pauline Durand
TIC-004690;CLI-02217;CTC-002039;Formulaire web;Retour;normale;2025-03-25;2025-03-25;1;3;Catherine Dumont
TIC-004691;CLI-01077;CTC-002050;Formulaire web;Demande d’information;normale;2024-11-05;2024-11-07;70;5;Léa Durand
TIC-004692;CLI-00771;;Téléphone;Réclamation;normale;2026-02-06;2026-02-06;1;5;Julie Dubois
TIC-004693;CLI-01425;;Formulaire web;Livraison;basse;2024-01-09;2024-01-01;11;5;Alexandre Chevalier
TIC-004694;CLI-01441;CTC-004717;Formulaire web;Retour;normale;2026-04-01;2026-04-04;91;2;Vincent Richard
TIC-004695;CLI-01254;;Courriel;Retour;normale;2025-04-07;;;;Julie Dubois
TIC-004696;CLI-00845;;Agence;Retour;normale;2025-04-03;2025-04-03;1;5;Virginie Henry
TIC-004697;CLI-01118;CTC-003846;Courriel;Facturation;normale;2024-06-24;2024-06-25;31;2;Alain Morel
TIC-004698;CLI-00387;CTC-001116;Courriel;Réclamation;haute;2023-10-09;2023-10-10;31;5;Julie Dubois
TIC-004699;CLI-00165;CTC-003426;Téléphone;Livraison;haute;2023-11-03;2023-11-04;31;3;Alain Morel
TIC-004700;CLI-01446;CTC-002847;Agence;Livraison;normale;2023-10-12;2023-10-13;39;5;Jérôme Blanc
TIC-004701;CLI-01263;CTC-003244;Téléphone;Demande d’information;haute;2026-01-31;2026-02-02;64;3;Catherine Dumont
TIC-004702;CLI-02436;CTC-003488;Téléphone;Produit défectueux;haute;2023-10-19;2023-10-21;61;5;Alexandre Chevalier
TIC-004703;CLI-01456;CTC-007930;Courriel;Réclamation;haute;2023-10-23;2023-10-24;33;3;Catherine Chevalier
TIC-004704;CLI-01667;;Agence;Réclamation;basse;2025-02-21;;;;Alain Morel
TIC-004705;CLI-02283;;Formulaire web;Facturation;normale;2024-02-09;2024-02-11;52;3;Franck Lefebvre
TIC-004706;CLI-01155;CTC-002774;Téléphone;Produit défectueux;basse;2025-03-18;2025-03-18;5;3;Alexandre Chevalier
TIC-004707;CLI-00127;;Téléphone;Produit défectueux;basse;2025-12-18;2025-12-19;39;4;Fanny Clément
TIC-004708;CLI-02038;;Formulaire web;Livraison;normale;2025-01-29;;;;Nathalie Michel
TIC-004709;CLI-00253;;Téléphone;Produit défectueux;normale;2024-01-29;2024-02-01;85;3;Pauline Durand
TIC-004710;CLI-02281;CTC-002538;Agence;Facturation;normale;2026-07-28;2026-07-29;42;1;Sébastien Mercier
TIC-004711;CLI-02421;CTC-001912;Téléphone;Produit défectueux;critique;2023-12-13;2023-12-13;6;4;Catherine Chevalier
TIC-004712;CLI-02352;;Courriel;Produit défectueux;normale;2024-08-07;;;;Thomas Morel
TIC-004713;CLI-02285;CTC-007314;Courriel;Produit défectueux;normale;2025-08-09;2025-08-11;55;3;Sébastien Mercier
TIC-004714;CLI-01086;;Courriel;Facturation;normale;2023-11-09;;;;Pauline Durand
TIC-004715;CLI-00743;CTC-001635;Formulaire web;Réclamation;normale;2025-03-27;2025-03-29;64;5;Thomas Morel
TIC-004716;CLI-01030;CTC-002648;Agence;Réclamation;haute;2024-02-16;2024-02-16;1;4;Maxime Muller
TIC-004717;CLI-00048;;Formulaire web;Facturation;basse;2025-04-16;2025-04-20;101;4;Franck Lefebvre
TIC-004718;CLI-01234;;Agence;Facturation;basse;2026-01-28;2026-01-29;36;5;Fanny Clément
TIC-004719;CLI-01819;CTC-005126;Agence;Retour;normale;2023-12-09;2023-12-11;54;3;Léa Durand
TIC-004720;CLI-00548;CTC-007870;Formulaire web;Retour;normale;2024-02-03;2024-02-03;5;3;Franck Lefebvre
TIC-004721;CLI-01625;CTC-007082;Formulaire web;Réclamation;normale;2024-12-28;2024-12-28;1;3;Léa Durand
TIC-004722;CLI-00760;;Courriel;Facturation;normale;2025-02-28;;;;Léa Durand
TIC-004723;CLI-01820;;Téléphone;Facturation;normale;2024-09-26;2024-09-27;29;3;Franck Lefebvre
TIC-004724;CLI-02156;CTC-002601;Téléphone;Livraison;haute;2024-02-02;2024-02-04;66;3;Franck Lefebvre
TIC-004725;CLI-02421;CTC-001912;Téléphone;Livraison;normale;2024-04-27;;;;Sébastien Mercier
TIC-004726;CLI-00292;CTC-002284;Courriel;Facturation;normale;2024-09-01;;;;Vincent Richard
TIC-004727;CLI-00509;;Téléphone;Retour;haute;2026-05-15;;;;Sébastien Mercier
TIC-004728;CLI-00310;;Agence;Livraison;basse;2025-11-13;2025-11-15;57;4;Léa Durand
TIC-004729;CLI-00530;CTC-007049;Téléphone;Réclamation;basse;2025-08-07;2025-08-09;61;2;Jérôme Blanc
TIC-004730;CLI-00343;;Formulaire web;Réclamation;haute;2024-03-19;2024-03-21;66;5;Manon Michel
TIC-004731;CLI-02181;CTC-003116;Agence;Facturation;normale;2024-05-19;2024-05-19;14;5;Julie Dubois
TIC-004732;CLI-01207;CTC-004380;Courriel;Retour;normale;2024-11-02;2024-11-05;75;5;Thomas Morel
TIC-004733;CLI-02227;;Agence;Produit défectueux;basse;2024-11-14;2024-11-17;78;4;Catherine Dumont
TIC-004734;CLI-02041;;Téléphone;Facturation;normale;2023-11-24;2023-11-27;73;4;Franck Lefebvre
TIC-004735;CLI-01965;CTC-000644;Formulaire web;Retour;basse;2024-07-05;2024-07-08;73;2;Léa Durand
TIC-004736;CLI-00684;CTC-007450;Agence;Facturation;critique;2024-01-25;2024-01-25;18;3;Alain Morel
TIC-004737;CLI-02478;CTC-003861;Formulaire web;Demande d’information;haute;2025-08-16;2025-08-17;33;5;Thomas Morel
TIC-004738;CLI-00974;CTC-000885;Téléphone;Réclamation;normale;2024-04-17;2024-04-17;1;4;Sébastien Mercier
TIC-004739;CLI-01286;CTC-006470;Courriel;Livraison;haute;2025-10-05;2025-10-08;80;4;Catherine Dumont
TIC-004740;CLI-01549;CTC-002677;Courriel;Livraison;normale;2024-10-09;2024-10-10;33;4;Manon Michel
TIC-004741;CLI-01289;CTC-004191;Courriel;Retour;normale;2025-03-03;2025-03-04;26;3;Fanny Clément
TIC-004742;CLI-00913;;Agence;Réclamation;haute;2025-06-18;;;;Thomas Morel
TIC-004743;CLI-00866;CTC-006031;Agence;Livraison;haute;2024-12-03;2024-12-06;72;2;Jérôme Blanc
TIC-004744;CLI-00516;CTC-000907;Courriel;Demande d’information;normale;2025-08-10;2025-08-12;50;4;Vincent Richard
TIC-004745;CLI-01348;CTC-005314;Agence;Produit défectueux;haute;2023-12-06;2023-12-07;47;5;Catherine Dumont
TIC-004746;CLI-00632;CTC-004754;Formulaire web;Facturation;normale;2025-12-03;2025-12-05;70;5;Catherine Dumont
TIC-004747;CLI-02481;;Agence;Facturation;normale;2026-01-11;2026-01-15;103;5;Nathalie Michel
TIC-004748;CLI-00494;;Courriel;Demande d’information;normale;2025-10-16;2025-10-16;4;3;Catherine Chevalier
TIC-004749;CLI-02045;;Téléphone;Demande d’information;normale;2024-12-10;2024-12-10;3;4;Maxime Muller
TIC-004750;CLI-02452;;Téléphone;Réclamation;basse;2025-12-28;2025-12-31;83;5;Fanny Clément
TIC-004751;CLI-00964;CTC-002116;Formulaire web;Retour;normale;2023-11-23;2023-11-25;55;3;Nathalie Michel
TIC-004752;CLI-01856;;Agence;Livraison;normale;2024-02-22;;;;Catherine Dumont
TIC-004753;CLI-01437;CTC-003476;Courriel;Produit défectueux;normale;2025-03-18;2025-03-20;60;2;Alain Morel
TIC-004754;CLI-00059;;Agence;Réclamation;basse;2023-09-20;2023-09-21;39;5;Franck Lefebvre
TIC-004755;CLI-01110;;Formulaire web;Réclamation;basse;2024-12-22;2024-12-24;61;5;Jérôme Blanc
TIC-004756;CLI-02303;CTC-003891;Agence;Produit défectueux;normale;2025-01-14;2025-01-17;86;3;Virginie Henry
TIC-004757;CLI-01218;CTC-007994;Téléphone;Produit défectueux;normale;2026-08-26;2026-08-26;18;4;Léa Durand
TIC-004758;CLI-02305;CTC-001306;Courriel;Retour;basse;2025-03-14;2025-03-16;71;5;Virginie Henry
TIC-004759;CLI-00782;CTC-007194;Agence;Demande d’information;normale;2023-12-19;2023-12-21;54;5;Vincent Richard
TIC-004760;CLI-01797;CTC-000809;Courriel;Facturation;normale;2026-09-10;;;;Vincent Richard
TIC-004761;CLI-00593;CTC-005529;Courriel;Demande d’information;normale;2024-09-20;2024-09-20;1;5;Vincent Richard
TIC-004762;CLI-00309;;Téléphone;Demande d’information;critique;2025-08-14;2025-08-14;7;5;Pauline Durand
TIC-004763;CLI-01180;CTC-006608;Formulaire web;Réclamation;basse;2025-07-02;2025-07-05;77;1;Camille Bertrand
TIC-004764;CLI-00337;;Agence;Facturation;normale;2025-02-28;;;;Maxime Muller
TIC-004765;CLI-01140;CTC-002260;Courriel;Réclamation;critique;2024-01-19;2024-01-19;1;5;Fanny Clément
TIC-004766;CLI-02105;;Formulaire web;Livraison;normale;2025-06-12;2025-06-14;48;4;Franck Lefebvre
TIC-004767;CLI-02300;CTC-006204;Formulaire web;Facturation;haute;2026-09-07;2026-09-08;47;4;Catherine Chevalier
TIC-004768;CLI-01959;CTC-006877;Formulaire web;Produit défectueux;normale;2025-01-29;2025-01-30;39;4;Pauline Durand
TIC-004769;CLI-01197;CTC-002970;Courriel;Réclamation;normale;2025-02-08;2025-02-09;32;3;Catherine Chevalier
TIC-004770;CLI-01235;CTC-000811;Formulaire web;Livraison;normale;2024-05-20;2024-05-20;8;3;Camille Bertrand
TIC-004771;CLI-01682;;Formulaire web;Retour;critique;2025-04-30;2025-04-30;1;3;Camille Bertrand
TIC-004772;CLI-00607;CTC-003112;Téléphone;Facturation;normale;2025-02-28;2025-03-01;33;1;Camille Bertrand
TIC-004773;CLI-01846;CTC-005265;Courriel;Retour;normale;2025-01-25;2025-01-27;48;4;Camille Bertrand
TIC-004774;CLI-01783;CTC-004080;Agence;Retour;normale;2025-06-14;2025-06-14;1;3;Léa Durand
TIC-004775;CLI-02344;CTC-000079;Formulaire web;Facturation;normale;2024-03-06;2024-03-07;47;5;Julie Dubois
TIC-004776;CLI-00315;CTC-003503;Téléphone;Demande d’information;normale;2025-06-19;2025-06-21;67;3;Thomas Morel
TIC-004777;CLI-00746;;Formulaire web;Retour;basse;2024-04-23;2024-04-25;62;4;Franck Lefebvre
TIC-004778;CLI-00089;CTC-004397;Téléphone;Produit défectueux;critique;2023-12-28;;;;Alexandre Chevalier
TIC-004779;CLI-00976;CTC-007932;Agence;Réclamation;haute;2023-12-02;2023-12-03;38;3;Alexandre Chevalier
TIC-004780;CLI-00017;CTC-002380;Téléphone;Livraison;normale;2024-03-27;2024-03-28;45;2;Catherine Dumont
TIC-004781;CLI-00933;CTC-005344;Courriel;Livraison;normale;2025-08-23;2025-08-24;37;5;Thomas Morel
TIC-004782;CLI-02194;;Téléphone;Produit défectueux;haute;2025-04-15;2025-04-15;1;5;Manon Michel
TIC-004783;CLI-01653;;Agence;Retour;normale;2024-07-02;2024-07-04;59;4;Virginie Henry
TIC-004784;CLI-00960;CTC-002922;Formulaire web;Facturation;haute;2024-12-30;2025-01-02;74;5;Jérôme Blanc
TIC-004785;CLI-01216;CTC-003286;Agence;Retour;normale;2024-09-30;2024-10-01;31;4;Nathalie Michel
TIC-004786;CLI-02437;;Formulaire web;Facturation;normale;2025-06-27;2025-06-27;1;3;Julie Dubois
TIC-004787;CLI-01436;CTC-006638;Formulaire web;Réclamation;normale;2025-10-26;2025-10-26;13;5;Julie Dubois
TIC-004788;CLI-01202;CTC-005209;Téléphone;Demande d’information;critique;2025-01-27;2025-01-28;28;5;Manon Michel
TIC-004789;CLI-01683;CTC-003863;Agence;Réclamation;normale;2024-10-06;2024-10-07;46;5;Sébastien Mercier
TIC-004790;CLI-01991;;Téléphone;Retour;basse;2026-02-21;2026-02-22;28;5;Sébastien Mercier
TIC-004791;CLI-00300;;Formulaire web;Facturation;normale;2025-06-24;2025-06-24;6;2;Léa Durand
TIC-004792;CLI-00418;CTC-003651;Téléphone;Produit défectueux;normale;2025-11-03;2025-11-03;15;1;Catherine Chevalier
TIC-004793;CLI-00041;CTC-005408;Téléphone;Facturation;haute;2025-02-13;2025-02-16;82;2;Thomas Morel
TIC-004794;CLI-00408;CTC-003123;Agence;Produit défectueux;normale;2025-07-06;2025-07-06;20;5;Catherine Dumont
TIC-004795;CLI-00376;;Formulaire web;Réclamation;haute;2025-07-26;;;;Fanny Clément
TIC-004796;CLI-01298;;Téléphone;Livraison;normale;2025-02-22;2025-02-23;27;4;Franck Lefebvre
TIC-004797;CLI-00796;;Téléphone;Retour;normale;2026-01-24;2026-01-27;75;3;Thomas Morel
TIC-004798;CLI-02122;;Courriel;Réclamation;normale;2023-12-08;2023-12-10;49;3;Camille Bertrand
TIC-004799;CLI-00678;;Courriel;Livraison;normale;2025-11-18;2025-11-20;56;4;Maxime Muller
TIC-004800;CLI-00186;;Agence;Réclamation;basse;2024-01-04;2024-01-05;46;4;Virginie Henry
TIC-004801;CLI-00899;CTC-002554;Courriel;Facturation;haute;2024-02-18;;;;Fanny Clément
TIC-004802;CLI-00903;CTC-004799;Agence;Réclamation;normale;2023-12-29;2023-12-29;18;4;Fanny Clément
TIC-004803;CLI-01185;CTC-007087;Courriel;Facturation;basse;2026-08-10;;;;Catherine Dumont
TIC-004804;CLI-00030;CTC-007284;Agence;Demande d’information;basse;2024-04-06;2024-04-07;25;3;Léa Durand
TIC-004805;CLI-02453;CTC-004895;Agence;Retour;normale;2024-02-09;2024-02-11;56;5;Nathalie Michel
TIC-004806;CLI-02461;;Téléphone;Retour;haute;2025-10-05;2025-10-06;35;4;Catherine Chevalier
TIC-004807;CLI-00303;;Courriel;Demande d’information;haute;2024-11-26;2024-11-26;1;4;Thomas Morel
TIC-004808;CLI-01225;CTC-000491;Téléphone;Facturation;normale;2026-06-23;2026-06-23;1;4;Catherine Chevalier
TIC-004809;CLI-01704;CTC-002134;Téléphone;Demande d’information;normale;2026-07-31;2026-07-31;3;3;Sébastien Mercier
TIC-004810;CLI-00240;CTC-000454;Formulaire web;Demande d’information;normale;2024-09-07;;;;Franck Lefebvre
TIC-004811;CLI-01163;CTC-002337;Agence;Produit défectueux;normale;2024-01-02;2024-01-03;42;3;Alexandre Chevalier
TIC-004812;CLI-01317;;Formulaire web;Demande d’information;basse;2024-11-19;;;;Pauline Durand
TIC-004813;CLI-00583;CTC-002372;Agence;Retour;basse;2025-10-22;2025-10-24;49;5;Julie Dubois
TIC-004814;CLI-02120;CTC-005341;Agence;Retour;normale;2026-02-25;2026-02-26;39;3;Fanny Clément
TIC-004815;CLI-01516;CTC-000898;Courriel;Réclamation;normale;2026-05-09;2026-05-12;75;4;Alain Morel
TIC-004816;CLI-01721;;Courriel;Demande d’information;basse;2026-01-22;2026-01-24;71;4;Thomas Morel
TIC-004817;CLI-02199;CTC-003556;Agence;Réclamation;normale;2023-11-15;2023-11-16;38;4;Catherine Chevalier
TIC-004818;CLI-01676;CTC-000787;Téléphone;Livraison;haute;2026-03-07;2026-03-09;51;4;Léa Durand
TIC-004819;CLI-01847;;Courriel;Réclamation;normale;2025-01-13;2025-01-14;26;4;Maxime Muller
TIC-004820;CLI-01260;;Agence;Demande d’information;basse;2025-04-14;;;;Virginie Henry
TIC-004821;CLI-00869;;Courriel;Réclamation;normale;2024-05-26;2024-05-29;77;3;Camille Bertrand
TIC-004822;CLI-01632;CTC-005759;Agence;Livraison;basse;2025-03-17;2025-03-21;111;4;Thomas Morel
TIC-004823;CLI-02474;CTC-000147;Formulaire web;Facturation;basse;2023-11-10;2023-11-11;24;1;Sébastien Mercier
TIC-004824;CLI-01727;;Courriel;Produit défectueux;normale;2025-02-04;2025-02-05;46;5;Fanny Clément
TIC-004825;CLI-01810;CTC-000133;Courriel;Facturation;haute;2024-10-14;2024-10-18;96;3;Virginie Henry
TIC-004826;CLI-01386;;Téléphone;Livraison;haute;2024-10-01;2024-09-28;1;3;Fanny Clément
TIC-004827;CLI-02437;CTC-007052;Téléphone;Produit défectueux;haute;2025-04-19;2025-04-19;13;1;Pauline Durand
TIC-004828;CLI-01133;CTC-001499;Courriel;Retour;normale;2025-03-03;2025-03-03;1;4;Catherine Chevalier
TIC-004829;CLI-00934;CTC-006521;Formulaire web;Retour;normale;2025-04-23;2025-04-23;1;2;Alain Morel
TIC-004830;CLI-00998;CTC-000839;Courriel;Produit défectueux;normale;2024-11-20;2024-11-20;1;5;Virginie Henry
TIC-004831;CLI-00685;CTC-006315;Téléphone;Produit défectueux;normale;2026-08-26;2026-08-27;41;4;Vincent Richard
TIC-004832;CLI-00680;CTC-007291;Téléphone;Réclamation;normale;2024-06-19;2024-06-19;1;5;Fanny Clément
TIC-004833;CLI-01469;CTC-005348;Formulaire web;Réclamation;urgent;2025-01-03;2025-01-04;43;4;Catherine Dumont
TIC-004834;CLI-00715;CTC-004181;Téléphone;Demande d’information;normale;2024-01-15;2024-01-15;8;3;Jérôme Blanc
TIC-004835;CLI-00270;CTC-006571;Formulaire web;Produit défectueux;haute;2024-03-03;2024-03-04;37;5;Julie Dubois
TIC-004836;CLI-01993;;Formulaire web;Retour;normale;2024-02-07;2024-02-07;8;4;Léa Durand
TIC-004837;CLI-01697;CTC-007158;Téléphone;Produit défectueux;basse;2024-01-20;2024-01-20;21;2;Nathalie Michel
TIC-004838;CLI-01741;CTC-007979;Agence;Retour;normale;2025-12-25;2025-12-26;35;5;Vincent Richard
TIC-004839;CLI-02072;CTC-005628;Téléphone;Produit défectueux;normale;2025-08-02;2025-08-02;1;5;Léa Durand
TIC-004840;CLI-02204;CTC-004977;Agence;Facturation;normale;2025-10-02;2025-10-03;40;2;Virginie Henry
TIC-004841;CLI-00115;CTC-004678;Téléphone;Retour;haute;2025-06-09;2025-06-09;1;2;Nathalie Michel
TIC-004842;CLI-00635;CTC-006849;Agence;Demande d’information;normale;2025-08-16;2025-08-17;41;3;Catherine Chevalier
TIC-004843;CLI-00136;;Agence;Demande d’information;normale;2025-11-23;2025-11-24;35;3;Jérôme Blanc
TIC-004844;CLI-01147;CTC-004220;Téléphone;Retour;normale;2025-08-03;2025-08-05;65;5;Fanny Clément
TIC-004845;CLI-01663;CTC-005869;Agence;Produit défectueux;basse;2023-09-30;2023-10-03;74;5;Sébastien Mercier
TIC-004846;CLI-01796;;Formulaire web;Produit défectueux;basse;2025-02-24;2025-02-25;24;4;Pauline Durand
TIC-004847;CLI-00863;CTC-007406;Courriel;Livraison;normale;2025-07-14;2025-07-14;22;6;Thomas Morel
TIC-004848;CLI-00536;CTC-005661;Formulaire web;Facturation;haute;2026-01-11;2026-01-14;73;3;Maxime Muller
TIC-004849;CLI-00319;CTC-003657;Agence;Retour;normale;2024-06-08;2024-06-10;57;5;Catherine Dumont
TIC-004850;CLI-01039;CTC-003619;Courriel;Facturation;P1;2024-07-01;;;;Alain Morel
TIC-004851;CLI-01059;CTC-002172;Téléphone;Produit défectueux;basse;2026-06-17;2026-06-19;62;3;Julie Dubois
TIC-004852;CLI-00219;CTC-001953;Téléphone;Livraison;normale;2024-01-17;2024-01-20;89;2;Jérôme Blanc
TIC-004853;CLI-00140;CTC-002244;Agence;Demande d’information;haute;2025-01-09;2025-01-10;45;3;Vincent Richard
TIC-004854;CLI-01115;CTC-003056;Courriel;Produit défectueux;normale;2024-04-19;2024-04-20;28;5;Maxime Muller
TIC-004855;CLI-01367;CTC-003822;Formulaire web;Livraison;normale;2024-05-07;;;;Camille Bertrand
TIC-004856;CLI-02258;CTC-006000;Agence;Livraison;basse;2023-11-03;;;;Thomas Morel
TIC-004857;CLI-01148;CTC-001887;Agence;Demande d’information;haute;2024-10-02;;;;Jérôme Blanc
TIC-004858;CLI-01097;;Agence;Retour;haute;2024-11-19;2024-11-19;20;5;Alain Morel
TIC-004859;CLI-00170;CTC-006671;Formulaire web;Réclamation;basse;2026-05-24;2026-05-24;20;5;Alain Morel
TIC-004860;CLI-01636;CTC-004312;Agence;Retour;haute;2026-01-18;2026-01-18;1;2;Julie Dubois
TIC-004861;CLI-00425;;Téléphone;Réclamation;basse;2025-05-26;2025-05-28;60;5;Fanny Clément
TIC-004862;CLI-01508;;Courriel;Produit défectueux;normale;2024-11-23;2024-11-23;22;1;Franck Lefebvre
TIC-004863;CLI-01285;;Formulaire web;Réclamation;critique;2024-02-15;2024-02-15;1;4;Catherine Dumont
TIC-004864;CLI-00275;;Formulaire web;Livraison;normale;2024-03-29;2024-03-31;71;4;Julie Dubois
TIC-004865;CLI-01524;CTC-000819;Agence;Facturation;normale;2024-03-19;;;;Nathalie Michel
TIC-004866;CLI-02441;CTC-006086;Agence;Demande d’information;basse;2024-12-06;2024-12-07;44;4;Pauline Durand
TIC-004867;CLI-00550;CTC-000324;Agence;Retour;normale;2024-07-31;2024-08-02;65;3;Thomas Morel
TIC-004868;CLI-00852;CTC-006287;Courriel;Retour;basse;2026-07-28;2026-07-28;1;4;Franck Lefebvre
TIC-004869;CLI-01285;;Agence;Livraison;critique;2023-09-24;2023-09-24;1;2;Catherine Dumont
TIC-004870;CLI-02484;CTC-007527;Formulaire web;Livraison;normale;2026-05-24;2026-05-25;44;5;Nathalie Michel
TIC-004871;CLI-02269;;Téléphone;Retour;normale;2023-10-04;2023-10-06;69;5;Pauline Durand
TIC-004872;CLI-02313;;Téléphone;Livraison;haute;2024-09-05;2024-09-06;31;5;Fanny Clément
TIC-004873;CLI-02427;CTC-006506;Agence;Facturation;haute;2025-01-16;2025-01-16;5;2;Sébastien Mercier
TIC-004874;CLI-00434;CTC-001048;Courriel;Réclamation;haute;2026-09-08;2026-09-09;47;3;Julie Dubois
TIC-004875;CLI-00292;CTC-005131;Courriel;Livraison;normale;2024-12-21;2024-12-21;1;1;Thomas Morel
TIC-004876;CLI-01380;CTC-007077;Téléphone;Demande d’information;basse;2023-11-21;2023-11-23;65;4;Thomas Morel
TIC-004877;CLI-01185;CTC-007087;Téléphone;Produit défectueux;haute;2026-01-29;2026-01-31;66;4;Catherine Dumont
TIC-004878;CLI-01735;CTC-007857;Téléphone;Livraison;normale;2026-07-04;;;;Nathalie Michel
TIC-004879;CLI-01306;CTC-002613;Téléphone;Livraison;normale;2026-03-22;2026-03-25;77;5;Alain Morel
TIC-004880;CLI-01781;CTC-006286;Courriel;Réclamation;basse;2025-02-20;2025-02-20;5;4;Catherine Dumont
TIC-004881;CLI-01163;CTC-002128;Agence;Réclamation;haute;2024-09-30;2024-10-02;48;5;Camille Bertrand
TIC-004882;CLI-02252;CTC-000347;Formulaire web;Demande d’information;normale;2024-08-19;2024-08-19;2;4;Pauline Durand
TIC-004883;CLI-02384;;Agence;Facturation;haute;2024-10-21;2024-10-22;30;5;Sébastien Mercier
TIC-004884;CLI-01758;CTC-006142;Formulaire web;Facturation;basse;2025-01-22;2025-01-23;33;4;Jérôme Blanc
TIC-004885;CLI-01020;CTC-006139;Formulaire web;Livraison;normale;2026-05-26;2026-05-27;24;0;Alexandre Chevalier
TIC-004886;CLI-00466;CTC-002418;Agence;Livraison;normale;2025-12-22;;;;Thomas Morel
TIC-004887;CLI-02157;CTC-002158;Agence;Produit défectueux;normale;2023-09-14;2023-09-16;61;5;Sébastien Mercier
TIC-004888;CLI-00919;CTC-005503;Téléphone;Produit défectueux;critique;2025-01-01;2025-01-01;4;5;Jérôme Blanc
TIC-004889;CLI-00563;CTC-007083;Téléphone;Demande d’information;normale;2026-03-02;2026-03-02;13;3;Pauline Durand
TIC-004890;CLI-01165;CTC-004311;Formulaire web;Retour;basse;2025-12-03;2025-12-04;27;1;Fanny Clément
TIC-004891;CLI-00516;CTC-000907;Agence;Produit défectueux;normale;2024-01-04;2024-01-04;14;3;Virginie Henry
TIC-004892;CLI-00293;CTC-004144;Téléphone;Facturation;normale;2025-09-04;;;;Alexandre Chevalier
TIC-004893;CLI-00765;CTC-005301;Courriel;Produit défectueux;normale;2025-09-14;2025-09-15;28;3;Sébastien Mercier
TIC-004894;CLI-01696;;Agence;Réclamation;critique;2025-07-28;2025-07-28;10;2;Thomas Morel
TIC-004895;CLI-00784;CTC-002924;Téléphone;Demande d’information;normale;2025-03-17;2025-03-19;53;4;Alexandre Chevalier
TIC-004896;CLI-01694;;Agence;Produit défectueux;normale;2024-12-07;2024-12-07;10;4;Franck Lefebvre
TIC-004897;CLI-01948;CTC-000122;Courriel;Livraison;basse;2025-06-29;2025-06-30;46;3;Alain Morel
TIC-004898;CLI-00354;CTC-003177;Agence;Demande d’information;normale;2024-04-05;2024-04-06;29;3;Julie Dubois
TIC-004899;CLI-01469;CTC-005348;Formulaire web;Retour;haute;2026-04-25;2026-04-27;54;1;Franck Lefebvre
TIC-004900;CLI-00234;CTC-003300;Courriel;Réclamation;basse;2024-10-17;2024-10-18;45;1;Alexandre Chevalier
TIC-004901;CLI-01345;CTC-003302;Agence;Demande d’information;critique;2026-07-05;2026-07-05;1;4;Alexandre Chevalier
TIC-004902;CLI-00108;CTC-006890;Téléphone;Livraison;basse;2024-04-29;2024-05-01;67;5;Maxime Muller
TIC-004903;CLI-01452;CTC-002332;Agence;Réclamation;normale;2026-02-19;2026-02-23;101;3;Virginie Henry
TIC-004904;CLI-00604;CTC-005110;Agence;Facturation;basse;2024-03-18;2024-03-19;33;5;Maxime Muller
TIC-004905;CLI-00220;CTC-002330;Courriel;Réclamation;haute;2024-04-09;2024-04-09;20;3;Virginie Henry
TIC-004906;CLI-00219;CTC-001663;Téléphone;Livraison;normale;2024-12-20;;;;Manon Michel
TIC-004907;CLI-01994;CTC-007578;Agence;Livraison;normale;2024-09-09;2024-09-09;17;5;Vincent Richard
TIC-004908;CLI-00937;CTC-002011;Courriel;Réclamation;haute;2025-07-17;2025-07-18;43;2;Jérôme Blanc
TIC-004909;CLI-01856;;Formulaire web;Retour;normale;2024-11-25;2024-11-27;59;3;Thomas Morel
TIC-004910;CLI-00402;CTC-002220;Téléphone;Demande d’information;normale;2026-08-26;2026-08-26;1;3;Sébastien Mercier
TIC-004911;CLI-02015;CTC-005130;Agence;Réclamation;basse;2024-09-11;;;;Vincent Richard
TIC-004912;CLI-01884;;Téléphone;Demande d’information;normale;2024-11-29;2024-12-02;87;5;Sébastien Mercier
TIC-004913;CLI-00103;CTC-006778;Agence;Livraison;haute;2026-05-05;2026-05-07;63;2;Maxime Muller
TIC-004914;CLI-02256;CTC-006452;Courriel;Demande d’information;normale;2025-07-10;2025-07-11;47;4;Julie Dubois
TIC-004915;CLI-02357;CTC-006850;Formulaire web;Demande d’information;normale;2025-02-12;2025-02-14;55;4;Pauline Durand
TIC-004916;CLI-00433;CTC-001342;Téléphone;Réclamation;basse;2026-06-15;2026-06-17;60;5;Fanny Clément
TIC-004917;CLI-01138;;Agence;Retour;basse;2023-11-10;2023-11-11;46;5;Fanny Clément
TIC-004918;CLI-01785;;Agence;Produit défectueux;normale;2026-01-05;2026-01-05;1;3;Léa Durand
TIC-004919;CLI-01655;CTC-000045;Formulaire web;Retour;normale;2026-03-02;2026-03-04;67;3;Camille Bertrand
TIC-004920;CLI-00445;CTC-006743;Téléphone;Produit défectueux;basse;2025-01-11;2025-01-12;46;4;Catherine Chevalier
TIC-004921;CLI-00706;CTC-007551;Agence;Produit défectueux;basse;2026-05-24;2026-05-27;88;5;Vincent Richard
TIC-004922;CLI-01975;;Agence;Retour;normale;2024-03-10;2024-03-10;1;5;Catherine Dumont
TIC-004923;CLI-00255;CTC-006429;Courriel;Réclamation;normale;2025-02-12;2025-02-13;36;4;Nathalie Michel
TIC-004924;CLI-02391;;Agence;Demande d’information;normale;2026-03-05;2026-03-07;62;4;Virginie Henry
TIC-004925;CLI-00234;CTC-003300;Agence;Facturation;normale;2024-08-12;;;;Alexandre Chevalier
TIC-004926;CLI-00450;;Courriel;Livraison;normale;2023-12-04;2023-12-04;1;5;Thomas Morel
TIC-004927;CLI-01160;CTC-006461;Courriel;Produit défectueux;normale;2024-09-28;2024-09-29;46;3;Alain Morel
TIC-004928;CLI-01984;CTC-001515;Agence;Demande d’information;normale;2026-04-19;2026-04-19;1;4;Léa Durand
TIC-004929;CLI-02088;CTC-007749;Courriel;Réclamation;normale;2026-03-28;;;;Pauline Durand
TIC-004930;CLI-00013;CTC-002114;Formulaire web;Produit défectueux;normale;2024-11-23;2024-11-23;14;3;Nathalie Michel
TIC-004931;CLI-01308;CTC-004176;Agence;Demande d’information;haute;2026-01-13;2026-01-16;76;4;Sébastien Mercier
TIC-004932;CLI-02492;CTC-007172;Courriel;Facturation;normale;2025-05-07;2025-05-10;78;4;Thomas Morel
TIC-004933;CLI-02216;CTC-005852;Formulaire web;Produit défectueux;normale;2024-12-26;2024-12-27;28;5;Franck Lefebvre
TIC-004934;CLI-02472;CTC-003764;Téléphone;Demande d’information;haute;2024-09-26;2024-09-29;72;2;Sébastien Mercier
TIC-004935;CLI-00299;;Courriel;Produit défectueux;normale;2026-08-10;2026-08-10;1;4;Léa Durand
TIC-004936;CLI-01219;;Courriel;Demande d’information;normale;2025-03-27;2025-03-28;30;2;Julie Dubois
TIC-004937;CLI-02407;CTC-005695;Courriel;Produit défectueux;normale;2024-12-26;2024-12-29;74;2;Maxime Muller
TIC-004938;CLI-01100;;Téléphone;Produit défectueux;normale;2026-01-12;2026-01-14;51;4;Jérôme Blanc
TIC-004939;CLI-00558;CTC-000383;Agence;Réclamation;normale;2026-07-16;2026-07-17;36;3;Thomas Morel
TIC-004940;CLI-01438;;Courriel;Demande d’information;basse;2025-11-10;2025-11-10;1;4;Nathalie Michel
TIC-004941;CLI-01406;;Formulaire web;Réclamation;normale;2026-02-20;2026-02-20;1;5;Pauline Durand
TIC-004942;CLI-01888;CTC-001790;Agence;Livraison;normale;2024-05-26;2024-05-26;1;4;Maxime Muller
TIC-004943;CLI-02144;CTC-001672;Formulaire web;Produit défectueux;normale;2023-10-23;;;;Jérôme Blanc
TIC-004944;CLI-02209;;Téléphone;Produit défectueux;haute;2026-09-02;2026-09-03;34;3;Alexandre Chevalier
TIC-004945;CLI-00841;CTC-004549;Agence;Retour;critique;2024-01-20;2024-01-20;1;4;Thomas Morel
TIC-004946;CLI-00631;;Courriel;Livraison;normale;2025-06-08;2025-06-09;37;4;Manon Michel
TIC-004947;CLI-00509;CTC-005614;Agence;Demande d’information;haute;2025-06-14;2025-06-14;1;5;Jérôme Blanc
TIC-004948;CLI-00137;CTC-001173;Téléphone;Retour;critique;2024-06-21;2024-06-22;29;5;Alain Morel
TIC-004949;CLI-02329;CTC-001740;Formulaire web;Facturation;normale;2025-09-28;2025-09-28;20;3;Thomas Morel
TIC-004950;CLI-02200;CTC-002136;Agence;Livraison;normale;2024-09-24;2024-09-25;27;5;Alexandre Chevalier
TIC-004951;CLI-01164;CTC-002857;Courriel;Facturation;haute;2026-09-10;;;;Nathalie Michel
TIC-004952;CLI-01198;;Formulaire web;Demande d’information;critique;2025-04-20;2025-04-20;1;3;Catherine Dumont
TIC-004953;CLI-02398;;Téléphone;Facturation;haute;2025-06-04;2025-06-07;76;2;Nathalie Michel
TIC-004954;CLI-00034;;Courriel;Demande d’information;basse;2024-04-06;2024-04-06;1;5;Catherine Chevalier
TIC-004955;CLI-01984;CTC-000146;Courriel;Retour;critique;2026-04-19;2026-04-19;14;5;Alexandre Chevalier
TIC-004956;CLI-02150;;Courriel;Réclamation;normale;2026-01-19;2026-01-20;31;4;Franck Lefebvre
TIC-004957;CLI-01618;;Téléphone;Produit défectueux;normale;2026-06-14;2026-06-17;81;3;Franck Lefebvre
TIC-004958;CLI-01317;;Courriel;Produit défectueux;normale;2023-10-13;;;;Catherine Chevalier
TIC-004959;CLI-00157;CTC-003495;Agence;Facturation;normale;2023-09-25;2023-09-25;6;5;Maxime Muller
TIC-004960;CLI-01778;CTC-004230;Téléphone;Demande d’information;haute;2026-07-21;2026-07-11;45;4;Catherine Chevalier
TIC-004961;CLI-02077;;Formulaire web;Retour;haute;2024-04-24;2024-04-24;1;4;Léa Durand
TIC-004962;CLI-01258;;Téléphone;Facturation;normale;2024-07-01;;;;Virginie Henry
TIC-004963;CLI-01626;CTC-006229;Téléphone;Produit défectueux;normale;2024-11-13;2024-11-15;70;4;Alexandre Chevalier
TIC-004964;CLI-01194;CTC-007722;Agence;Facturation;normale;2024-09-07;2024-09-07;12;2;Julie Dubois
TIC-004965;CLI-00154;CTC-003351;Agence;Demande d’information;basse;2026-01-16;2026-01-16;17;4;Franck Lefebvre
TIC-004966;CLI-00260;CTC-002464;Téléphone;Retour;normale;2026-07-08;2026-07-11;78;4;Jérôme Blanc
TIC-004967;CLI-00788;;Formulaire web;Réclamation;haute;2024-11-03;2024-11-05;50;1;Catherine Chevalier
TIC-004968;CLI-01037;CTC-004564;Téléphone;Facturation;basse;2026-06-16;2026-06-16;17;5;Julie Dubois
TIC-004969;CLI-02112;CTC-004154;Téléphone;Facturation;basse;2024-07-21;2024-07-23;64;5;Pauline Durand
TIC-004970;CLI-02377;CTC-007287;Agence;Livraison;normale;2024-05-03;2024-05-04;34;4;Nathalie Michel
TIC-004971;CLI-01140;CTC-002260;Agence;Livraison;normale;2024-08-29;2024-09-01;93;2;Jérôme Blanc
TIC-004972;CLI-01651;;Formulaire web;Produit défectueux;normale;2024-08-14;2024-08-17;93;4;Sébastien Mercier
TIC-004973;CLI-01765;CTC-005173;Téléphone;Produit défectueux;normale;2023-12-18;2023-12-18;8;4;Nathalie Michel
TIC-004974;CLI-01689;;Agence;Demande d’information;normale;2024-09-30;;;;Maxime Muller
TIC-004975;CLI-00312;CTC-007195;Agence;Retour;haute;2024-08-21;2024-08-21;3;4;Fanny Clément
TIC-004976;CLI-02321;CTC-002972;Courriel;Réclamation;basse;2023-09-18;2023-09-18;18;3;Virginie Henry
TIC-004977;CLI-01707;CTC-002531;Courriel;Réclamation;basse;2026-08-29;2026-08-30;35;4;Franck Lefebvre
TIC-004978;CLI-00901;CTC-002395;Formulaire web;Produit défectueux;normale;2024-02-12;2024-02-14;50;4;Jérôme Blanc
TIC-004979;CLI-01198;;Formulaire web;Produit défectueux;haute;2024-11-08;2024-11-11;72;5;Julie Dubois
TIC-004980;CLI-00640;;Formulaire web;Facturation;normale;2026-08-07;2026-08-07;1;5;Fanny Clément
TIC-004981;CLI-00551;CTC-007952;Agence;Demande d’information;basse;2025-11-16;2025-11-18;64;5;Léa Durand
TIC-004982;CLI-02056;CTC-006205;Courriel;Facturation;normale;2024-03-25;;;;Catherine Chevalier
TIC-004983;CLI-01114;;Courriel;Retour;haute;2023-11-05;2023-11-05;1;5;Alexandre Chevalier
TIC-004984;CLI-01529;CTC-003866;Courriel;Demande d’information;normale;2025-01-15;2025-01-16;35;1;Alain Morel
TIC-004985;CLI-02464;CTC-002631;Courriel;Retour;basse;2025-06-12;2025-06-13;45;5;Alain Morel
TIC-004986;CLI-02109;CTC-001644;Formulaire web;Demande d’information;basse;2023-11-05;2023-11-06;35;4;Alexandre Chevalier
TIC-004987;CLI-00863;;Courriel;Réclamation;basse;2024-04-14;;;;Léa Durand
TIC-004988;CLI-00229;CTC-006042;Agence;Retour;normale;2025-05-28;2025-05-28;21;4;Pauline Durand
TIC-004989;CLI-02071;CTC-006076;Formulaire web;Livraison;basse;2024-10-30;2024-10-31;47;3;Maxime Muller
TIC-004990;CLI-02091;CTC-003982;Agence;Retour;critique;2025-10-06;2025-10-06;1;1;Virginie Henry
TIC-004991;CLI-01304;;Courriel;Demande d’information;haute;2026-02-05;2026-02-05;4;5;Sébastien Mercier
TIC-004992;CLI-02200;CTC-002136;Courriel;Facturation;basse;2024-11-15;2024-11-17;70;1;Léa Durand
TIC-004993;CLI-01696;CTC-001758;Téléphone;Livraison;normale;2024-11-17;;;;Nathalie Michel
TIC-004994;CLI-01143;CTC-003913;Agence;Facturation;normale;2024-02-03;2024-02-03;1;4;Nathalie Michel
TIC-004995;CLI-00136;;Agence;Retour;basse;2025-08-10;2025-08-10;14;5;Alain Morel
TIC-004996;CLI-00050;;Formulaire web;Produit défectueux;normale;2026-02-15;2026-02-17;56;3;Alain Morel
TIC-004997;CLI-00947;;Agence;Livraison;normale;2026-01-30;2026-01-31;39;4;Franck Lefebvre
TIC-004998;CLI-01375;CTC-005808;Agence;Facturation;normale;2025-06-24;2025-06-25;39;4;Thomas Morel
TIC-004999;CLI-02495;;Téléphone;Facturation;normale;2025-09-24;2025-09-26;55;5;Manon Michel
TIC-005000;CLI-00278;CTC-000587;Formulaire web;Produit défectueux;normale;2026-01-20;2026-01-22;60;3;Franck Lefebvre
TIC-005001;CLI-01102;CTC-000689;Agence;Réclamation;normale;2024-09-22;2024-09-22;19;4;Maxime Muller
TIC-005002;CLI-01947;CTC-001677;Téléphone;Facturation;haute;2025-01-27;2025-01-28;33;5;Léa Durand
TIC-005003;CLI-01639;;Courriel;Livraison;normale;2025-12-08;2025-12-09;29;5;Fanny Clément
TIC-005004;CLI-02358;;Courriel;Produit défectueux;basse;2025-01-08;2025-01-09;29;4;Camille Bertrand
TIC-005005;CLI-01996;;Agence;Facturation;normale;2024-07-26;2024-07-27;32;3;Manon Michel
TIC-005006;CLI-00555;CTC-005658;Téléphone;Retour;haute;2025-07-18;2025-07-19;35;3;Maxime Muller
TIC-005007;CLI-01637;;Agence;Facturation;normale;2024-02-19;2024-02-21;49;3;Virginie Henry
TIC-005008;CLI-00339;CTC-002991;Téléphone;Facturation;basse;2025-07-12;2025-07-14;63;5;Léa Durand
TIC-005009;CLI-00330;CTC-002761;Courriel;Retour;normale;2025-07-05;2025-07-07;70;4;Jérôme Blanc
TIC-005010;CLI-01309;;Téléphone;Retour;normale;2024-08-19;2024-08-19;3;5;Franck Lefebvre
TIC-005011;CLI-01830;CTC-003895;Agence;Livraison;haute;2024-05-28;2024-05-28;3;5;Sébastien Mercier
TIC-005012;CLI-01452;;Agence;Facturation;normale;2026-04-16;2026-04-16;3;3;Pauline Durand
TIC-005013;CLI-01281;CTC-006093;Agence;Produit défectueux;haute;2024-09-30;2024-10-02;68;5;Franck Lefebvre
TIC-005014;CLI-02225;;Courriel;Facturation;basse;2025-02-26;2025-03-01;73;1;Léa Durand
TIC-005015;CLI-00636;CTC-005154;Agence;Réclamation;normale;2025-09-10;2025-09-11;31;1;Pauline Durand
TIC-005016;CLI-01638;CTC-004143;Formulaire web;Produit défectueux;haute;2024-11-13;;;;Léa Durand
TIC-005017;CLI-01525;CTC-005587;Formulaire web;Livraison;basse;2026-05-12;;;;Alexandre Chevalier
TIC-005018;CLI-02108;;Téléphone;Réclamation;haute;2024-08-07;2024-08-08;47;5;Catherine Chevalier
TIC-005019;CLI-00949;CTC-004336;Agence;Demande d’information;normale;2025-01-01;2025-01-01;23;2;Maxime Muller
TIC-005020;CLI-02119;;Agence;Retour;normale;2024-05-16;2024-05-16;12;4;Manon Michel
TIC-005021;CLI-02020;CTC-003347;Téléphone;Facturation;normale;2025-02-21;2025-02-23;52;5;Alain Morel
TIC-005022;CLI-02092;;Courriel;Demande d’information;basse;2025-06-07;2025-06-07;15;2;Alain Morel
TIC-005023;CLI-00504;CTC-004243;Téléphone;Livraison;haute;2025-08-31;2025-08-31;23;3;Léa Durand
TIC-005024;CLI-01419;CTC-004752;Téléphone;Demande d’information;normale;2025-05-25;2025-05-25;10;2;Camille Bertrand
TIC-005025;CLI-01532;CTC-007924;Agence;Demande d’information;normale;2023-12-24;2023-12-27;82;4;Thomas Morel
TIC-005026;CLI-02134;CTC-002303;Formulaire web;Produit défectueux;normale;2024-11-25;2024-11-25;12;5;Jérôme Blanc
TIC-005027;CLI-01604;CTC-003634;Courriel;Demande d’information;normale;2025-12-10;2025-12-12;50;3;Léa Durand
TIC-005028;CLI-00160;CTC-006909;Courriel;Demande d’information;basse;2024-07-14;2024-07-16;53;4;Sébastien Mercier
TIC-005029;CLI-00234;;Téléphone;Réclamation;critique;2025-12-15;2025-12-15;1;3;Catherine Chevalier
TIC-005030;CLI-01253;CTC-001026;Agence;Facturation;haute;2024-10-17;2024-10-20;74;5;Fanny Clément
TIC-005031;CLI-00065;CTC-002083;Courriel;Produit défectueux;haute;2025-03-24;2025-03-26;49;3;Jérôme Blanc
TIC-005032;CLI-01209;CTC-006931;Courriel;Livraison;basse;2025-12-13;2025-12-13;1;4;Sébastien Mercier
TIC-005033;CLI-02177;;Téléphone;Produit défectueux;normale;2023-12-31;2024-01-04;97;3;Manon Michel
TIC-005034;CLI-01640;;Téléphone;Réclamation;normale;2024-03-01;;;;Léa Durand
TIC-005035;CLI-02312;CTC-005582;Téléphone;Réclamation;haute;2025-01-20;2025-01-25;124;2;Alain Morel
TIC-005036;CLI-01246;CTC-004730;Agence;Retour;normale;2026-07-19;2026-07-21;64;4;Léa Durand
TIC-005037;CLI-00315;CTC-004578;Agence;Facturation;normale;2026-04-15;2026-04-17;58;4;Sébastien Mercier
TIC-005038;CLI-00866;;Agence;Réclamation;basse;2024-04-14;2024-04-15;43;4;Jérôme Blanc
TIC-005039;CLI-01869;CTC-003810;Téléphone;Produit défectueux;normale;2026-02-10;2026-02-11;42;4;Alexandre Chevalier
TIC-005040;CLI-01439;CTC-002462;Formulaire web;Demande d’information;basse;2023-11-20;2023-11-20;5;5;Léa Durand
TIC-005041;CLI-02450;CTC-005018;Courriel;Produit défectueux;basse;2025-08-16;2025-08-18;50;5;Manon Michel
TIC-005042;CLI-01892;CTC-000155;Courriel;Livraison;normale;2024-07-11;2024-07-11;7;3;Fanny Clément
TIC-005043;CLI-01697;CTC-007158;Téléphone;Demande d’information;normale;2025-09-09;2025-09-10;33;2;Julie Dubois
TIC-005044;CLI-01329;CTC-004766;Téléphone;Réclamation;basse;2025-07-31;2025-08-02;52;4;Camille Bertrand
TIC-005045;CLI-00982;CTC-007220;Courriel;Retour;basse;2024-05-21;2024-05-21;10;2;Franck Lefebvre
TIC-005046;CLI-00148;CTC-000713;Courriel;Facturation;haute;2024-03-15;2024-03-15;20;4;Léa Durand
TIC-005047;CLI-02459;CTC-002049;Agence;Réclamation;normale;2024-11-19;2024-11-21;53;2;Thomas Morel
TIC-005048;CLI-01244;CTC-006815;Formulaire web;Livraison;basse;2025-07-08;2025-07-10;57;5;Vincent Richard
TIC-005049;CLI-01550;CTC-006525;Formulaire web;Demande d’information;critique;2026-06-16;2026-06-18;51;3;Camille Bertrand
TIC-005050;CLI-00233;;Agence;Produit défectueux;normale;2025-11-25;2025-11-25;20;4;Sébastien Mercier
TIC-005051;CLI-01447;CTC-005827;Agence;Facturation;normale;2024-09-02;2024-09-02;12;1;Fanny Clément
TIC-005052;CLI-02315;CTC-007321;Formulaire web;Livraison;basse;2024-03-10;;;;Franck Lefebvre
TIC-005053;CLI-00603;;Agence;Facturation;normale;2023-11-22;2023-11-23;39;4;Camille Bertrand
TIC-005054;CLI-01605;;Courriel;Retour;haute;2024-03-07;2024-03-07;22;3;Catherine Chevalier
TIC-005055;CLI-00121;CTC-002053;Agence;Réclamation;normale;2025-10-25;2025-10-26;47;5;Sébastien Mercier
TIC-005056;CLI-00227;CTC-002343;Formulaire web;Livraison;normale;2023-11-20;2023-11-23;74;3;Sébastien Mercier
TIC-005057;CLI-00522;CTC-006565;Courriel;Retour;normale;2026-08-01;2026-08-05;96;5;Pauline Durand
TIC-005058;CLI-00996;;Agence;Livraison;normale;2024-09-18;2024-09-20;50;3;Pauline Durand
TIC-005059;CLI-00396;CTC-001226;Téléphone;Facturation;haute;2025-01-28;2025-01-28;1;5;Virginie Henry
TIC-005060;CLI-00112;CTC-006966;Courriel;Demande d’information;haute;2023-12-24;2023-12-25;35;4;Maxime Muller
TIC-005061;CLI-01508;;Téléphone;Facturation;normale;2026-07-06;2026-07-08;62;5;Julie Dubois
TIC-005062;CLI-01831;CTC-005744;Formulaire web;Facturation;basse;2026-09-07;2026-09-07;1;3;Sébastien Mercier
TIC-005063;CLI-02168;CTC-007880;Courriel;Facturation;normale;2026-04-23;2026-04-24;28;5;Alain Morel
TIC-005064;CLI-02275;CTC-007297;Agence;Facturation;critique;2024-04-25;2024-04-25;1;1;Catherine Chevalier
TIC-005065;CLI-00992;;Formulaire web;Retour;normale;2024-09-11;2024-09-12;24;1;Vincent Richard
TIC-005066;CLI-01436;;Courriel;Réclamation;basse;2026-01-14;2026-01-16;70;4;Vincent Richard
TIC-005067;CLI-01861;CTC-005317;Téléphone;Retour;normale;2025-01-15;;;;Camille Bertrand
TIC-005068;CLI-01563;CTC-006882;Téléphone;Demande d’information;haute;2024-06-30;2024-06-30;10;5;Alain Morel
TIC-005069;CLI-00661;CTC-006672;Courriel;Retour;normale;2024-07-20;2024-07-21;29;3;Vincent Richard
TIC-005070;CLI-02493;;Téléphone;Livraison;normale;2025-06-22;2025-06-22;4;4;Alain Morel
TIC-005071;CLI-00089;CTC-004397;Formulaire web;Livraison;normale;2024-08-01;2024-08-03;65;5;Camille Bertrand
TIC-005072;CLI-01822;;Formulaire web;Facturation;haute;2024-02-09;;;;Jérôme Blanc
TIC-005073;CLI-00282;CTC-002264;Agence;Livraison;normale;2024-07-01;2024-07-01;20;2;Jérôme Blanc
TIC-005074;CLI-01513;CTC-003166;Agence;Demande d’information;critique;2024-02-08;2024-02-08;1;2;Catherine Dumont
TIC-005075;CLI-01560;CTC-002982;Formulaire web;Réclamation;normale;2026-06-22;2026-06-26;106;4;Thomas Morel
TIC-005076;CLI-00499;;Courriel;Livraison;normale;2025-03-22;2025-03-24;69;4;Alexandre Chevalier
TIC-005077;CLI-02233;CTC-002732;Courriel;Réclamation;basse;2025-06-13;2025-06-16;74;4;Virginie Henry
TIC-005078;CLI-00899;CTC-006170;Agence;Livraison;basse;2025-05-25;2025-05-27;57;5;Alain Morel
TIC-005079;CLI-00470;;Courriel;Demande d’information;normale;2024-08-06;2024-08-06;19;3;Catherine Chevalier
TIC-005080;CLI-01236;CTC-002925;Courriel;Réclamation;haute;2025-09-01;2025-09-04;89;4;Jérôme Blanc
TIC-005081;CLI-02456;;Téléphone;Produit défectueux;normale;2024-08-04;2024-08-06;52;5;Fanny Clément
TIC-005082;CLI-01301;CTC-004998;Agence;Demande d’information;normale;2023-12-21;2023-12-23;56;5;Catherine Dumont
TIC-005083;CLI-00980;;Agence;Retour;basse;2025-10-28;2025-10-30;69;5;Maxime Muller
TIC-005084;CLI-02027;CTC-000982;Téléphone;Réclamation;basse;2024-05-27;2024-05-30;81;3;Maxime Muller
TIC-005085;CLI-00260;CTC-007132;Courriel;Demande d’information;basse;2024-10-27;2024-10-27;1;4;Alain Morel
TIC-005086;CLI-00818;;Courriel;Produit défectueux;normale;2025-10-28;2025-11-01;116;2;Catherine Chevalier
TIC-005087;CLI-00015;CTC-004326;Courriel;Produit défectueux;normale;2024-11-30;2024-12-01;25;5;Vincent Richard
TIC-005088;CLI-01907;CTC-000088;Formulaire web;Facturation;normale;2024-08-31;2024-09-01;32;4;Léa Durand
TIC-005089;CLI-01973;CTC-000297;Formulaire web;Livraison;normale;2024-08-11;2024-08-11;4;4;Nathalie Michel
TIC-005090;CLI-00116;CTC-004348;Formulaire web;Demande d’information;normale;2025-11-22;;;;Catherine Dumont
TIC-005091;CLI-01389;CTC-006767;Formulaire web;Livraison;normale;2024-01-03;2024-01-06;89;3;Franck Lefebvre
TIC-005092;CLI-02357;CTC-004806;Formulaire web;Livraison;basse;2025-04-23;2025-04-24;32;3;Virginie Henry
TIC-005093;CLI-00754;CTC-000304;Agence;Facturation;basse;2024-01-12;2024-01-12;18;4;Thomas Morel
TIC-005094;CLI-01215;CTC-005401;Téléphone;Facturation;basse;2023-12-23;2023-12-25;49;4;Alain Morel
TIC-005095;CLI-00186;;Agence;Retour;haute;2026-07-23;2026-07-23;22;3;Camille Bertrand
TIC-005096;CLI-00452;CTC-005867;Courriel;Livraison;basse;2024-12-24;2024-12-25;33;5;Thomas Morel
TIC-005097;CLI-00433;CTC-003687;Courriel;Livraison;normale;2024-04-23;2024-04-25;63;1;Virginie Henry
TIC-005098;CLI-01981;CTC-005639;Courriel;Réclamation;normale;2024-08-24;2024-08-26;52;5;Jérôme Blanc
TIC-005099;CLI-00914;;Agence;Livraison;normale;2024-12-12;2024-12-13;26;4;Alain Morel
TIC-005100;CLI-00497;CTC-003970;Courriel;Réclamation;basse;2026-09-03;;;;Vincent Richard
TIC-005101;CLI-02173;CTC-007859;Formulaire web;Réclamation;basse;2024-12-02;2024-12-03;45;5;Jérôme Blanc
TIC-005102;CLI-01882;;Téléphone;Produit défectueux;normale;2026-06-14;2026-06-15;35;5;Léa Durand
TIC-005103;CLI-02481;CTC-005157;Formulaire web;Réclamation;normale;2026-07-14;2026-07-15;24;3;Alain Morel
TIC-005104;CLI-00638;CTC-002133;Courriel;Produit défectueux;normale;2024-10-04;;;;Virginie Henry
TIC-005105;CLI-02456;CTC-002401;Formulaire web;Retour;basse;2026-01-05;2026-01-05;21;5;Vincent Richard
TIC-005106;CLI-01232;;Formulaire web;Demande d’information;haute;2025-03-02;2025-03-03;36;1;Pauline Durand
TIC-005107;CLI-01716;CTC-000716;Formulaire web;Facturation;basse;2025-04-12;2025-04-12;16;2;Manon Michel
TIC-005108;CLI-00571;CTC-004026;Formulaire web;Facturation;haute;2024-01-22;2024-01-24;53;1;Maxime Muller
TIC-005109;CLI-00578;;Formulaire web;Livraison;normale;2026-07-19;2026-07-20;33;5;Pauline Durand
TIC-005110;CLI-00957;CTC-002567;Agence;Réclamation;normale;2026-03-18;2026-03-18;22;3;Léa Durand
TIC-005111;CLI-01918;;Courriel;Produit défectueux;normale;2025-11-17;2025-11-17;1;2;Pauline Durand
TIC-005112;CLI-00171;CTC-000533;Formulaire web;Produit défectueux;basse;2025-01-15;2025-01-15;21;4;Pauline Durand
TIC-005113;CLI-01141;;Courriel;Réclamation;normale;2024-07-23;2024-07-23;10;4;Manon Michel
TIC-005114;CLI-01823;;Courriel;Livraison;normale;2025-11-25;2025-11-25;1;5;Maxime Muller
TIC-005115;CLI-01302;CTC-002246;Agence;Réclamation;normale;2025-12-04;2025-12-05;47;4;Catherine Dumont
TIC-005116;CLI-01079;CTC-004017;Formulaire web;Livraison;normale;2026-06-08;2026-06-08;1;5;Maxime Muller
TIC-005117;CLI-00580;CTC-002164;Formulaire web;Produit défectueux;haute;2025-02-25;2025-02-27;55;4;Maxime Muller
TIC-005118;CLI-00039;CTC-007093;Agence;Retour;normale;2026-08-24;2026-08-26;48;5;Alexandre Chevalier
TIC-005119;CLI-01448;CTC-007789;Formulaire web;Produit défectueux;normale;2025-09-14;2025-09-14;5;5;Alain Morel
TIC-005120;CLI-00110;;Formulaire web;Livraison;normale;2025-01-18;2025-01-20;52;5;Pauline Durand
TIC-005121;CLI-02168;CTC-000026;Formulaire web;Facturation;critique;2026-05-06;2026-05-06;14;4;Sébastien Mercier
TIC-005122;CLI-00691;CTC-005612;Téléphone;Produit défectueux;haute;2025-10-16;2025-10-16;10;3;Manon Michel
TIC-005123;CLI-01674;CTC-002006;Courriel;Demande d’information;basse;2024-06-22;2024-06-23;39;4;Manon Michel
TIC-005124;CLI-00139;CTC-007966;Agence;Produit défectueux;basse;2023-12-14;2023-12-14;15;4;Alexandre Chevalier
TIC-005125;CLI-01339;CTC-007301;Courriel;Facturation;normale;2023-12-03;2023-12-03;1;2;Sébastien Mercier
TIC-005126;CLI-02218;;Agence;Demande d’information;haute;2026-07-21;;;;Pauline Durand
TIC-005127;CLI-01208;CTC-001867;Courriel;Livraison;haute;2023-10-10;2023-10-11;28;2;Pauline Durand
TIC-005128;CLI-01367;CTC-005762;Courriel;Facturation;normale;2023-11-24;2023-11-24;6;3;Jérôme Blanc
TIC-005129;CLI-01773;CTC-001253;Agence;Produit défectueux;haute;2024-02-17;2024-02-18;28;4;Catherine Dumont
TIC-005130;CLI-02202;CTC-000823;Agence;Réclamation;haute;2025-12-02;2025-12-03;46;4;Camille Bertrand
TIC-005131;CLI-00378;CTC-005079;Courriel;Retour;normale;2026-03-08;2026-03-09;38;3;Alexandre Chevalier
TIC-005132;CLI-01407;;Téléphone;Produit défectueux;normale;2026-02-14;2026-02-15;39;3;Sébastien Mercier
TIC-005133;CLI-00561;CTC-006771;Agence;Produit défectueux;normale;2025-12-21;2025-12-22;29;3;Julie Dubois
TIC-005134;CLI-00012;;Courriel;Réclamation;normale;2024-05-18;2024-05-22;102;3;Jérôme Blanc
TIC-005135;CLI-00323;;Téléphone;Retour;haute;2026-04-15;2026-04-19;97;3;Vincent Richard
TIC-005136;CLI-00351;CTC-004022;Agence;Demande d’information;critique;2025-12-18;2025-12-18;1;5;Camille Bertrand
TIC-005137;CLI-00848;;Courriel;Livraison;normale;2025-11-15;2025-11-15;1;4;Thomas Morel
TIC-005138;CLI-01739;;Téléphone;Produit défectueux;normale;2025-02-15;2025-02-16;32;2;Pauline Durand
TIC-005139;CLI-00018;;Téléphone;Retour;haute;2023-12-27;2023-12-30;77;4;Maxime Muller
TIC-005140;CLI-01098;CTC-001372;Téléphone;Livraison;normale;2023-12-22;2023-12-25;83;3;Alain Morel
TIC-005141;CLI-01619;CTC-001189;Agence;Réclamation;haute;2025-12-20;2025-12-21;47;1;Fanny Clément
TIC-005142;CLI-00430;;Agence;Retour;normale;2025-11-21;2025-11-21;19;5;Catherine Dumont
TIC-005143;CLI-00745;CTC-002947;Courriel;Retour;basse;2024-07-05;2024-07-07;49;5;Fanny Clément
TIC-005144;CLI-02396;;Courriel;Demande d’information;haute;2024-09-01;;;;Virginie Henry
TIC-005145;CLI-02188;CTC-006613;Courriel;Réclamation;haute;2024-07-12;2024-07-12;1;5;Jérôme Blanc
TIC-005146;CLI-01218;CTC-005475;Formulaire web;Facturation;basse;2024-12-04;2024-12-06;54;4;Nathalie Michel
TIC-005147;CLI-02023;CTC-004781;Formulaire web;Livraison;basse;2023-12-08;2023-12-09;40;4;Vincent Richard
TIC-005148;CLI-02229;CTC-006105;Téléphone;Réclamation;normale;2024-06-15;2024-06-16;47;4;Catherine Dumont
TIC-005149;CLI-02112;CTC-004154;Formulaire web;Facturation;normale;2025-09-21;2025-09-22;40;5;Catherine Dumont
TIC-005150;CLI-01192;CTC-003270;Formulaire web;Produit défectueux;normale;2025-05-05;2025-05-05;16;3;Manon Michel
TIC-005151;CLI-00440;CTC-003614;Formulaire web;Réclamation;haute;2025-05-26;;;;Camille Bertrand
TIC-005152;CLI-00915;CTC-000322;Agence;Réclamation;haute;2025-05-22;2025-05-23;41;5;Léa Durand
TIC-005153;CLI-01562;;Agence;Produit défectueux;haute;2023-12-02;2023-12-02;1;5;Léa Durand
TIC-005154;CLI-01474;CTC-003737;Agence;Réclamation;normale;2024-12-26;2024-12-27;28;3;Léa Durand
TIC-005155;CLI-00607;CTC-003112;Agence;Réclamation;normale;2025-07-30;2025-07-31;33;3;Léa Durand
TIC-005156;CLI-02381;;Agence;Facturation;normale;2024-10-27;2024-10-28;33;1;Alexandre Chevalier
TIC-005157;CLI-01149;;Téléphone;Retour;normale;2025-07-19;;;;Léa Durand
TIC-005158;CLI-00872;CTC-007720;Courriel;Facturation;basse;2025-08-27;2025-08-28;27;3;Léa Durand
TIC-005159;CLI-00395;CTC-000469;Agence;Facturation;normale;2026-02-25;2026-03-01;118;2;Jérôme Blanc
TIC-005160;CLI-01362;CTC-001840;Agence;Demande d’information;normale;2026-02-27;2026-03-03;98;5;Alain Morel
TIC-005161;CLI-00330;CTC-002761;Courriel;Réclamation;basse;2025-09-03;2025-09-03;1;5;Nathalie Michel
TIC-005162;CLI-01149;;Formulaire web;Livraison;normale;2024-03-19;2024-03-19;1;5;Nathalie Michel
TIC-005163;CLI-02003;CTC-003076;Téléphone;Retour;normale;2026-02-28;2026-03-04;116;4;Franck Lefebvre
TIC-005164;CLI-00813;CTC-000085;Formulaire web;Produit défectueux;normale;2023-10-12;2023-10-13;44;5;Alain Morel
TIC-005165;CLI-01352;CTC-005570;Téléphone;Produit défectueux;haute;2024-02-28;2024-03-02;95;3;Catherine Dumont
TIC-005166;CLI-01994;CTC-005372;Agence;Réclamation;haute;2025-05-07;;;;Fanny Clément
TIC-005167;CLI-02286;CTC-004807;Courriel;Livraison;haute;2025-05-16;2025-05-18;54;4;Catherine Chevalier
TIC-005168;CLI-01435;CTC-002109;Formulaire web;Livraison;basse;2025-08-10;2025-08-12;56;5;Camille Bertrand
TIC-005169;CLI-00583;CTC-001851;Formulaire web;Livraison;haute;2023-10-04;2023-10-07;78;4;Manon Michel
TIC-005170;CLI-01371;CTC-002556;Téléphone;Facturation;normale;2026-04-11;2026-04-13;52;5;Maxime Muller
TIC-005171;CLI-01803;;Formulaire web;Retour;basse;2025-04-05;2025-04-06;25;4;Virginie Henry
TIC-005172;CLI-00654;CTC-006178;Agence;Livraison;normale;2024-07-28;;;;Léa Durand
TIC-005173;CLI-00953;;Agence;Produit défectueux;basse;2025-08-12;2025-08-13;37;4;Catherine Dumont
TIC-005174;CLI-00304;CTC-007819;Agence;Retour;haute;2025-02-08;;;;Maxime Muller
TIC-005175;CLI-01890;;Courriel;Livraison;normale;2025-04-23;2025-04-21;69;3;Thomas Morel
TIC-005176;CLI-02121;;Téléphone;Facturation;normale;2025-04-12;2025-04-12;1;1;Camille Bertrand
TIC-005177;CLI-01135;;Agence;Livraison;haute;2024-08-25;2024-08-26;41;4;Catherine Dumont
TIC-005178;CLI-01855;CTC-001679;Téléphone;Livraison;haute;2025-07-04;2025-07-05;24;6;Franck Lefebvre
TIC-005179;CLI-02166;CTC-004891;Courriel;Facturation;normale;2026-06-05;2026-06-05;1;5;Fanny Clément
TIC-005180;CLI-00790;CTC-004152;Courriel;Produit défectueux;normale;2026-06-22;2026-06-23;26;2;Catherine Dumont
TIC-005181;CLI-02117;;Agence;Livraison;haute;2025-10-19;2025-10-20;37;3;Camille Bertrand
TIC-005182;CLI-01646;CTC-004456;Formulaire web;Demande d’information;haute;2025-03-19;2025-03-19;13;4;Léa Durand
TIC-005183;CLI-01608;CTC-003446;Courriel;Livraison;critique;2025-06-16;2025-06-16;1;4;Catherine Dumont
TIC-005184;CLI-00992;;Téléphone;Demande d’information;normale;2025-07-19;2025-07-20;40;2;Manon Michel
TIC-005185;CLI-00057;CTC-000208;Agence;Livraison;basse;2024-04-26;;;;Léa Durand
TIC-005186;CLI-01449;;Téléphone;Livraison;normale;2026-05-26;2026-05-28;53;2;Sébastien Mercier
TIC-005187;CLI-00749;CTC-007143;Courriel;Réclamation;normale;2025-10-28;2025-10-29;27;5;Julie Dubois
TIC-005188;CLI-00207;CTC-002730;Téléphone;Demande d’information;normale;2025-06-06;2025-06-06;3;3;Catherine Chevalier
TIC-005189;CLI-01764;;Courriel;Produit défectueux;haute;2026-02-09;2026-02-10;45;4;Julie Dubois
TIC-005190;CLI-00916;CTC-007312;Formulaire web;Facturation;haute;2024-06-10;2024-06-10;14;4;Nathalie Michel
TIC-005191;CLI-00569;;Téléphone;Facturation;basse;2026-07-29;2026-08-02;100;1;Jérôme Blanc
TIC-005192;CLI-00477;;Courriel;Livraison;basse;2025-11-19;2025-11-20;31;4;Catherine Chevalier
TIC-005193;CLI-01516;CTC-005710;Courriel;Produit défectueux;normale;2025-03-29;2025-03-30;33;1;Fanny Clément
TIC-005194;CLI-02497;;Agence;Demande d’information;normale;2024-02-10;2024-02-12;55;5;Catherine Dumont
TIC-005195;CLI-00197;CTC-007512;Courriel;Facturation;normale;2025-11-21;;;;Catherine Chevalier
TIC-005196;CLI-00081;CTC-001614;Agence;Livraison;normale;2026-02-20;2026-02-24;109;4;Alain Morel
TIC-005197;CLI-01419;CTC-005927;Courriel;Livraison;normale;2025-09-29;2025-09-30;27;4;Julie Dubois
TIC-005198;CLI-01832;;Formulaire web;Retour;normale;2024-05-31;2024-05-31;21;2;Nathalie Michel
TIC-005199;CLI-00820;CTC-004603;Courriel;Facturation;basse;2025-11-14;2025-11-18;102;5;Virginie Henry
TIC-005200;CLI-01661;CTC-006629;Formulaire web;Livraison;normale;2024-10-30;2024-10-30;16;4;Catherine Dumont
TIC-005201;CLI-00131;CTC-003747;Téléphone;Facturation;basse;2026-03-15;2026-03-15;1;3;Léa Durand
TIC-005202;CLI-02241;CTC-007796;Formulaire web;Demande d’information;normale;2025-03-16;2025-03-16;1;4;Julie Dubois
TIC-005203;CLI-00584;CTC-000060;Formulaire web;Facturation;normale;2023-11-15;2023-11-17;64;4;Vincent Richard
TIC-005204;CLI-01520;CTC-000627;Téléphone;Facturation;normale;2023-11-19;2023-11-19;3;4;Camille Bertrand
TIC-005205;CLI-00217;CTC-000134;Téléphone;Facturation;basse;2026-05-23;2026-05-25;60;4;Alexandre Chevalier
TIC-005206;CLI-01082;;Agence;Retour;normale;2024-07-25;2024-07-25;12;4;Sébastien Mercier
TIC-005207;CLI-01923;CTC-007226;Téléphone;Demande d’information;basse;2024-07-04;2024-07-08;106;4;Léa Durand
TIC-005208;CLI-02074;CTC-004049;Formulaire web;Facturation;normale;2024-01-14;2024-01-14;20;4;Maxime Muller
TIC-005209;CLI-01467;;Agence;Facturation;basse;2025-11-17;2025-11-18;46;5;Pauline Durand
TIC-005210;CLI-02210;;Agence;Réclamation;haute;2025-06-04;2025-06-07;80;4;Maxime Muller
TIC-005211;CLI-01632;CTC-005759;Agence;Facturation;normale;2025-01-12;;;;Jérôme Blanc
TIC-005212;CLI-00057;CTC-007351;Formulaire web;Réclamation;haute;2026-05-17;2026-05-20;87;3;Léa Durand
TIC-005213;CLI-01408;;Courriel;Réclamation;basse;2026-02-08;2026-02-09;26;5;Maxime Muller
TIC-005214;CLI-01788;CTC-005261;Formulaire web;Facturation;normale;2025-02-13;2025-02-13;1;5;Camille Bertrand
TIC-005215;CLI-02189;CTC-001693;Courriel;Livraison;normale;2023-10-28;2023-10-30;62;5;Virginie Henry
TIC-005216;CLI-00982;CTC-007220;Agence;Demande d’information;basse;2023-12-08;2023-12-09;29;3;Manon Michel
TIC-005217;CLI-01036;CTC-006603;Courriel;Facturation;basse;2024-10-26;2024-10-27;41;4;Catherine Dumont
TIC-005218;CLI-00884;;Agence;Réclamation;haute;2025-05-12;2025-05-13;38;5;Alexandre Chevalier
TIC-005219;CLI-01322;CTC-001862;Courriel;Réclamation;normale;2023-09-30;2023-10-02;54;4;Manon Michel
TIC-005220;CLI-00536;;Agence;Retour;haute;2023-12-13;2023-12-17;104;1;Maxime Muller
TIC-005221;CLI-00098;CTC-001531;Formulaire web;Retour;haute;2025-11-11;;;;Alain Morel
TIC-005222;CLI-00784;;Formulaire web;Retour;normale;2026-02-06;2026-02-06;15;5;Manon Michel
TIC-005223;CLI-01167;CTC-007017;Agence;Produit défectueux;normale;2025-01-16;2025-01-16;1;3;Julie Dubois
TIC-005224;CLI-01944;CTC-006036;Formulaire web;Réclamation;basse;2025-06-16;2025-06-17;47;3;Pauline Durand
TIC-005225;CLI-02071;CTC-006834;Courriel;Produit défectueux;basse;2024-10-30;2024-10-31;37;1;Léa Durand
TIC-005226;CLI-01574;CTC-004879;Téléphone;Réclamation;basse;2025-08-10;2025-08-11;24;4;Franck Lefebvre
TIC-005227;CLI-00035;CTC-004353;Formulaire web;Réclamation;basse;2025-09-12;2025-09-12;8;4;Léa Durand
TIC-005228;CLI-00165;CTC-003426;Téléphone;Retour;basse;2025-12-17;2025-12-18;34;4;Vincent Richard
TIC-005229;CLI-01403;CTC-006252;Téléphone;Livraison;normale;2026-07-04;2026-07-06;54;3;Vincent Richard
TIC-005230;CLI-02326;;Courriel;Facturation;normale;2026-02-25;;;;Virginie Henry
TIC-005231;CLI-00223;CTC-004789;Téléphone;Demande d’information;basse;2025-09-14;2025-09-14;7;1;Catherine Chevalier
TIC-005232;CLI-02239;CTC-002927;Agence;Facturation;normale;2024-06-20;2024-06-21;44;4;Thomas Morel
TIC-005233;CLI-01084;CTC-001463;Formulaire web;Demande d’information;normale;2025-02-11;2025-02-13;49;3;Jérôme Blanc
TIC-005234;CLI-00873;CTC-002709;Agence;Livraison;basse;2024-09-15;2024-09-16;27;4;Julie Dubois
TIC-005235;CLI-00877;CTC-001596;Téléphone;Demande d’information;basse;2025-12-06;2025-12-09;80;3;Léa Durand
TIC-005236;CLI-00102;CTC-001437;Téléphone;Livraison;normale;2023-12-01;;;;Franck Lefebvre
TIC-005237;CLI-01671;CTC-006337;Formulaire web;Facturation;normale;2025-06-09;2025-06-10;28;4;Jérôme Blanc
TIC-005238;CLI-00133;CTC-004911;Formulaire web;Retour;normale;2024-06-03;2024-06-03;9;3;Fanny Clément
TIC-005239;CLI-00586;CTC-005997;Agence;Livraison;normale;2024-06-14;2024-06-17;77;5;Léa Durand
TIC-005240;CLI-02181;CTC-005731;Agence;Produit défectueux;basse;2026-08-20;2026-08-20;9;5;Jérôme Blanc
TIC-005241;CLI-02436;CTC-000979;Agence;Facturation;normale;2026-06-18;;;;Catherine Chevalier
TIC-005242;CLI-02476;CTC-005620;Agence;Facturation;normale;2023-10-15;2023-10-15;14;5;Catherine Chevalier
TIC-005243;CLI-01628;CTC-007131;Courriel;Facturation;normale;2024-03-24;2024-03-25;25;4;Maxime Muller
TIC-005244;CLI-02030;CTC-001574;Formulaire web;Réclamation;normale;2024-11-23;2024-11-24;27;3;Thomas Morel
TIC-005245;CLI-01148;CTC-001887;Formulaire web;Livraison;haute;2025-08-08;;;;Pauline Durand
TIC-005246;CLI-02269;CTC-002019;Agence;Facturation;normale;2024-12-16;2024-12-19;74;5;Léa Durand
TIC-005247;CLI-01611;;Téléphone;Retour;normale;2024-01-20;2024-01-21;44;3;Fanny Clément
TIC-005248;CLI-02079;CTC-005754;Courriel;Facturation;haute;2026-03-14;2026-03-17;72;4;Catherine Dumont
TIC-005249;CLI-00441;;Téléphone;Produit défectueux;basse;2024-02-13;;;;Alexandre Chevalier
TIC-005250;CLI-00608;;Courriel;Retour;haute;2025-09-15;2025-09-19;101;4;Maxime Muller
TIC-005251;CLI-01506;CTC-002929;Courriel;Demande d’information;normale;2026-01-03;2026-01-04;45;1;Léa Durand
TIC-005252;CLI-00689;CTC-006458;Téléphone;Produit défectueux;haute;2025-02-12;2025-02-14;57;5;Nathalie Michel
TIC-005253;CLI-00251;CTC-001763;Formulaire web;Facturation;NORMALE;2025-02-06;2025-02-09;73;5;Franck Lefebvre
TIC-005254;CLI-01477;;Courriel;Réclamation;normale;2025-01-17;;;;Catherine Dumont
TIC-005255;CLI-01912;CTC-007181;Agence;Produit défectueux;normale;2024-07-12;2024-07-12;14;3;Pauline Durand
TIC-005256;CLI-02057;CTC-007745;Agence;Réclamation;normale;2024-07-07;2024-07-10;91;5;Vincent Richard
TIC-005257;CLI-01850;CTC-002593;Téléphone;Réclamation;normale;2025-12-31;2026-01-01;38;5;Sébastien Mercier
TIC-005258;CLI-00371;CTC-006827;Formulaire web;Facturation;normale;2026-02-20;2026-02-23;74;3;Sébastien Mercier
TIC-005259;CLI-00438;CTC-001158;Téléphone;Facturation;haute;2026-05-20;2026-05-21;41;5;Manon Michel
TIC-005260;CLI-01936;CTC-002598;Formulaire web;Retour;normale;2025-02-10;2025-02-12;71;3;Manon Michel
TIC-005261;CLI-00574;;Agence;Réclamation;normale;2024-06-17;2024-06-19;60;4;Camille Bertrand
TIC-005262;CLI-02136;CTC-004221;Formulaire web;Livraison;normale;2026-05-27;2026-05-29;63;3;Jérôme Blanc
TIC-005263;CLI-00868;;Téléphone;Produit défectueux;haute;2024-02-20;;;;Vincent Richard
TIC-005264;CLI-01090;CTC-001294;Formulaire web;Retour;basse;2025-05-04;2025-05-06;50;3;Manon Michel
TIC-005265;CLI-01786;CTC-007160;Téléphone;Facturation;normale;2024-08-17;2024-08-20;77;4;Maxime Muller
TIC-005266;CLI-01073;CTC-007896;Formulaire web;Produit défectueux;critique;2024-06-29;;;;Catherine Dumont
TIC-005267;CLI-01023;CTC-001160;Agence;Produit défectueux;haute;2023-09-22;2023-09-25;72;4;Léa Durand
TIC-005268;CLI-01700;CTC-005016;Courriel;Demande d’information;normale;2026-07-02;2026-07-04;60;4;Alain Morel
TIC-005269;CLI-00434;CTC-002824;Téléphone;Produit défectueux;normale;2026-06-07;2026-06-08;40;1;Léa Durand
TIC-005270;CLI-00860;CTC-002481;Formulaire web;Retour;normale;2024-11-13;2024-11-13;3;5;Manon Michel
TIC-005271;CLI-02355;CTC-006559;Téléphone;Produit défectueux;normale;2023-10-19;;;;Pauline Durand
TIC-005272;CLI-00723;CTC-004590;Formulaire web;Réclamation;normale;2023-11-06;2023-11-06;20;5;Alain Morel
TIC-005273;CLI-01963;;Téléphone;Produit défectueux;normale;2023-10-04;2023-10-04;7;5;Thomas Morel
TIC-005274;CLI-01960;CTC-005362;Courriel;Facturation;normale;2026-06-01;2026-06-03;52;4;Virginie Henry
TIC-005275;CLI-01488;CTC-002528;Formulaire web;Produit défectueux;normale;2026-05-16;2026-05-17;41;5;Franck Lefebvre
TIC-005276;CLI-00588;CTC-001866;Formulaire web;Produit défectueux;critique;2026-03-10;2026-03-10;1;4;Manon Michel
TIC-005277;CLI-01221;CTC-001215;Téléphone;Demande d’information;normale;2026-06-19;2026-06-21;50;4;Manon Michel
TIC-005278;CLI-01962;;Formulaire web;Produit défectueux;normale;2026-05-29;2026-06-01;81;1;Nathalie Michel
TIC-005279;CLI-02298;CTC-002755;Courriel;Réclamation;normale;2026-04-15;2026-04-15;1;3;Léa Durand
TIC-005280;CLI-02283;;Courriel;Réclamation;haute;2024-10-05;2024-10-06;31;3;Catherine Chevalier
TIC-005281;CLI-02421;;Agence;Livraison;normale;2026-05-12;2026-05-16;111;5;Virginie Henry
TIC-005282;CLI-02260;CTC-006322;Agence;Produit défectueux;haute;2025-10-04;2025-10-05;38;5;Fanny Clément
TIC-005283;CLI-01245;CTC-006074;Agence;Retour;normale;2026-03-15;2026-03-15;12;4;Franck Lefebvre
TIC-005284;CLI-01847;;Agence;Facturation;normale;2023-10-28;2023-10-30;56;5;Manon Michel
TIC-005285;CLI-02037;CTC-000490;Agence;Retour;normale;2024-08-22;2024-08-24;49;5;Pauline Durand
TIC-005286;CLI-01194;CTC-007722;Courriel;Réclamation;haute;2026-03-04;;;;Franck Lefebvre
TIC-005287;CLI-00038;;Formulaire web;Retour;normale;2025-09-30;2025-09-30;1;3;Jérôme Blanc
TIC-005288;CLI-01150;CTC-005945;Formulaire web;Produit défectueux;basse;2025-04-07;2025-04-08;31;4;Virginie Henry
TIC-005289;CLI-01289;CTC-004191;Courriel;Retour;normale;2025-12-26;2025-12-26;1;1;Maxime Muller
TIC-005290;CLI-00342;CTC-007334;Courriel;Demande d’information;normale;2026-07-10;2026-07-11;28;4;Camille Bertrand
TIC-005291;CLI-00922;CTC-003186;Formulaire web;Demande d’information;haute;2023-12-07;2023-12-08;34;3;Jérôme Blanc
TIC-005292;CLI-01784;CTC-003281;Formulaire web;Facturation;urgent;2024-07-28;2024-07-30;50;4;Nathalie Michel
TIC-005293;CLI-01467;;Téléphone;Facturation;normale;2025-03-22;2025-03-25;73;4;Camille Bertrand
TIC-005294;CLI-00467;CTC-002101;Téléphone;Produit défectueux;basse;2026-04-09;2026-04-09;1;5;Sébastien Mercier
TIC-005295;CLI-01677;;Courriel;Demande d’information;normale;2025-01-28;2025-01-29;29;4;Manon Michel
TIC-005296;CLI-01944;CTC-004179;Formulaire web;Produit défectueux;normale;2024-09-03;2024-09-04;46;1;Thomas Morel
TIC-005297;CLI-00158;;Téléphone;Demande d’information;normale;2026-06-17;;;;Camille Bertrand
TIC-005298;CLI-00459;CTC-005680;Téléphone;Produit défectueux;normale;2024-07-26;;;;Camille Bertrand
TIC-005299;CLI-01288;CTC-004208;Agence;Retour;basse;2025-11-18;2025-11-18;1;2;Sébastien Mercier
TIC-005300;CLI-01721;;Téléphone;Réclamation;haute;2024-02-13;2024-02-14;44;4;Maxime Muller
TIC-005301;CLI-00601;CTC-004429;Formulaire web;Retour;normale;2025-06-22;2025-06-23;40;5;Léa Durand
TIC-005302;CLI-01911;CTC-003805;Courriel;Livraison;basse;2024-06-18;2024-06-18;22;4;Franck Lefebvre
TIC-005303;CLI-00585;;Courriel;Réclamation;normale;2026-07-14;2026-07-18;110;4;Camille Bertrand
TIC-005304;CLI-02111;CTC-003709;Formulaire web;Réclamation;haute;2026-07-18;2026-07-21;72;2;Jérôme Blanc
TIC-005305;CLI-01929;CTC-001782;Courriel;Retour;haute;2025-11-24;2025-11-25;41;1;Camille Bertrand
TIC-005306;CLI-00151;CTC-004044;Agence;Facturation;haute;2025-07-18;2025-07-21;80;5;Maxime Muller
TIC-005307;CLI-00848;;Formulaire web;Livraison;normale;2025-04-06;2025-04-07;28;3;Pauline Durand
TIC-005308;CLI-00927;CTC-005299;Téléphone;Facturation;normale;2026-08-31;2026-08-31;22;5;Vincent Richard
TIC-005309;CLI-00710;CTC-003235;Courriel;Livraison;normale;2026-03-26;2026-03-28;50;4;Julie Dubois
TIC-005310;CLI-01718;;Courriel;Facturation;normale;2024-10-21;2024-10-22;45;4;Léa Durand
TIC-005311;CLI-01140;CTC-002260;Courriel;Demande d’information;haute;2024-08-21;2024-08-22;24;5;Sébastien Mercier
TIC-005312;CLI-00802;;Agence;Réclamation;basse;2026-02-22;2026-02-25;82;4;Maxime Muller
TIC-005313;CLI-00066;CTC-006740;Formulaire web;Facturation;normale;2024-07-05;2024-07-08;92;4;Jérôme Blanc
TIC-005314;CLI-00004;;Courriel;Livraison;normale;2026-04-28;2026-04-30;49;5;Thomas Morel
TIC-005315;CLI-02107;CTC-003959;Courriel;Facturation;normale;2024-03-28;2024-03-28;17;3;Thomas Morel
TIC-005316;CLI-00622;;Formulaire web;Réclamation;normale;2025-08-27;2025-08-29;60;2;Fanny Clément
TIC-005317;CLI-01294;;Courriel;Retour;normale;2025-01-06;2025-01-06;21;4;Catherine Dumont
TIC-005318;CLI-02250;CTC-006356;Téléphone;Demande d’information;haute;2025-06-24;2025-06-26;53;4;Thomas Morel
TIC-005319;CLI-02376;;Courriel;Livraison;normale;2026-09-01;2026-09-02;24;3;Camille Bertrand
TIC-005320;CLI-00026;;Téléphone;Facturation;normale;2024-08-12;2024-08-14;57;5;Catherine Dumont
TIC-005321;CLI-00578;CTC-001007;Formulaire web;Facturation;normale;2024-05-09;;;;Vincent Richard
TIC-005322;CLI-01721;;Téléphone;Réclamation;critique;2024-04-05;2024-04-05;2;5;Alexandre Chevalier
TIC-005323;CLI-01685;CTC-004702;Courriel;Demande d’information;normale;2024-03-29;2024-03-30;42;4;Alain Morel
TIC-005324;CLI-00452;;Courriel;Retour;normale;2024-12-08;2024-12-10;57;5;Vincent Richard
TIC-005325;CLI-01047;CTC-003734;Téléphone;Livraison;basse;2024-09-23;;;;Sébastien Mercier
TIC-005326;CLI-00874;;Formulaire web;Produit défectueux;normale;2024-06-09;2024-06-11;50;5;Vincent Richard
TIC-005327;CLI-01872;CTC-004247;Téléphone;Livraison;normale;2024-11-23;2024-11-24;42;5;Virginie Henry
TIC-005328;CLI-00347;;Courriel;Réclamation;normale;2025-05-31;2025-06-02;59;1;Julie Dubois
TIC-005329;CLI-01375;;Agence;Demande d’information;basse;2025-05-22;2025-05-24;58;5;Sébastien Mercier
TIC-005330;CLI-01693;;Agence;Produit défectueux;normale;2025-09-19;2025-09-20;40;5;Pauline Durand
TIC-005331;CLI-01002;CTC-003165;Agence;Retour;normale;2024-07-21;2024-07-24;78;3;Manon Michel
TIC-005332;CLI-00659;;Formulaire web;Demande d’information;haute;2023-10-01;2023-10-02;36;3;Alain Morel
TIC-005333;CLI-01738;CTC-005037;Agence;Réclamation;normale;2026-02-05;2026-02-05;1;4;Sébastien Mercier
TIC-005334;CLI-01822;;Courriel;Livraison;haute;2025-06-26;2025-06-27;39;3;Catherine Dumont
TIC-005335;CLI-00349;CTC-004697;Courriel;Demande d’information;basse;2026-02-16;2026-02-16;1;4;Alexandre Chevalier
TIC-005336;CLI-01180;;Courriel;Réclamation;normale;2025-09-21;2025-09-24;90;4;Alain Morel
TIC-005337;CLI-00091;CTC-003440;Formulaire web;Facturation;normale;2025-06-18;2025-06-18;1;4;Pauline Durand
TIC-005338;CLI-02500;CTC-006398;Agence;Livraison;normale;2023-11-02;2023-11-03;44;2;Catherine Dumont
TIC-005339;CLI-01955;;Formulaire web;Demande d’information;basse;2024-03-16;2024-03-20;99;4;Fanny Clément
TIC-005340;CLI-01785;;Courriel;Retour;basse;2026-08-21;2026-08-21;2;4;Alexandre Chevalier
TIC-005341;CLI-02095;;Agence;Demande d’information;haute;2024-09-03;2024-09-03;12;4;Pauline Durand
TIC-005342;CLI-02236;CTC-006768;Courriel;Facturation;normale;2025-09-07;2025-09-07;16;5;Thomas Morel
TIC-005343;CLI-01704;CTC-002134;Courriel;Retour;haute;2025-04-05;2025-04-07;71;4;Pauline Durand
TIC-005344;CLI-01460;CTC-002084;Formulaire web;Demande d’information;critique;2025-02-11;2025-02-11;1;3;Fanny Clément
TIC-005345;CLI-01480;CTC-003374;Formulaire web;Demande d’information;haute;2026-03-05;2026-03-08;74;4;Franck Lefebvre
TIC-005346;CLI-00959;CTC-002776;Agence;Produit défectueux;normale;2024-07-16;2024-07-16;21;5;Catherine Chevalier
TIC-005347;CLI-00609;CTC-001806;Formulaire web;Réclamation;basse;2026-09-03;2026-09-04;31;5;Vincent Richard
TIC-005348;CLI-00377;;Téléphone;Réclamation;normale;2024-12-22;2024-12-25;80;10;Alain Morel
TIC-005349;CLI-00228;;Agence;Livraison;basse;2024-12-23;2024-12-25;69;4;Jérôme Blanc
TIC-005350;CLI-00238;CTC-004938;Formulaire web;Livraison;haute;2026-06-14;2026-06-14;14;5;Virginie Henry
TIC-005351;CLI-02489;;Formulaire web;Retour;haute;2024-03-19;2024-03-20;30;4;Catherine Dumont
TIC-005352;CLI-01836;CTC-004570;Courriel;Facturation;normale;2024-07-04;2024-07-07;78;5;Virginie Henry
TIC-005353;CLI-00346;CTC-005993;Courriel;Réclamation;basse;2023-12-31;2023-12-31;1;5;Jérôme Blanc
TIC-005354;CLI-02176;CTC-004902;Formulaire web;Livraison;normale;2024-05-10;2024-05-13;88;4;Alain Morel
TIC-005355;CLI-00730;;Agence;Facturation;normale;2025-07-28;;;;Manon Michel
TIC-005356;CLI-00666;CTC-003871;Courriel;Retour;normale;2026-06-26;2026-06-28;55;2;Camille Bertrand
TIC-005357;CLI-00731;CTC-002885;Téléphone;Réclamation;basse;2024-05-22;2024-05-24;51;3;Léa Durand
TIC-005358;CLI-02403;CTC-002549;Agence;Retour;normale;2025-07-26;2025-07-26;20;3;Alain Morel
TIC-005359;CLI-01476;CTC-003055;Formulaire web;Livraison;normale;2024-09-22;2024-09-22;20;3;Manon Michel
TIC-005360;CLI-01077;CTC-005438;Agence;Produit défectueux;basse;2026-06-26;2026-06-27;36;5;Vincent Richard
TIC-005361;CLI-00949;CTC-004336;Agence;Retour;haute;2025-03-08;2025-03-11;77;5;Jérôme Blanc
TIC-005362;CLI-01755;CTC-002315;Formulaire web;Réclamation;normale;2023-12-14;2023-12-16;59;5;Franck Lefebvre
TIC-005363;CLI-00797;;Courriel;Réclamation;normale;2024-08-07;2024-08-10;72;5;Franck Lefebvre
TIC-005364;CLI-00469;;Courriel;Réclamation;normale;2024-01-25;2024-01-28;90;3;Maxime Muller
TIC-005365;CLI-00973;;Courriel;Facturation;normale;2026-05-02;2026-05-02;1;5;Jérôme Blanc
TIC-005366;CLI-01873;CTC-001628;Agence;Produit défectueux;normale;2025-12-29;2025-12-31;56;3;Jérôme Blanc
TIC-005367;CLI-01714;;Courriel;Facturation;normale;2026-03-29;2026-03-29;1;3;Fanny Clément
TIC-005368;CLI-00175;CTC-007412;Formulaire web;Facturation;normale;2024-12-23;2024-12-25;56;5;Léa Durand
TIC-005369;CLI-01257;CTC-002489;Téléphone;Produit défectueux;normale;2026-07-27;2026-07-27;9;3;Jérôme Blanc
TIC-005370;CLI-01835;;Courriel;Réclamation;normale;2025-10-02;2025-10-04;56;3;Thomas Morel
TIC-005371;CLI-01408;;Courriel;Livraison;haute;2025-02-20;2025-02-20;23;1;Sébastien Mercier
TIC-005372;CLI-00756;CTC-006544;Courriel;Demande d’information;normale;2025-01-25;2025-01-26;29;1;Nathalie Michel
TIC-005373;CLI-01354;CTC-007472;Courriel;Réclamation;haute;2026-05-08;;;;Jérôme Blanc
TIC-005374;CLI-00712;CTC-004184;Agence;Livraison;normale;2026-01-04;2026-01-05;29;5;Franck Lefebvre
TIC-005375;CLI-00262;CTC-002844;Courriel;Livraison;normale;2023-09-24;2023-09-26;68;5;Manon Michel
TIC-005376;CLI-02229;CTC-004666;Agence;Demande d’information;normale;2024-06-19;2024-06-23;102;2;Catherine Chevalier
TIC-005377;CLI-02192;;Agence;Facturation;basse;2024-07-16;2024-07-17;44;4;Camille Bertrand
TIC-005378;CLI-02438;;Formulaire web;Produit défectueux;normale;2025-03-11;2025-03-11;14;5;Virginie Henry
TIC-005379;CLI-01037;CTC-001678;Formulaire web;Réclamation;haute;2024-08-31;;;;Virginie Henry
TIC-005380;CLI-00470;CTC-000750;Formulaire web;Facturation;normale;2025-01-15;;;;Alain Morel
TIC-005381;CLI-02338;CTC-001127;Téléphone;Réclamation;normale;2025-01-12;2025-01-03;23;4;Sébastien Mercier
TIC-005382;CLI-00474;CTC-002054;Courriel;Facturation;normale;2026-02-10;2026-02-10;6;5;Pauline Durand
TIC-005383;CLI-02258;CTC-003559;Agence;Demande d’information;normale;2025-12-20;2025-12-21;24;2;Franck Lefebvre
TIC-005384;CLI-02438;CTC-003197;Formulaire web;Demande d’information;haute;2025-08-29;2025-08-29;8;5;Alexandre Chevalier
TIC-005385;CLI-01715;;Téléphone;Demande d’information;basse;2025-06-29;2025-06-29;21;4;Nathalie Michel
TIC-005386;CLI-00662;CTC-007636;Courriel;Demande d’information;normale;2023-11-06;2023-11-06;7;4;Maxime Muller
TIC-005387;CLI-00972;;Formulaire web;Facturation;normale;2025-03-30;2025-04-01;63;2;Nathalie Michel
TIC-005388;CLI-02090;CTC-002424;Téléphone;Produit défectueux;normale;2024-10-13;2024-10-15;62;5;Virginie Henry
TIC-005389;CLI-01822;;Agence;Facturation;normale;2025-07-22;;;;Léa Durand
TIC-005390;CLI-01326;CTC-007656;Formulaire web;Retour;normale;2024-09-12;2024-09-12;9;3;Fanny Clément
TIC-005391;CLI-00426;CTC-007760;Courriel;Livraison;normale;2024-09-02;2024-09-05;77;3;Maxime Muller
TIC-005392;CLI-01676;CTC-000787;Formulaire web;Produit défectueux;basse;2025-06-24;2025-06-26;60;5;Virginie Henry
TIC-005393;CLI-00372;CTC-004728;Courriel;Demande d’information;normale;2024-12-02;2024-12-04;60;4;Sébastien Mercier
TIC-005394;CLI-00720;CTC-005563;Formulaire web;Demande d’information;normale;2023-12-25;2023-12-26;46;5;Jérôme Blanc
TIC-005395;CLI-00982;CTC-007860;Agence;Produit défectueux;basse;2024-07-20;2024-07-21;40;3;Manon Michel
TIC-005396;CLI-00681;CTC-001744;Formulaire web;Produit défectueux;normale;2025-01-25;;;;Maxime Muller
TIC-005397;CLI-01840;CTC-003312;Formulaire web;Demande d’information;normale;2023-10-01;2023-10-03;61;4;Manon Michel
TIC-005398;CLI-02459;CTC-002049;Téléphone;Réclamation;normale;2025-12-22;2025-12-22;6;4;Sébastien Mercier
TIC-005399;CLI-00261;;Courriel;Livraison;haute;2025-12-23;2025-12-26;91;3;Pauline Durand
TIC-005400;CLI-01552;CTC-006637;Courriel;Réclamation;basse;2025-09-13;2025-09-13;8;5;Camille Bertrand
TIC-005401;CLI-00888;CTC-005006;Formulaire web;Retour;normale;2025-11-16;2025-11-16;20;4;Sébastien Mercier
TIC-005402;CLI-01476;CTC-003055;Agence;Facturation;critique;2024-11-15;2024-11-16;27;4;Jérôme Blanc
TIC-005403;CLI-00084;CTC-003928;Agence;Retour;normale;2025-09-03;;;;Pauline Durand
TIC-005404;CLI-00702;CTC-004532;Formulaire web;Facturation;critique;2025-09-03;2025-09-03;1;3;Fanny Clément
TIC-005405;CLI-01100;;Téléphone;Demande d’information;haute;2024-02-27;2024-03-01;90;4;Catherine Dumont
TIC-005406;CLI-00951;;Courriel;Demande d’information;normale;2024-04-19;2024-04-21;64;5;Franck Lefebvre
TIC-005407;CLI-02232;;Téléphone;Produit défectueux;normale;2025-12-02;2025-12-03;42;5;Léa Durand
TIC-005408;CLI-00908;CTC-002850;Agence;Demande d’information;critique;2025-01-29;2025-01-30;24;2;Léa Durand
TIC-005409;CLI-00670;CTC-007973;Téléphone;Retour;basse;2024-09-15;;;;Catherine Chevalier
TIC-005410;CLI-00272;;Agence;Réclamation;normale;2025-09-12;2025-09-13;27;5;Nathalie Michel
TIC-005411;CLI-00224;CTC-006945;Courriel;Retour;normale;2025-12-14;2025-12-14;3;4;Alexandre Chevalier
TIC-005412;CLI-00924;CTC-001645;Téléphone;Retour;normale;2023-10-17;2023-10-18;43;2;Vincent Richard
TIC-005413;CLI-02200;CTC-002136;Téléphone;Réclamation;normale;2025-02-20;2025-02-20;17;4;Maxime Muller
TIC-005414;CLI-01572;;Téléphone;Retour;haute;2026-01-28;2026-01-29;40;3;Manon Michel
TIC-005415;CLI-01030;CTC-001652;Téléphone;Demande d’information;normale;2025-11-05;2025-11-06;47;5;Léa Durand
TIC-005416;CLI-00632;CTC-004754;Agence;Livraison;normale;2025-03-21;2025-03-22;32;4;Pauline Durand
TIC-005417;CLI-00059;;Courriel;Facturation;normale;2025-06-11;2025-06-14;73;3;Julie Dubois
TIC-005418;CLI-01319;;Téléphone;Retour;normale;2024-11-10;;;;Manon Michel
TIC-005419;CLI-01113;;Formulaire web;Produit défectueux;normale;2026-05-12;;;;Julie Dubois
TIC-005420;CLI-00986;;Courriel;Réclamation;haute;2025-08-21;2025-08-22;25;5;Virginie Henry
TIC-005421;CLI-00128;CTC-005326;Courriel;Réclamation;haute;2025-11-21;2025-11-21;5;5;Julie Dubois
TIC-005422;CLI-00406;;Formulaire web;Retour;critique;2025-02-27;;;;Maxime Muller
TIC-005423;CLI-00215;CTC-006067;Formulaire web;Facturation;basse;2024-10-11;2024-10-12;41;5;Fanny Clément
TIC-005424;CLI-01488;CTC-004954;Téléphone;Demande d’information;basse;2024-11-20;2024-11-20;1;4;Thomas Morel
TIC-005425;CLI-00381;CTC-003579;Agence;Retour;normale;2026-01-08;2026-01-09;43;5;Alain Morel
TIC-005426;CLI-00272;;Formulaire web;Réclamation;haute;2026-05-16;2026-05-17;28;2;Alexandre Chevalier
TIC-005427;CLI-00660;CTC-006680;Téléphone;Demande d’information;basse;2024-02-20;2024-02-22;51;4;Franck Lefebvre
TIC-005428;CLI-02031;CTC-000585;Formulaire web;Retour;normale;2024-07-13;2024-07-14;45;4;Pauline Durand
TIC-005429;CLI-00892;;Formulaire web;Livraison;normale;2026-06-09;2026-06-10;39;2;Nathalie Michel
TIC-005430;CLI-02366;CTC-004685;Courriel;Réclamation;normale;2025-08-28;2025-08-28;1;3;Maxime Muller
TIC-005431;CLI-01192;CTC-000557;Agence;Produit défectueux;haute;2024-07-15;2024-07-18;85;4;Vincent Richard
TIC-005432;CLI-00973;;Courriel;Demande d’information;basse;2024-03-23;2024-03-26;73;5;Thomas Morel
TIC-005433;CLI-01022;CTC-005722;Formulaire web;Produit défectueux;haute;2023-11-19;2023-11-19;22;4;Catherine Chevalier
TIC-005434;CLI-02211;CTC-002002;Formulaire web;Retour;haute;2024-03-03;2024-03-04;45;2;Camille Bertrand
TIC-005435;CLI-01307;CTC-001157;Agence;Facturation;haute;2026-03-28;2026-03-30;68;5;Alexandre Chevalier
TIC-005436;CLI-00965;;Courriel;Demande d’information;normale;2025-04-21;2025-04-23;71;5;Camille Bertrand
TIC-005437;CLI-01117;;Formulaire web;Réclamation;normale;2025-02-02;;;;Catherine Dumont
TIC-005438;CLI-01562;;Courriel;Réclamation;haute;2025-07-04;2025-06-19;11;2;Maxime Muller
TIC-005439;CLI-01596;CTC-005040;Agence;Réclamation;normale;2026-07-09;2026-07-10;25;5;Fanny Clément
TIC-005440;CLI-02259;;Formulaire web;Facturation;haute;2026-06-19;2026-06-19;2;5;Alain Morel
TIC-005441;CLI-00808;CTC-006125;Agence;Réclamation;normale;2024-03-24;2024-03-27;90;5;Sébastien Mercier
TIC-005442;CLI-00069;CTC-007293;Courriel;Réclamation;normale;2026-07-26;2026-07-28;55;4;Vincent Richard
TIC-005443;CLI-01505;;Téléphone;Retour;normale;2023-10-11;2023-10-11;1;4;Manon Michel
TIC-005444;CLI-02257;CTC-005192;Agence;Demande d’information;normale;2024-10-30;2024-10-31;27;4;Franck Lefebvre
TIC-005445;CLI-02428;;Courriel;Réclamation;haute;2024-12-12;;;;Alain Morel
TIC-005446;CLI-02209;CTC-006791;Agence;Produit défectueux;normale;2025-01-15;;;;Manon Michel
TIC-005447;CLI-00010;CTC-007823;Téléphone;Produit défectueux;normale;2025-10-01;2025-10-02;24;2;Catherine Chevalier
TIC-005448;CLI-01298;;Agence;Facturation;basse;2025-10-02;2025-10-03;40;2;Virginie Henry
TIC-005449;CLI-00416;CTC-005735;Agence;Demande d’information;normale;2024-09-24;2024-09-27;72;5;Julie Dubois
TIC-005450;CLI-01811;CTC-001721;Agence;Facturation;basse;2024-04-17;2024-04-19;53;5;Maxime Muller
TIC-005451;CLI-01058;CTC-006914;Téléphone;Livraison;basse;2026-05-04;2026-05-05;29;4;Franck Lefebvre
TIC-005452;CLI-02431;CTC-004399;Formulaire web;Produit défectueux;basse;2025-01-21;2025-01-21;9;5;Franck Lefebvre
TIC-005453;CLI-02169;CTC-002800;Téléphone;Retour;normale;2024-04-15;2024-04-15;1;4;Nathalie Michel
TIC-005454;CLI-00906;;Courriel;Livraison;normale;2025-01-10;2025-01-11;42;1;Pauline Durand
TIC-005455;CLI-00777;CTC-006029;Courriel;Retour;normale;2024-09-01;2024-09-02;34;4;Pauline Durand
TIC-005456;CLI-00170;CTC-004305;Formulaire web;Produit défectueux;basse;2026-03-12;;;;Nathalie Michel
TIC-005457;CLI-00912;CTC-005956;Agence;Facturation;haute;2024-06-26;2024-06-27;33;5;Jérôme Blanc
TIC-005458;CLI-00901;CTC-006326;Courriel;Demande d’information;basse;2025-04-24;2025-04-24;14;5;Alexandre Chevalier
TIC-005459;CLI-02163;;Courriel;Demande d’information;normale;2026-07-05;2026-07-07;49;4;Catherine Chevalier
TIC-005460;CLI-00986;;Téléphone;Retour;normale;2025-08-09;2025-08-11;58;5;Virginie Henry
TIC-005461;CLI-00868;;Téléphone;Facturation;basse;2024-03-06;2024-03-09;92;4;Pauline Durand
TIC-005462;CLI-00322;CTC-002135;Formulaire web;Réclamation;critique;2025-11-25;2025-11-25;1;5;Alain Morel
TIC-005463;CLI-02176;CTC-003131;Formulaire web;Demande d’information;basse;2024-02-16;;;;Sébastien Mercier
TIC-005464;CLI-01325;CTC-004263;Agence;Demande d’information;critique;2025-12-04;2025-12-04;1;4;Alain Morel
TIC-005465;CLI-00764;CTC-006367;Formulaire web;Produit défectueux;normale;2026-02-23;2026-02-24;45;4;Maxime Muller
TIC-005466;CLI-02276;;Agence;Facturation;haute;2024-01-16;;;;Nathalie Michel
TIC-005467;CLI-02331;CTC-003947;Agence;Facturation;haute;2025-01-19;2025-01-22;73;2;Pauline Durand
TIC-005468;CLI-00890;CTC-002349;Formulaire web;Livraison;normale;2025-02-16;;;;Catherine Chevalier
TIC-005469;CLI-02392;CTC-000604;Téléphone;Retour;normale;2025-09-06;2025-09-10;96;5;Virginie Henry
TIC-005470;CLI-02353;CTC-007325;Formulaire web;Réclamation;haute;2026-08-07;;;;Alain Morel
TIC-005471;CLI-00203;CTC-005811;Formulaire web;Réclamation;haute;2025-10-12;2025-10-14;69;4;Franck Lefebvre
TIC-005472;CLI-00865;CTC-005664;Courriel;Livraison;normale;2023-12-27;2023-12-26;58;4;Franck Lefebvre
TIC-005473;CLI-00065;;Courriel;Demande d’information;normale;2024-07-19;2024-07-21;50;3;Alexandre Chevalier
TIC-005474;CLI-02482;;Formulaire web;Produit défectueux;basse;2026-04-19;2026-04-19;1;5;Thomas Morel
TIC-005475;CLI-00477;;Agence;Produit défectueux;basse;2025-04-26;2025-04-28;51;5;Camille Bertrand
TIC-005476;CLI-00119;CTC-005595;Téléphone;Produit défectueux;haute;2024-06-28;;;;Jérôme Blanc
TIC-005477;CLI-02392;CTC-000604;Téléphone;Livraison;normale;2025-01-21;2025-01-22;45;3;Fanny Clément
TIC-005478;CLI-00704;CTC-002362;Courriel;Livraison;basse;2025-09-26;2025-09-27;35;3;Alexandre Chevalier
TIC-005479;CLI-02358;CTC-000725;Agence;Réclamation;basse;2024-05-16;2024-05-20;113;2;Vincent Richard
TIC-005480;CLI-01734;;Formulaire web;Réclamation;normale;2024-08-03;2024-08-04;30;4;Fanny Clément
TIC-005481;CLI-00007;CTC-005010;Courriel;Réclamation;critique;2025-06-05;2025-06-05;15;4;Camille Bertrand
TIC-005482;CLI-01812;CTC-007785;Courriel;Demande d’information;normale;2024-12-18;2024-12-20;65;3;Franck Lefebvre
TIC-005483;CLI-01613;;Courriel;Réclamation;critique;2024-07-16;2024-07-17;42;2;Sébastien Mercier
TIC-005484;CLI-00231;;Courriel;Facturation;critique;2024-04-05;2024-04-05;1;4;Fanny Clément
TIC-005485;CLI-01584;CTC-004281;Formulaire web;Réclamation;haute;2025-10-31;2025-11-01;32;1;Alain Morel
TIC-005486;CLI-01272;;Agence;Produit défectueux;normale;2025-09-05;2025-09-05;1;2;Catherine Dumont
TIC-005487;CLI-00478;CTC-003914;Formulaire web;Retour;basse;2026-07-19;2026-07-20;33;5;Franck Lefebvre
TIC-005488;CLI-01287;CTC-000025;Formulaire web;Réclamation;normale;2026-03-20;2026-03-20;14;5;Vincent Richard
TIC-005489;CLI-02104;;Téléphone;Livraison;normale;2025-03-04;2025-03-07;73;4;Vincent Richard
TIC-005490;CLI-00738;CTC-000472;Téléphone;Produit défectueux;basse;2026-04-06;2026-04-06;1;3;Virginie Henry
TIC-005491;CLI-00709;;Agence;Facturation;haute;2025-10-15;2025-10-17;56;2;Alexandre Chevalier
TIC-005492;CLI-00821;CTC-003736;Téléphone;Facturation;basse;2024-12-13;;;;Alexandre Chevalier
TIC-005493;CLI-01816;;Courriel;Facturation;normale;2024-08-17;2024-08-20;80;5;Pauline Durand
TIC-005494;CLI-02308;;Courriel;Facturation;basse;2024-05-30;2024-05-31;44;2;Alain Morel
TIC-005495;CLI-00717;;Courriel;Réclamation;normale;2024-09-08;2024-09-10;58;5;Catherine Dumont
TIC-005496;CLI-01798;;Téléphone;Facturation;critique;2024-08-08;2024-08-09;25;2;Fanny Clément
TIC-005497;CLI-01701;CTC-005750;Téléphone;Retour;normale;2026-05-15;2026-05-19;96;1;Catherine Dumont
TIC-005498;CLI-01868;;Courriel;Demande d’information;normale;2024-07-31;2024-07-31;3;4;Julie Dubois
TIC-005499;CLI-01973;CTC-004024;Formulaire web;Retour;basse;2025-02-07;2025-02-07;13;4;Catherine Chevalier
TIC-005500;CLI-01026;CTC-005302;Agence;Livraison;normale;2024-06-07;2024-06-11;102;5;Nathalie Michel
TIC-005501;CLI-01738;CTC-007600;Agence;Retour;basse;2025-09-09;2025-09-09;12;5;Maxime Muller
TIC-005502;CLI-01979;CTC-006050;Courriel;Réclamation;critique;2025-09-11;2025-09-05;1;3;Pauline Durand
TIC-005503;CLI-02284;;Courriel;Facturation;normale;2023-12-13;;;;Virginie Henry
TIC-005504;CLI-01321;CTC-005254;Formulaire web;Demande d’information;haute;2026-05-25;;;;Vincent Richard
TIC-005505;CLI-00766;;Formulaire web;Produit défectueux;haute;2025-02-03;;;;Sébastien Mercier
TIC-005506;CLI-02377;CTC-007287;Téléphone;Demande d’information;basse;2025-04-12;2025-04-12;21;5;Pauline Durand
TIC-005507;CLI-01332;CTC-000161;Agence;Livraison;haute;2026-03-15;2026-03-17;62;5;Julie Dubois
TIC-005508;CLI-01111;CTC-007933;Agence;Demande d’information;haute;2026-05-30;2026-05-31;25;1;Catherine Dumont
TIC-005509;CLI-01892;CTC-002277;Formulaire web;Livraison;haute;2026-04-30;2026-04-30;2;5;Manon Michel
TIC-005510;CLI-00845;CTC-002457;Téléphone;Retour;normale;2024-03-08;2024-03-08;19;1;Fanny Clément
TIC-005511;CLI-01760;CTC-004909;Agence;Livraison;haute;2024-07-16;2024-07-16;4;5;Franck Lefebvre
TIC-005512;CLI-00990;CTC-000838;Courriel;Demande d’information;normale;2025-05-24;2025-05-24;5;3;Camille Bertrand
TIC-005513;CLI-02186;CTC-003204;Téléphone;Facturation;normale;2023-12-24;2023-12-25;25;4;Thomas Morel
TIC-005514;CLI-00469;;Agence;Livraison;haute;2026-02-25;2026-03-01;96;5;Julie Dubois
TIC-005515;CLI-02110;;Formulaire web;Facturation;normale;2024-12-29;2024-12-31;62;3;Maxime Muller
TIC-005516;CLI-00729;CTC-004897;Téléphone;Produit défectueux;normale;2025-05-05;2025-05-05;11;3;Julie Dubois
TIC-005517;CLI-01972;CTC-006297;Téléphone;Livraison;normale;2025-09-24;2025-09-25;32;4;Camille Bertrand
TIC-005518;CLI-00947;;Agence;Facturation;normale;2023-11-05;2023-11-07;50;2;Fanny Clément
TIC-005519;CLI-00227;;Téléphone;Facturation;haute;2024-03-14;;;;Sébastien Mercier
TIC-005520;CLI-01673;;Formulaire web;Facturation;critique;2024-10-03;2024-10-03;1;5;Maxime Muller
TIC-005521;CLI-01149;;Téléphone;Réclamation;critique;2026-03-12;2026-03-14;49;5;Vincent Richard
TIC-005522;CLI-01628;;Agence;Produit défectueux;normale;2025-04-03;2025-04-04;41;4;Jérôme Blanc
TIC-005523;CLI-00104;;Courriel;Retour;haute;2025-07-02;2025-07-03;31;2;Jérôme Blanc
TIC-005524;CLI-00851;CTC-004819;Formulaire web;Réclamation;normale;2026-04-13;2026-04-15;70;2;Catherine Dumont
TIC-005525;CLI-01512;CTC-004805;Agence;Produit défectueux;normale;2025-06-25;2025-06-26;47;3;Alain Morel
TIC-005526;CLI-02236;CTC-007684;Agence;Produit défectueux;haute;2025-10-14;2025-10-17;86;5;Alexandre Chevalier
TIC-005527;CLI-00141;CTC-004713;Agence;Retour;normale;2026-05-29;2026-05-31;53;5;Thomas Morel
TIC-005528;CLI-00418;CTC-003651;Agence;Produit défectueux;normale;2025-08-30;2025-08-31;39;4;Sébastien Mercier
TIC-005529;CLI-00647;CTC-007331;Agence;Retour;normale;2025-10-03;2025-10-05;55;2;Léa Durand
TIC-005530;CLI-01953;CTC-004548;Formulaire web;Retour;normale;2026-08-06;2026-08-06;1;5;Franck Lefebvre
TIC-005531;CLI-00513;;Téléphone;Retour;normale;2024-11-16;2024-11-18;65;2;Virginie Henry
TIC-005532;CLI-00798;;Formulaire web;Facturation;normale;2025-10-13;2025-10-14;41;5;Catherine Dumont
TIC-005533;CLI-01660;;Agence;Produit défectueux;normale;2024-04-26;2024-04-27;39;3;Pauline Durand
TIC-005534;CLI-01193;CTC-007153;Courriel;Produit défectueux;normale;2026-02-23;2026-02-26;72;5;Catherine Chevalier
TIC-005535;CLI-00974;CTC-001648;Téléphone;Livraison;normale;2026-07-30;;;;Franck Lefebvre
TIC-005536;CLI-02438;CTC-001582;Courriel;Livraison;haute;2023-09-22;2023-09-24;54;4;Virginie Henry
TIC-005537;CLI-01606;CTC-003991;Formulaire web;Produit défectueux;normale;2026-08-14;2026-08-14;18;2;Julie Dubois
TIC-005538;CLI-00730;CTC-007457;Formulaire web;Réclamation;normale;2025-08-05;2025-08-06;35;4;Vincent Richard
TIC-005539;CLI-00166;CTC-007716;Téléphone;Facturation;basse;2023-12-16;2023-12-18;54;4;Nathalie Michel
TIC-005540;CLI-00159;CTC-004708;Agence;Livraison;basse;2024-01-29;2024-01-29;20;5;Manon Michel
TIC-005541;CLI-02210;CTC-003546;Formulaire web;Retour;haute;2026-03-22;2026-03-25;74;4;Pauline Durand
TIC-005542;CLI-02277;CTC-006129;Formulaire web;Produit défectueux;basse;2024-05-18;2024-05-21;77;4;Camille Bertrand
TIC-005543;CLI-01619;CTC-005105;Courriel;Produit défectueux;normale;2025-12-16;2025-12-17;41;5;Manon Michel
TIC-005544;CLI-00646;CTC-007918;Agence;Livraison;critique;2024-02-12;2024-02-12;1;5;Franck Lefebvre
TIC-005545;CLI-01940;CTC-007686;Courriel;Réclamation;normale;2025-01-15;2025-01-15;4;5;Maxime Muller
TIC-005546;CLI-01429;CTC-002405;Téléphone;Retour;normale;2024-06-20;2024-06-20;1;5;Camille Bertrand
TIC-005547;CLI-01931;;Formulaire web;Facturation;normale;2025-10-26;2025-10-27;27;1;Alexandre Chevalier
TIC-005548;CLI-02409;CTC-003369;Courriel;Livraison;normale;2025-09-16;2025-09-16;1;3;Alain Morel
TIC-005549;CLI-00454;CTC-001829;Téléphone;Produit défectueux;normale;2025-08-05;2025-08-06;38;4;Maxime Muller
TIC-005550;CLI-01850;CTC-000939;Téléphone;Réclamation;basse;2024-08-21;;;;Pauline Durand
TIC-005551;CLI-01931;;Courriel;Retour;normale;2025-05-12;2025-05-15;78;1;Manon Michel
TIC-005552;CLI-00916;CTC-003631;Courriel;Demande d’information;critique;2023-12-04;2023-12-05;36;5;Vincent Richard
TIC-005553;CLI-01672;CTC-005324;Courriel;Retour;haute;2025-04-19;2025-04-21;49;5;Catherine Dumont
TIC-005554;CLI-00648;;Courriel;Facturation;normale;2026-08-07;2026-08-09;62;3;Sébastien Mercier
TIC-005555;CLI-00300;CTC-007957;Téléphone;Demande d’information;normale;2024-11-10;2024-11-10;10;4;Franck Lefebvre
TIC-005556;CLI-00970;;Téléphone;Retour;haute;2024-01-11;2024-01-13;63;4;Julie Dubois
TIC-005557;CLI-00031;CTC-000126;Formulaire web;Retour;normale;2026-07-09;2026-07-11;50;5;Camille Bertrand
TIC-005558;CLI-00832;CTC-006701;Formulaire web;Livraison;basse;2025-07-02;2025-07-03;28;5;Julie Dubois
TIC-005559;CLI-01864;CTC-000043;Téléphone;Facturation;normale;2026-05-26;2026-05-26;21;3;Franck Lefebvre
TIC-005560;CLI-00016;;Formulaire web;Réclamation;basse;2025-01-31;2025-02-02;53;3;Léa Durand
TIC-005561;CLI-00320;;Courriel;Livraison;basse;2025-11-08;2025-11-08;15;5;Vincent Richard
TIC-005562;CLI-01639;;Formulaire web;Demande d’information;normale;2025-02-17;2025-02-22;128;4;Manon Michel
TIC-005563;CLI-01476;CTC-003055;Agence;Livraison;basse;2025-01-19;2025-01-21;51;4;Maxime Muller
TIC-005564;CLI-00811;CTC-002869;Courriel;Réclamation;haute;2023-11-18;2023-11-18;1;1;Alexandre Chevalier
TIC-005565;CLI-01964;CTC-004120;Agence;Retour;normale;2024-04-24;2024-04-24;21;5;Jérôme Blanc
TIC-005566;CLI-00981;CTC-006795;Formulaire web;Livraison;haute;2025-07-01;2025-07-03;58;4;Nathalie Michel
TIC-005567;CLI-01463;CTC-002194;Courriel;Produit défectueux;normale;2025-10-01;2025-10-01;16;4;Pauline Durand
TIC-005568;CLI-01657;CTC-000259;Téléphone;Demande d’information;normale;2024-10-06;2024-10-06;13;4;Manon Michel
TIC-005569;CLI-00872;CTC-001124;Formulaire web;Facturation;normale;2023-11-18;2023-11-20;57;5;Alain Morel
TIC-005570;CLI-01033;CTC-001622;Formulaire web;Retour;haute;2025-01-10;2025-01-13;74;5;Nathalie Michel
TIC-005571;CLI-01468;;Agence;Retour;normale;2026-01-14;2026-01-14;5;1;Franck Lefebvre
TIC-005572;CLI-00865;CTC-006554;Formulaire web;Livraison;basse;2025-02-09;2025-02-09;1;3;Vincent Richard
TIC-005573;CLI-00173;CTC-002174;Formulaire web;Demande d’information;basse;2024-01-09;2024-01-10;36;3;Vincent Richard
TIC-005574;CLI-00132;CTC-001420;Courriel;Réclamation;haute;2024-06-19;2024-06-22;86;4;Camille Bertrand
TIC-005575;CLI-00642;;Téléphone;Livraison;normale;2024-03-24;2024-03-24;14;5;Camille Bertrand
TIC-005576;CLI-00786;CTC-002745;Formulaire web;Retour;basse;2025-11-11;2025-11-12;47;5;Manon Michel
TIC-005577;CLI-01891;CTC-002197;Agence;Demande d’information;normale;2026-04-16;2026-04-18;54;4;Sébastien Mercier
TIC-005578;CLI-02188;CTC-006613;Courriel;Demande d’information;critique;2026-07-25;2026-07-25;3;5;Léa Durand
TIC-005579;CLI-01626;CTC-006203;Téléphone;Livraison;normale;2025-10-09;2025-10-09;23;4;Catherine Chevalier
TIC-005580;CLI-01181;CTC-006039;Agence;Réclamation;normale;2026-02-16;2026-02-18;54;4;Léa Durand
TIC-005581;CLI-01139;;Téléphone;Livraison;haute;2023-09-27;2023-09-27;1;4;Alexandre Chevalier
TIC-005582;CLI-02397;CTC-003324;Formulaire web;Facturation;normale;2025-09-15;2025-09-17;49;4;Catherine Dumont
TIC-005583;CLI-02236;CTC-007684;Téléphone;Réclamation;normale;2025-05-28;2025-05-28;1;3;Nathalie Michel
TIC-005584;CLI-00142;;Agence;Livraison;normale;2025-07-10;2025-07-11;46;5;Jérôme Blanc
TIC-005585;CLI-00319;CTC-003645;Formulaire web;Demande d’information;normale;2024-03-10;2024-03-12;67;4;Maxime Muller
TIC-005586;CLI-00748;CTC-006698;Téléphone;Demande d’information;haute;2025-09-23;2025-09-23;4;2;Thomas Morel
TIC-005587;CLI-00312;;Agence;Produit défectueux;haute;2023-09-30;2023-10-02;57;5;Thomas Morel
TIC-005588;CLI-01704;CTC-002134;Formulaire web;Réclamation;basse;2025-08-07;2025-08-08;44;5;Maxime Muller
TIC-005589;CLI-01262;CTC-001002;Téléphone;Demande d’information;haute;2026-07-28;2026-07-28;17;3;Virginie Henry
TIC-005590;CLI-01759;CTC-000136;Formulaire web;Demande d’information;normale;2024-09-19;2024-09-20;34;5;Camille Bertrand
TIC-005591;CLI-01015;;Formulaire web;Facturation;haute;2026-03-15;;;;Thomas Morel
TIC-005592;CLI-02069;CTC-001328;Téléphone;Facturation;normale;2025-07-03;2025-07-05;70;4;Manon Michel
TIC-005593;CLI-02161;;Courriel;Réclamation;basse;2024-03-19;2024-03-21;51;4;Léa Durand
TIC-005594;CLI-02197;;Formulaire web;Retour;haute;2024-08-07;2024-08-10;77;1;Thomas Morel
TIC-005595;CLI-02446;CTC-005888;Formulaire web;Demande d’information;normale;2024-02-07;2024-02-07;1;5;Alexandre Chevalier
TIC-005596;CLI-00928;CTC-001538;Téléphone;Livraison;normale;2026-01-30;2026-01-31;46;5;Léa Durand
TIC-005597;CLI-00807;CTC-001284;Téléphone;Réclamation;normale;2024-03-19;2024-03-19;14;3;Alain Morel
TIC-005598;CLI-01386;;Formulaire web;Facturation;basse;2024-11-21;2024-11-22;35;1;Julie Dubois
TIC-005599;CLI-00042;;Courriel;Demande d’information;normale;2025-09-12;2025-09-13;46;1;Catherine Chevalier
TIC-005600;CLI-00181;CTC-006343;Courriel;Produit défectueux;normale;2025-09-03;2025-09-05;58;5;Julie Dubois
TIC-005601;CLI-01353;;Courriel;Livraison;normale;2026-04-13;2026-04-14;35;4;Nathalie Michel
TIC-005602;CLI-01498;CTC-003033;Formulaire web;Facturation;basse;2026-08-17;2026-08-17;1;5;Maxime Muller
TIC-005603;CLI-01369;CTC-005576;Courriel;Demande d’information;normale;2026-06-04;;;;Pauline Durand
TIC-005604;CLI-00834;CTC-002883;Téléphone;Livraison;normale;2025-03-23;2025-03-23;23;4;Catherine Dumont
TIC-005605;CLI-00729;CTC-004897;Agence;Produit défectueux;haute;2026-02-04;2026-02-04;1;2;Fanny Clément
TIC-005606;CLI-00159;CTC-004708;Agence;Facturation;critique;2025-10-29;2025-10-30;28;5;Virginie Henry
TIC-005607;CLI-02010;CTC-001426;Formulaire web;Livraison;normale;2025-11-22;2025-11-24;53;3;Franck Lefebvre
TIC-005608;CLI-02392;CTC-000604;Agence;Produit défectueux;haute;2025-04-06;2025-04-06;1;3;Alexandre Chevalier
TIC-005609;CLI-01995;CTC-005709;Téléphone;Retour;normale;2023-09-23;2023-09-24;27;5;Alexandre Chevalier
TIC-005610;CLI-00449;CTC-007837;Courriel;Demande d’information;normale;2025-10-15;2025-10-17;60;4;Camille Bertrand
TIC-005611;CLI-00592;CTC-004810;Formulaire web;Demande d’information;normale;2026-03-03;2026-03-03;1;3;Catherine Chevalier
TIC-005612;CLI-02104;CTC-000881;Agence;Produit défectueux;normale;2026-04-05;2026-04-06;40;3;Nathalie Michel
TIC-005613;CLI-00531;CTC-000829;Formulaire web;Facturation;normale;2026-08-01;2026-08-02;26;3;Julie Dubois
TIC-005614;CLI-01073;CTC-002751;Agence;Livraison;basse;2026-04-18;2026-04-07;51;5;Manon Michel
TIC-005615;CLI-00888;CTC-005006;Téléphone;Livraison;normale;2023-12-19;2023-12-19;1;5;Maxime Muller
TIC-005616;CLI-01081;CTC-007190;Agence;Demande d’information;normale;2024-03-08;2024-03-10;70;5;Pauline Durand
TIC-005617;CLI-01191;CTC-004430;Agence;Facturation;normale;2024-04-06;2024-04-08;64;4;Pauline Durand
TIC-005618;CLI-00754;CTC-005799;Agence;Livraison;critique;2024-04-04;2024-04-04;1;5;Catherine Chevalier
TIC-005619;CLI-02192;;Téléphone;Facturation;basse;2024-06-25;2024-06-26;46;5;Manon Michel
TIC-005620;CLI-01450;CTC-004025;Téléphone;Retour;normale;2024-07-21;2024-07-21;15;4;Fanny Clément
TIC-005621;CLI-00310;;Téléphone;Demande d’information;normale;2025-04-04;2025-04-04;23;4;Maxime Muller
TIC-005622;CLI-00419;CTC-004901;Téléphone;Facturation;normale;2025-02-28;;;;Camille Bertrand
TIC-005623;CLI-00987;CTC-000730;Formulaire web;Produit défectueux;basse;2026-07-01;2026-07-02;25;5;Camille Bertrand
TIC-005624;CLI-01768;CTC-003339;Formulaire web;Facturation;basse;2024-04-18;;;;Maxime Muller
TIC-005625;CLI-02017;CTC-002718;Courriel;Demande d’information;basse;2025-09-10;2025-09-13;88;5;Camille Bertrand
TIC-005626;CLI-00075;CTC-007420;Téléphone;Retour;haute;2024-09-12;2024-09-14;58;3;Camille Bertrand
TIC-005627;CLI-00542;CTC-004368;Téléphone;Retour;normale;2024-03-22;2024-03-25;89;4;Alain Morel
TIC-005628;CLI-01114;CTC-005368;Formulaire web;Retour;normale;2024-10-05;2024-10-06;37;5;Jérôme Blanc
TIC-005629;CLI-00052;CTC-002511;Téléphone;Réclamation;normale;2024-12-17;2024-12-20;87;4;Alexandre Chevalier
TIC-005630;CLI-02159;CTC-001785;Formulaire web;Livraison;haute;2023-10-25;2023-10-25;7;3;Pauline Durand
TIC-005631;CLI-00998;;Formulaire web;Livraison;haute;2023-10-02;2023-10-03;34;5;Thomas Morel
TIC-005632;CLI-00366;CTC-000863;Agence;Retour;normale;2024-09-06;;;;Manon Michel
TIC-005633;CLI-01436;CTC-006638;Courriel;Livraison;basse;2025-11-02;2025-11-06;117;4;Camille Bertrand
TIC-005634;CLI-00171;CTC-000533;Formulaire web;Facturation;normale;2023-12-28;2024-01-01;102;4;Thomas Morel
TIC-005635;CLI-00167;CTC-001797;Courriel;Produit défectueux;haute;2025-08-01;2025-08-01;1;3;Julie Dubois
TIC-005636;CLI-01278;CTC-006926;Agence;Retour;critique;2026-04-20;;;;Julie Dubois
TIC-005637;CLI-01022;CTC-005722;Formulaire web;Retour;basse;2023-10-17;2023-10-19;53;5;Jérôme Blanc
TIC-005638;CLI-00119;CTC-007192;Formulaire web;Facturation;normale;2025-08-21;2025-08-25;99;4;Julie Dubois
TIC-005639;CLI-00732;;Courriel;Facturation;normale;2024-06-28;2024-06-29;35;4;Léa Durand
TIC-005640;CLI-00837;CTC-006357;Téléphone;Réclamation;normale;2024-12-01;2024-12-02;31;5;Virginie Henry
TIC-005641;CLI-00305;CTC-000593;Formulaire web;Retour;normale;2025-12-05;2025-11-25;58;2;Thomas Morel
TIC-005642;CLI-00805;CTC-007653;Téléphone;Retour;normale;2025-01-18;2025-01-18;9;2;Virginie Henry
TIC-005643;CLI-01634;CTC-004884;Courriel;Livraison;haute;2025-02-03;2025-02-05;52;5;Thomas Morel
TIC-005644;CLI-00011;CTC-003225;Courriel;Facturation;normale;2024-11-15;2024-11-17;56;5;Catherine Dumont
TIC-005645;CLI-00516;CTC-005960;Formulaire web;Produit défectueux;normale;2025-02-13;2025-02-13;1;5;Catherine Chevalier
TIC-005646;CLI-02049;CTC-003045;Courriel;Demande d’information;normale;2026-06-17;2026-06-18;44;2;Alain Morel
TIC-005647;CLI-02113;;Courriel;Retour;normale;2026-02-25;2026-02-26;41;4;Julie Dubois
TIC-005648;CLI-01227;CTC-001464;Courriel;Demande d’information;basse;2025-11-16;2025-11-16;2;4;Catherine Chevalier
TIC-005649;CLI-01537;CTC-004062;Téléphone;Réclamation;basse;2023-11-08;;;;Fanny Clément
TIC-005650;CLI-00180;CTC-002559;Courriel;Retour;normale;2024-06-27;2024-06-27;3;2;Alexandre Chevalier
TIC-005651;CLI-01251;;Formulaire web;Demande d’information;haute;2024-01-13;2024-01-16;82;4;Nathalie Michel
TIC-005652;CLI-00905;CTC-005908;Agence;Livraison;normale;2024-03-02;2024-03-02;15;1;Sébastien Mercier
TIC-005653;CLI-00464;;Courriel;Demande d’information;normale;2026-02-25;2026-02-26;26;5;Maxime Muller
TIC-005654;CLI-01907;CTC-007294;Agence;Retour;normale;2025-09-29;;;;Catherine Chevalier
TIC-005655;CLI-01815;;Courriel;Facturation;haute;2024-04-23;2024-04-23;1;4;Vincent Richard
TIC-005656;CLI-00970;CTC-003748;Téléphone;Réclamation;normale;2023-11-17;2023-11-17;13;5;Maxime Muller
TIC-005657;CLI-01781;CTC-003330;Formulaire web;Demande d’information;normale;2023-11-12;2023-11-13;37;5;Virginie Henry
TIC-005658;CLI-00998;CTC-000179;Téléphone;Demande d’information;normale;2025-08-07;2025-08-09;62;3;Catherine Dumont
TIC-005659;CLI-01032;;Téléphone;Facturation;normale;2026-03-21;2026-03-21;4;4;Alain Morel
TIC-005660;CLI-02367;CTC-002081;Formulaire web;Livraison;basse;2025-07-15;2025-07-18;74;5;Catherine Chevalier
TIC-005661;CLI-01984;CTC-001515;Courriel;Retour;normale;2025-03-23;2025-03-24;38;5;Alexandre Chevalier
TIC-005662;CLI-00558;CTC-002828;Téléphone;Facturation;haute;2024-03-25;2024-03-26;31;2;Camille Bertrand
TIC-005663;CLI-01759;CTC-001471;Courriel;Facturation;normale;2024-11-24;2024-11-26;55;3;Catherine Dumont
TIC-005664;CLI-02413;CTC-001708;Agence;Facturation;normale;2026-05-23;2026-05-25;53;3;Franck Lefebvre
TIC-005665;CLI-00855;CTC-004912;Téléphone;Produit défectueux;basse;2024-09-27;2024-09-28;35;5;Sébastien Mercier
TIC-005666;CLI-02475;;Courriel;Produit défectueux;basse;2023-09-26;2023-09-27;40;4;Sébastien Mercier
TIC-005667;CLI-01167;CTC-007017;Courriel;Livraison;normale;2024-10-01;2024-10-02;41;4;Léa Durand
TIC-005668;CLI-01950;;Téléphone;Facturation;basse;2023-10-10;2023-10-10;9;4;Alexandre Chevalier
TIC-005669;CLI-01740;;Téléphone;Facturation;normale;2025-07-29;2025-07-30;39;5;Jérôme Blanc
TIC-005670;CLI-01273;;Agence;Retour;normale;2025-11-11;2025-11-11;11;5;Pauline Durand
TIC-005671;CLI-02451;CTC-004317;Courriel;Facturation;normale;2024-03-07;2024-03-08;24;5;Jérôme Blanc
TIC-005672;CLI-01637;CTC-007270;Téléphone;Retour;normale;2024-11-06;;;;Sébastien Mercier
TIC-005673;CLI-01234;;Agence;Facturation;critique;2025-01-11;2025-01-11;1;3;Fanny Clément
TIC-005674;CLI-01526;;Agence;Réclamation;normale;2023-10-10;2023-10-13;82;2;Virginie Henry
TIC-005675;CLI-01325;CTC-000726;Formulaire web;Livraison;normale;2024-01-20;2024-01-20;12;5;Virginie Henry
TIC-005676;CLI-00571;CTC-006449;Agence;Livraison;normale;2024-08-18;2024-08-20;58;5;Manon Michel
TIC-005677;CLI-01248;CTC-000646;Courriel;Réclamation;normale;2023-09-18;2023-09-18;17;4;Manon Michel
TIC-005678;CLI-02409;CTC-000247;Formulaire web;Facturation;normale;2026-07-19;;;;Fanny Clément
TIC-005679;CLI-00373;CTC-000932;Formulaire web;Retour;basse;2024-09-07;2024-09-08;46;4;Maxime Muller
TIC-005680;CLI-00290;CTC-004053;Formulaire web;Livraison;normale;2024-05-28;2024-05-28;2;5;Léa Durand
TIC-005681;CLI-02346;CTC-002522;Agence;Retour;haute;2026-09-01;2026-09-03;70;5;Alexandre Chevalier
TIC-005682;CLI-01880;;Formulaire web;Livraison;basse;2024-03-30;2024-04-02;72;1;Vincent Richard
TIC-005683;CLI-00067;;Téléphone;Retour;normale;2023-10-28;2023-10-28;13;4;Julie Dubois
TIC-005684;CLI-02395;;Agence;Réclamation;basse;2026-03-22;2026-03-22;16;4;Franck Lefebvre
TIC-005685;CLI-00353;CTC-005235;Agence;Réclamation;basse;2025-06-30;2025-06-30;1;3;Jérôme Blanc
TIC-005686;CLI-01799;CTC-002912;Courriel;Livraison;basse;2025-07-30;;;;Catherine Chevalier
TIC-005687;CLI-01835;;Téléphone;Retour;normale;2024-05-08;2024-05-08;18;2;Pauline Durand
TIC-005688;CLI-01866;CTC-001590;Formulaire web;Retour;basse;2025-07-18;2025-07-20;56;4;Alexandre Chevalier
TIC-005689;CLI-00892;;Agence;Réclamation;normale;2026-01-11;2026-01-13;48;5;Julie Dubois
TIC-005690;CLI-00664;CTC-005538;Formulaire web;Réclamation;basse;2026-08-12;2026-08-14;57;5;Léa Durand
TIC-005691;CLI-00816;CTC-000448;Courriel;Produit défectueux;critique;2025-10-17;2025-10-17;1;3;Alexandre Chevalier
TIC-005692;CLI-01812;CTC-007785;Téléphone;Livraison;normale;2025-02-10;2025-02-10;13;3;Pauline Durand
TIC-005693;CLI-00777;CTC-006029;Agence;Retour;haute;2025-02-03;;;;Pauline Durand
TIC-005694;CLI-00143;CTC-007889;Formulaire web;Facturation;normale;2024-11-10;;;;Fanny Clément
TIC-005695;CLI-00241;;Courriel;Facturation;basse;2025-10-06;;;;Maxime Muller
TIC-005696;CLI-00268;CTC-002288;Téléphone;Livraison;normale;2026-01-19;2026-01-20;38;5;Catherine Dumont
TIC-005697;CLI-00225;CTC-006902;Agence;Demande d’information;normale;2024-12-31;2024-12-31;1;3;Nathalie Michel
TIC-005698;CLI-01055;CTC-003899;Formulaire web;Facturation;normale;2026-05-26;2026-05-27;36;4;Jérôme Blanc
TIC-005699;CLI-00769;CTC-003130;Agence;Facturation;normale;2025-03-21;2025-03-25;107;4;Pauline Durand
TIC-005700;CLI-02017;;Téléphone;Réclamation;basse;2025-06-21;;;;Catherine Dumont
TIC-005701;CLI-01721;;Formulaire web;Livraison;normale;2025-11-22;2025-11-24;49;5;Pauline Durand
TIC-005702;CLI-02145;CTC-007548;Agence;Retour;normale;2026-01-28;2026-01-30;61;2;Julie Dubois
TIC-005703;CLI-00229;CTC-003335;Téléphone;Demande d’information;normale;2025-03-15;;;;Pauline Durand
TIC-005704;CLI-02234;CTC-006851;Formulaire web;Retour;normale;2023-11-04;2023-11-04;12;3;Manon Michel
TIC-005705;CLI-01605;CTC-002610;Agence;Facturation;haute;2024-03-27;2024-03-30;73;2;Julie Dubois
TIC-005706;CLI-01090;CTC-001294;Téléphone;Demande d’information;normale;2026-03-31;2026-03-31;1;3;Julie Dubois
TIC-005707;CLI-01073;CTC-002751;Formulaire web;Facturation;normale;2024-09-14;2024-09-15;37;3;Camille Bertrand
TIC-005708;CLI-01554;CTC-001265;Agence;Retour;normale;2023-11-17;2023-11-17;23;4;Alexandre Chevalier
TIC-005709;CLI-00412;;Téléphone;Facturation;normale;2024-01-12;2024-01-14;66;5;Thomas Morel
TIC-005710;CLI-00204;CTC-001008;Agence;Produit défectueux;haute;2026-07-27;2026-07-29;59;5;Sébastien Mercier
TIC-005711;CLI-00336;CTC-006016;Formulaire web;Demande d’information;basse;2026-01-11;2026-01-11;6;4;Maxime Muller
TIC-005712;CLI-01077;CTC-005438;Formulaire web;Réclamation;normale;2023-12-27;2023-12-28;36;2;Virginie Henry
TIC-005713;CLI-01933;CTC-003012;Agence;Livraison;normale;2025-03-09;2025-03-09;1;4;Fanny Clément
TIC-005714;CLI-01828;;Courriel;Produit défectueux;normale;2025-07-25;2025-07-27;70;4;Camille Bertrand
TIC-005715;CLI-01895;CTC-004987;Téléphone;Produit défectueux;normale;2024-09-11;;;;Franck Lefebvre
TIC-005716;CLI-00543;CTC-000965;Courriel;Livraison;basse;2024-09-28;2024-10-01;88;4;Manon Michel
TIC-005717;CLI-00321;CTC-003386;Formulaire web;Réclamation;haute;2026-03-27;2026-03-29;53;3;Léa Durand
TIC-005718;CLI-01263;CTC-000837;Agence;Produit défectueux;haute;2024-03-08;;;;Léa Durand
TIC-005719;CLI-02380;CTC-004948;Formulaire web;Retour;normale;2024-01-22;2024-01-23;45;3;Alexandre Chevalier
TIC-005720;CLI-02045;;Agence;Réclamation;haute;2025-01-05;2025-01-05;1;5;Alexandre Chevalier
TIC-005721;CLI-00802;;Téléphone;Demande d’information;basse;2026-07-27;2026-07-27;1;4;Pauline Durand
TIC-005722;CLI-01393;CTC-005645;Agence;Réclamation;critique;2025-03-29;2025-03-29;1;5;Alain Morel
TIC-005723;CLI-00951;CTC-001182;Courriel;Facturation;basse;2024-09-05;2024-09-07;65;4;Vincent Richard
TIC-005724;CLI-01351;CTC-000683;Téléphone;Produit défectueux;normale;2024-05-04;2024-05-05;44;3;Catherine Dumont
TIC-005725;CLI-01528;CTC-006198;Courriel;Produit défectueux;normale;2026-04-01;2026-04-02;24;5;Nathalie Michel
TIC-005726;CLI-02063;CTC-001298;Agence;Livraison;normale;2025-12-21;2025-12-21;1;5;Catherine Dumont
TIC-005727;CLI-02345;;Agence;Produit défectueux;haute;2026-05-21;2026-05-22;27;1;Léa Durand
TIC-005728;CLI-02174;CTC-004447;Formulaire web;Demande d’information;basse;2024-01-26;;;;Catherine Dumont
TIC-005729;CLI-00263;;Téléphone;Livraison;normale;2024-02-22;2024-02-23;36;5;Vincent Richard
TIC-005730;CLI-00990;CTC-002399;Formulaire web;Produit défectueux;normale;2025-04-22;2025-04-24;59;3;Virginie Henry
TIC-005731;CLI-01923;CTC-002454;Courriel;Livraison;haute;2025-03-21;2025-03-24;72;5;Alexandre Chevalier
TIC-005732;CLI-01341;CTC-006156;Agence;Produit défectueux;normale;2025-02-22;2025-02-22;11;4;Franck Lefebvre
TIC-005733;CLI-00888;CTC-001524;Téléphone;Livraison;haute;2024-10-02;2024-10-02;23;5;Thomas Morel
TIC-005734;CLI-01106;;Agence;Retour;normale;2024-10-06;2024-10-06;8;4;Nathalie Michel
TIC-005735;CLI-02399;CTC-002653;Agence;Demande d’information;haute;2025-10-17;2025-10-17;4;3;Julie Dubois
TIC-005736;CLI-02260;CTC-006322;Téléphone;Facturation;normale;2024-06-26;2024-06-28;49;5;Vincent Richard
TIC-005737;CLI-00997;CTC-002378;Téléphone;Livraison;normale;2026-01-21;2026-01-21;19;4;Manon Michel
TIC-005738;CLI-00437;;Formulaire web;Demande d’information;basse;2023-12-03;2023-12-04;29;5;Nathalie Michel
TIC-005739;CLI-00719;;Formulaire web;Livraison;normale;2024-12-08;2024-12-10;53;2;Thomas Morel
TIC-005740;CLI-01610;CTC-005091;Téléphone;Produit défectueux;NORMALE;2025-02-11;;;;Catherine Chevalier
TIC-005741;CLI-02248;CTC-003484;Agence;Produit défectueux;normale;2025-10-12;2025-10-14;58;4;Catherine Chevalier
TIC-005742;CLI-00123;CTC-005685;Agence;Retour;critique;2026-05-30;2026-05-31;44;4;Julie Dubois
TIC-005743;CLI-00827;CTC-007654;Téléphone;Demande d’information;normale;2023-11-18;2023-11-20;70;4;Catherine Chevalier
TIC-005744;CLI-00525;CTC-002391;Téléphone;Réclamation;haute;2026-06-18;2026-06-19;39;5;Camille Bertrand
TIC-005745;CLI-00368;CTC-005262;Agence;Livraison;normale;2025-03-29;2025-03-30;41;4;Maxime Muller
TIC-005746;CLI-01288;CTC-001207;Agence;Demande d’information;normale;2026-06-18;2026-06-18;1;2;Catherine Chevalier
TIC-005747;CLI-01032;;Téléphone;Réclamation;basse;2024-06-25;2024-06-27;54;3;Virginie Henry
TIC-005748;CLI-01268;;Téléphone;Livraison;normale;2025-03-25;2025-03-25;1;5;Catherine Chevalier
TIC-005749;CLI-01513;CTC-000878;Téléphone;Facturation;normale;2026-03-31;2026-03-31;1;4;Alain Morel
TIC-005750;CLI-02282;;Agence;Réclamation;haute;2024-01-21;2024-01-21;11;5;Alain Morel
TIC-005751;CLI-02287;CTC-006786;Agence;Produit défectueux;basse;2025-01-03;2025-01-03;12;5;Thomas Morel
TIC-005752;CLI-00145;CTC-005673;Téléphone;Facturation;haute;2026-07-20;2026-07-22;65;4;Thomas Morel
TIC-005753;CLI-02073;CTC-001586;Courriel;Demande d’information;haute;2026-07-15;2026-07-15;22;2;Pauline Durand
TIC-005754;CLI-00621;CTC-000476;Agence;Réclamation;normale;2026-07-08;2026-07-11;80;3;Maxime Muller
TIC-005755;CLI-02033;;Courriel;Demande d’information;basse;2023-11-02;2023-11-03;31;5;Sébastien Mercier
TIC-005756;CLI-01599;CTC-002562;Courriel;Livraison;haute;2025-05-20;2025-05-22;60;4;Camille Bertrand
TIC-005757;CLI-00103;CTC-005938;Téléphone;Livraison;normale;2024-12-14;2024-12-14;23;4;Thomas Morel
TIC-005758;CLI-01816;CTC-007057;Formulaire web;Produit défectueux;haute;2026-08-12;;;;Catherine Dumont
TIC-005759;CLI-02195;CTC-005268;Téléphone;Retour;normale;2024-05-20;;;;Virginie Henry
TIC-005760;CLI-02317;CTC-006179;Courriel;Demande d’information;normale;2025-01-30;;;;Maxime Muller
TIC-005761;CLI-00324;;Formulaire web;Retour;haute;2024-01-27;2024-01-27;1;2;Fanny Clément
TIC-005762;CLI-01301;CTC-000425;Téléphone;Réclamation;normale;2025-08-25;2025-08-26;30;5;Sébastien Mercier
TIC-005763;CLI-00674;CTC-000257;Courriel;Demande d’information;normale;2024-04-27;2024-04-28;40;3;Manon Michel
TIC-005764;CLI-00276;CTC-004396;Formulaire web;Retour;haute;2024-06-26;2024-06-27;46;4;Sébastien Mercier
TIC-005765;CLI-01113;CTC-006594;Formulaire web;Facturation;haute;2023-10-26;;;;Vincent Richard
TIC-005766;CLI-00105;;Agence;Réclamation;critique;2026-05-18;2026-05-18;1;5;Nathalie Michel
TIC-005767;CLI-01744;CTC-002962;Courriel;Réclamation;normale;2025-08-02;2025-08-04;55;5;Maxime Muller
TIC-005768;CLI-00120;CTC-006874;Courriel;Facturation;normale;2025-02-27;2025-03-02;77;5;Pauline Durand
TIC-005769;CLI-01709;CTC-006361;Formulaire web;Demande d’information;normale;2026-05-31;2026-06-04;97;5;Manon Michel
TIC-005770;CLI-00194;;Agence;Facturation;normale;2023-10-11;2023-10-12;42;2;Maxime Muller
TIC-005771;CLI-01632;CTC-005759;Formulaire web;Livraison;normale;2025-01-10;2025-01-13;74;4;Franck Lefebvre
TIC-005772;CLI-00358;;Téléphone;Retour;haute;2025-03-31;2025-04-02;56;4;Alain Morel
TIC-005773;CLI-00808;CTC-006125;Courriel;Réclamation;normale;2024-01-30;;;;Vincent Richard
TIC-005774;CLI-01432;CTC-004803;Agence;Réclamation;normale;2024-01-12;2024-01-12;9;1;Julie Dubois
TIC-005775;CLI-02195;CTC-000488;Agence;Retour;haute;2024-03-24;2024-03-25;33;5;Franck Lefebvre
TIC-005776;CLI-01724;CTC-006403;Formulaire web;Réclamation;normale;2024-04-26;;;;Manon Michel
TIC-005777;CLI-01751;CTC-002506;Agence;Facturation;normale;2024-06-07;2024-06-08;42;3;Vincent Richard
TIC-005778;CLI-00919;CTC-005503;Agence;Produit défectueux;normale;2026-03-12;2026-03-12;23;5;Julie Dubois
TIC-005779;CLI-00385;;Formulaire web;Facturation;basse;2024-12-29;2024-12-30;47;2;Nathalie Michel
TIC-005780;CLI-02151;CTC-007502;Courriel;Demande d’information;critique;2026-02-04;2026-02-05;32;4;Thomas Morel
TIC-005781;CLI-00509;CTC-000543;Courriel;Demande d’information;basse;2026-04-12;2026-04-12;20;1;Nathalie Michel
TIC-005782;CLI-01951;;Agence;Produit défectueux;basse;2026-05-04;2026-05-05;36;2;Vincent Richard
TIC-005783;CLI-00150;;Courriel;Demande d’information;normale;2024-02-25;2024-02-26;26;2;Manon Michel
TIC-005784;CLI-00269;CTC-004175;Courriel;Retour;basse;2024-09-09;2024-09-09;10;4;Camille Bertrand
TIC-005785;CLI-00085;CTC-004557;Formulaire web;Facturation;normale;2023-10-01;2023-10-02;42;2;Catherine Dumont
TIC-005786;CLI-00885;CTC-002704;Formulaire web;Facturation;basse;2024-03-26;2024-03-29;84;4;Franck Lefebvre
TIC-005787;CLI-01443;CTC-004440;Agence;Produit défectueux;normale;2026-05-27;2026-05-27;15;4;Camille Bertrand
TIC-005788;CLI-00623;;Formulaire web;Facturation;normale;2023-12-12;2023-12-13;41;2;Manon Michel
TIC-005789;CLI-01380;CTC-007077;Courriel;Produit défectueux;normale;2024-09-27;2024-09-30;74;5;Alain Morel
TIC-005790;CLI-01941;CTC-005361;Courriel;Produit défectueux;haute;2025-01-06;2025-01-07;39;1;Manon Michel
TIC-005791;CLI-01160;CTC-001064;Agence;Livraison;normale;2024-10-28;2024-10-19;1;5;Camille Bertrand
TIC-005792;CLI-00546;CTC-000845;Agence;Demande d’information;haute;2026-07-05;2026-07-07;49;5;Alain Morel
TIC-005793;CLI-01318;CTC-006066;Téléphone;Produit défectueux;basse;2023-10-19;;;;Manon Michel
TIC-005794;CLI-01253;CTC-001026;Courriel;Réclamation;normale;2025-09-16;2025-09-19;81;4;Franck Lefebvre
TIC-005795;CLI-00476;CTC-001244;Agence;Retour;normale;2025-04-26;2025-04-29;74;3;Alexandre Chevalier
TIC-005796;CLI-00542;CTC-004368;Téléphone;Facturation;haute;2024-09-14;2024-09-15;28;3;Catherine Chevalier
TIC-005797;CLI-00665;;Téléphone;Retour;normale;2024-01-16;2024-01-17;37;3;Camille Bertrand
TIC-005798;CLI-00571;;Téléphone;Retour;normale;2026-04-01;2026-04-02;27;5;Catherine Dumont
TIC-005799;CLI-02219;CTC-005887;Agence;Réclamation;normale;2024-06-04;2024-06-07;86;3;Catherine Chevalier
TIC-005800;CLI-00403;CTC-000371;Agence;Livraison;critique;2025-09-03;2025-09-04;24;4;Jérôme Blanc
TIC-005801;CLI-01337;;Téléphone;Produit défectueux;basse;2026-06-04;2026-06-04;19;4;Camille Bertrand
TIC-005802;CLI-00825;CTC-000015;Formulaire web;Retour;normale;2025-05-15;2025-05-18;75;5;Alexandre Chevalier
TIC-005803;CLI-00725;CTC-004595;Formulaire web;Demande d’information;normale;2026-03-07;2026-02-28;23;3;Léa Durand
TIC-005804;CLI-00945;CTC-005809;Courriel;Retour;basse;2025-08-30;2025-09-01;56;5;Jérôme Blanc
TIC-005805;CLI-02120;CTC-003152;Courriel;Retour;normale;2025-03-25;;;;Sébastien Mercier
TIC-005806;CLI-01740;;Agence;Facturation;basse;2023-10-06;2023-10-06;5;4;Thomas Morel
TIC-005807;CLI-02267;CTC-004347;Téléphone;Facturation;normale;2024-03-02;2024-03-04;66;4;Pauline Durand
TIC-005808;CLI-02027;CTC-003754;Agence;Facturation;critique;2026-07-15;2026-07-15;1;6;Nathalie Michel
TIC-005809;CLI-00334;;Agence;Produit défectueux;basse;2024-07-01;2024-07-03;50;2;Camille Bertrand
TIC-005810;CLI-01510;CTC-000597;Téléphone;Produit défectueux;haute;2024-07-29;2024-08-01;78;2;Fanny Clément
TIC-005811;CLI-00255;;Agence;Produit défectueux;normale;2025-11-28;2025-11-30;51;5;Maxime Muller
TIC-005812;CLI-00012;;Téléphone;Demande d’information;haute;2025-11-05;2025-11-05;1;2;Camille Bertrand
TIC-005813;CLI-01857;;Agence;Produit défectueux;normale;2023-10-09;;;;Sébastien Mercier
TIC-005814;CLI-01865;;Téléphone;Facturation;normale;2025-10-06;2025-10-06;18;2;Vincent Richard
TIC-005815;CLI-01918;;Formulaire web;Livraison;haute;2025-07-12;2025-07-14;53;4;Virginie Henry
TIC-005816;CLI-01985;CTC-000609;Courriel;Livraison;haute;2026-07-21;2026-07-21;1;3;Catherine Chevalier
TIC-005817;CLI-00523;;Courriel;Demande d’information;haute;2023-10-17;2023-10-19;57;4;Vincent Richard
TIC-005818;CLI-01605;CTC-003837;Agence;Retour;haute;2024-08-30;2024-08-30;10;4;Nathalie Michel
TIC-005819;CLI-02495;CTC-004406;Téléphone;Produit défectueux;normale;2023-10-20;2023-10-21;35;5;Manon Michel
TIC-005820;CLI-01219;;Agence;Livraison;normale;2025-02-14;2025-02-14;18;3;Manon Michel
TIC-005821;CLI-01711;;Formulaire web;Facturation;basse;2025-12-19;2025-12-21;61;3;Maxime Muller
TIC-005822;CLI-01725;CTC-002108;Agence;Produit défectueux;normale;2025-10-23;2025-10-24;45;4;Alexandre Chevalier
TIC-005823;CLI-01191;CTC-002525;Téléphone;Retour;normale;2024-07-27;2024-07-28;34;4;Julie Dubois
TIC-005824;CLI-01671;CTC-006337;Courriel;Facturation;basse;2023-11-06;2023-11-08;56;4;Catherine Chevalier
TIC-005825;CLI-00147;;Formulaire web;Livraison;normale;2025-02-26;2025-03-01;94;3;Nathalie Michel
TIC-005826;CLI-01235;;Agence;Retour;normale;2024-12-05;2024-12-08;85;4;Nathalie Michel
TIC-005827;CLI-00703;CTC-003350;Courriel;Réclamation;normale;2026-04-15;2026-04-16;32;5;Thomas Morel
TIC-005828;CLI-00466;CTC-002418;Courriel;Livraison;normale;2025-06-30;;;;Catherine Dumont
TIC-005829;CLI-00802;;Téléphone;Demande d’information;basse;2025-07-20;;;;Maxime Muller
TIC-005830;CLI-01948;;Agence;Facturation;haute;2025-11-18;2025-11-19;27;4;Catherine Dumont
TIC-005831;CLI-00561;CTC-007483;Formulaire web;Retour;haute;2026-05-17;2026-05-19;60;4;Franck Lefebvre
TIC-005832;CLI-01676;CTC-000787;Formulaire web;Produit défectueux;normale;2025-11-15;2025-11-18;86;1;Thomas Morel
TIC-005833;CLI-01987;CTC-001598;Téléphone;Facturation;normale;2025-02-10;2025-02-10;23;4;Julie Dubois
TIC-005834;CLI-01289;CTC-004191;Courriel;Réclamation;haute;2024-01-09;;;;Pauline Durand
TIC-005835;CLI-01727;;Formulaire web;Retour;basse;2024-12-24;2024-12-26;59;4;Catherine Dumont
TIC-005836;CLI-02260;CTC-003984;Formulaire web;Facturation;basse;2025-03-01;2025-03-01;1;4;Catherine Dumont
TIC-005837;CLI-00637;CTC-003724;Formulaire web;Facturation;haute;2025-01-11;2025-01-13;56;5;Manon Michel
TIC-005838;CLI-00419;CTC-004901;Agence;Retour;normale;2025-01-30;2025-02-02;75;3;Fanny Clément
TIC-005839;CLI-00263;;Téléphone;Facturation;normale;2025-08-09;2025-08-10;34;3;Pauline Durand
TIC-005840;CLI-00543;CTC-000965;Courriel;Demande d’information;critique;2025-08-08;2025-08-09;43;5;Léa Durand
TIC-005841;CLI-01395;CTC-006726;Formulaire web;Réclamation;normale;2026-06-06;2026-06-07;35;5;Maxime Muller
TIC-005842;CLI-00719;;Téléphone;Demande d’information;basse;2025-02-09;2025-02-09;5;2;Vincent Richard
TIC-005843;CLI-02061;CTC-004102;Agence;Produit défectueux;normale;2025-08-12;;;;Alexandre Chevalier
TIC-005844;CLI-00511;CTC-007097;Agence;Produit défectueux;critique;2026-03-06;2026-03-06;1;4;Catherine Dumont
TIC-005845;CLI-00490;CTC-000744;Téléphone;Livraison;normale;2024-11-24;2024-11-26;51;4;Catherine Chevalier
TIC-005846;CLI-02355;CTC-006559;Formulaire web;Réclamation;haute;2025-01-21;;;;Virginie Henry
TIC-005847;CLI-02032;;Formulaire web;Produit défectueux;normale;2023-12-24;2023-12-24;23;4;Sébastien Mercier
TIC-005848;CLI-00226;CTC-001361;Formulaire web;Réclamation;normale;2025-04-08;2025-04-09;32;5;Camille Bertrand
TIC-005849;CLI-00027;CTC-004951;Courriel;Demande d’information;haute;2024-09-01;2024-09-02;46;5;Maxime Muller
TIC-005850;CLI-00208;;Formulaire web;Réclamation;normale;2024-08-16;2024-08-17;41;4;Vincent Richard
TIC-005851;CLI-00287;;Courriel;Demande d’information;normale;2026-02-04;2026-02-07;85;5;Fanny Clément
TIC-005852;CLI-01081;CTC-007190;Agence;Réclamation;normale;2025-04-18;2025-04-20;68;3;Alexandre Chevalier
TIC-005853;CLI-00506;CTC-000905;Formulaire web;Produit défectueux;normale;2024-03-24;2024-03-26;69;3;Jérôme Blanc
TIC-005854;CLI-00771;;Formulaire web;Facturation;normale;2025-11-30;2025-12-03;93;3;Franck Lefebvre
TIC-005855;CLI-00536;CTC-001146;Téléphone;Demande d’information;normale;2023-09-27;2023-09-27;20;3;Pauline Durand
TIC-005856;CLI-00683;CTC-006154;Courriel;Retour;normale;2025-04-13;;;;Catherine Chevalier
TIC-005857;CLI-00213;CTC-001690;Formulaire web;Produit défectueux;basse;2024-05-15;;;;Virginie Henry
TIC-005858;CLI-00171;CTC-006770;Agence;Livraison;normale;2023-12-19;2023-12-22;79;2;Camille Bertrand
TIC-005859;CLI-01826;CTC-001937;Téléphone;Produit défectueux;haute;2026-01-19;2026-01-19;1;4;Maxime Muller
TIC-005860;CLI-00634;CTC-004565;Téléphone;Retour;normale;2023-11-19;2023-11-20;33;2;Sébastien Mercier
TIC-005861;CLI-00116;CTC-003418;Téléphone;Produit défectueux;basse;2025-12-02;2025-12-02;23;4;Fanny Clément
TIC-005862;CLI-00062;;Formulaire web;Produit défectueux;normale;2025-07-22;2025-07-25;85;3;Léa Durand
TIC-005863;CLI-01525;CTC-001666;Téléphone;Retour;haute;2024-06-17;2024-06-19;58;4;Camille Bertrand
TIC-005864;CLI-02209;CTC-004507;Téléphone;Livraison;normale;2024-01-26;;;;Manon Michel
TIC-005865;CLI-01680;CTC-004163;Agence;Facturation;normale;2025-05-09;;;;Sébastien Mercier
TIC-005866;CLI-00092;;Agence;Retour;basse;2025-02-09;2025-02-14;123;5;Thomas Morel
TIC-005867;CLI-00349;CTC-004697;Agence;Réclamation;normale;2026-04-05;2026-04-05;21;4;Pauline Durand
TIC-005868;CLI-01496;;Téléphone;Livraison;normale;2026-06-13;2026-06-13;14;1;Franck Lefebvre
TIC-005869;CLI-01903;;Courriel;Retour;basse;2023-10-22;2023-10-22;1;5;Alexandre Chevalier
TIC-005870;CLI-01217;;Téléphone;Retour;basse;2024-03-10;2024-03-11;30;2;Fanny Clément
TIC-005871;CLI-00777;CTC-002176;Courriel;Demande d’information;normale;2025-11-19;2025-11-21;48;1;Franck Lefebvre
TIC-005872;CLI-00182;CTC-002750;Téléphone;Facturation;basse;2023-11-06;2023-11-07;26;5;Franck Lefebvre
TIC-005873;CLI-02358;CTC-005982;Formulaire web;Produit défectueux;haute;2024-03-05;;;;Nathalie Michel
TIC-005874;CLI-00516;CTC-005213;Téléphone;Livraison;normale;2026-04-16;2026-04-17;28;5;Manon Michel
TIC-005875;CLI-01982;CTC-003835;Courriel;Livraison;normale;2025-11-11;2025-11-13;50;3;Catherine Chevalier
TIC-005876;CLI-00083;CTC-002752;Téléphone;Produit défectueux;basse;2025-03-07;2025-03-08;32;3;Franck Lefebvre
TIC-005877;CLI-01707;;Agence;Demande d’information;normale;2025-10-16;2025-10-16;7;5;Sébastien Mercier
TIC-005878;CLI-00061;;Formulaire web;Produit défectueux;normale;2024-04-21;2024-04-23;55;4;Catherine Dumont
TIC-005879;CLI-00036;CTC-003738;Téléphone;Produit défectueux;critique;2026-01-01;2026-01-01;1;2;Vincent Richard
TIC-005880;CLI-01018;CTC-003601;Téléphone;Retour;normale;2026-04-19;2026-04-20;26;5;Alain Morel
TIC-005881;CLI-02207;CTC-003733;Courriel;Facturation;critique;2024-05-13;2024-05-13;1;2;Thomas Morel
TIC-005882;CLI-00482;CTC-001133;Agence;Facturation;normale;2024-07-21;2024-07-23;66;3;Catherine Dumont
TIC-005883;CLI-00328;CTC-001869;Agence;Facturation;normale;2025-11-05;2025-11-06;41;5;Fanny Clément
TIC-005884;CLI-00670;CTC-007845;Agence;Demande d’information;normale;2024-12-06;2024-12-06;3;4;Pauline Durand
TIC-005885;CLI-00253;;Formulaire web;Demande d’information;normale;2025-03-06;;;;Franck Lefebvre
TIC-005886;CLI-02305;CTC-002022;Agence;Réclamation;normale;2026-09-07;;;;Alexandre Chevalier
TIC-005887;CLI-01020;;Téléphone;Livraison;haute;2024-04-25;2024-04-26;45;5;Thomas Morel
TIC-005888;CLI-02076;CTC-001231;Formulaire web;Retour;haute;2025-10-12;2025-10-14;71;3;Alain Morel
TIC-005889;CLI-00151;;Téléphone;Retour;haute;2026-05-04;2026-05-04;19;3;Fanny Clément
TIC-005890;CLI-00612;CTC-002143;Téléphone;Facturation;haute;2025-08-31;;;;Julie Dubois
TIC-005891;CLI-02180;CTC-002239;Courriel;Réclamation;normale;2024-10-21;2024-10-22;47;4;Alexandre Chevalier
TIC-005892;CLI-01024;CTC-007322;Téléphone;Réclamation;normale;2025-05-17;2025-05-18;31;3;Vincent Richard
TIC-005893;CLI-00342;CTC-007334;Courriel;Facturation;normale;2025-06-26;2025-06-27;32;1;Alain Morel
TIC-005894;CLI-02046;CTC-003024;Courriel;Retour;normale;2025-07-17;2025-07-17;19;4;Vincent Richard
TIC-005895;CLI-02023;;Téléphone;Livraison;normale;2024-11-04;2024-11-05;40;5;Jérôme Blanc
TIC-005896;CLI-02242;;Formulaire web;Facturation;haute;2026-01-10;2026-01-10;8;5;Jérôme Blanc
TIC-005897;CLI-02035;CTC-007456;Agence;Demande d’information;normale;2023-11-18;2023-11-19;31;1;Nathalie Michel
TIC-005898;CLI-01102;CTC-002031;Formulaire web;Livraison;basse;2024-09-04;2024-09-04;1;4;Virginie Henry
TIC-005899;CLI-00077;;Agence;Demande d’information;normale;2023-09-26;2023-09-26;5;5;Camille Bertrand
TIC-005900;CLI-01901;;Courriel;Produit défectueux;normale;2023-12-13;2023-12-15;55;4;Jérôme Blanc
TIC-005901;CLI-00766;;Téléphone;Demande d’information;haute;2026-07-16;2026-07-17;43;3;Franck Lefebvre
TIC-005902;CLI-02078;CTC-006843;Courriel;Réclamation;normale;2025-07-19;2025-07-22;86;4;Virginie Henry
TIC-005903;CLI-01745;CTC-002069;Agence;Livraison;basse;2026-02-23;2026-02-23;19;5;Jérôme Blanc
TIC-005904;CLI-00809;CTC-006194;Courriel;Facturation;normale;2024-02-20;;;;Virginie Henry
TIC-005905;CLI-01688;CTC-006898;Agence;Retour;normale;2025-03-11;2025-03-13;61;5;Vincent Richard
TIC-005906;CLI-00399;;Agence;Facturation;basse;2023-09-11;2023-09-11;14;5;Virginie Henry
TIC-005907;CLI-02285;;Courriel;Demande d’information;basse;2025-03-12;2025-03-12;20;3;Sébastien Mercier
TIC-005908;CLI-01997;CTC-005310;Formulaire web;Facturation;basse;2023-10-05;2023-10-05;14;3;Fanny Clément
TIC-005909;CLI-01821;CTC-004476;Formulaire web;Retour;basse;2025-06-03;2025-06-04;35;2;Franck Lefebvre
TIC-005910;CLI-00154;CTC-003762;Courriel;Livraison;haute;2025-12-16;2025-12-17;37;5;Catherine Chevalier
TIC-005911;CLI-00570;CTC-000910;Formulaire web;Produit défectueux;basse;2024-04-29;2024-04-30;38;2;Manon Michel
TIC-005912;CLI-00367;CTC-006664;Téléphone;Réclamation;normale;2025-02-09;2025-02-12;72;5;Maxime Muller
TIC-005913;CLI-01165;CTC-004311;Formulaire web;Retour;haute;2024-04-24;;;;Franck Lefebvre
TIC-005914;CLI-00739;CTC-003000;Agence;Demande d’information;normale;2025-12-26;2025-12-27;44;2;Fanny Clément
TIC-005915;CLI-00852;CTC-004646;Courriel;Facturation;haute;2025-03-23;;;;Nathalie Michel
TIC-005916;CLI-01319;;Téléphone;Retour;haute;2024-01-29;2024-01-30;31;1;Alexandre Chevalier
TIC-005917;CLI-01551;CTC-001217;Courriel;Retour;critique;2025-08-08;;;;Julie Dubois
TIC-005918;CLI-00936;CTC-003025;Téléphone;Facturation;normale;2024-02-27;2024-02-28;27;4;Franck Lefebvre
TIC-005919;CLI-01106;;Téléphone;Demande d’information;normale;2023-11-16;2023-11-17;27;5;Virginie Henry
TIC-005920;CLI-00418;CTC-003651;Téléphone;Retour;normale;2024-11-06;2024-11-07;42;2;Maxime Muller
TIC-005921;CLI-01759;CTC-000136;Agence;Livraison;normale;2024-12-19;2024-12-19;1;5;Alain Morel
TIC-005922;CLI-02170;CTC-000747;Courriel;Livraison;normale;2024-01-03;2024-01-04;42;5;Maxime Muller
TIC-005923;CLI-00112;CTC-006966;Agence;Livraison;critique;2024-11-16;2024-11-16;23;4;Sébastien Mercier
TIC-005924;CLI-01070;CTC-007048;Agence;Réclamation;normale;2024-05-25;2024-05-27;65;4;Léa Durand
TIC-005925;CLI-00067;;Agence;Facturation;basse;2024-03-19;2024-03-22;80;3;Catherine Chevalier
TIC-005926;CLI-01085;;Agence;Livraison;normale;2025-10-22;2025-10-24;61;5;Maxime Muller
TIC-005927;CLI-02338;CTC-004091;Agence;Livraison;basse;2024-04-04;2024-04-04;17;4;Maxime Muller
TIC-005928;CLI-02166;;Téléphone;Réclamation;haute;2023-11-13;2023-11-15;59;3;Thomas Morel
TIC-005929;CLI-00708;CTC-000024;Téléphone;Retour;haute;2024-09-30;2024-10-01;29;5;Thomas Morel
TIC-005930;CLI-00365;CTC-001060;Courriel;Livraison;basse;2025-01-31;2025-02-01;38;4;Alexandre Chevalier
TIC-005931;CLI-00927;CTC-001894;Formulaire web;Facturation;normale;2024-11-23;;;;Léa Durand
TIC-005932;CLI-02399;CTC-006668;Formulaire web;Retour;basse;2025-04-14;2025-04-17;83;5;Virginie Henry
TIC-005933;CLI-01442;CTC-003950;Téléphone;Réclamation;haute;2025-09-05;2025-09-05;1;4;Virginie Henry
TIC-005934;CLI-01798;CTC-005566;Courriel;Retour;haute;2024-10-19;2024-10-20;38;5;Franck Lefebvre
TIC-005935;CLI-00891;CTC-001481;Téléphone;Réclamation;normale;2025-06-09;2025-06-09;8;3;Léa Durand
TIC-005936;CLI-01119;CTC-004409;Formulaire web;Produit défectueux;normale;2025-01-02;2025-01-02;1;5;Alain Morel
TIC-005937;CLI-00734;;Agence;Demande d’information;basse;2025-12-27;2025-12-27;18;4;Catherine Dumont
TIC-005938;CLI-01445;CTC-006621;Courriel;Retour;basse;2025-02-10;2025-02-11;38;4;Vincent Richard
TIC-005939;CLI-00762;CTC-005049;Formulaire web;Livraison;normale;2026-01-03;2026-01-03;1;1;Léa Durand
TIC-005940;CLI-00768;;Agence;Retour;basse;2023-11-04;2023-11-07;73;4;Sébastien Mercier
TIC-005941;CLI-01780;CTC-002499;Agence;Facturation;normale;2026-03-18;2026-03-19;42;4;Maxime Muller
TIC-005942;CLI-02361;;Téléphone;Facturation;normale;2026-02-24;2026-02-26;49;2;Sébastien Mercier
TIC-005943;CLI-01670;CTC-003685;Agence;Demande d’information;normale;2023-11-07;2023-11-10;85;3;Julie Dubois
TIC-005944;CLI-01513;CTC-004178;Agence;Livraison;normale;2026-04-11;2026-04-11;17;1;Vincent Richard
TIC-005945;CLI-00733;CTC-000815;Agence;Livraison;haute;2026-05-16;2026-05-16;1;4;Sébastien Mercier
TIC-005946;CLI-02368;;Téléphone;Réclamation;basse;2024-11-13;2024-11-15;66;4;Alexandre Chevalier
TIC-005947;CLI-01330;CTC-006705;Téléphone;Réclamation;critique;2025-08-25;2025-08-25;1;4;Alexandre Chevalier
TIC-005948;CLI-01363;CTC-000268;Agence;Réclamation;normale;2024-07-15;2024-07-15;23;1;Camille Bertrand
TIC-005949;CLI-01906;CTC-003522;Formulaire web;Livraison;normale;2023-12-30;2023-12-31;47;4;Jérôme Blanc
TIC-005950;CLI-01096;;Agence;Demande d’information;haute;2023-10-19;2023-10-19;19;4;Virginie Henry
TIC-005951;CLI-02125;CTC-002286;Téléphone;Facturation;normale;2024-06-04;2024-06-05;46;4;Catherine Chevalier
TIC-005952;CLI-01561;CTC-007905;Courriel;Facturation;haute;2025-05-20;2025-05-20;1;4;Nathalie Michel
TIC-005953;CLI-00535;;Agence;Demande d’information;haute;2026-04-14;;;;Franck Lefebvre
TIC-005954;CLI-01374;;Téléphone;Produit défectueux;normale;2024-10-10;2024-10-12;62;5;Vincent Richard
TIC-005955;CLI-01010;CTC-005279;Courriel;Livraison;haute;2024-04-10;2024-04-11;42;3;Franck Lefebvre
TIC-005956;CLI-00288;CTC-000909;Agence;Réclamation;normale;2026-02-14;2026-02-14;13;5;Camille Bertrand
TIC-005957;CLI-00505;CTC-000553;Agence;Réclamation;basse;2023-09-23;2023-09-25;59;3;Catherine Chevalier
TIC-005958;CLI-01537;;Courriel;Retour;normale;2025-10-03;2025-10-03;1;3;Maxime Muller
TIC-005959;CLI-00689;CTC-004579;Téléphone;Demande d’information;normale;2025-01-09;;;;Sébastien Mercier
TIC-005960;CLI-01892;CTC-002277;Agence;Réclamation;basse;2026-04-22;;;;Camille Bertrand
TIC-005961;CLI-00137;CTC-003727;Agence;Facturation;normale;2024-09-23;2024-09-25;54;5;Maxime Muller
TIC-005962;CLI-00406;;Courriel;Réclamation;haute;2024-08-26;2024-08-27;24;2;Pauline Durand
TIC-005963;CLI-01706;;Agence;Facturation;normale;2025-09-16;2025-09-17;41;4;Sébastien Mercier
TIC-005964;CLI-00630;CTC-000479;Formulaire web;Facturation;basse;2024-10-08;2024-10-10;58;3;Thomas Morel
TIC-005965;CLI-00998;CTC-000839;Téléphone;Produit défectueux;normale;2026-08-19;2026-08-19;1;1;Alexandre Chevalier
TIC-005966;CLI-02496;CTC-001603;Agence;Livraison;normale;2024-01-22;2024-01-26;117;4;Léa Durand
TIC-005967;CLI-01109;CTC-000846;Courriel;Demande d’information;basse;2025-01-04;2025-01-07;74;4;Alexandre Chevalier
TIC-005968;CLI-00334;;Courriel;Réclamation;normale;2026-02-07;2026-02-09;64;4;Catherine Dumont
TIC-005969;CLI-01841;CTC-004207;Formulaire web;Produit défectueux;basse;2025-12-07;;;;Fanny Clément
TIC-005970;CLI-02057;CTC-007745;Formulaire web;Facturation;normale;2026-06-19;2026-06-21;55;5;Catherine Chevalier
TIC-005971;CLI-00009;CTC-004437;Formulaire web;Retour;normale;2025-01-23;2025-01-23;1;4;Catherine Dumont
TIC-005972;CLI-01637;CTC-007634;Téléphone;Facturation;normale;2024-04-24;2024-04-25;44;2;Camille Bertrand
TIC-005973;CLI-00273;CTC-004372;Agence;Produit défectueux;basse;2026-06-29;2026-07-01;67;2;Jérôme Blanc
TIC-005974;CLI-01629;CTC-004673;Courriel;Réclamation;normale;2025-03-10;2025-03-10;1;5;Maxime Muller
TIC-005975;CLI-00232;CTC-000945;Téléphone;Réclamation;normale;2026-04-25;2026-04-25;17;4;Jérôme Blanc
TIC-005976;CLI-01811;;Courriel;Retour;basse;2026-06-06;2026-06-06;21;4;Thomas Morel
TIC-005977;CLI-02325;CTC-004722;Téléphone;Réclamation;basse;2024-05-08;2024-05-09;43;4;Pauline Durand
TIC-005978;CLI-00767;CTC-004814;Courriel;Produit défectueux;normale;2025-05-15;;;;Sébastien Mercier
TIC-005979;CLI-00898;CTC-002162;Téléphone;Retour;haute;2025-05-09;2025-05-10;31;3;Catherine Chevalier
TIC-005980;CLI-00648;;Agence;Retour;haute;2024-11-25;;;;Fanny Clément
TIC-005981;CLI-01220;CTC-002323;Agence;Réclamation;normale;2025-05-28;2025-05-29;32;5;Jérôme Blanc
TIC-005982;CLI-01782;;Téléphone;Réclamation;normale;2025-06-24;2025-06-24;20;5;Vincent Richard
TIC-005983;CLI-00649;CTC-006900;Téléphone;Réclamation;normale;2024-03-17;;;;Thomas Morel
TIC-005984;CLI-01875;;Téléphone;Demande d’information;basse;2026-05-06;;;;Franck Lefebvre
TIC-005985;CLI-01173;CTC-005994;Téléphone;Retour;basse;2024-08-09;2024-08-10;30;3;Maxime Muller
TIC-005986;CLI-01075;CTC-000227;Formulaire web;Produit défectueux;normale;2024-10-27;2024-10-28;44;5;Catherine Chevalier
TIC-005987;CLI-00761;CTC-006947;Formulaire web;Facturation;normale;2025-03-14;2025-03-14;1;1;Thomas Morel
TIC-005988;CLI-02399;CTC-002653;Formulaire web;Livraison;basse;2023-11-12;2023-11-14;66;5;Thomas Morel
TIC-005989;CLI-00672;CTC-000120;Téléphone;Retour;normale;2025-03-15;2025-03-17;49;5;Jérôme Blanc
TIC-005990;CLI-01350;CTC-000185;Téléphone;Produit défectueux;haute;2023-11-27;2023-11-28;31;5;Maxime Muller
TIC-005991;CLI-00759;;Téléphone;Retour;normale;2024-07-21;2024-07-23;70;4;Franck Lefebvre
TIC-005992;CLI-00308;CTC-000709;Agence;Livraison;haute;2025-10-05;2025-10-07;55;5;Nathalie Michel
TIC-005993;CLI-00930;;Courriel;Réclamation;normale;2026-06-13;2026-06-15;51;5;Alexandre Chevalier
TIC-005994;CLI-01896;CTC-000253;Agence;Livraison;normale;2025-03-13;2025-03-13;1;5;Virginie Henry
TIC-005995;CLI-02278;CTC-002586;Agence;Produit défectueux;normale;2024-02-16;2024-02-18;49;2;Nathalie Michel
TIC-005996;CLI-02140;CTC-005903;Téléphone;Facturation;normale;2024-07-26;2024-07-26;1;1;Sébastien Mercier
TIC-005997;CLI-02118;;Courriel;Livraison;haute;2026-03-18;2026-03-20;56;5;Sébastien Mercier
TIC-005998;CLI-01733;CTC-006444;Agence;Retour;haute;2024-11-14;2024-11-17;76;2;Sébastien Mercier
TIC-005999;CLI-01323;;Agence;Livraison;haute;2023-09-26;2023-09-27;44;3;Julie Dubois
TIC-006000;CLI-01683;CTC-000831;Courriel;Retour;normale;2023-12-27;2023-12-30;73;4;Nathalie Michel
